Orthogroup	Acastr1_GeneCatalog_proteins_20160720.aa	Other
OG0000000	jgi|Acastr1|126451|AST1_001146-RA	jgi|Exoaq1|3558|A1O9_11078T0
OG0000000	jgi|Acastr1|126451|AST1_001146-RA	CAF9931851.1
OG0000000	jgi|Acastr1|127375|AST1_002478-RA	jgi|Clagr3|6472|CLAGR_006578-RA
OG0000000	jgi|Acastr1|127337|AST1_006864-RA	KAI4109131.1
OG0000003	jgi|Acastr1|120726|AST1_003368-RA	jgi|Podan3|201333|mRNA_161
OG0000004	jgi|Acastr1|124570|AST1_004588-RA	jgi|Exoaq1|11121|A1O9_07456T0
OG0000005	jgi|Acastr1|119159|AST1_001841-RA, jgi|Acastr1|120049|AST1_005693-RA, jgi|Acastr1|125568|AST1_002798-RA	jgi|Claba1|138818|Z519_05350T0
OG0000010	jgi|Acastr1|122804|AST1_004291-RA	jgi|Dibbae1|129|DIBA_001266-RA
OG0000014	jgi|Acastr1|122919|AST1_001035-RA	jgi|Penexp1|10961|PEXP_021950T0
OG0000014	jgi|Acastr1|122919|AST1_001035-RA	jgi|EndpusZ1|5016|EPUS_06527T0
OG0000014	jgi|Acastr1|127446|AST1_000262-RA	KAI4208758.1
OG0000015	jgi|Acastr1|118920|AST1_002521-RA	jgi|Penexp1|3668|PEXP_085500T0
OG0000015	jgi|Acastr1|118920|AST1_002521-RA	jgi|Aspni_DSM_1|159833|An05g01120m.01, jgi|Aspni_DSM_1|163216|An10g00660m.01, jgi|Aspni_DSM_1|162661|An09g02000m.01
OG0000015	jgi|Acastr1|118920|AST1_002521-RA	jgi|Cocpo1_1|2685|XM_003067638.1
OG0000015	jgi|Acastr1|123348|AST1_003334-RA	jgi|Aspni_DSM_1|163638|An11g03940m.01, jgi|Aspni_DSM_1|166170|An14g03870m.01
OG0000029	jgi|Acastr1|125885|AST1_008144-RA	coassemb64_007229-T1
OG0000030	jgi|Acastr1|126883|AST1_004060-RA	jgi|Penexp1|9742|PEXP_098100T0
OG0000033	jgi|Acastr1|122720|AST1_004793-RA	jgi|Exoaq1|2387|A1O9_09913T0
OG0000034	jgi|Acastr1|124752|AST1_004861-RA	KAI4231866.1
OG0000040	jgi|Acastr1|120899|AST1_005068-RA	jgi|Capcor1|97361|A1O1_04519T0
OG0000053	jgi|Acastr1|126502|AST1_008987-RA	CAF9904081.1
OG0000057	jgi|Acastr1|120756|AST1_005982-RA	jgi|Fusgr1|2767|FGSG_12134T0, jgi|Fusgr1|3417|FGSG_04581T0
OG0000057	jgi|Acastr1|120756|AST1_005982-RA	FUN_005600_T1_FUN_005600
OG0000066	jgi|Acastr1|119200|AST1_001882-RA	jgi|Phach1|1394|rna1393
OG0000067	jgi|Acastr1|123771|AST1_006408-RA, jgi|Acastr1|118946|AST1_002547-RA	jgi|Podan3|206798|mRNA_5626
OG0000072	jgi|Acastr1|125018|AST1_007164-RA	jgi|Aspni_DSM_1|167721|An16g04250m.01
OG0000075	jgi|Acastr1|122805|AST1_004292-RA	jgi|Dibbae1|130|DIBA_001267-RA
OG0000080	jgi|Acastr1|122335|AST1_005233-RA	XP_008714722.1
OG0000088	jgi|Acastr1|119310|AST1_004399-RA	KAI4287751.1
OG0000093	jgi|Acastr1|120312|AST1_000119-RA, jgi|Acastr1|123181|AST1_003818-RA	jgi|Dibbae1|3763|DIBA_009047-RA
OG0000097	jgi|Acastr1|124960|AST1_008620-RA	KAI4264560.1
OG0000102	jgi|Acastr1|126316|AST1_007281-RA	jgi|Dibbae1|8212|DIBA_009310-RA, jgi|Dibbae1|8116|DIBA_010980-RA, jgi|Dibbae1|7004|DIBA_008393-RA
OG0000112	jgi|Acastr1|126109|AST1_004348-RA	jgi|Exoaq1|6159|A1O9_11960T0
OG0000118	jgi|Acastr1|119086|AST1_006267-RA	jgi|EndpusZ1|1884|EPUS_03253T0
OG0000119	jgi|Acastr1|126338|AST1_002427-RA	KAI9839537.1
OG0000119	jgi|Acastr1|126338|AST1_002427-RA	KAI4107148.1
OG0000119	jgi|Acastr1|126338|AST1_002427-RA	KAI4238673.1
OG0000119	jgi|Acastr1|126338|AST1_002427-RA	KAI4108402.1
OG0000119	jgi|Acastr1|126338|AST1_002427-RA	FUN_000540_T1_FUN_000540
OG0000119	jgi|Acastr1|126338|AST1_002427-RA	GTX0494b19_002214-T1
OG0000119	jgi|Acastr1|126338|AST1_002427-RA	KAI4230174.1
OG0000119	jgi|Acastr1|126338|AST1_002427-RA	KAI4288476.1
OG0000119	jgi|Acastr1|126338|AST1_002427-RA	coassemb376_003264-T1
OG0000119	jgi|Acastr1|126338|AST1_002427-RA	CAF9915930.1
OG0000119	jgi|Acastr1|126338|AST1_002427-RA	jgi|Clagr3|3864|CLAGR_003687-RA
OG0000119	jgi|Acastr1|126338|AST1_002427-RA	jgi|Umbpus1|104012|LPUS_10703T0
OG0000119	jgi|Acastr1|126338|AST1_002427-RA	GTX0486b100_002033-T1
OG0000119	jgi|Acastr1|126338|AST1_002427-RA	KAI9698047.1
OG0000119	jgi|Acastr1|126338|AST1_002427-RA	KAI9824779.1
OG0000119	jgi|Acastr1|126338|AST1_002427-RA	jgi|Sclsc1|11494|SS1G_04523T0
OG0000126	jgi|Acastr1|119232|AST1_008458-RA	coassemb76_010089-T1
OG0000126	jgi|Acastr1|122242|AST1_003478-RA	jgi|Penexp1|7858|PEXP_008390T0
OG0000127	jgi|Acastr1|123378|AST1_006642-RA	coassemb376_002939-T1
OG0000131	jgi|Acastr1|119884|AST1_001201-RA	KAI9653286.1
OG0000131	jgi|Acastr1|119884|AST1_001201-RA	jgi|Aurpu_var_mel1|63718|fgenesh1_pg.4_#_55, jgi|Aurpu_var_mel1|56530|e_gw1.24.372.1
OG0000151	jgi|Acastr1|127706|AST1_006464-RA	jgi|PseVKM4520_1|10168|transcript_KFZ24155
OG0000151	jgi|Acastr1|127706|AST1_006464-RA	KAI9719401.1
OG0000154	jgi|Acastr1|127746|AST1_004163-RA	jgi|Dibbae1|7779|DIBA_003252-RA
OG0000160	jgi|Acastr1|125181|AST1_007704-RA	jgi|EndpusZ1|1203|EPUS_00014T0
OG0000164	jgi|Acastr1|121456|AST1_005945-RA	jgi|Podan3|206414|mRNA_5242
OG0000165	jgi|Acastr1|126540|AST1_000135-RA	KAI9708569.1
OG0000169	jgi|Acastr1|126007|AST1_004544-RA	jgi|Grascr1|9756|GST1_012147-RA, jgi|Grascr1|9105|GST1_004404-RA
OG0000169	jgi|Acastr1|126007|AST1_004544-RA	KAI4232071.1
OG0000170	jgi|Acastr1|124765|AST1_004874-RA	jgi|Penexp1|120|PEXP_020750T0
OG0000170	jgi|Acastr1|124765|AST1_004874-RA	jgi|Altal1|702313|CE702312_36332, jgi|Altal1|993239|estExt_Genewise1Plus.C_15_t20144
OG0000171	jgi|Acastr1|124946|AST1_006829-RA	jgi|Exoaq1|8178|A1O9_04713T0
OG0000171	jgi|Acastr1|124946|AST1_006829-RA	coassemb76_007072-T1
OG0000173	jgi|Acastr1|125147|AST1_003667-RA	coassemb64_001760-T1
OG0000173	jgi|Acastr1|125147|AST1_003667-RA	jgi|EndpusZ1|766|EPUS_01327T0, jgi|EndpusZ1|6019|EPUS_06714T0, jgi|EndpusZ1|1022|EPUS_04600T0
OG0000177	jgi|Acastr1|118872|AST1_008268-RA	jgi|Aurpu_var_mel1|88715|gm1.9111_g
OG0000180	jgi|Acastr1|120961|AST1_003980-RA	GTX0486b100_002960-T1
OG0000180	jgi|Acastr1|120961|AST1_003980-RA	KAI9699316.1
OG0000180	jgi|Acastr1|120961|AST1_003980-RA	KAI9716517.1
OG0000180	jgi|Acastr1|120961|AST1_003980-RA	KAI9836237.1
OG0000180	jgi|Acastr1|120961|AST1_003980-RA	jgi|Altal1|1083026|MIX14924_17925_80
OG0000180	jgi|Acastr1|120961|AST1_003980-RA	jgi|Aurpu_var_mel1|42928|e_gw1.4.940.1
OG0000181	jgi|Acastr1|123689|AST1_005557-RA	CAF9937712.1
OG0000181	jgi|Acastr1|123689|AST1_005557-RA	jgi|Fonmu1|11781|Z520_04986T0
OG0000186	jgi|Acastr1|122833|AST1_005203-RA	jgi|Dibbae1|9301|DIBA_011352-RA
OG0000189	jgi|Acastr1|125916|AST1_004326-RA, jgi|Acastr1|123896|AST1_003074-RA	KAI4109235.1
OG0000193	jgi|Acastr1|122213|AST1_003449-RA	jgi|Claba1|136698|Z519_03230T0
OG0000200	jgi|Acastr1|127203|AST1_008029-RA	jgi|Fusgr1|3068|FGSG_02688T0, jgi|Fusgr1|4515|FGSG_12409T0
OG0000201	jgi|Acastr1|126527|AST1_005748-RA	coassemb378_001789-T1
OG0000209	jgi|Acastr1|123098|AST1_004223-RA	jgi|Fonmu1|11540|Z520_04745T0
OG0000209	jgi|Acastr1|123098|AST1_004223-RA	jgi|Ascim1|313883|fgenesh1_pg.180_#_6
OG0000209	jgi|Acastr1|123098|AST1_004223-RA	jgi|Capcor1|93702|A1O1_00836T0
OG0000209	jgi|Acastr1|123098|AST1_004223-RA	jgi|Exoaq1|208|A1O9_00208T0
OG0000209	jgi|Acastr1|123098|AST1_004223-RA	jgi|Neucr_trp3_1|1598|Neucr2.NCU07410T0
OG0000209	jgi|Acastr1|123098|AST1_004223-RA	jgi|Podan3|202280|mRNA_1108
OG0000209	jgi|Acastr1|123098|AST1_004223-RA	jgi|Sclsc1|11394|SS1G_04423T0
OG0000209	jgi|Acastr1|123098|AST1_004223-RA	jgi|Fusgr1|7897|FGSG_06835T0
OG0000209	jgi|Acastr1|123098|AST1_004223-RA	jgi|Morco1|4199|CE4198_150, jgi|Morco1|609774|estExt_Genemark1.C_1000003, jgi|Morco1|415655|CE415654_38626, jgi|Morco1|431632|CE431631_7604
OG0000209	jgi|Acastr1|123098|AST1_004223-RA	coassemb64_005276-T1
OG0000209	jgi|Acastr1|123098|AST1_004223-RA	jgi|Phach1|5077|rna5076
OG0000209	jgi|Acastr1|123098|AST1_004223-RA	KAI9714216.1
OG0000209	jgi|Acastr1|123098|AST1_004223-RA	KAI9714216.1
OG0000210	jgi|Acastr1|121126|AST1_003229-RA	KAI9837751.1
OG0000220	jgi|Acastr1|120053|AST1_005697-RA	jgi|Grascr1|1541|GST1_006149-RA
OG0000228	jgi|Acastr1|120947|AST1_005971-RA	KAI4108699.1
OG0000228	jgi|Acastr1|120947|AST1_005971-RA	jgi|Clagr3|7458|CLAGR_007055-RA
OG0000235	jgi|Acastr1|123700|AST1_005568-RA	jgi|Penexp1|8163|PEXP_075040T0
OG0000238	jgi|Acastr1|127451|AST1_000267-RA	jgi|Fusgr1|3901|FGSG_04143T0
OG0000238	jgi|Acastr1|127474|AST1_000290-RA	jgi|Aurpu_var_mel1|49698|e_gw1.11.49.1
OG0000238	jgi|Acastr1|127474|AST1_000290-RA	jgi|Altal1|1057710|gm1.1945_g
OG0000239	jgi|Acastr1|126551|AST1_000146-RA	jgi|Capcor1|94518|A1O1_01656T0
OG0000253	jgi|Acastr1|120055|AST1_005699-RA	GTX0466b15_004827-T1
OG0000253	jgi|Acastr1|120055|AST1_005699-RA	XP_008717279.1
OG0000271	jgi|Acastr1|118948|AST1_002549-RA	jgi|Aspni_DSM_1|162693|An09g02330m.01
OG0000279	jgi|Acastr1|121314|AST1_006748-RA	jgi|Neucr_trp3_1|6469|Neucr2.NCU06980T0
OG0000286	jgi|Acastr1|125721|AST1_002884-RA	jgi|Fonmu1|5538|Z520_09351T0
OG0000293	jgi|Acastr1|123638|AST1_009028-RA	KAJ9659520.1
OG0000293	jgi|Acastr1|123638|AST1_009028-RA	jgi|Aspni_DSM_1|161268|An08g00030m.01
OG0000296	jgi|Acastr1|126876|AST1_004053-RA	KAI4283092.1
OG0000311	jgi|Acastr1|125049|AST1_002001-RA	jgi|Penexp1|9779|PEXP_098470T0
OG0000313	jgi|Acastr1|125395|AST1_002072-RA	coassemb76_010026-T1
OG0000315	jgi|Acastr1|121123|AST1_003226-RA	jgi|Penexp1|2729|PEXP_108930T0
OG0000315	jgi|Acastr1|121123|AST1_003226-RA	jgi|Cocpo1_1|4194|XM_003069147.1
OG0000317	jgi|Acastr1|121896|AST1_000669-RA	jgi|Sclsc1|1845|SS1G_08301T0
OG0000358	jgi|Acastr1|119956|AST1_005590-RA	CAF9942250.1
OG0000360	jgi|Acastr1|125759|AST1_000447-RA	jgi|Dibbae1|7507|DIBA_010463-RA
OG0000385	jgi|Acastr1|121163|AST1_008750-RA	KAI9671078.1
OG0000399	jgi|Acastr1|123746|AST1_003211-RA	jgi|Morco1|470072|gw1.20.229.1
OG0000401	jgi|Acastr1|125802|AST1_000490-RA	jgi|Monha1|4268|H072_4348m.01
OG0000415	jgi|Acastr1|121024|AST1_001924-RA	coassemb378_010623-T1
OG0000416	jgi|Acastr1|123555|AST1_004032-RA	coassemb64_004696-T1
OG0000421	jgi|Acastr1|120502|AST1_004836-RA	KAI9668409.1
OG0000421	jgi|Acastr1|120502|AST1_004836-RA	jgi|Exoaq1|10134|A1O9_06567T0
OG0000421	jgi|Acastr1|120502|AST1_004836-RA	GTX0494b19_006022-T1
OG0000421	jgi|Acastr1|120502|AST1_004836-RA	GTX0494b19_006022-T1
OG0000421	jgi|Acastr1|120502|AST1_004836-RA	jgi|Fusgr1|5112|FGSG_12515T0
OG0000421	jgi|Acastr1|120502|AST1_004836-RA	jgi|Aurpu_var_mel1|66805|fgenesh1_pg.13_#_58
OG0000421	jgi|Acastr1|120502|AST1_004836-RA	jgi|Phach1|6233|rna6232
OG0000421	jgi|Acastr1|120502|AST1_004836-RA	jgi|Podan3|208176|mRNA_7004
OG0000421	jgi|Acastr1|120502|AST1_004836-RA	jgi|Aspni_DSM_1|162185|An08g09290m.01
OG0000449	jgi|Acastr1|122089|AST1_007506-RA	CAF9903795.1
OG0000458	jgi|Acastr1|127156|AST1_005378-RA	CAF9938046.1
OG0000458	jgi|Acastr1|127111|AST1_003947-RA	CAF9927989.1
OG0000458	jgi|Acastr1|127111|AST1_003947-RA	jgi|Clagr3|609|CLAGR_000600-RA
OG0000470	jgi|Acastr1|126273|AST1_008795-RA	jgi|Phach1|2717|rna2716
OG0000470	jgi|Acastr1|126273|AST1_008795-RA	CAF9915761.1
OG0000485	jgi|Acastr1|120934|AST1_005958-RA	jgi|Penexp1|3620|PEXP_086100T0
OG0000521	jgi|Acastr1|122320|AST1_003726-RA	jgi|EndpusZ1|4157|EPUS_04802T0
OG0000548	jgi|Acastr1|118815|AST1_000745-RA	jgi|Dibbae1|3070|DIBA_006297-RA
OG0000556	jgi|Acastr1|125819|AST1_000507-RA	jgi|Erypu1|3977|transcript_POS82203
OG0000556	jgi|Acastr1|125819|AST1_000507-RA	jgi|Sclsc1|6317|SS1G_01818T0
OG0000556	jgi|Acastr1|125819|AST1_000507-RA	jgi|PseVKM4520_1|4485|transcript_KFZ13373
OG0000556	jgi|Acastr1|125819|AST1_000507-RA	jgi|Podan3|201567|mRNA_395
OG0000556	jgi|Acastr1|125819|AST1_000507-RA	jgi|Neucr_trp3_1|1436|Neucr2.NCU09132T0
OG0000556	jgi|Acastr1|125819|AST1_000507-RA	jgi|Fusgr1|487|FGSG_00397T0
OG0000556	jgi|Acastr1|125819|AST1_000507-RA	jgi|Morco1|610117|estExt_Genemark1.C_2920002
OG0000570	jgi|Acastr1|126593|AST1_000188-RA	KAJ9664369.1
OG0000615	jgi|Acastr1|122013|AST1_007974-RA	CAF9926602.1
OG0000620	jgi|Acastr1|126465|AST1_001160-RA, jgi|Acastr1|124645|AST1_004202-RA	CAF9924105.1
OG0000620	jgi|Acastr1|126465|AST1_001160-RA, jgi|Acastr1|124645|AST1_004202-RA	coassemb376_002221-T1
OG0000635	jgi|Acastr1|127546|AST1_006130-RA	jgi|Claba1|132436|Z519_10755T0
OG0000648	jgi|Acastr1|118843|AST1_005353-RA	coassemb76_003566-T1
OG0000664	jgi|Acastr1|122125|AST1_005104-RA	coassemb376_007369-T1
OG0000668	jgi|Acastr1|120623|AST1_002195-RA	jgi|Aspni_DSM_1|162743|An09g02830m.01
OG0000698	jgi|Acastr1|124387|AST1_003264-RA	jgi|Aurpu_var_mel1|68258|fgenesh1_pg.20_#_96
OG0000716	jgi|Acastr1|121988|AST1_001832-RA	coassemb378_005324-T1
OG0000742	jgi|Acastr1|126177|AST1_001636-RA	KAJ9663078.1
OG0000773	jgi|Acastr1|125574|AST1_002804-RA	jgi|Ascim1|66125|CE66124_1416
OG0000775	jgi|Acastr1|121919|AST1_000692-RA	jgi|Aspni_DSM_1|166516|An14g07350m.01
OG0000780	jgi|Acastr1|120099|AST1_008980-RA	coassemb378_005839-T1
OG0000793	jgi|Acastr1|121911|AST1_000684-RA	coassemb378_010898-T1
OG0000821	jgi|Acastr1|118937|AST1_002538-RA	jgi|Ascim1|41603|CE41602_3598
OG0000823	jgi|Acastr1|118953|AST1_002554-RA	coassemb76_009583-T1
OG0000825	jgi|Acastr1|119042|AST1_006362-RA	jgi|Dibbae1|1262|DIBA_001746-RA
OG0000900	jgi|Acastr1|126732|AST1_008098-RA	jgi|Fusgr1|3783|FGSG_04250T0
OG0000902	jgi|Acastr1|125011|AST1_007157-RA	FUN_000975_T1_FUN_000975
OG0000909	jgi|Acastr1|121352|AST1_002292-RA	jgi|Penexp1|7694|PEXP_006740T0
OG0000909	jgi|Acastr1|121351|AST1_002291-RA	jgi|Aspni_DSM_1|165945|An14g01590m.01
OG0000909	jgi|Acastr1|121351|AST1_002291-RA	jgi|Penexp1|2367|PEXP_052220T0
OG0000909	jgi|Acastr1|121351|AST1_002291-RA	jgi|Cocpo1_1|5387|XM_003070340.1
OG0000909	jgi|Acastr1|121351|AST1_002291-RA	jgi|EndpusZ1|1828|EPUS_03197T0
OG0000909	jgi|Acastr1|121351|AST1_002291-RA	coassemb76_009713-T1
OG0000909	jgi|Acastr1|121351|AST1_002291-RA	GTX0466b15_001913-T1
OG0000909	jgi|Acastr1|121351|AST1_002291-RA	XP_008710928.1
OG0000909	jgi|Acastr1|121351|AST1_002291-RA	jgi|Fonmu1|4152|Z520_01137T0
OG0000909	jgi|Acastr1|121351|AST1_002291-RA	jgi|Claba1|132012|Z519_10330T0
OG0000909	jgi|Acastr1|121351|AST1_002291-RA	jgi|Capcor1|93610|A1O1_00743T0
OG0000909	jgi|Acastr1|121351|AST1_002291-RA	jgi|Exoaq1|3901|A1O9_11423T0
OG0000909	jgi|Acastr1|121351|AST1_002291-RA	KAJ9652331.1
OG0000909	jgi|Acastr1|121351|AST1_002291-RA	coassemb64_001674-T1
OG0000909	jgi|Acastr1|121351|AST1_002291-RA	jgi|PseVKM4520_1|11139|transcript_KFZ23275
OG0000913	jgi|Acastr1|122178|AST1_005884-RA	jgi|Phach1|3003|rna3002
OG0000913	jgi|Acastr1|122178|AST1_005884-RA	jgi|EndpusZ1|8311|EPUS_04509T0
OG0000913	jgi|Acastr1|122178|AST1_005884-RA	KAJ9659528.1
OG0000913	jgi|Acastr1|122178|AST1_005884-RA	jgi|Exoaq1|846|A1O9_00847T0
OG0000913	jgi|Acastr1|122178|AST1_005884-RA	jgi|Fonmu1|4748|Z520_01735T0
OG0000913	jgi|Acastr1|122178|AST1_005884-RA	jgi|Claba1|131354|Z519_09668T0
OG0000913	jgi|Acastr1|122178|AST1_005884-RA	jgi|Capcor1|96059|A1O1_03203T0
OG0000913	jgi|Acastr1|122178|AST1_005884-RA	XP_008712161.1
OG0000913	jgi|Acastr1|122178|AST1_005884-RA	coassemb76_000917-T1
OG0000913	jgi|Acastr1|122178|AST1_005884-RA	GTX0466b15_005062-T1, GTX0466b15_005061-T1
OG0000923	jgi|Acastr1|125513|AST1_003512-RA	jgi|Penexp1|332|PEXP_056510T0
OG0000928	jgi|Acastr1|122653|AST1_006541-RA	KAJ9654449.1
OG0000945	jgi|Acastr1|127815|AST1_008628-RA	jgi|Fusgr1|8994|FGSG_07770T0
OG0000964	jgi|Acastr1|119406|AST1_002692-RA	GTX0486b100_001433-T1
OG0000974	jgi|Acastr1|126871|AST1_004048-RA	jgi|Dibbae1|9218|DIBA_011494-RA
OG0000976	jgi|Acastr1|127804|AST1_007648-RA, jgi|Acastr1|121227|AST1_003165-RA	FUN_000406_T1_FUN_000406
OG0000976	jgi|Acastr1|121227|AST1_003165-RA	CAF9943318.1
OG0000976	jgi|Acastr1|127804|AST1_007648-RA	CAF9943318.1
OG0000976	jgi|Acastr1|127804|AST1_007648-RA	CAF9943318.1
OG0000976	jgi|Acastr1|127804|AST1_007648-RA	jgi|Aurpu_var_mel1|66763|fgenesh1_pg.13_#_16
OG0000976	jgi|Acastr1|127804|AST1_007648-RA	jgi|Altal1|964837|estExt_Genewise1.C_12_t20204
OG0000976	jgi|Acastr1|127804|AST1_007648-RA	KAI9721326.1
OG0000976	jgi|Acastr1|127804|AST1_007648-RA	KAI9662024.1
OG0000978	jgi|Acastr1|123046|AST1_001277-RA	KAJ9663328.1
OG0000979	jgi|Acastr1|122087|AST1_007504-RA	coassemb76_008435-T1
OG0000991	jgi|Acastr1|120766|AST1_005992-RA	KAI9698579.1
OG0000993	jgi|Acastr1|119902|AST1_001219-RA, jgi|Acastr1|119900|AST1_001217-RA	coassemb378_001917-T1
OG0001006	jgi|Acastr1|125539|AST1_002769-RA	jgi|Monha1|9388|H072_9849m.01
OG0001008	jgi|Acastr1|120159|AST1_004809-RA	jgi|EndpusZ1|9085|EPUS_06916T0
OG0001008	jgi|Acastr1|120159|AST1_004809-RA	jgi|Podan3|204627|mRNA_3455
OG0001014	jgi|Acastr1|126840|AST1_002756-RA	jgi|Fonmu1|4494|Z520_01480T0
OG0001034	jgi|Acastr1|122575|AST1_008451-RA	jgi|Aurpu_var_mel1|47791|e_gw1.9.720.1
OG0001034	jgi|Acastr1|122575|AST1_008451-RA	jgi|Fusgr1|6610|FGSG_05696T0
OG0001034	jgi|Acastr1|122575|AST1_008451-RA	jgi|Podan3|201785|mRNA_613
OG0001034	jgi|Acastr1|122575|AST1_008451-RA	jgi|Neucr_trp3_1|1918|Neucr2.NCU00792T0
OG0001034	jgi|Acastr1|122575|AST1_008451-RA	jgi|Sclsc1|7393|SS1G_12816T0
OG0001034	jgi|Acastr1|122575|AST1_008451-RA	jgi|PseVKM4520_1|478|transcript_KFZ20715
OG0001034	jgi|Acastr1|122575|AST1_008451-RA	jgi|Altal1|1015420|fgenesh1_kg.1_#_398_#_Locus12168v1rpkm0.86
OG0001034	jgi|Acastr1|122575|AST1_008451-RA	jgi|Altal1|1015420|fgenesh1_kg.1_#_398_#_Locus12168v1rpkm0.86
OG0001034	jgi|Acastr1|122575|AST1_008451-RA	jgi|Ascim1|222551|estExt_Genewise1.C_120088
OG0001034	jgi|Acastr1|122575|AST1_008451-RA	jgi|Capcor1|98785|A1O1_05952T0
OG0001034	jgi|Acastr1|122575|AST1_008451-RA	XP_008715603.1
OG0001034	jgi|Acastr1|122575|AST1_008451-RA	jgi|Penexp1|3669|PEXP_085510T0
OG0001034	jgi|Acastr1|122575|AST1_008451-RA	KAI9826786.1
OG0001034	jgi|Acastr1|122575|AST1_008451-RA	KAI9826786.1
OG0001034	jgi|Acastr1|122575|AST1_008451-RA	jgi|Fusgr1|66|FGSG_00049T0
OG0001034	jgi|Acastr1|122575|AST1_008451-RA	jgi|Fusgr1|66|FGSG_00049T0
OG0001034	jgi|Acastr1|122575|AST1_008451-RA	coassemb64_004311-T1
OG0001034	jgi|Acastr1|122575|AST1_008451-RA	KAI9754741.1
OG0001034	jgi|Acastr1|122575|AST1_008451-RA	KAI9754741.1
OG0001034	jgi|Acastr1|122575|AST1_008451-RA	jgi|Aspni_DSM_1|159831|An05g01100m.01
OG0001035	jgi|Acastr1|125059|AST1_002011-RA	CAF9933149.1
OG0001038	jgi|Acastr1|119481|AST1_006259-RA	GTX0466b15_000493-T1
OG0001038	jgi|Acastr1|119481|AST1_006259-RA	jgi|Penexp1|2724|PEXP_108880T0
OG0001045	jgi|Acastr1|119532|AST1_006786-RA	jgi|Aspni_DSM_1|160439|An07g02080m.01
OG0001045	jgi|Acastr1|119532|AST1_006786-RA	jgi|Umbpus1|102935|LPUS_09526T0
OG0001060	jgi|Acastr1|124291|AST1_001955-RA	jgi|Morco1|578177|gm1.8953_g, jgi|Morco1|578182|gm1.8958_g, jgi|Morco1|578180|gm1.8956_g, jgi|Morco1|493985|e_gw1.58.72.1
OG0001064	jgi|Acastr1|122065|AST1_007057-RA	jgi|Fonmu1|9128|Z520_11534T0
OG0001064	jgi|Acastr1|122065|AST1_007057-RA	jgi|Exoaq1|3300|A1O9_10817T0
OG0001064	jgi|Acastr1|122065|AST1_007057-RA	jgi|Claba1|133629|Z519_11029T0
OG0001064	jgi|Acastr1|122065|AST1_007057-RA	jgi|EndpusZ1|8668|EPUS_05614T0
OG0001064	jgi|Acastr1|122065|AST1_007057-RA	jgi|Morco1|546650|fgenesh1_pg.34_#_31
OG0001064	jgi|Acastr1|122065|AST1_007057-RA	jgi|Dibbae1|3732|DIBA_008190-RA
OG0001077	jgi|Acastr1|125950|AST1_008055-RA	KAI4105648.1
OG0001077	jgi|Acastr1|125950|AST1_008055-RA	KAI4286386.1
OG0001080	jgi|Acastr1|122391|AST1_001411-RA	jgi|Grascr1|8725|GST1_011777-RA
OG0001082	jgi|Acastr1|122541|AST1_007018-RA	jgi|Sclsc1|603|SS1G_00603T0
OG0001082	jgi|Acastr1|122541|AST1_007018-RA	jgi|Podan3|203720|mRNA_2548
OG0001082	jgi|Acastr1|122541|AST1_007018-RA	jgi|Neucr_trp3_1|6701|Neucr2.NCU05230T0
OG0001101	jgi|Acastr1|124066|AST1_004485-RA	coassemb76_008086-T1
OG0001115	jgi|Acastr1|121731|AST1_005618-RA	coassemb76_002847-T1, coassemb76_003966-T1
OG0001115	jgi|Acastr1|121731|AST1_005618-RA	jgi|Dibbae1|6852|DIBA_009240-RA
OG0001116	jgi|Acastr1|125133|AST1_008714-RA	jgi|PseVKM4520_1|8715|transcript_KFZ04061
OG0001133	jgi|Acastr1|127542|AST1_004766-RA	jgi|Exoaq1|7366|A1O9_03896T0
OG0001135	jgi|Acastr1|125696|AST1_007371-RA	jgi|Artol1|3669|AOL_s00075g7m.01
OG0001137	jgi|Acastr1|119772|AST1_003546-RA	jgi|Umbpus1|101255|LPUS_07978T0
OG0001144	jgi|Acastr1|122881|AST1_000997-RA	coassemb378_005320-T1, coassemb378_011564-T1
OG0001146	jgi|Acastr1|124354|AST1_003754-RA	jgi|Sclsc1|10347|SS1G_03376T0
OG0001147	jgi|Acastr1|120448|AST1_008374-RA	CAF9919947.1
OG0001149	jgi|Acastr1|124223|AST1_000841-RA	coassemb64_007578-T1
OG0001150	jgi|Acastr1|126097|AST1_007351-RA	jgi|Fusgr1|11434|FGSG_13666T0
OG0001151	jgi|Acastr1|123127|AST1_007645-RA	coassemb64_003162-T1
OG0001159	jgi|Acastr1|120258|AST1_000065-RA	jgi|Sclsc1|11022|SS1G_04051T0
OG0001182	jgi|Acastr1|121259|AST1_007435-RA	jgi|Fonmu1|10688|Z520_03889T0
OG0001184	jgi|Acastr1|125470|AST1_007907-RA	jgi|Exoaq1|6235|A1O9_12036T0
OG0001190	jgi|Acastr1|123660|AST1_002976-RA	coassemb64_008200-T1
OG0001196	jgi|Acastr1|124709|AST1_002374-RA	jgi|Fonmu1|6214|Z520_10027T0
OG0001196	jgi|Acastr1|124709|AST1_002374-RA	jgi|Claba1|127644|Z519_00024T0
OG0001196	jgi|Acastr1|124709|AST1_002374-RA	jgi|Capcor1|101094|A1O1_08282T0
OG0001196	jgi|Acastr1|124709|AST1_002374-RA	jgi|Exoaq1|10264|A1O9_13001T0, jgi|Exoaq1|6012|A1O9_03542T0
OG0001196	jgi|Acastr1|124709|AST1_002374-RA	coassemb64_003865-T1
OG0001196	jgi|Acastr1|124709|AST1_002374-RA	XP_008716985.1
OG0001196	jgi|Acastr1|124709|AST1_002374-RA	GTX0466b15_004199-T1
OG0001196	jgi|Acastr1|124709|AST1_002374-RA	coassemb76_001343-T1, coassemb76_008053-T1
OG0001196	jgi|Acastr1|124709|AST1_002374-RA	KAJ9651252.1
OG0001196	jgi|Acastr1|124709|AST1_002374-RA	jgi|EndpusZ1|7543|EPUS_07292T0
OG0001196	jgi|Acastr1|124709|AST1_002374-RA	jgi|Phach1|4354|rna4353
OG0001196	jgi|Acastr1|124709|AST1_002374-RA	jgi|Aspni_DSM_1|159781|An05g00610m.01, jgi|Aspni_DSM_1|160211|An06g02450m.01, jgi|Aspni_DSM_1|162423|An08g11770m.01
OG0001196	jgi|Acastr1|124709|AST1_002374-RA	jgi|Penexp1|4617|PEXP_047420T0
OG0001196	jgi|Acastr1|124709|AST1_002374-RA	jgi|Cocpo1_1|1201|XM_003066153.1
OG0001196	jgi|Acastr1|124709|AST1_002374-RA	jgi|Aurpu_var_mel1|37925|e_gw1.1.2075.1
OG0001196	jgi|Acastr1|124709|AST1_002374-RA	jgi|PseVKM4520_1|2674|transcript_KFZ25013, jgi|PseVKM4520_1|5479|transcript_KFZ24773, jgi|PseVKM4520_1|2183|transcript_KFZ17483
OG0001196	jgi|Acastr1|124709|AST1_002374-RA	jgi|Podan3|203864|mRNA_2692
OG0001196	jgi|Acastr1|124709|AST1_002374-RA	jgi|Neucr_trp3_1|7039|Neucr2.NCU04663T0
OG0001196	jgi|Acastr1|124709|AST1_002374-RA	jgi|Fusgr1|11642|FGSG_10057T0
OG0001196	jgi|Acastr1|124709|AST1_002374-RA	jgi|Erypu1|2404|transcript_POS86980
OG0001196	jgi|Acastr1|124709|AST1_002374-RA	jgi|Sclsc1|12342|SS1G_05371T0
OG0001196	jgi|Acastr1|124709|AST1_002374-RA	jgi|Altal1|500907|CE500906_13729, jgi|Altal1|1044919|estExt_fgenesh1_pm.C_350002
OG0001203	jgi|Acastr1|123174|AST1_003811-RA	jgi|Clagr3|9146|CLAGR_009773-RA
OG0001227	jgi|Acastr1|119592|AST1_001527-RA	jgi|Artol1|4183|AOL_s00076g279m.01
OG0001227	jgi|Acastr1|119592|AST1_001527-RA	jgi|Aspni_DSM_1|158193|An03g01800m.01
OG0001235	jgi|Acastr1|126366|AST1_002455-RA	coassemb76_007875-T1
OG0001235	jgi|Acastr1|126368|AST1_002457-RA	jgi|Monha1|9471|H072_9938m.01
OG0001250	jgi|Acastr1|122595|AST1_007105-RA	GTX0466b15_001962-T1
OG0001270	jgi|Acastr1|123284|AST1_002333-RA	jgi|Sclsc1|2142|SS1G_08599T0
OG0001281	jgi|Acastr1|121168|AST1_006043-RA	jgi|Artol1|5|AOL_s00004g4m.01
OG0001281	jgi|Acastr1|121168|AST1_006043-RA	jgi|Fusgr1|13314|FGSG_11241T0, jgi|Fusgr1|10669|FGSG_09212T0
OG0001300	jgi|Acastr1|121671|AST1_003903-RA	jgi|Artol1|5665|AOL_s00079g439m.01, jgi|Artol1|5666|AOL_s00079g440m.01
OG0001301	jgi|Acastr1|123205|AST1_006393-RA	jgi|Fonmu1|10383|Z520_12249T0, jgi|Fonmu1|9777|Z520_12184T0
OG0001334	jgi|Acastr1|119917|AST1_001234-RA	jgi|Exoaq1|8619|A1O9_12874T0
OG0001369	jgi|Acastr1|121997|AST1_008704-RA	coassemb76_001977-T1
OG0001379	jgi|Acastr1|122549|AST1_007026-RA	jgi|Ascim1|410445|fgenesh1_RNNotator_kg.2_#_282_#_Locus4193v1rpkm35.84
OG0001379	jgi|Acastr1|122549|AST1_007026-RA	jgi|Morco1|473866|gw1.18.348.1
OG0001379	jgi|Acastr1|122549|AST1_007026-RA	jgi|Monha1|7690|H072_7957m.01
OG0001379	jgi|Acastr1|122549|AST1_007026-RA	jgi|Artol1|2378|AOL_s00043g541m.01
OG0001379	jgi|Acastr1|122549|AST1_007026-RA	KAI9826387.1
OG0001379	jgi|Acastr1|122549|AST1_007026-RA	jgi|Amamu1|992686|CE791449_4494
OG0001394	jgi|Acastr1|126880|AST1_004057-RA	jgi|Aspni_DSM_1|156376|An01g13570m.01
OG0001406	jgi|Acastr1|125561|AST1_002791-RA	coassemb76_009080-T1
OG0001435	jgi|Acastr1|127073|AST1_001785-RA	KAI4287589.1
OG0001435	jgi|Acastr1|127073|AST1_001785-RA	coassemb376_005892-T1
OG0001473	jgi|Acastr1|123961|AST1_000583-RA	jgi|Fusgr1|2642|FGSG_02304T0
OG0001499	jgi|Acastr1|123778|AST1_006415-RA	jgi|EndpusZ1|2781|EPUS_05882T0
OG0001512	jgi|Acastr1|121945|AST1_008917-RA	coassemb76_005891-T1
OG0001518	jgi|Acastr1|118828|AST1_000758-RA	jgi|Penexp1|8657|PEXP_013540T0
OG0001522	jgi|Acastr1|122378|AST1_001398-RA	jgi|Aspni_DSM_1|158203|An03g01910m.01
OG0001525	jgi|Acastr1|119855|AST1_001112-RA	FUN_009223_T1_FUN_009223
OG0001529	jgi|Acastr1|118874|AST1_008270-RA	jgi|Aspni_DSM_1|168268|An17g00540m.01
OG0001529	jgi|Acastr1|118874|AST1_008270-RA	coassemb64_004123-T1
OG0001536	jgi|Acastr1|120481|AST1_007794-RA	jgi|Podan3|211277|mRNA_10105
OG0001567	jgi|Acastr1|124867|AST1_009073-RA	coassemb76_007635-T1
OG0001580	jgi|Acastr1|120225|AST1_000032-RA	KAI4287607.1
OG0001581	jgi|Acastr1|126965|AST1_001316-RA	KAI9825660.1
OG0001597	jgi|Acastr1|118991|AST1_005308-RA	FUN_006156_T2_FUN_006156
OG0001615	jgi|Acastr1|126438|AST1_001133-RA	KAJ9653358.1
OG0001615	jgi|Acastr1|126438|AST1_001133-RA	jgi|Amamu1|65455|e_gw1.1.1132.1, jgi|Amamu1|15386|gm1.9396_g
OG0001615	jgi|Acastr1|126436|AST1_001131-RA	jgi|Neucr_trp3_1|10431|Neucr2.NCU02281T0
OG0001615	jgi|Acastr1|126436|AST1_001131-RA	jgi|Podan3|208966|mRNA_7794
OG0001615	jgi|Acastr1|126436|AST1_001131-RA	jgi|Fusgr1|7048|FGSG_12866T0
OG0001618	jgi|Acastr1|119091|AST1_006272-RA	jgi|Cocpo1_1|5589|XM_003070542.1
OG0001618	jgi|Acastr1|119091|AST1_006272-RA	jgi|Aspni_DSM_1|166987|An15g04680m.01
OG0001618	jgi|Acastr1|119091|AST1_006272-RA	jgi|Penexp1|9810|PEXP_098780T0
OG0001618	jgi|Acastr1|119091|AST1_006272-RA	jgi|Phach1|6148|rna6147
OG0001618	jgi|Acastr1|119091|AST1_006272-RA	KAJ9662087.1
OG0001618	jgi|Acastr1|119091|AST1_006272-RA	coassemb76_002832-T1
OG0001618	jgi|Acastr1|119091|AST1_006272-RA	GTX0466b15_005647-T1
OG0001618	jgi|Acastr1|119091|AST1_006272-RA	XP_008720910.1
OG0001618	jgi|Acastr1|119091|AST1_006272-RA	coassemb64_003055-T1
OG0001618	jgi|Acastr1|119091|AST1_006272-RA	jgi|Exoaq1|1753|A1O9_01759T0
OG0001618	jgi|Acastr1|119091|AST1_006272-RA	jgi|Fonmu1|12228|Z520_05434T0
OG0001618	jgi|Acastr1|119091|AST1_006272-RA	jgi|Claba1|134323|Z519_11725T0
OG0001618	jgi|Acastr1|119091|AST1_006272-RA	jgi|Capcor1|98231|A1O1_05395T0
OG0001627	jgi|Acastr1|123450|AST1_005022-RA	coassemb376_004123-T1
OG0001635	jgi|Acastr1|119506|AST1_004509-RA	coassemb76_009868-T1
OG0001640	jgi|Acastr1|122096|AST1_006876-RA	KAI4086500.1
OG0001641	jgi|Acastr1|119979|AST1_007852-RA	KAI9825613.1
OG0001641	jgi|Acastr1|119979|AST1_007852-RA	KAI9751181.1
OG0001641	jgi|Acastr1|119979|AST1_007852-RA	KAI9832892.1
OG0001641	jgi|Acastr1|119979|AST1_007852-RA	KAI9697566.1
OG0001641	jgi|Acastr1|119979|AST1_007852-RA	KAI9717257.1
OG0001641	jgi|Acastr1|119979|AST1_007852-RA	GTX0486b100_003495-T1
OG0001643	jgi|Acastr1|121205|AST1_003143-RA	jgi|Clagr3|10321|CLAGR_009865-RA
OG0001668	jgi|Acastr1|120269|AST1_000076-RA	coassemb76_009897-T1
OG0001688	jgi|Acastr1|124398|AST1_003275-RA	KAI4208429.1
OG0001696	jgi|Acastr1|126946|AST1_004668-RA	jgi|Dibbae1|4325|DIBA_001953-RA
OG0001704	jgi|Acastr1|121156|AST1_003259-RA	coassemb76_009440-T1
OG0001708	jgi|Acastr1|120628|AST1_002200-RA	jgi|Clagr3|3759|CLAGR_003461-RA
OG0001708	jgi|Acastr1|120628|AST1_002200-RA	jgi|Grascr1|10596|GST1_012689-RA
OG0001711	jgi|Acastr1|126718|AST1_007993-RA	coassemb76_010120-T1, coassemb76_007893-T1
OG0001744	jgi|Acastr1|123533|AST1_004010-RA	coassemb378_008974-T1
OG0001757	jgi|Acastr1|124361|AST1_003761-RA	CAF9931211.1
OG0001761	jgi|Acastr1|123619|AST1_006943-RA	jgi|Fonmu1|1328|Z520_05958T0
OG0001770	jgi|Acastr1|119244|AST1_001443-RA	jgi|Fusgr1|9933|FGSG_08344T0
OG0001782	jgi|Acastr1|119260|AST1_001459-RA	FUN_008736_T1_FUN_008736
OG0001782	jgi|Acastr1|119261|AST1_001460-RA	jgi|Cocpo1_1|6177|XM_003071130.1
OG0001782	jgi|Acastr1|119261|AST1_001460-RA	jgi|Phach1|4267|rna4266
OG0001782	jgi|Acastr1|119261|AST1_001460-RA	KAI9718958.1
OG0001782	jgi|Acastr1|119261|AST1_001460-RA	KAI9697917.1
OG0001782	jgi|Acastr1|119261|AST1_001460-RA	GTX0486b100_003320-T1
OG0001782	jgi|Acastr1|119261|AST1_001460-RA	KAI4238873.1
OG0001782	jgi|Acastr1|119261|AST1_001460-RA	KAI4229312.1
OG0001782	jgi|Acastr1|119261|AST1_001460-RA	FUN_008737_T1_FUN_008737
OG0001782	jgi|Acastr1|119261|AST1_001460-RA	GTX0494b19_003069-T1
OG0001782	jgi|Acastr1|119261|AST1_001460-RA	KAI4290180.1
OG0001782	jgi|Acastr1|119261|AST1_001460-RA	KAI4109532.1
OG0001782	jgi|Acastr1|119261|AST1_001460-RA	coassemb376_004735-T1
OG0001782	jgi|Acastr1|119261|AST1_001460-RA	coassemb64_000698-T1
OG0001796	jgi|Acastr1|124859|AST1_007609-RA	jgi|PseVKM4520_1|2442|transcript_KFZ16962
OG0001796	jgi|Acastr1|124859|AST1_007609-RA	KAI9755857.1
OG0001800	jgi|Acastr1|124096|AST1_005711-RA	jgi|Claba1|131384|Z519_09698T0
OG0001800	jgi|Acastr1|124096|AST1_005711-RA	coassemb76_009563-T1
OG0001814	jgi|Acastr1|118863|AST1_008330-RA	coassemb76_008228-T1
OG0001822	jgi|Acastr1|126225|AST1_006550-RA	FUN_002886_T3_FUN_002886
OG0001827	jgi|Acastr1|123993|AST1_000615-RA	jgi|Erypu1|6487|transcript_POS81721
OG0001830	jgi|Acastr1|127404|AST1_002507-RA	coassemb76_007596-T1
OG0001841	jgi|Acastr1|123786|AST1_006423-RA	jgi|Claba1|138421|Z519_04951T0
OG0001841	jgi|Acastr1|123786|AST1_006423-RA	jgi|Fonmu1|2217|Z520_06850T0
OG0001841	jgi|Acastr1|123786|AST1_006423-RA	coassemb64_004336-T1
OG0001841	jgi|Acastr1|123786|AST1_006423-RA	jgi|Exoaq1|8746|A1O9_05170T0
OG0001841	jgi|Acastr1|123786|AST1_006423-RA	jgi|Capcor1|100754|A1O1_07938T0
OG0001841	jgi|Acastr1|123786|AST1_006423-RA	GTX0466b15_005719-T1
OG0001841	jgi|Acastr1|123786|AST1_006423-RA	coassemb76_008386-T1
OG0001841	jgi|Acastr1|123786|AST1_006423-RA	XP_008719906.1
OG0001841	jgi|Acastr1|123786|AST1_006423-RA	jgi|EndpusZ1|3921|EPUS_02649T0
OG0001841	jgi|Acastr1|123786|AST1_006423-RA	KAJ9661321.1
OG0001841	jgi|Acastr1|123786|AST1_006423-RA	KAI9654418.1
OG0001841	jgi|Acastr1|123786|AST1_006423-RA	KAI9725455.1
OG0001845	jgi|Acastr1|125613|AST1_005132-RA	jgi|Claba1|131841|Z519_10158T0
OG0001845	jgi|Acastr1|125613|AST1_005132-RA	coassemb76_008813-T1
OG0001849	jgi|Acastr1|119088|AST1_006269-RA	KAI9726210.1
OG0001860	jgi|Acastr1|125492|AST1_003491-RA	jgi|Aurpu_var_mel1|70521|fgenesh1_pg.47_#_5
OG0001890	jgi|Acastr1|126848|AST1_006966-RA	jgi|Penexp1|1359|PEXP_026030T0
OG0001900	jgi|Acastr1|122607|AST1_008073-RA	jgi|Podan3|209699|mRNA_8527, jgi|Podan3|207569|mRNA_6397
OG0001900	jgi|Acastr1|122607|AST1_008073-RA	CAF9927524.1
OG0001904	jgi|Acastr1|125865|AST1_004567-RA	KAI9831027.1
OG0001904	jgi|Acastr1|125865|AST1_004567-RA	KAI9721736.1
OG0001904	jgi|Acastr1|125865|AST1_004567-RA	KAI9701061.1
OG0001904	jgi|Acastr1|125865|AST1_004567-RA	GTX0486b100_006993-T1
OG0001904	jgi|Acastr1|125865|AST1_004567-RA	KAI9827718.1
OG0001907	jgi|Acastr1|119498|AST1_004501-RA	jgi|Fusgr1|4937|FGSG_12482T0
OG0001924	jgi|Acastr1|122493|AST1_008322-RA	KAI9671338.1
OG0001932	jgi|Acastr1|126649|AST1_002628-RA	jgi|Neucr_trp3_1|5863|Neucr2.NCU06385T0
OG0001935	jgi|Acastr1|119118|AST1_005290-RA	jgi|Morco1|203785|CE203784_1176
OG0001950	jgi|Acastr1|125141|AST1_003661-RA	jgi|Erypu1|5784|transcript_POS81829
OG0001985	jgi|Acastr1|124185|AST1_007313-RA	coassemb76_007077-T1
OG0001985	jgi|Acastr1|124185|AST1_007313-RA	GTX0466b15_006131-T1
OG0001985	jgi|Acastr1|124185|AST1_007313-RA	XP_008712837.1
OG0001985	jgi|Acastr1|124185|AST1_007313-RA	jgi|Capcor1|99635|A1O1_06808T0
OG0001985	jgi|Acastr1|124185|AST1_007313-RA	jgi|Fonmu1|5784|Z520_09597T0
OG0001985	jgi|Acastr1|124185|AST1_007313-RA	jgi|Claba1|135060|Z519_12467T0
OG0001985	jgi|Acastr1|124185|AST1_007313-RA	jgi|Exoaq1|8945|A1O9_05369T0
OG0001985	jgi|Acastr1|124185|AST1_007313-RA	KAJ9651913.1
OG0001985	jgi|Acastr1|124185|AST1_007313-RA	jgi|EndpusZ1|3929|EPUS_02657T0
OG0001985	jgi|Acastr1|124185|AST1_007313-RA	jgi|Phach1|6692|rna6691
OG0001985	jgi|Acastr1|124185|AST1_007313-RA	jgi|Aspni_DSM_1|156909|An02g03860m.01
OG0001985	jgi|Acastr1|124185|AST1_007313-RA	jgi|Penexp1|5819|PEXP_011280T0
OG0001985	jgi|Acastr1|124185|AST1_007313-RA	jgi|Cocpo1_1|2631|XM_003067584.1
OG0002008	jgi|Acastr1|121950|AST1_001794-RA	coassemb376_004075-T1
OG0002011	jgi|Acastr1|122152|AST1_007384-RA	KAI9813913.1
OG0002011	jgi|Acastr1|122152|AST1_007384-RA	KAI9699413.1
OG0002011	jgi|Acastr1|122152|AST1_007384-RA	GTX0486b100_000544-T1
OG0002011	jgi|Acastr1|122152|AST1_007384-RA	KAI9716929.1
OG0002015	jgi|Acastr1|122670|AST1_005404-RA	coassemb76_009535-T1
OG0002022	jgi|Acastr1|118823|AST1_000753-RA	CAF9938633.1
OG0002025	jgi|Acastr1|127603|AST1_007985-RA	jgi|Fusgr1|278|FGSG_00225T0
OG0002081	jgi|Acastr1|125871|AST1_004573-RA	coassemb64_004135-T1
OG0002082	jgi|Acastr1|124894|AST1_006986-RA	jgi|Neucr_trp3_1|8808|Neucr2.NCU04822T0
OG0002097	jgi|Acastr1|119190|AST1_001872-RA	GTX0486b100_004932-T1
OG0002099	jgi|Acastr1|127222|AST1_000761-RA	KAI9827552.1
OG0002099	jgi|Acastr1|127222|AST1_000761-RA	KAI9839912.1
OG0002099	jgi|Acastr1|127222|AST1_000761-RA	GTX0486b100_005131-T1
OG0002099	jgi|Acastr1|127222|AST1_000761-RA	KAI9722336.1
OG0002099	jgi|Acastr1|127222|AST1_000761-RA	KAI9698979.1
OG0002117	jgi|Acastr1|122363|AST1_001383-RA	jgi|Umbpus1|106055|LPUS_02013T0
OG0002154	jgi|Acastr1|127621|AST1_004245-RA	jgi|Sclsc1|8089|SS1G_13512T0
OG0002154	jgi|Acastr1|127621|AST1_004245-RA	coassemb76_008216-T1
OG0002184	jgi|Acastr1|127386|AST1_002489-RA	coassemb76_009965-T1
OG0002221	jgi|Acastr1|125913|AST1_004323-RA	jgi|EndpusZ1|176|EPUS_09319T0
OG0002235	jgi|Acastr1|123579|AST1_008001-RA	jgi|EndpusZ1|4631|EPUS_02121T0
OG0002238	jgi|Acastr1|123805|AST1_002833-RA	jgi|Altal1|789055|CE789054_6442
OG0002238	jgi|Acastr1|123805|AST1_002833-RA	KAI9816388.1
OG0002238	jgi|Acastr1|123805|AST1_002833-RA	KAJ9651869.1
OG0002238	jgi|Acastr1|123805|AST1_002833-RA	jgi|Exoaq1|3709|A1O9_11229T0
OG0002238	jgi|Acastr1|123805|AST1_002833-RA	coassemb64_003113-T1
OG0002238	jgi|Acastr1|123805|AST1_002833-RA	jgi|Fonmu1|5305|Z520_09116T0
OG0002238	jgi|Acastr1|123805|AST1_002833-RA	jgi|Claba1|129691|Z519_07996T0
OG0002238	jgi|Acastr1|123805|AST1_002833-RA	jgi|Capcor1|101018|A1O1_08206T0
OG0002238	jgi|Acastr1|123805|AST1_002833-RA	coassemb76_009481-T1
OG0002238	jgi|Acastr1|123805|AST1_002833-RA	GTX0466b15_001293-T1
OG0002238	jgi|Acastr1|123805|AST1_002833-RA	XP_008721094.1
OG0002238	jgi|Acastr1|123805|AST1_002833-RA	jgi|EndpusZ1|1452|EPUS_06176T0
OG0002238	jgi|Acastr1|123805|AST1_002833-RA	jgi|Phach1|4526|rna4525
OG0002326	jgi|Acastr1|123380|AST1_006644-RA	jgi|Grascr1|5606|GST1_009829-RA
OG0002342	jgi|Acastr1|127471|AST1_000287-RA	coassemb76_009114-T1
OG0002345	jgi|Acastr1|118699|AST1_008486-RA	coassemb378_002074-T1
OG0002349	jgi|Acastr1|122567|AST1_006589-RA	jgi|Aspni_DSM_1|160132|An06g01660m.01
OG0002349	jgi|Acastr1|122567|AST1_006589-RA	jgi|Penexp1|6628|PEXP_078680T0
OG0002349	jgi|Acastr1|122567|AST1_006589-RA	jgi|PseVKM4520_1|729|transcript_KFZ20241
OG0002349	jgi|Acastr1|122567|AST1_006589-RA	KAI9824187.1
OG0002349	jgi|Acastr1|122567|AST1_006589-RA	jgi|Altal1|383085|CE383084_10088
OG0002349	jgi|Acastr1|122567|AST1_006589-RA	jgi|Sclsc1|6746|SS1G_11843T0, jgi|Sclsc1|14463|SS1G_07492T0
OG0002349	jgi|Acastr1|122567|AST1_006589-RA	KAI9707196.1
OG0002349	jgi|Acastr1|122567|AST1_006589-RA	GTX0486b100_007445-T1
OG0002349	jgi|Acastr1|122567|AST1_006589-RA	KAI9723654.1
OG0002349	jgi|Acastr1|122567|AST1_006589-RA	KAI9820862.1
OG0002349	jgi|Acastr1|122567|AST1_006589-RA	jgi|Aurpu_var_mel1|71704|fgenesh1_pm.1_#_924
OG0002349	jgi|Acastr1|122567|AST1_006589-RA	XP_008712214.1
OG0002349	jgi|Acastr1|122567|AST1_006589-RA	coassemb76_004587-T1
OG0002349	jgi|Acastr1|122567|AST1_006589-RA	GTX0466b15_007096-T1
OG0002349	jgi|Acastr1|122567|AST1_006589-RA	KAJ9656243.1
OG0002349	jgi|Acastr1|122567|AST1_006589-RA	jgi|Exoaq1|839|A1O9_00840T0
OG0002349	jgi|Acastr1|122567|AST1_006589-RA	jgi|Claba1|131956|Z519_10274T0
OG0002349	jgi|Acastr1|122567|AST1_006589-RA	jgi|Fonmu1|4656|Z520_01643T0
OG0002349	jgi|Acastr1|122567|AST1_006589-RA	jgi|Capcor1|95983|A1O1_03126T0
OG0002349	jgi|Acastr1|122567|AST1_006589-RA	jgi|Erypu1|479|transcript_POS84163
OG0002349	jgi|Acastr1|122567|AST1_006589-RA	KAI9727348.1
OG0002349	jgi|Acastr1|122567|AST1_006589-RA	KAI9654573.1
OG0002349	jgi|Acastr1|122567|AST1_006589-RA	jgi|Clagr3|202|CLAGR_000196-RA
OG0002349	jgi|Acastr1|122567|AST1_006589-RA	CAF9938837.1
OG0002349	jgi|Acastr1|122567|AST1_006589-RA	jgi|EndpusZ1|5709|EPUS_05315T0
OG0002349	jgi|Acastr1|122567|AST1_006589-RA	jgi|Grascr1|958|GST1_006961-RA
OG0002349	jgi|Acastr1|122567|AST1_006589-RA	jgi|Grascr1|958|GST1_006961-RA
OG0002349	jgi|Acastr1|122567|AST1_006589-RA	KAI4105556.1
OG0002349	jgi|Acastr1|122567|AST1_006589-RA	KAI4227969.1
OG0002349	jgi|Acastr1|122567|AST1_006589-RA	KAI4233613.1
OG0002349	jgi|Acastr1|122567|AST1_006589-RA	GTX0494b19_004582-T1
OG0002349	jgi|Acastr1|122567|AST1_006589-RA	FUN_003619_T1_FUN_003619
OG0002349	jgi|Acastr1|122567|AST1_006589-RA	jgi|Umbpus1|100165|LPUS_06740T0
OG0002349	jgi|Acastr1|122567|AST1_006589-RA	jgi|Phach1|3794|rna3793
OG0002373	jgi|Acastr1|124179|AST1_007307-RA	FUN_005923_T1_FUN_005923
OG0002392	jgi|Acastr1|126244|AST1_004942-RA	jgi|Sclsc1|11983|SS1G_05012T0
OG0002396	jgi|Acastr1|125592|AST1_007869-RA	jgi|Erypu1|4691|transcript_POS85837
OG0002396	jgi|Acastr1|125592|AST1_007869-RA	jgi|Sclsc1|6473|SS1G_01973T0
OG0002396	jgi|Acastr1|125592|AST1_007869-RA	jgi|Neucr_trp3_1|5894|Neucr2.NCU06360T0
OG0002396	jgi|Acastr1|125592|AST1_007869-RA	jgi|Podan3|203544|mRNA_2372
OG0002396	jgi|Acastr1|125592|AST1_007869-RA	jgi|Fusgr1|11173|FGSG_09647T0
OG0002396	jgi|Acastr1|125592|AST1_007869-RA	KAI9713354.1
OG0002468	jgi|Acastr1|122032|AST1_003100-RA	coassemb64_002119-T1
OG0002473	jgi|Acastr1|121023|AST1_001923-RA	coassemb76_009557-T1
OG0002488	jgi|Acastr1|125060|AST1_002012-RA	jgi|Penexp1|6374|PEXP_101840T0
OG0002488	jgi|Acastr1|125060|AST1_002012-RA	jgi|Aspni_DSM_1|167482|An16g01840m.01
OG0002488	jgi|Acastr1|125060|AST1_002012-RA	jgi|Cocpo1_1|4717|XM_003069670.1
OG0002488	jgi|Acastr1|125060|AST1_002012-RA	jgi|Phach1|1099|rna1098
OG0002488	jgi|Acastr1|125060|AST1_002012-RA	jgi|EndpusZ1|7454|EPUS_01873T0
OG0002488	jgi|Acastr1|125060|AST1_002012-RA	XP_008716089.1
OG0002488	jgi|Acastr1|125060|AST1_002012-RA	KAJ9651630.1
OG0002488	jgi|Acastr1|125060|AST1_002012-RA	GTX0466b15_000612-T1
OG0002488	jgi|Acastr1|125060|AST1_002012-RA	jgi|Claba1|132914|Z519_01392T0
OG0002488	jgi|Acastr1|125060|AST1_002012-RA	jgi|Fonmu1|6691|Z520_01901T0
OG0002488	jgi|Acastr1|125060|AST1_002012-RA	jgi|Capcor1|95576|A1O1_02716T0
OG0002488	jgi|Acastr1|125060|AST1_002012-RA	jgi|Exoaq1|3367|A1O9_10885T0
OG0002488	jgi|Acastr1|125060|AST1_002012-RA	coassemb64_003175-T1
OG0002624	jgi|Acastr1|123182|AST1_003819-RA	coassemb76_009612-T1
OG0002624	jgi|Acastr1|123183|AST1_003820-RA	KAJ9649871.1
OG0002630	jgi|Acastr1|121505|AST1_003847-RA	jgi|Aspni_DSM_1|168702|An18g02580m.01, jgi|Aspni_DSM_1|168701|An18g02570m.01
OG0002631	jgi|Acastr1|120571|AST1_007937-RA	coassemb378_011664-T1
OG0002650	jgi|Acastr1|124562|AST1_007398-RA	coassemb76_006781-T1
OG0002656	jgi|Acastr1|120280|AST1_000087-RA	jgi|Erypu1|138|transcript_POS81639
OG0002676	jgi|Acastr1|127403|AST1_002506-RA	coassemb76_007595-T1
OG0002683	jgi|Acastr1|123996|AST1_000618-RA	jgi|Grascr1|6728|GST1_010644-RA
OG0002704	jgi|Acastr1|125614|AST1_005133-RA	coassemb76_008812-T1
OG0002716	jgi|Acastr1|119096|AST1_006277-RA	coassemb378_006947-T1
OG0002718	jgi|Acastr1|124832|AST1_003868-RA	coassemb64_002777-T1
OG0002738	jgi|Acastr1|127560|AST1_006144-RA	jgi|Monha1|1364|H072_1364m.01
OG0002738	jgi|Acastr1|127560|AST1_006144-RA	jgi|Sclsc1|3554|SS1G_10010T0
OG0002760	jgi|Acastr1|118704|AST1_008491-RA	jgi|Monha1|5677|H072_5862m.01
OG0002761	jgi|Acastr1|118701|AST1_008488-RA	jgi|Aspni_DSM_1|155792|An01g07490m.01
OG0002761	jgi|Acastr1|118701|AST1_008488-RA	coassemb376_004577-T1
OG0002764	jgi|Acastr1|121287|AST1_006803-RA	jgi|Ascim1|377009|estExt_fgenesh1_pg.C_420059
OG0002820	jgi|Acastr1|119290|AST1_004379-RA	jgi|Grascr1|10456|GST1_003620-RA
OG0002820	jgi|Acastr1|119290|AST1_004379-RA	CAF9943040.1
OG0002820	jgi|Acastr1|119290|AST1_004379-RA	jgi|Clagr3|7629|CLAGR_007172-RA
OG0002820	jgi|Acastr1|119290|AST1_004379-RA	jgi|Dibbae1|4368|DIBA_001996-RA
OG0002820	jgi|Acastr1|119290|AST1_004379-RA	GTX0486b100_000432-T1
OG0002820	jgi|Acastr1|119290|AST1_004379-RA	KAI9704332.1
OG0002820	jgi|Acastr1|119290|AST1_004379-RA	KAI9714088.1
OG0002820	jgi|Acastr1|119290|AST1_004379-RA	KAI9831589.1
OG0002915	jgi|Acastr1|119944|AST1_005578-RA	jgi|Podan3|210066|mRNA_8894
OG0002940	jgi|Acastr1|122944|AST1_008080-RA	coassemb64_002535-T1
OG0002940	jgi|Acastr1|122943|AST1_008079-RA	jgi|Umbpus1|104798|LPUS_11623T0
OG0002940	jgi|Acastr1|122943|AST1_008079-RA	KAI4110541.1
OG0002940	jgi|Acastr1|122943|AST1_008079-RA	KAI4230462.1
OG0002940	jgi|Acastr1|122943|AST1_008079-RA	FUN_006685_T1_FUN_006685
OG0002940	jgi|Acastr1|122943|AST1_008079-RA	GTX0494b19_002669-T1
OG0002940	jgi|Acastr1|122943|AST1_008079-RA	KAI4234201.1
OG0002940	jgi|Acastr1|122943|AST1_008079-RA	KAI4265487.1
OG0002940	jgi|Acastr1|122943|AST1_008079-RA	coassemb64_002535-T1
OG0002940	jgi|Acastr1|122943|AST1_008079-RA	coassemb64_002535-T1
OG0002973	jgi|Acastr1|119033|AST1_006353-RA	coassemb378_010763-T1
OG0003031	jgi|Acastr1|118911|AST1_007198-RA	jgi|Exoaq1|5208|A1O9_02731T0
OG0003044	jgi|Acastr1|124679|AST1_006687-RA	jgi|PseVKM4520_1|5317|transcript_KFZ11750
OG0003143	jgi|Acastr1|124091|AST1_005706-RA	jgi|Aspni_DSM_1|163709|An11g04690m.01
OG0003155	jgi|Acastr1|121845|AST1_007600-RA	jgi|Grascr1|80|GST1_000080-RA
OG0003192	jgi|Acastr1|123922|AST1_000544-RA	jgi|Neucr_trp3_1|2277|Neucr2.NCU03021T0
OG0003192	jgi|Acastr1|123922|AST1_000544-RA	jgi|Podan3|202007|mRNA_835
OG0003192	jgi|Acastr1|123922|AST1_000544-RA	jgi|Sclsc1|11373|SS1G_04402T0
OG0003192	jgi|Acastr1|123922|AST1_000544-RA	jgi|Fusgr1|1211|FGSG_01029T0
OG0003232	jgi|Acastr1|125870|AST1_004572-RA	coassemb76_000910-T1
OG0003255	jgi|Acastr1|126922|AST1_004644-RA	coassemb76_009234-T1
OG0003357	jgi|Acastr1|125867|AST1_004569-RA	GTX0486b100_006991-T1
OG0003357	jgi|Acastr1|125867|AST1_004569-RA	KAI4105705.1
OG0003358	jgi|Acastr1|123626|AST1_006950-RA	KAI9816652.1
OG0003358	jgi|Acastr1|123626|AST1_006950-RA	jgi|Podan3|205136|mRNA_3964
OG0003358	jgi|Acastr1|123626|AST1_006950-RA	jgi|Neucr_trp3_1|7256|Neucr2.NCU03694T0
OG0003358	jgi|Acastr1|123626|AST1_006950-RA	jgi|PseVKM4520_1|1862|transcript_KFZ18137
OG0003358	jgi|Acastr1|123626|AST1_006950-RA	jgi|Erypu1|3919|transcript_POS88059
OG0003358	jgi|Acastr1|123626|AST1_006950-RA	jgi|Sclsc1|13983|SS1G_07012T0
OG0003358	jgi|Acastr1|123626|AST1_006950-RA	KAI9726462.1
OG0003358	jgi|Acastr1|123626|AST1_006950-RA	KAI9668639.1
OG0003358	jgi|Acastr1|123626|AST1_006950-RA	jgi|Aurpu_var_mel1|60497|e_gw1.40.50.1
OG0003358	jgi|Acastr1|123626|AST1_006950-RA	jgi|Altal1|1096375|estExt_Genemark1.C_150018
OG0003358	jgi|Acastr1|123626|AST1_006950-RA	KAI9816652.1
OG0003393	jgi|Acastr1|126683|AST1_002662-RA	coassemb376_007251-T1
OG0003398	jgi|Acastr1|126383|AST1_002472-RA	jgi|Podan3|207063|mRNA_5891
OG0003398	jgi|Acastr1|126383|AST1_002472-RA	coassemb64_005159-T1
OG0003465	jgi|Acastr1|126311|AST1_007276-RA	jgi|Altal1|944942|e_gw1.22.514.1
OG0003465	jgi|Acastr1|126311|AST1_007276-RA	jgi|Aurpu_var_mel1|80057|gm1.453_g
OG0003465	jgi|Acastr1|126311|AST1_007276-RA	jgi|Ascim1|165547|CE165546_15586
OG0003465	jgi|Acastr1|126311|AST1_007276-RA	jgi|Grascr1|8572|GST1_003093-RA
OG0003465	jgi|Acastr1|126311|AST1_007276-RA	jgi|Grascr1|8572|GST1_003093-RA
OG0003465	jgi|Acastr1|126311|AST1_007276-RA	jgi|Podan3|207086|mRNA_5914
OG0003465	jgi|Acastr1|126311|AST1_007276-RA	jgi|EndpusZ1|1839|EPUS_03208T0
OG0003465	jgi|Acastr1|126311|AST1_007276-RA	jgi|Phach1|3771|rna3770
OG0003465	jgi|Acastr1|126311|AST1_007276-RA	XP_008712995.1
OG0003465	jgi|Acastr1|126311|AST1_007276-RA	coassemb76_000466-T1
OG0003465	jgi|Acastr1|126311|AST1_007276-RA	GTX0466b15_000432-T1
OG0003465	jgi|Acastr1|126311|AST1_007276-RA	jgi|Fonmu1|8677|Z520_02752T0
OG0003465	jgi|Acastr1|126311|AST1_007276-RA	jgi|Claba1|133326|Z519_01804T0
OG0003465	jgi|Acastr1|126311|AST1_007276-RA	jgi|Exoaq1|2260|A1O9_09786T0
OG0003465	jgi|Acastr1|126311|AST1_007276-RA	coassemb64_003213-T1
OG0003465	jgi|Acastr1|126311|AST1_007276-RA	jgi|Capcor1|95594|A1O1_02734T0
OG0003465	jgi|Acastr1|126311|AST1_007276-RA	KAJ9652818.1
OG0003472	jgi|Acastr1|121686|AST1_003918-RA	coassemb76_009613-T1
OG0003482	jgi|Acastr1|126532|AST1_000127-RA	jgi|Dibbae1|9620|DIBA_003758-RA
OG0003482	jgi|Acastr1|126532|AST1_000127-RA	jgi|Altal1|283663|CE283662_23
OG0003482	jgi|Acastr1|126532|AST1_000127-RA	coassemb76_009858-T1
OG0003488	jgi|Acastr1|122800|AST1_004287-RA	jgi|Neucr_trp3_1|1223006|e_gw1.223.19.1
OG0003527	jgi|Acastr1|120673|AST1_005516-RA	KAI4268025.1
OG0003680	jgi|Acastr1|121936|AST1_008127-RA	jgi|Morco1|577490|gm1.8266_g
OG0003689	jgi|Acastr1|127110|AST1_003946-RA	jgi|Clagr3|7431|CLAGR_007028-RA
OG0003709	jgi|Acastr1|119440|AST1_007522-RA	jgi|Fusgr1|9878|FGSG_08390T0
OG0003709	jgi|Acastr1|119440|AST1_007522-RA	jgi|Podan3|207200|mRNA_6028
OG0003709	jgi|Acastr1|119440|AST1_007522-RA	jgi|Neucr_trp3_1|8773|Neucr2.NCU10733T0
OG0003709	jgi|Acastr1|119440|AST1_007522-RA	jgi|Erypu1|4761|transcript_POS88393
OG0003709	jgi|Acastr1|119440|AST1_007522-RA	jgi|PseVKM4520_1|863|transcript_KFZ20034
OG0003709	jgi|Acastr1|119440|AST1_007522-RA	jgi|Sclsc1|8854|SS1G_02269T0
OG0003709	jgi|Acastr1|119442|AST1_007524-RA	coassemb376_002099-T1
OG0003782	jgi|Acastr1|122103|AST1_006883-RA	coassemb76_001444-T1
OG0003794	jgi|Acastr1|119768|AST1_003542-RA	KAI9817910.1
OG0003802	jgi|Acastr1|125843|AST1_000531-RA	jgi|Claba1|130454|Z519_08761T0
OG0003840	jgi|Acastr1|120342|AST1_007010-RA	jgi|Claba1|137073|Z519_12810T0
OG0003840	jgi|Acastr1|120342|AST1_007010-RA	XP_008710554.1, XP_008721554.1
OG0003858	jgi|Acastr1|127003|AST1_001354-RA	GTX0486b100_004435-T1
OG0003885	jgi|Acastr1|126374|AST1_002463-RA	XP_008711479.1
OG0003885	jgi|Acastr1|126374|AST1_002463-RA	coassemb76_005090-T1
OG0003885	jgi|Acastr1|126374|AST1_002463-RA	GTX0466b15_001882-T1
OG0003885	jgi|Acastr1|126374|AST1_002463-RA	jgi|Exoaq1|7297|A1O9_03827T0
OG0003885	jgi|Acastr1|126374|AST1_002463-RA	jgi|Capcor1|96274|A1O1_03419T0
OG0003885	jgi|Acastr1|126374|AST1_002463-RA	jgi|Claba1|129339|Z519_07642T0
OG0003885	jgi|Acastr1|126374|AST1_002463-RA	jgi|Fonmu1|9989|Z520_03386T0
OG0003885	jgi|Acastr1|126374|AST1_002463-RA	KAJ9653745.1
OG0003885	jgi|Acastr1|126374|AST1_002463-RA	jgi|Phach1|340|rna339
OG0003885	jgi|Acastr1|126374|AST1_002463-RA	jgi|EndpusZ1|4485|EPUS_06053T0
OG0003885	jgi|Acastr1|126374|AST1_002463-RA	coassemb64_008014-T1
OG0003885	jgi|Acastr1|126374|AST1_002463-RA	jgi|Morco1|291476|CE291475_2310
OG0003885	jgi|Acastr1|126374|AST1_002463-RA	jgi|Ascim1|382031|estExt_fgenesh1_pg.C_2850006
OG0003920	jgi|Acastr1|126179|AST1_001638-RA	CAF9921412.1
OG0003938	jgi|Acastr1|122130|AST1_005109-RA	coassemb76_009999-T1
OG0003946	jgi|Acastr1|124699|AST1_002364-RA	jgi|Clagr3|10978|CLAGR_010969-RA
OG0003987	jgi|Acastr1|120379|AST1_005802-RA	jgi|Dibbae1|11444|DIBA_003947-RA
OG0003994	jgi|Acastr1|119568|AST1_001503-RA	KAI4286425.1
OG0004024	jgi|Acastr1|126172|AST1_001631-RA, jgi|Acastr1|126173|AST1_001632-RA	FUN_008171_T1_FUN_008171
OG0004024	jgi|Acastr1|126173|AST1_001632-RA	jgi|Fonmu1|6334|Z520_10147T0
OG0004184	jgi|Acastr1|126979|AST1_001330-RA	FUN_008494_T1_FUN_008494
OG0004250	jgi|Acastr1|127109|AST1_003945-RA	jgi|Claba1|128932|Z519_07232T0
OG0004250	jgi|Acastr1|127109|AST1_003945-RA	jgi|Monha1|1644|H072_1644m.01
OG0004308	jgi|Acastr1|126392|AST1_006566-RA	jgi|Fusgr1|12415|FGSG_13829T0
OG0004308	jgi|Acastr1|126392|AST1_006566-RA	jgi|Sclsc1|64|SS1G_00064T0
OG0004318	jgi|Acastr1|119428|AST1_002714-RA	jgi|PseVKM4520_1|3541|transcript_KFZ14981
OG0004419	jgi|Acastr1|121195|AST1_003133-RA	jgi|Phach1|2107|rna2106
OG0004419	jgi|Acastr1|121195|AST1_003133-RA	jgi|EndpusZ1|2026|EPUS_00730T0
OG0004419	jgi|Acastr1|121195|AST1_003133-RA	XP_008716101.1
OG0004419	jgi|Acastr1|121195|AST1_003133-RA	coassemb76_005952-T1
OG0004419	jgi|Acastr1|121195|AST1_003133-RA	GTX0466b15_005792-T1
OG0004419	jgi|Acastr1|121195|AST1_003133-RA	jgi|Claba1|139132|Z519_05664T0
OG0004419	jgi|Acastr1|121195|AST1_003133-RA	jgi|Fonmu1|6926|Z520_02136T0
OG0004419	jgi|Acastr1|121195|AST1_003133-RA	jgi|Capcor1|97883|A1O1_05045T0
OG0004419	jgi|Acastr1|121195|AST1_003133-RA	coassemb64_003759-T1
OG0004419	jgi|Acastr1|121195|AST1_003133-RA	jgi|Exoaq1|6529|A1O9_12331T0
OG0004419	jgi|Acastr1|121195|AST1_003133-RA	jgi|Penexp1|7706|PEXP_006860T0
OG0004419	jgi|Acastr1|121195|AST1_003133-RA	jgi|Aspni_DSM_1|161607|An08g03460m.01
OG0004419	jgi|Acastr1|121195|AST1_003133-RA	jgi|Cocpo1_1|5148|XM_003070101.1
OG0004511	jgi|Acastr1|121187|AST1_006062-RA	coassemb76_009565-T1
OG0004589	jgi|Acastr1|124068|AST1_004487-RA	KAJ9650549.1
OG0004595	jgi|Acastr1|127333|AST1_006860-RA	jgi|Aurpu_var_mel1|55820|e_gw1.23.25.1
OG0004595	jgi|Acastr1|127333|AST1_006860-RA	KAI9727563.1
OG0004595	jgi|Acastr1|127333|AST1_006860-RA	KAI9670649.1
OG0004595	jgi|Acastr1|127333|AST1_006860-RA	jgi|Artol1|9437|AOL_s00173g344m.01
OG0004595	jgi|Acastr1|127333|AST1_006860-RA	jgi|Monha1|10618|H072_11280m.01
OG0004595	jgi|Acastr1|127333|AST1_006860-RA	jgi|Morco1|479743|e_gw1.2.450.1
OG0004596	jgi|Acastr1|119937|AST1_007251-RA	jgi|Podan3|203261|mRNA_2089
OG0004622	jgi|Acastr1|123128|AST1_008806-RA	jgi|Clagr3|2324|CLAGR_001722-RA
OG0004766	jgi|Acastr1|123560|AST1_009036-RA	jgi|Erypu1|6691|transcript_POS81688
OG0004811	jgi|Acastr1|121366|AST1_002306-RA	jgi|Grascr1|8519|GST1_003040-RA
OG0004821	jgi|Acastr1|125605|AST1_005124-RA	jgi|Grascr1|4948|GST1_010057-RA
OG0004821	jgi|Acastr1|125605|AST1_005124-RA	KAI4237317.1, KAI4236638.1
OG0004821	jgi|Acastr1|125605|AST1_005124-RA	KAI4289021.1
OG0004821	jgi|Acastr1|125605|AST1_005124-RA	KAI4228294.1, KAI4220695.1
OG0004821	jgi|Acastr1|125605|AST1_005124-RA	GTX0494b19_000875-T1
OG0004821	jgi|Acastr1|125605|AST1_005124-RA	jgi|Altal1|938903|e_gw1.14.108.1
OG0004821	jgi|Acastr1|125605|AST1_005124-RA	jgi|Sclsc1|4015|SS1G_10471T0, jgi|Sclsc1|4016|SS1G_10472T0
OG0004821	jgi|Acastr1|125605|AST1_005124-RA	jgi|Aspni_DSM_1|168677|An18g02320m.01
OG0004821	jgi|Acastr1|125605|AST1_005124-RA	jgi|Aspni_DSM_1|168677|An18g02320m.01
OG0004821	jgi|Acastr1|125605|AST1_005124-RA	KAI9713351.1
OG0004951	jgi|Acastr1|127638|AST1_004262-RA	coassemb64_001966-T1
OG0004951	jgi|Acastr1|127638|AST1_004262-RA	jgi|Exoaq1|12324|A1O9_08619T0
OG0004951	jgi|Acastr1|127638|AST1_004262-RA	jgi|Claba1|133712|Z519_11112T0
OG0004951	jgi|Acastr1|127638|AST1_004262-RA	jgi|Fonmu1|2253|Z520_06886T0
OG0004951	jgi|Acastr1|127638|AST1_004262-RA	jgi|Capcor1|100772|A1O1_07956T0
OG0004951	jgi|Acastr1|127638|AST1_004262-RA	XP_008715106.1
OG0004951	jgi|Acastr1|127638|AST1_004262-RA	coassemb76_001617-T1
OG0004951	jgi|Acastr1|127638|AST1_004262-RA	GTX0466b15_006973-T1
OG0004951	jgi|Acastr1|127638|AST1_004262-RA	KAJ9661273.1
OG0004951	jgi|Acastr1|127638|AST1_004262-RA	jgi|Phach1|6661|rna6660
OG0004951	jgi|Acastr1|127638|AST1_004262-RA	jgi|Aspni_DSM_1|164239|An11g10330m.01
OG0004951	jgi|Acastr1|127638|AST1_004262-RA	jgi|Penexp1|7322|PEXP_003170T0
OG0004993	jgi|Acastr1|118757|AST1_006182-RA	jgi|Aspni_DSM_1|160798|An07g05740m.01
OG0005177	jgi|Acastr1|121211|AST1_003149-RA	jgi|Grascr1|8130|GST1_003831-RA
OG0005228	jgi|Acastr1|121666|AST1_003898-RA	jgi|Monha1|8323|H072_8618m.01
OG0005288	jgi|Acastr1|126005|AST1_004542-RA	jgi|Penexp1|936|PEXP_095660T0
OG0005313	jgi|Acastr1|126870|AST1_004047-RA	jgi|Dibbae1|12584|DIBA_004260-RA
OG0005313	jgi|Acastr1|126870|AST1_004047-RA	coassemb378_005996-T1
OG0005313	jgi|Acastr1|126870|AST1_004047-RA	jgi|Grascr1|10630|GST1_005507-RA
OG0005313	jgi|Acastr1|126870|AST1_004047-RA	KAI9715842.1
OG0005313	jgi|Acastr1|126870|AST1_004047-RA	jgi|Altal1|938533|e_gw1.13.570.1
OG0005351	jgi|Acastr1|121810|AST1_005541-RA	KAJ9653021.1
OG0005391	jgi|Acastr1|127302|AST1_007758-RA	jgi|Fonmu1|10502|Z520_12369T0
OG0005421	jgi|Acastr1|125559|AST1_002789-RA	KAI9702104.1
OG0005421	jgi|Acastr1|125559|AST1_002789-RA	GTX0486b100_003645-T1
OG0005421	jgi|Acastr1|125559|AST1_002789-RA	KAI9713319.1
OG0005421	jgi|Acastr1|125559|AST1_002789-RA	KAI9831906.1
OG0005421	jgi|Acastr1|125559|AST1_002789-RA	jgi|Penexp1|8946|PEXP_069410T0
OG0005421	jgi|Acastr1|125559|AST1_002789-RA	jgi|Aspni_DSM_1|168159|An16g08760m.01
OG0005421	jgi|Acastr1|125559|AST1_002789-RA	jgi|Cocpo1_1|5767|XM_003070720.1
OG0005421	jgi|Acastr1|125559|AST1_002789-RA	jgi|Altal1|1060522|gm1.4757_g
OG0005425	jgi|Acastr1|125076|AST1_002028-RA	jgi|EndpusZ1|255|EPUS_04141T0
OG0005435	jgi|Acastr1|121105|AST1_006607-RA	jgi|Fusgr1|7039|FGSG_06077T0
OG0005435	jgi|Acastr1|121105|AST1_006607-RA	jgi|Grascr1|8332|GST1_011749-RA
OG0005435	jgi|Acastr1|121105|AST1_006607-RA	KAI4097703.1
OG0005435	jgi|Acastr1|121105|AST1_006607-RA	KAI4222650.1
OG0005435	jgi|Acastr1|121105|AST1_006607-RA	GTX0494b19_006759-T1
OG0005435	jgi|Acastr1|121105|AST1_006607-RA	FUN_010612_T1_FUN_010612
OG0005435	jgi|Acastr1|121105|AST1_006607-RA	KAI4231567.1
OG0005435	jgi|Acastr1|121105|AST1_006607-RA	KAI4101057.1
OG0005435	jgi|Acastr1|121105|AST1_006607-RA	KAI4282829.1
OG0005435	jgi|Acastr1|121105|AST1_006607-RA	jgi|Clagr3|7464|CLAGR_007865-RA
OG0005435	jgi|Acastr1|121105|AST1_006607-RA	CAF9936382.1
OG0005435	jgi|Acastr1|121105|AST1_006607-RA	coassemb376_003291-T1
OG0005435	jgi|Acastr1|121105|AST1_006607-RA	jgi|Umbpus1|102914|LPUS_01856T0
OG0005435	jgi|Acastr1|121105|AST1_006607-RA	jgi|Dibbae1|9765|DIBA_012317-RA
OG0005435	jgi|Acastr1|121105|AST1_006607-RA	coassemb378_007579-T1
OG0005435	jgi|Acastr1|121105|AST1_006607-RA	KAI9756173.1
OG0005435	jgi|Acastr1|121105|AST1_006607-RA	KAI4101058.1
OG0005435	jgi|Acastr1|121105|AST1_006607-RA	KAI4101058.1
OG0005435	jgi|Acastr1|121105|AST1_006607-RA	jgi|Phach1|2481|rna2480
OG0005435	jgi|Acastr1|121105|AST1_006607-RA	KAJ9653400.1
OG0005435	jgi|Acastr1|121105|AST1_006607-RA	jgi|PseVKM4520_1|4574|transcript_KFZ13184
OG0005505	jgi|Acastr1|123637|AST1_009027-RA	jgi|Grascr1|10706|GST1_003872-RA
OG0005505	jgi|Acastr1|123637|AST1_009027-RA	jgi|EndpusZ1|464|EPUS_01375T0
OG0005505	jgi|Acastr1|123637|AST1_009027-RA	jgi|Phach1|126|rna125
OG0005505	jgi|Acastr1|123637|AST1_009027-RA	coassemb76_000473-T1
OG0005505	jgi|Acastr1|123637|AST1_009027-RA	GTX0466b15_001408-T1
OG0005505	jgi|Acastr1|123637|AST1_009027-RA	KAJ9655734.1
OG0005505	jgi|Acastr1|123637|AST1_009027-RA	XP_008721130.1
OG0005505	jgi|Acastr1|123637|AST1_009027-RA	jgi|Exoaq1|11031|A1O9_07400T0
OG0005505	jgi|Acastr1|123637|AST1_009027-RA	coassemb64_000292-T1
OG0005505	jgi|Acastr1|123637|AST1_009027-RA	jgi|Fonmu1|5119|Z520_08930T0
OG0005505	jgi|Acastr1|123637|AST1_009027-RA	jgi|Capcor1|99293|A1O1_06464T0
OG0005505	jgi|Acastr1|123637|AST1_009027-RA	jgi|Claba1|129886|Z519_08193T0
OG0005523	jgi|Acastr1|120100|AST1_007404-RA	KAI9709376.1
OG0005523	jgi|Acastr1|120100|AST1_007404-RA	KAI9703353.1
OG0005523	jgi|Acastr1|120100|AST1_007404-RA	GTX0486b100_002825-T1
OG0005523	jgi|Acastr1|120100|AST1_007404-RA	jgi|Ascim1|321024|gm1.1024_g
OG0005523	jgi|Acastr1|120100|AST1_007404-RA	KAI9720711.1
OG0005523	jgi|Acastr1|120100|AST1_007404-RA	KAI9669022.1
OG0005589	jgi|Acastr1|124702|AST1_002367-RA	KAJ9651492.1
OG0005605	jgi|Acastr1|127680|AST1_003414-RA	coassemb64_003773-T1
OG0005605	jgi|Acastr1|127680|AST1_003414-RA	GTX0486b100_008523-T1
OG0005622	jgi|Acastr1|124503|AST1_005159-RA	KAI4101797.1
OG0005622	jgi|Acastr1|124503|AST1_005159-RA	jgi|Clagr3|8862|CLAGR_008842-RA, jgi|Clagr3|9792|CLAGR_010128-RA, jgi|Clagr3|6488|CLAGR_006593-RA
OG0005802	jgi|Acastr1|125594|AST1_007871-RA	KAI9825599.1
OG0005802	jgi|Acastr1|125594|AST1_007871-RA	jgi|Clagr3|2923|CLAGR_002587-RA
OG0005802	jgi|Acastr1|125594|AST1_007871-RA	jgi|Cocpo1_1|7074|XM_003072027.1
OG0005802	jgi|Acastr1|125594|AST1_007871-RA	KAI9713356.1
OG0005850	jgi|Acastr1|124682|AST1_006690-RA	jgi|Clagr3|11036|CLAGR_010911-RA
OG0005898	jgi|Acastr1|127428|AST1_000244-RA	KAI9723592.1
OG0005912	jgi|Acastr1|119022|AST1_008195-RA	KAI4101141.1
OG0005921	jgi|Acastr1|124424|AST1_001551-RA	jgi|Monha1|9690|H072_10193m.01
OG0005931	jgi|Acastr1|123749|AST1_003214-RA	jgi|PseVKM4520_1|5116|transcript_KFZ12166, jgi|PseVKM4520_1|11080|transcript_KFZ23327
OG0005957	jgi|Acastr1|121117|AST1_003220-RA	jgi|Artol1|7872|AOL_s00109g40m.01
OG0006007	jgi|Acastr1|120337|AST1_007005-RA	jgi|Aspni_DSM_1|164921|An12g06090m.01
OG0006012	jgi|Acastr1|122148|AST1_007380-RA	jgi|Monha1|1512|H072_1512m.01
OG0006012	jgi|Acastr1|122148|AST1_007380-RA	jgi|Artol1|10806|AOL_s00215g253m.01
OG0006012	jgi|Acastr1|122148|AST1_007380-RA	jgi|PseVKM4520_1|6034|transcript_KFZ10437
OG0006012	jgi|Acastr1|122148|AST1_007380-RA	jgi|Sclsc1|1335|SS1G_07791T0
OG0006012	jgi|Acastr1|122148|AST1_007380-RA	jgi|Fusgr1|3706|FGSG_04321T0
OG0006012	jgi|Acastr1|122148|AST1_007380-RA	jgi|Neucr_trp3_1|3024|Neucr2.NCU05460T0
OG0006012	jgi|Acastr1|122148|AST1_007380-RA	jgi|Podan3|209486|mRNA_8314
OG0006043	jgi|Acastr1|121837|AST1_008861-RA	jgi|Podan3|206644|mRNA_5472
OG0006113	jgi|Acastr1|121568|AST1_000348-RA	jgi|Penexp1|2031|PEXP_024430T0
OG0006178	jgi|Acastr1|118845|AST1_005355-RA, jgi|Acastr1|122609|AST1_008075-RA, jgi|Acastr1|127716|AST1_006474-RA	jgi|Grascr1|8723|GST1_011775-RA
OG0006178	jgi|Acastr1|127717|AST1_006475-RA	jgi|Morco1|539880|fgenesh1_kg.72_#_1_#_Locus2348v1rpkm72.85, jgi|Morco1|587868|MIX6966_4_27
OG0006178	jgi|Acastr1|127717|AST1_006475-RA	jgi|Grascr1|8723|GST1_011775-RA
OG0006178	jgi|Acastr1|127717|AST1_006475-RA	KAI9652210.1
OG0006178	jgi|Acastr1|127717|AST1_006475-RA	jgi|Grascr1|8723|GST1_011775-RA
OG0006178	jgi|Acastr1|127717|AST1_006475-RA	jgi|Sclsc1|3085|SS1G_09541T0
OG0006178	jgi|Acastr1|127717|AST1_006475-RA	jgi|Exoaq1|1643|A1O9_01649T0
OG0006178	jgi|Acastr1|127717|AST1_006475-RA	jgi|Altal1|1014198|fgenesh1_pg.34_#_31
OG0006180	jgi|Acastr1|119423|AST1_002709-RA	jgi|Artol1|335|AOL_s00004g334m.01
OG0006180	jgi|Acastr1|119423|AST1_002709-RA	KAI9658845.1
OG0006180	jgi|Acastr1|124484|AST1_001611-RA	CAF9942121.1
OG0006180	jgi|Acastr1|124484|AST1_001611-RA	CAF9942121.1
OG0006180	jgi|Acastr1|124484|AST1_001611-RA	jgi|Artol1|335|AOL_s00004g334m.01
OG0006180	jgi|Acastr1|124484|AST1_001611-RA	jgi|Artol1|335|AOL_s00004g334m.01
OG0006180	jgi|Acastr1|124484|AST1_001611-RA	jgi|Podan3|207541|mRNA_6369
OG0006180	jgi|Acastr1|124484|AST1_001611-RA	jgi|Grascr1|7955|GST1_003757-RA
OG0006180	jgi|Acastr1|124484|AST1_001611-RA	GTX0466b15_006049-T1
OG0006180	jgi|Acastr1|124484|AST1_001611-RA	jgi|Fonmu1|10398|Z520_12265T0
OG0006180	jgi|Acastr1|124484|AST1_001611-RA	jgi|Aspni_DSM_1|156315|An01g12950m.01
OG0006180	jgi|Acastr1|124484|AST1_001611-RA	KAI9837502.1
OG0006180	jgi|Acastr1|124484|AST1_001611-RA	jgi|Penexp1|4888|PEXP_042890T0
OG0006180	jgi|Acastr1|124484|AST1_001611-RA	jgi|Cocpo1_1|4709|XM_003069662.1, jgi|Cocpo1_1|6935|XM_003071888.1
OG0006180	jgi|Acastr1|124484|AST1_001611-RA	KAI9658845.1
OG0006180	jgi|Acastr1|124484|AST1_001611-RA	KAI9658845.1
OG0006187	jgi|Acastr1|120724|AST1_003366-RA	GTX0486b100_008562-T1
OG0006190	jgi|Acastr1|121055|AST1_006664-RA	jgi|Aurpu_var_mel1|66583|fgenesh1_pg.12_#_80
OG0006190	jgi|Acastr1|124943|AST1_006826-RA	jgi|Altal1|6868|CE6867_2937
OG0006224	jgi|Acastr1|127447|AST1_000263-RA	XP_008712127.1
OG0006269	jgi|Acastr1|124944|AST1_006827-RA	jgi|Podan3|208703|mRNA_7531
OG0006292	jgi|Acastr1|123789|AST1_002817-RA	KAI4228881.1
OG0006297	jgi|Acastr1|120570|AST1_007936-RA	KAJ9661893.1
OG0006297	jgi|Acastr1|120570|AST1_007936-RA	jgi|Exoaq1|3232|A1O9_10750T0
OG0006372	jgi|Acastr1|120908|AST1_005077-RA	KAI4233084.1
OG0006463	jgi|Acastr1|122920|AST1_001036-RA	jgi|Penexp1|10962|PEXP_021960T0
OG0006476	jgi|Acastr1|123365|AST1_008989-RA	GTX0486b100_007663-T1
OG0006530	jgi|Acastr1|120676|AST1_005519-RA	jgi|Altal1|1017390|fgenesh1_kg.4_#_190_#_Locus2228v1rpkm69.13
OG0006589	jgi|Acastr1|124677|AST1_006685-RA	jgi|Monha1|5186|H072_5294m.01
OG0006589	jgi|Acastr1|124677|AST1_006685-RA	jgi|Clagr3|1049|CLAGR_001037-RA, jgi|Clagr3|6977|CLAGR_006635-RA
OG0006638	jgi|Acastr1|120450|AST1_008376-RA	jgi|Dibbae1|8770|DIBA_002263-RA
OG0006638	jgi|Acastr1|120450|AST1_008376-RA	jgi|Clagr3|6591|CLAGR_006304-RA
OG0006638	jgi|Acastr1|120450|AST1_008376-RA	jgi|Artol1|6195|AOL_s00081g25m.01
OG0006920	jgi|Acastr1|124780|AST1_005255-RA	jgi|Exoaq1|11069|A1O9_13066T0
OG0007121	jgi|Acastr1|120406|AST1_005459-RA	jgi|Exoaq1|49|A1O9_00049T0
OG0007121	jgi|Acastr1|120406|AST1_005459-RA	coassemb376_006444-T1
OG0007133	jgi|Acastr1|126180|AST1_001639-RA	coassemb64_006249-T1
OG0007209	jgi|Acastr1|126301|AST1_006456-RA	KAI4218697.1
OG0007215	jgi|Acastr1|123300|AST1_002349-RA	jgi|Aspni_DSM_1|162669|An09g02090m.01
OG0007449	jgi|Acastr1|124889|AST1_006981-RA	coassemb64_005957-T1
OG0007618	jgi|Acastr1|124923|AST1_004694-RA	jgi|Claba1|135516|Z519_02378T0
OG0007763	jgi|Acastr1|124879|AST1_007445-RA	jgi|Aspni_DSM_1|156541|An02g00160m.01
OG0008382	jgi|Acastr1|122718|AST1_004791-RA	jgi|Fusgr1|3400|FGSG_12222T0
