Orthogroup	Amamu1_GeneCatalog_proteins_20120806.aa	Other
OG0000033	jgi|Amamu1|155352|fgenesh1_kg.1_#_769_#_Locus8861v1rpkm17.96	jgi|Exoaq1|5505|A1O9_03029T0
OG0000033	jgi|Amamu1|166987|fgenesh1_kg.64_#_12_#_Locus28020v2rpkm0.37, jgi|Amamu1|77528|e_gw1.24.174.1, jgi|Amamu1|13534|gm1.7544_g, jgi|Amamu1|166728|fgenesh1_kg.61_#_53_#_Locus10402v1rpkm12.51, jgi|Amamu1|160521|fgenesh1_kg.14_#_27_#_Locus10402v1rpkm12.51, jgi|Amamu1|13203|gm1.7213_g, jgi|Amamu1|16160|gm1.10170_g, jgi|Amamu1|164339|fgenesh1_kg.37_#_7_#_Locus21074v1rpkm1.65, jgi|Amamu1|158748|fgenesh1_kg.8_#_229_#_Locus12488v1rpkm7.72, jgi|Amamu1|531086|CE329849_6865, jgi|Amamu1|162532|fgenesh1_kg.24_#_45_#_Locus6938v1rpkm27.68, jgi|Amamu1|26590|estExt_Genemark1.C_800007, jgi|Amamu1|76984|e_gw1.21.262.1, jgi|Amamu1|164814|fgenesh1_kg.41_#_19_#_Locus3884v1rpkm58.98, jgi|Amamu1|14248|gm1.8258_g, jgi|Amamu1|913775|CE712538_3535, jgi|Amamu1|162080|fgenesh1_kg.21_#_103_#_Locus4825v1rpkm46.11, jgi|Amamu1|131425|estExt_Genewise1Plus.C_930047, jgi|Amamu1|24046|estExt_Genemark1.C_210080, jgi|Amamu1|24043|estExt_Genemark1.C_210077, jgi|Amamu1|26609|estExt_Genemark1.C_800029, jgi|Amamu1|77005|e_gw1.21.87.1, jgi|Amamu1|168328|fgenesh1_kg.80_#_64_#_Locus16010v1rpkm3.68, jgi|Amamu1|168332|fgenesh1_kg.80_#_68_#_Locus11861v1rpkm8.87, jgi|Amamu1|162148|fgenesh1_kg.21_#_171_#_Locus11861v1rpkm8.87, jgi|Amamu1|168325|fgenesh1_kg.80_#_61_#_Locus27196v2rpkm0.38, jgi|Amamu1|162144|fgenesh1_kg.21_#_167_#_Locus1156v2rpkm161.66, jgi|Amamu1|166342|fgenesh1_kg.57_#_19_#_Locus4111v1rpkm55.42, jgi|Amamu1|82564|e_gw1.64.131.1	jgi|Exoaq1|2387|A1O9_09913T0
OG0000086	jgi|Amamu1|171132|fgenesh1_kg.129_#_27_#_Locus12197v2rpkm0.51_PRE	jgi|Aspni_DSM_1|165990|An14g02050m.01
OG0000086	jgi|Amamu1|171132|fgenesh1_kg.129_#_27_#_Locus12197v2rpkm0.51_PRE	jgi|Penexp1|5865|PEXP_011740T0
OG0000153	jgi|Amamu1|167278|fgenesh1_kg.67_#_17_#_Locus15520v1rpkm4.03	jgi|Grascr1|4402|GST1_009774-RA
OG0000160	jgi|Amamu1|167793|fgenesh1_kg.73_#_3_#_Locus8212v1rpkm20.68, jgi|Amamu1|159641|fgenesh1_kg.11_#_74_#_Locus8316v1rpkm20.26	jgi|EndpusZ1|1203|EPUS_00014T0
OG0000160	jgi|Amamu1|167793|fgenesh1_kg.73_#_3_#_Locus8212v1rpkm20.68, jgi|Amamu1|159641|fgenesh1_kg.11_#_74_#_Locus8316v1rpkm20.26	jgi|Fonmu1|8828|Z520_02903T0
OG0000160	jgi|Amamu1|167793|fgenesh1_kg.73_#_3_#_Locus8212v1rpkm20.68, jgi|Amamu1|159641|fgenesh1_kg.11_#_74_#_Locus8316v1rpkm20.26	jgi|Altal1|938129|e_gw1.13.798.1
OG0000217	jgi|Amamu1|157036|fgenesh1_kg.4_#_333_#_Locus2143v1rpkm102.17, jgi|Amamu1|10942|gm1.4952_g	jgi|Grascr1|9385|GST1_011897-RA
OG0000217	jgi|Amamu1|66832|e_gw1.2.468.1	jgi|Ascim1|209649|e_gw1.39.114.1
OG0000238	jgi|Amamu1|124134|estExt_Genewise1Plus.C_160054	jgi|Artol1|8606|AOL_s00140g14m.01
OG0000360	jgi|Amamu1|796067|CE594830_218	jgi|Dibbae1|7507|DIBA_010463-RA
OG0000360	jgi|Amamu1|796067|CE594830_218	coassemb376_005871-T1
OG0000417	jgi|Amamu1|10893|gm1.4903_g, jgi|Amamu1|162196|fgenesh1_kg.22_#_48_#_Locus1130v1rpkm179.96, jgi|Amamu1|162193|fgenesh1_kg.22_#_45_#_Locus5270v1rpkm41.27, jgi|Amamu1|186262|fgenesh1_pm.18_#_55	jgi|Podan3|207916|mRNA_6744, jgi|Podan3|203446|mRNA_2274
OG0000466	jgi|Amamu1|509788|CE308551_12231	jgi|Grascr1|11362|GST1_005242-RA
OG0000641	jgi|Amamu1|166864|fgenesh1_kg.63_#_8_#_Locus15401v1rpkm4.13	CAF9931073.1
OG0000684	jgi|Amamu1|65006|e_gw1.1.1549.1	jgi|Sclsc1|10766|SS1G_03795T0
OG0000880	jgi|Amamu1|195030|estExt_fgenesh1_pg.C_20171	FUN_003923_T1_FUN_003923
OG0000894	jgi|Amamu1|25601|estExt_Genemark1.C_500014, jgi|Amamu1|25079|estExt_Genemark1.C_380052	KAJ9662613.1, KAJ9658160.1, KAJ9654031.1
OG0000974	jgi|Amamu1|66805|e_gw1.2.368.1	jgi|Dibbae1|9218|DIBA_011494-RA
OG0000993	jgi|Amamu1|169479|fgenesh1_kg.97_#_39_#_Locus13903v5rpkm0.59, jgi|Amamu1|1068383|MIX49462_290_62, jgi|Amamu1|38787|gw1.100.45.1	coassemb378_001917-T1
OG0001047	jgi|Amamu1|853803|CE652566_603	jgi|Altal1|1091087|estExt_Genemark1.C_2_t20134
OG0001137	jgi|Amamu1|19516|gm1.13526_g	jgi|Umbpus1|101255|LPUS_07978T0
OG0001227	jgi|Amamu1|183488|fgenesh1_pm.2_#_297, jgi|Amamu1|262412|CE61175_29695	jgi|Artol1|4183|AOL_s00076g279m.01
OG0001329	jgi|Amamu1|374011|CE172774_1263	KAI4233996.1
OG0001379	jgi|Amamu1|992686|CE791449_4494	jgi|Acastr1|122549|AST1_007026-RA
OG0001428	jgi|Amamu1|186690|fgenesh1_pm.27_#_28	jgi|Grascr1|4396|GST1_010145-RA
OG0001489	jgi|Amamu1|19480|gm1.13490_g	coassemb376_006328-T1
OG0001489	jgi|Amamu1|19480|gm1.13490_g	coassemb378_010712-T1
OG0001499	jgi|Amamu1|6455|gm1.465_g	jgi|EndpusZ1|2781|EPUS_05882T0
OG0001598	jgi|Amamu1|160673|fgenesh1_kg.14_#_179_#_Locus8335v1rpkm20.18	FUN_007080_T1_FUN_007080
OG0001610	jgi|Amamu1|48092|gw1.1.823.1	jgi|EndpusZ1|9217|EPUS_05848T0
OG0001615	jgi|Amamu1|65455|e_gw1.1.1132.1, jgi|Amamu1|15386|gm1.9396_g	jgi|Acastr1|126438|AST1_001133-RA
OG0001669	jgi|Amamu1|7566|gm1.1576_g	jgi|Fusgr1|12287|FGSG_10624T0
OG0001862	jgi|Amamu1|158402|fgenesh1_kg.7_#_263_#_Locus577v1rpkm332.03	jgi|Erypu1|5241|transcript_POS81923, jgi|Erypu1|35|transcript_POS81655
OG0002537	jgi|Amamu1|74629|e_gw1.13.16.1	jgi|Aurpu_var_mel1|81946|gm1.2342_g
OG0003218	jgi|Amamu1|190332|estExt_fgenesh1_pm.C_40385	jgi|Umbpus1|101609|LPUS_08336T0
OG0005004	jgi|Amamu1|156153|fgenesh1_kg.3_#_85_#_Locus1210v2rpkm2.24_PRE	KAI4089229.1
OG0005405	jgi|Amamu1|183812|fgenesh1_pm.3_#_187	jgi|Grascr1|6813|GST1_002047-RA
OG0005825	jgi|Amamu1|11134|gm1.5144_g	KAI9705914.1
