Orthogroup	Artol1_GeneCatalog_proteins_20131209.aa	Other
OG0000000	jgi|Artol1|1393|AOL_s00007g141m.01	jgi|Exoaq1|3558|A1O9_11078T0
OG0000000	jgi|Artol1|1393|AOL_s00007g141m.01	CAF9931851.1
OG0000000	jgi|Artol1|2082|AOL_s00043g244m.01, jgi|Artol1|5564|AOL_s00079g338m.01, jgi|Artol1|9556|AOL_s00176g69m.01, jgi|Artol1|3809|AOL_s00075g147m.01, jgi|Artol1|2413|AOL_s00043g576m.01, jgi|Artol1|5009|AOL_s00078g395m.01, jgi|Artol1|7685|AOL_s00097g501m.01	jgi|Exoaq1|3410|A1O9_10929T0
OG0000004	jgi|Artol1|3393|AOL_s00054g726m.01	coassemb378_002494-T1
OG0000028	jgi|Artol1|9797|AOL_s00188g198m.01	CAF9908997.1
OG0000033	jgi|Artol1|4304|AOL_s00076g401m.01, jgi|Artol1|577|AOL_s00004g577m.01	jgi|Exoaq1|5505|A1O9_03029T0
OG0000037	jgi|Artol1|6790|AOL_s00083g260m.01	jgi|Aspni_DSM_1|162551|An09g00850m.01
OG0000052	jgi|Artol1|106|AOL_s00004g105m.01	jgi|Grascr1|1647|GST1_007228-RA
OG0000053	jgi|Artol1|8979|AOL_s00169g271m.01	jgi|EndpusZ1|3637|EPUS_09187T0, jgi|EndpusZ1|3629|EPUS_09122T0
OG0000057	jgi|Artol1|5494|AOL_s00079g268m.01	jgi|Exoaq1|5750|A1O9_03277T0
OG0000063	jgi|Artol1|9300|AOL_s00173g207m.01	jgi|Umbpus1|99717|LPUS_02360T0
OG0000063	jgi|Artol1|10500|AOL_s00210g348m.01	jgi|Phach1|2642|rna2641
OG0000087	jgi|Artol1|9933|AOL_s00188g334m.01	jgi|Grascr1|5981|GST1_011598-RA
OG0000089	jgi|Artol1|2969|AOL_s00054g302m.01	jgi|Penexp1|3664|PEXP_085460T0
OG0000104	jgi|Artol1|10341|AOL_s00210g188m.01	CAF9921432.1
OG0000143	jgi|Artol1|2365|AOL_s00043g528m.01	jgi|Altal1|1009520|fgenesh1_pg.12_#_198
OG0000143	jgi|Artol1|2365|AOL_s00043g528m.01	jgi|Fonmu1|7642|Z520_10614T0
OG0000143	jgi|Artol1|2365|AOL_s00043g528m.01	jgi|EndpusZ1|4269|EPUS_08749T0
OG0000143	jgi|Artol1|2365|AOL_s00043g528m.01	KAI4087588.1
OG0000143	jgi|Artol1|2365|AOL_s00043g528m.01	coassemb64_002370-T1
OG0000146	jgi|Artol1|10215|AOL_s00210g62m.01	jgi|Fonmu1|2522|Z520_07156T0
OG0000157	jgi|Artol1|10678|AOL_s00215g125m.01	KAI9715689.1
OG0000164	jgi|Artol1|5210|AOL_s00078g596m.01	jgi|Podan3|206414|mRNA_5242
OG0000216	jgi|Artol1|7804|AOL_s00097g620m.01	jgi|Cocpo1_1|6066|XM_003071019.1
OG0000225	jgi|Artol1|2273|AOL_s00043g436m.01	KAI4288535.1
OG0000238	jgi|Artol1|8606|AOL_s00140g14m.01	jgi|Amamu1|124134|estExt_Genewise1Plus.C_160054
OG0000238	jgi|Artol1|7140|AOL_s00091g31m.01	jgi|Ascim1|209899|e_gw1.41.108.1
OG0000238	jgi|Artol1|7140|AOL_s00091g31m.01	jgi|Morco1|483275|e_gw1.10.320.1
OG0000238	jgi|Artol1|7140|AOL_s00091g31m.01	jgi|Cocpo1_1|6079|XM_003071032.1
OG0000238	jgi|Artol1|7140|AOL_s00091g31m.01	jgi|Penexp1|6969|PEXP_039330T0
OG0000238	jgi|Artol1|7140|AOL_s00091g31m.01	jgi|Altal1|2778|CE2777_3532
OG0000238	jgi|Artol1|7140|AOL_s00091g31m.01	jgi|Altal1|2778|CE2777_3532
OG0000238	jgi|Artol1|7140|AOL_s00091g31m.01	jgi|Dibbae1|943|DIBA_007031-RA
OG0000238	jgi|Artol1|7140|AOL_s00091g31m.01	coassemb378_003469-T1
OG0000238	jgi|Artol1|7140|AOL_s00091g31m.01	CAF9929659.1
OG0000238	jgi|Artol1|7140|AOL_s00091g31m.01	jgi|PseVKM4520_1|8023|transcript_KFZ06014, jgi|PseVKM4520_1|10440|transcript_KFZ25346, jgi|PseVKM4520_1|11242|transcript_KFZ23178
OG0000238	jgi|Artol1|7140|AOL_s00091g31m.01	jgi|Sclsc1|1564|SS1G_08020T0
OG0000238	jgi|Artol1|7140|AOL_s00091g31m.01	jgi|Grascr1|10506|GST1_012919-RA
OG0000238	jgi|Artol1|7140|AOL_s00091g31m.01	KAI9707215.1
OG0000238	jgi|Artol1|7140|AOL_s00091g31m.01	jgi|Aspni_DSM_1|163372|An11g01160m.01
OG0000238	jgi|Artol1|7140|AOL_s00091g31m.01	jgi|Fusgr1|1306|FGSG_11903T0
OG0000272	jgi|Artol1|8088|AOL_s00110g47m.01	jgi|Penexp1|7672|PEXP_006520T0
OG0000282	jgi|Artol1|9460|AOL_s00173g367m.01	KAI9753821.1
OG0000282	jgi|Artol1|9460|AOL_s00173g367m.01	jgi|Fusgr1|4991|FGSG_12496T0
OG0000314	jgi|Artol1|4397|AOL_s00076g494m.01	coassemb378_006733-T1
OG0000315	jgi|Artol1|8227|AOL_s00110g186m.01	jgi|Penexp1|2729|PEXP_108930T0
OG0000315	jgi|Artol1|8227|AOL_s00110g186m.01	jgi|Cocpo1_1|4194|XM_003069147.1
OG0000399	jgi|Artol1|889|AOL_s00006g229m.01	jgi|Cocpo1_1|2934|XM_003067887.1
OG0000399	jgi|Artol1|889|AOL_s00006g229m.01	jgi|Exoaq1|3000|A1O9_10522T0
OG0000399	jgi|Artol1|889|AOL_s00006g229m.01	jgi|Fonmu1|756|Z520_00758T0
OG0000411	jgi|Artol1|3518|AOL_s00054g851m.01	KAI4091501.1
OG0000428	jgi|Artol1|177|AOL_s00004g176m.01	KAI9826689.1
OG0000466	jgi|Artol1|4486|AOL_s00076g583m.01	jgi|Grascr1|11362|GST1_005242-RA
OG0000525	jgi|Artol1|2146|AOL_s00043g309m.01	jgi|Penexp1|8547|PEXP_070070T0
OG0000525	jgi|Artol1|2146|AOL_s00043g309m.01	jgi|Altal1|986667|estExt_Genewise1Plus.C_8_t10153
OG0000525	jgi|Artol1|2146|AOL_s00043g309m.01	jgi|Sclsc1|9153|SS1G_02568T0
OG0000555	jgi|Artol1|10066|AOL_s00193g104m.01	coassemb76_003908-T1
OG0000591	jgi|Artol1|584|AOL_s00004g584m.01	jgi|Dibbae1|10169|DIBA_003123-RA, jgi|Dibbae1|1749|DIBA_006332-RA
OG0000609	jgi|Artol1|4636|AOL_s00078g22m.01	jgi|Sclsc1|3944|SS1G_10400T0
OG0000609	jgi|Artol1|4636|AOL_s00078g22m.01	jgi|EndpusZ1|7596|EPUS_02220T0
OG0000609	jgi|Artol1|4636|AOL_s00078g22m.01	KAI9729016.1
OG0000609	jgi|Artol1|4636|AOL_s00078g22m.01	KAI9660784.1
OG0000609	jgi|Artol1|4636|AOL_s00078g22m.01	jgi|Aurpu_var_mel1|36529|e_gw1.1.1595.1
OG0000609	jgi|Artol1|4636|AOL_s00078g22m.01	KAJ9660284.1
OG0000609	jgi|Artol1|4636|AOL_s00078g22m.01	coassemb64_003077-T1
OG0000609	jgi|Artol1|4636|AOL_s00078g22m.01	jgi|Exoaq1|11646|A1O9_07982T0, jgi|Exoaq1|5619|A1O9_03145T0
OG0000609	jgi|Artol1|4636|AOL_s00078g22m.01	jgi|Capcor1|100529|A1O1_07713T0, jgi|Capcor1|101284|A1O1_08474T0
OG0000609	jgi|Artol1|4636|AOL_s00078g22m.01	jgi|Fonmu1|4885|Z520_08696T0, jgi|Fonmu1|1487|Z520_06118T0
OG0000609	jgi|Artol1|4636|AOL_s00078g22m.01	jgi|Claba1|137484|Z519_04010T0, jgi|Claba1|135523|Z519_02385T0
OG0000609	jgi|Artol1|4636|AOL_s00078g22m.01	coassemb76_005865-T1, coassemb76_009951-T1
OG0000609	jgi|Artol1|4636|AOL_s00078g22m.01	GTX0466b15_009082-T1
OG0000609	jgi|Artol1|4636|AOL_s00078g22m.01	XP_008711624.1, XP_008719262.1
OG0000609	jgi|Artol1|4636|AOL_s00078g22m.01	jgi|Altal1|1020627|fgenesh1_kg.11_#_71_#_Locus4031v1rpkm33.30
OG0000609	jgi|Artol1|4636|AOL_s00078g22m.01	jgi|Podan3|207771|mRNA_6599
OG0000609	jgi|Artol1|4636|AOL_s00078g22m.01	jgi|Neucr_trp3_1|10534|Neucr2.NCU02190T0
OG0000609	jgi|Artol1|4636|AOL_s00078g22m.01	jgi|Fusgr1|10465|FGSG_09031T0
OG0000609	jgi|Artol1|4636|AOL_s00078g22m.01	coassemb376_005989-T1
OG0000609	jgi|Artol1|4636|AOL_s00078g22m.01	jgi|Dibbae1|5010|DIBA_007950-RA
OG0000615	jgi|Artol1|5714|AOL_s00079g488m.01	CAF9926602.1
OG0000654	jgi|Artol1|10348|AOL_s00210g195m.01	jgi|Exoaq1|12818|A1O9_09103T0
OG0000660	jgi|Artol1|1003|AOL_s00006g343m.01	coassemb376_004432-T1
OG0000660	jgi|Artol1|1003|AOL_s00006g343m.01	KAI9718316.1
OG0000660	jgi|Artol1|1003|AOL_s00006g343m.01	jgi|PseVKM4520_1|10204|transcript_KFZ24116
OG0000660	jgi|Artol1|1003|AOL_s00006g343m.01	GTX0466b15_000436-T1
OG0000660	jgi|Artol1|1003|AOL_s00006g343m.01	coassemb76_000461-T1
OG0000660	jgi|Artol1|1003|AOL_s00006g343m.01	jgi|Ascim1|165585|CE165584_9622
OG0000660	jgi|Artol1|1003|AOL_s00006g343m.01	jgi|Aspni_DSM_1|165354|An12g10580m.01, jgi|Aspni_DSM_1|166474|An14g06920m.01, jgi|Aspni_DSM_1|166236|An14g04530m.01
OG0000660	jgi|Artol1|1003|AOL_s00006g343m.01	jgi|Penexp1|5717|PEXP_010260T0, jgi|Penexp1|9666|PEXP_099730T0
OG0000660	jgi|Artol1|1003|AOL_s00006g343m.01	jgi|Fusgr1|11206|FGSG_09677T0
OG0000660	jgi|Artol1|1003|AOL_s00006g343m.01	jgi|Exoaq1|10674|A1O9_07043T0
OG0000660	jgi|Artol1|1003|AOL_s00006g343m.01	coassemb64_005119-T1
OG0000660	jgi|Artol1|1003|AOL_s00006g343m.01	jgi|Capcor1|93682|A1O1_00816T0
OG0000660	jgi|Artol1|1003|AOL_s00006g343m.01	jgi|Fonmu1|84|Z520_00085T0
OG0000660	jgi|Artol1|1003|AOL_s00006g343m.01	jgi|Altal1|928686|e_gw1.4.275.1, jgi|Altal1|1003405|estExt_Genewise1Plus.C_440073
OG0000703	jgi|Artol1|2944|AOL_s00054g277m.01	jgi|Altal1|1099843|estExt_Genemark1.C_310035
OG0000708	jgi|Artol1|6686|AOL_s00083g156m.01, jgi|Artol1|7537|AOL_s00097g353m.01	jgi|Exoaq1|1826|A1O9_01832T0
OG0000752	jgi|Artol1|107|AOL_s00004g106m.01	jgi|Dibbae1|3999|DIBA_006726-RA
OG0000767	jgi|Artol1|3232|AOL_s00054g565m.01	jgi|Dibbae1|6289|DIBA_009260-RA
OG0000767	jgi|Artol1|3232|AOL_s00054g565m.01	coassemb64_000890-T1
OG0000787	jgi|Artol1|10514|AOL_s00210g362m.01	jgi|EndpusZ1|7709|EPUS_05927T0
OG0000791	jgi|Artol1|8106|AOL_s00110g65m.01	GTX0466b15_004002-T1
OG0000791	jgi|Artol1|8106|AOL_s00110g65m.01	jgi|EndpusZ1|9090|EPUS_06921T0
OG0000880	jgi|Artol1|308|AOL_s00004g307m.01	FUN_003923_T1_FUN_003923
OG0000894	jgi|Artol1|9851|AOL_s00188g252m.01	KAJ9662613.1, KAJ9658160.1, KAJ9654031.1
OG0000898	jgi|Artol1|7246|AOL_s00097g62m.01	jgi|Dibbae1|9566|DIBA_011615-RA
OG0000898	jgi|Artol1|7246|AOL_s00097g62m.01	jgi|Podan3|207981|mRNA_6809
OG0000898	jgi|Artol1|7246|AOL_s00097g62m.01	jgi|Cocpo1_1|4463|XM_003069416.1
OG0000898	jgi|Artol1|7246|AOL_s00097g62m.01	jgi|Aspni_DSM_1|158184|An03g01710m.01
OG0000898	jgi|Artol1|7246|AOL_s00097g62m.01	jgi|Exoaq1|8622|A1O9_12877T0
OG0000898	jgi|Artol1|7246|AOL_s00097g62m.01	jgi|Claba1|133743|Z519_11143T0
OG0000898	jgi|Artol1|7246|AOL_s00097g62m.01	jgi|Altal1|851552|CE851551_15287
OG0000928	jgi|Artol1|3154|AOL_s00054g487m.01	CAF9924993.1
OG0000931	jgi|Artol1|3231|AOL_s00054g564m.01	jgi|Penexp1|7856|PEXP_008370T0
OG0000974	jgi|Artol1|7501|AOL_s00097g317m.01, jgi|Artol1|2634|AOL_s00043g797m.01	jgi|Dibbae1|9218|DIBA_011494-RA
OG0000997	jgi|Artol1|71|AOL_s00004g70m.01	jgi|Neucr_trp3_1|8256|Neucr2.NCU04267T0
OG0000997	jgi|Artol1|71|AOL_s00004g70m.01	jgi|Fusgr1|3017|FGSG_02638T0
OG0000997	jgi|Artol1|71|AOL_s00004g70m.01	jgi|Altal1|1054011|estExt_fgenesh1_pg.C_250039, jgi|Altal1|794043|CE794042_143
OG0000997	jgi|Artol1|71|AOL_s00004g70m.01	jgi|Grascr1|1923|GST1_006378-RA, jgi|Grascr1|1861|GST1_007158-RA
OG0000997	jgi|Artol1|71|AOL_s00004g70m.01	jgi|Clagr3|5128|CLAGR_004470-RA
OG0000997	jgi|Artol1|71|AOL_s00004g70m.01	jgi|Podan3|205590|mRNA_4418
OG0000997	jgi|Artol1|71|AOL_s00004g70m.01	coassemb378_001086-T1
OG0000997	jgi|Artol1|71|AOL_s00004g70m.01	jgi|Ascim1|416186|fgenesh1_RNNotator_kg.59_#_42_#_Locus2686v1rpkm60.49
OG0000997	jgi|Artol1|71|AOL_s00004g70m.01	KAI4098236.1
OG0001051	jgi|Artol1|3515|AOL_s00054g848m.01	jgi|Penexp1|5578|PEXP_109670T0
OG0001084	jgi|Artol1|7571|AOL_s00097g387m.01	jgi|Fusgr1|6893|FGSG_05944T0
OG0001085	jgi|Artol1|10554|AOL_s00215g1m.01	jgi|Fusgr1|7214|FGSG_06229T0
OG0001087	jgi|Artol1|4196|AOL_s00076g292m.01	coassemb376_002274-T1
OG0001087	jgi|Artol1|4196|AOL_s00076g292m.01	jgi|Umbpus1|106918|LPUS_00437T0
OG0001115	jgi|Artol1|9196|AOL_s00173g103m.01	jgi|Morco1|18387|CE18386_180
OG0001132	jgi|Artol1|8132|AOL_s00110g91m.01	jgi|Exoaq1|12202|A1O9_08519T0
OG0001133	jgi|Artol1|5242|AOL_s00079g16m.01	jgi|Exoaq1|7366|A1O9_03896T0
OG0001135	jgi|Artol1|3669|AOL_s00075g7m.01	KAI9654032.1
OG0001135	jgi|Artol1|3669|AOL_s00075g7m.01	KAI9710025.1
OG0001135	jgi|Artol1|3669|AOL_s00075g7m.01	jgi|Altal1|546152|CE546151_37237
OG0001135	jgi|Artol1|3669|AOL_s00075g7m.01	jgi|Aurpu_var_mel1|41809|e_gw1.3.955.1
OG0001135	jgi|Artol1|3669|AOL_s00075g7m.01	jgi|Cocpo1_1|3652|XM_003068605.1
OG0001135	jgi|Artol1|3669|AOL_s00075g7m.01	jgi|Penexp1|7847|PEXP_008280T0
OG0001135	jgi|Artol1|3669|AOL_s00075g7m.01	jgi|Aspni_DSM_1|167713|An16g04170m.01
OG0001135	jgi|Artol1|3669|AOL_s00075g7m.01	jgi|Phach1|6621|rna6620
OG0001135	jgi|Artol1|3669|AOL_s00075g7m.01	jgi|Grascr1|6113|GST1_010626-RA
OG0001135	jgi|Artol1|3669|AOL_s00075g7m.01	jgi|Dibbae1|6668|DIBA_010125-RA
OG0001135	jgi|Artol1|3669|AOL_s00075g7m.01	jgi|Umbpus1|100341|LPUS_06924T0
OG0001135	jgi|Artol1|3669|AOL_s00075g7m.01	jgi|Acastr1|125696|AST1_007371-RA
OG0001135	jgi|Artol1|3669|AOL_s00075g7m.01	KAI9704327.1
OG0001135	jgi|Artol1|3669|AOL_s00075g7m.01	GTX0486b100_008091-T1
OG0001135	jgi|Artol1|3669|AOL_s00075g7m.01	KAI9714079.1
OG0001135	jgi|Artol1|3669|AOL_s00075g7m.01	KAI9756955.1
OG0001135	jgi|Artol1|3669|AOL_s00075g7m.01	jgi|Clagr3|9013|CLAGR_008468-RA
OG0001135	jgi|Artol1|3669|AOL_s00075g7m.01	coassemb376_005282-T1
OG0001135	jgi|Artol1|3669|AOL_s00075g7m.01	KAI4287634.1
OG0001135	jgi|Artol1|3669|AOL_s00075g7m.01	KAI4109371.1
OG0001135	jgi|Artol1|3669|AOL_s00075g7m.01	coassemb378_005173-T1
OG0001135	jgi|Artol1|3669|AOL_s00075g7m.01	KAI9831582.1
OG0001135	jgi|Artol1|3669|AOL_s00075g7m.01	KAI9810448.1
OG0001135	jgi|Artol1|3669|AOL_s00075g7m.01	CAF9938538.1
OG0001135	jgi|Artol1|3669|AOL_s00075g7m.01	GTX0494b19_002742-T1
OG0001135	jgi|Artol1|3669|AOL_s00075g7m.01	coassemb76_009382-T1
OG0001135	jgi|Artol1|3669|AOL_s00075g7m.01	coassemb64_000640-T1
OG0001135	jgi|Artol1|3669|AOL_s00075g7m.01	jgi|Exoaq1|11691|A1O9_08027T0
OG0001149	jgi|Artol1|667|AOL_s00006g7m.01	coassemb64_007578-T1
OG0001165	jgi|Artol1|10246|AOL_s00210g93m.01	jgi|PseVKM4520_1|2149|transcript_KFZ17507
OG0001212	jgi|Artol1|170|AOL_s00004g169m.01	jgi|Phach1|4427|rna4426
OG0001212	jgi|Artol1|170|AOL_s00004g169m.01	coassemb376_004006-T1
OG0001212	jgi|Artol1|170|AOL_s00004g169m.01	KAI4206486.1
OG0001212	jgi|Artol1|170|AOL_s00004g169m.01	KAI4110112.1
OG0001212	jgi|Artol1|170|AOL_s00004g169m.01	GTX0466b15_007744-T1
OG0001212	jgi|Artol1|170|AOL_s00004g169m.01	coassemb76_002246-T1
OG0001227	jgi|Artol1|4183|AOL_s00076g279m.01	jgi|Dibbae1|1510|DIBA_005188-RA
OG0001227	jgi|Artol1|4183|AOL_s00076g279m.01	jgi|Penexp1|2995|PEXP_105790T0
OG0001227	jgi|Artol1|4183|AOL_s00076g279m.01	jgi|Aspni_DSM_1|156823|An02g02960m.01, jgi|Aspni_DSM_1|158193|An03g01800m.01
OG0001227	jgi|Artol1|4183|AOL_s00076g279m.01	jgi|Grascr1|6039|GST1_003330-RA
OG0001227	jgi|Artol1|4183|AOL_s00076g279m.01	coassemb378_003698-T1
OG0001227	jgi|Artol1|4183|AOL_s00076g279m.01	jgi|Altal1|1058226|gm1.2461_g
OG0001227	jgi|Artol1|4183|AOL_s00076g279m.01	jgi|Erypu1|1437|transcript_POS83473
OG0001227	jgi|Artol1|4183|AOL_s00076g279m.01	jgi|Sclsc1|7879|SS1G_13302T0
OG0001227	jgi|Artol1|4183|AOL_s00076g279m.01	jgi|Fusgr1|11251|FGSG_09719T0
OG0001227	jgi|Artol1|4183|AOL_s00076g279m.01	jgi|Neucr_trp3_1|5906|Neucr2.NCU06346T0
OG0001227	jgi|Artol1|4183|AOL_s00076g279m.01	jgi|Podan3|203563|mRNA_2391
OG0001227	jgi|Artol1|4183|AOL_s00076g279m.01	jgi|Capcor1|95155|A1O1_02294T0
OG0001227	jgi|Artol1|4183|AOL_s00076g279m.01	jgi|Claba1|129157|Z519_07458T0
OG0001227	jgi|Artol1|4183|AOL_s00076g279m.01	jgi|Fonmu1|7735|Z520_10707T0
OG0001227	jgi|Artol1|4183|AOL_s00076g279m.01	jgi|Exoaq1|8241|A1O9_04776T0
OG0001227	jgi|Artol1|4183|AOL_s00076g279m.01	coassemb64_001320-T1
OG0001227	jgi|Artol1|4183|AOL_s00076g279m.01	GTX0466b15_002016-T1
OG0001227	jgi|Artol1|4183|AOL_s00076g279m.01	coassemb76_005231-T1
OG0001227	jgi|Artol1|4183|AOL_s00076g279m.01	XP_008710748.1
OG0001227	jgi|Artol1|4183|AOL_s00076g279m.01	KAI4108706.1
OG0001227	jgi|Artol1|4183|AOL_s00076g279m.01	KAI4284538.1
OG0001227	jgi|Artol1|4183|AOL_s00076g279m.01	FUN_007963_T1_FUN_007963, FUN_006457_T1_FUN_006457
OG0001227	jgi|Artol1|4183|AOL_s00076g279m.01	GTX0494b19_005784-T1, GTX0494b19_001696-T1
OG0001227	jgi|Artol1|4183|AOL_s00076g279m.01	KAI4226660.1, KAI4237855.1
OG0001227	jgi|Artol1|4183|AOL_s00076g279m.01	KAI4102215.1, KAI4090116.1
OG0001227	jgi|Artol1|4183|AOL_s00076g279m.01	KAI4228435.1
OG0001227	jgi|Artol1|4183|AOL_s00076g279m.01	KAI9714675.1
OG0001227	jgi|Artol1|4183|AOL_s00076g279m.01	GTX0486b100_000692-T1
OG0001227	jgi|Artol1|4183|AOL_s00076g279m.01	KAI9670990.1
OG0001227	jgi|Artol1|4183|AOL_s00076g279m.01	KAI9812843.1
OG0001227	jgi|Artol1|4183|AOL_s00076g279m.01	jgi|PseVKM4520_1|9684|transcript_KFZ02969
OG0001227	jgi|Artol1|4183|AOL_s00076g279m.01	KAI9756091.1
OG0001227	jgi|Artol1|4183|AOL_s00076g279m.01	jgi|Acastr1|119592|AST1_001527-RA
OG0001227	jgi|Artol1|4183|AOL_s00076g279m.01	KAJ9653286.1
OG0001227	jgi|Artol1|4183|AOL_s00076g279m.01	jgi|Phach1|1611|rna1610
OG0001227	jgi|Artol1|4183|AOL_s00076g279m.01	jgi|Aurpu_var_mel1|80241|gm1.637_g
OG0001227	jgi|Artol1|4183|AOL_s00076g279m.01	KAI9718174.1
OG0001227	jgi|Artol1|4183|AOL_s00076g279m.01	jgi|Cocpo1_1|115|XM_003065066.1
OG0001227	jgi|Artol1|4183|AOL_s00076g279m.01	KAI9839273.1
OG0001227	jgi|Artol1|4183|AOL_s00076g279m.01	jgi|EndpusZ1|7669|EPUS_02293T0
OG0001227	jgi|Artol1|4183|AOL_s00076g279m.01	jgi|Umbpus1|107225|LPUS_02216T0
OG0001227	jgi|Artol1|4183|AOL_s00076g279m.01	CAF9927505.1
OG0001227	jgi|Artol1|4183|AOL_s00076g279m.01	coassemb376_000497-T1
OG0001227	jgi|Artol1|4183|AOL_s00076g279m.01	jgi|Amamu1|183488|fgenesh1_pm.2_#_297, jgi|Amamu1|262412|CE61175_29695
OG0001281	jgi|Artol1|5|AOL_s00004g4m.01	jgi|Ascim1|328268|gm1.8268_g
OG0001281	jgi|Artol1|5|AOL_s00004g4m.01	jgi|Neucr_trp3_1|2593|Neucr2.NCU08611T1
OG0001281	jgi|Artol1|5|AOL_s00004g4m.01	jgi|Podan3|202049|mRNA_877
OG0001281	jgi|Artol1|5|AOL_s00004g4m.01	jgi|Fusgr1|1157|FGSG_00982T0
OG0001281	jgi|Artol1|5|AOL_s00004g4m.01	jgi|Sclsc1|3419|SS1G_09875T0
OG0001281	jgi|Artol1|5|AOL_s00004g4m.01	KAI9835276.1
OG0001281	jgi|Artol1|5|AOL_s00004g4m.01	KAI4238607.1
OG0001281	jgi|Artol1|5|AOL_s00004g4m.01	FUN_004834_T1_FUN_004834
OG0001281	jgi|Artol1|5|AOL_s00004g4m.01	GTX0494b19_001048-T1
OG0001281	jgi|Artol1|5|AOL_s00004g4m.01	KAI4223780.1
OG0001281	jgi|Artol1|5|AOL_s00004g4m.01	KAI4110988.1
OG0001281	jgi|Artol1|5|AOL_s00004g4m.01	KAI4101190.1
OG0001281	jgi|Artol1|5|AOL_s00004g4m.01	KAI4281966.1
OG0001281	jgi|Artol1|5|AOL_s00004g4m.01	jgi|Grascr1|131|GST1_000131-RA
OG0001281	jgi|Artol1|5|AOL_s00004g4m.01	CAF9919008.1
OG0001281	jgi|Artol1|5|AOL_s00004g4m.01	jgi|Clagr3|10654|CLAGR_010524-RA
OG0001281	jgi|Artol1|5|AOL_s00004g4m.01	coassemb376_004033-T1
OG0001281	jgi|Artol1|5|AOL_s00004g4m.01	jgi|Umbpus1|107158|LPUS_05411T0
OG0001281	jgi|Artol1|5|AOL_s00004g4m.01	jgi|Dibbae1|7935|DIBA_000398-RA
OG0001281	jgi|Artol1|5|AOL_s00004g4m.01	jgi|Acastr1|121168|AST1_006043-RA
OG0001281	jgi|Artol1|5|AOL_s00004g4m.01	KAI9720585.1
OG0001281	jgi|Artol1|5|AOL_s00004g4m.01	GTX0486b100_001248-T1
OG0001281	jgi|Artol1|5|AOL_s00004g4m.01	KAI9701861.1
OG0001281	jgi|Artol1|5|AOL_s00004g4m.01	jgi|Altal1|992490|estExt_Genewise1Plus.C_14_t20186
OG0001281	jgi|Artol1|5|AOL_s00004g4m.01	jgi|Cocpo1_1|1032|XM_003065984.1
OG0001281	jgi|Artol1|5|AOL_s00004g4m.01	jgi|Aspni_DSM_1|163423|An11g01700m.01
OG0001281	jgi|Artol1|5|AOL_s00004g4m.01	jgi|EndpusZ1|8591|EPUS_07190T0
OG0001281	jgi|Artol1|5|AOL_s00004g4m.01	jgi|Phach1|3635|rna3634
OG0001281	jgi|Artol1|5|AOL_s00004g4m.01	GTX0466b15_008089-T1
OG0001281	jgi|Artol1|5|AOL_s00004g4m.01	coassemb76_008710-T1, coassemb76_002382-T1
OG0001281	jgi|Artol1|5|AOL_s00004g4m.01	KAI9754540.1
OG0001281	jgi|Artol1|5|AOL_s00004g4m.01	jgi|Capcor1|98309|A1O1_05473T0
OG0001281	jgi|Artol1|5|AOL_s00004g4m.01	KAJ9650036.1
OG0001281	jgi|Artol1|5|AOL_s00004g4m.01	jgi|Aurpu_var_mel1|71959|fgenesh1_pm.2_#_170
OG0001281	jgi|Artol1|5|AOL_s00004g4m.01	jgi|Claba1|140084|Z519_06618T0
OG0001281	jgi|Artol1|5|AOL_s00004g4m.01	jgi|Exoaq1|3215|A1O9_10733T0
OG0001281	jgi|Artol1|5|AOL_s00004g4m.01	jgi|PseVKM4520_1|6276|transcript_KFZ24736
OG0001281	jgi|Artol1|5|AOL_s00004g4m.01	jgi|Penexp1|3776|PEXP_071740T0
OG0001281	jgi|Artol1|5|AOL_s00004g4m.01	jgi|Fusgr1|13314|FGSG_11241T0, jgi|Fusgr1|10669|FGSG_09212T0
OG0001281	jgi|Artol1|5|AOL_s00004g4m.01	jgi|Fusgr1|13314|FGSG_11241T0, jgi|Fusgr1|10669|FGSG_09212T0
OG0001300	jgi|Artol1|5665|AOL_s00079g439m.01, jgi|Artol1|5666|AOL_s00079g440m.01	jgi|Umbpus1|101079|LPUS_07837T0
OG0001300	jgi|Artol1|5665|AOL_s00079g439m.01, jgi|Artol1|5666|AOL_s00079g440m.01	jgi|Acastr1|121671|AST1_003903-RA
OG0001300	jgi|Artol1|5665|AOL_s00079g439m.01, jgi|Artol1|5666|AOL_s00079g440m.01	jgi|Penexp1|1041|PEXP_096680T0
OG0001300	jgi|Artol1|5665|AOL_s00079g439m.01, jgi|Artol1|5666|AOL_s00079g440m.01	jgi|Aspni_DSM_1|163023|An09g05660m.01
OG0001300	jgi|Artol1|5665|AOL_s00079g439m.01	KAI9651475.1
OG0001300	jgi|Artol1|5665|AOL_s00079g439m.01	KAI9726823.1
OG0001300	jgi|Artol1|5665|AOL_s00079g439m.01	coassemb378_004986-T1
OG0001300	jgi|Artol1|5665|AOL_s00079g439m.01	jgi|Capcor1|97472|A1O1_04631T0
OG0001300	jgi|Artol1|5665|AOL_s00079g439m.01	jgi|Exoaq1|5753|A1O9_03280T0
OG0001300	jgi|Artol1|5665|AOL_s00079g439m.01	jgi|Grascr1|4679|GST1_007950-RA
OG0001300	jgi|Artol1|5665|AOL_s00079g439m.01	KAI4289556.1
OG0001300	jgi|Artol1|5665|AOL_s00079g439m.01	CAF9938206.1
OG0001300	jgi|Artol1|5665|AOL_s00079g439m.01	jgi|EndpusZ1|2343|EPUS_01995T0
OG0001300	jgi|Artol1|5665|AOL_s00079g439m.01	jgi|Fusgr1|8574|FGSG_07398T0
OG0001300	jgi|Artol1|5665|AOL_s00079g439m.01	KAI4099556.1
OG0001300	jgi|Artol1|5665|AOL_s00079g439m.01	jgi|Neucr_trp3_1|7055|Neucr2.NCU04648T1
OG0001300	jgi|Artol1|5665|AOL_s00079g439m.01	jgi|Podan3|204170|mRNA_2998
OG0001300	jgi|Artol1|5665|AOL_s00079g439m.01	jgi|Dibbae1|10056|DIBA_002976-RA
OG0001300	jgi|Artol1|5665|AOL_s00079g439m.01	jgi|Cocpo1_1|4061|XM_003069014.1
OG0001300	jgi|Artol1|5665|AOL_s00079g439m.01	jgi|Clagr3|3737|CLAGR_003439-RA
OG0001300	jgi|Artol1|5665|AOL_s00079g439m.01	jgi|Altal1|1040475|estExt_fgenesh1_pm.C_100111
OG0001300	jgi|Artol1|5665|AOL_s00079g439m.01	jgi|Aurpu_var_mel1|44082|e_gw1.5.1196.1
OG0001300	jgi|Artol1|5665|AOL_s00079g439m.01	jgi|Sclsc1|7619|SS1G_13042T0
OG0001300	jgi|Artol1|5665|AOL_s00079g439m.01	KAI9829254.1
OG0001300	jgi|Artol1|5665|AOL_s00079g439m.01	jgi|PseVKM4520_1|6676|transcript_KFZ09475
OG0001300	jgi|Artol1|5665|AOL_s00079g439m.01	KAI9750554.1
OG0001300	jgi|Artol1|5666|AOL_s00079g440m.01	jgi|Erypu1|3600|transcript_POS88095
OG0001300	jgi|Artol1|5666|AOL_s00079g440m.01	KAI9722044.1
OG0001300	jgi|Artol1|5666|AOL_s00079g440m.01	KAI9706556.1
OG0001300	jgi|Artol1|5666|AOL_s00079g440m.01	GTX0486b100_002312-T1
OG0001300	jgi|Artol1|5666|AOL_s00079g440m.01	KAI4088890.1
OG0001300	jgi|Artol1|5666|AOL_s00079g440m.01	KAI4220279.1
OG0001300	jgi|Artol1|5666|AOL_s00079g440m.01	FUN_007912_T1_FUN_007912
OG0001300	jgi|Artol1|5666|AOL_s00079g440m.01	GTX0494b19_003782-T1
OG0001300	jgi|Artol1|5666|AOL_s00079g440m.01	KAI4222858.1
OG0001300	jgi|Artol1|5666|AOL_s00079g440m.01	coassemb376_006780-T1
OG0001300	jgi|Artol1|5666|AOL_s00079g440m.01	XP_008721332.1
OG0001300	jgi|Artol1|5666|AOL_s00079g440m.01	GTX0466b15_008435-T1
OG0001300	jgi|Artol1|5666|AOL_s00079g440m.01	KAJ9661666.1
OG0001300	jgi|Artol1|5666|AOL_s00079g440m.01	jgi|Phach1|5877|rna5876
OG0001300	jgi|Artol1|5666|AOL_s00079g440m.01	jgi|Fonmu1|1240|Z520_05870T0
OG0001300	jgi|Artol1|5666|AOL_s00079g440m.01	jgi|Claba1|128508|Z519_00891T0
OG0001300	jgi|Artol1|5666|AOL_s00079g440m.01	jgi|PseVKM4520_1|4364|transcript_KFZ13586
OG0001300	jgi|Artol1|5666|AOL_s00079g440m.01	FUN_007913_T1_FUN_007913
OG0001300	jgi|Artol1|5666|AOL_s00079g440m.01	FUN_007913_T1_FUN_007913
OG0001300	jgi|Artol1|5666|AOL_s00079g440m.01	CAF9938208.1
OG0001300	jgi|Artol1|5666|AOL_s00079g440m.01	jgi|Grascr1|4680|GST1_007951-RA
OG0001379	jgi|Artol1|2378|AOL_s00043g541m.01	jgi|Acastr1|122549|AST1_007026-RA
OG0001428	jgi|Artol1|10941|AOL_s00215g388m.01	jgi|Grascr1|4396|GST1_010145-RA
OG0001499	jgi|Artol1|4665|AOL_s00078g51m.01	jgi|EndpusZ1|2781|EPUS_05882T0
OG0001581	jgi|Artol1|10015|AOL_s00193g53m.01	KAI9825660.1
OG0001594	jgi|Artol1|9279|AOL_s00173g186m.01	jgi|Sclsc1|8209|SS1G_13632T0
OG0001776	jgi|Artol1|8416|AOL_s00112g35m.01	coassemb378_005773-T1
OG0001829	jgi|Artol1|3630|AOL_s00054g963m.01	KAI4102299.1
OG0001923	jgi|Artol1|1997|AOL_s00043g159m.01	jgi|Grascr1|235|GST1_000509-RA
OG0001991	jgi|Artol1|3107|AOL_s00054g440m.01	KAI4091663.1
OG0002081	jgi|Artol1|7634|AOL_s00097g450m.01	coassemb64_004135-T1
OG0002155	jgi|Artol1|10636|AOL_s00215g83m.01	KAI4093074.1
OG0002211	jgi|Artol1|9948|AOL_s00188g349m.01	jgi|Aspni_DSM_1|155098|An01g00340m.01
OG0002382	jgi|Artol1|1741|AOL_s00007g489m.01	XP_008713042.1
OG0002468	jgi|Artol1|6758|AOL_s00083g228m.01	coassemb64_002119-T1
OG0002468	jgi|Artol1|6758|AOL_s00083g228m.01	GTX0494b19_002949-T1
OG0002537	jgi|Artol1|4187|AOL_s00076g283m.01	jgi|Aurpu_var_mel1|81946|gm1.2342_g
OG0002705	jgi|Artol1|2736|AOL_s00054g69m.01	KAJ9651166.1
OG0002705	jgi|Artol1|2736|AOL_s00054g69m.01	KAI4286705.1
OG0002870	jgi|Artol1|11392|AOL_s00215g839m.01	CAF9925069.1, CAF9904013.1
OG0002909	jgi|Artol1|7060|AOL_s00088g12m.01	GTX0494b19_005790-T1
OG0002965	jgi|Artol1|1861|AOL_s00043g23m.01	GTX0466b15_002243-T1
OG0003033	jgi|Artol1|11351|AOL_s00215g798m.01	CAF9937230.1
OG0003033	jgi|Artol1|11351|AOL_s00215g798m.01	coassemb376_000483-T1
OG0003155	jgi|Artol1|395|AOL_s00004g395m.01	jgi|Grascr1|80|GST1_000080-RA
OG0003327	jgi|Artol1|1654|AOL_s00007g402m.01	CAF9905266.1
OG0003327	jgi|Artol1|9555|AOL_s00176g68m.01	jgi|Morco1|537732|fgenesh1_kg.40_#_60_#_Locus3159v1rpkm49.35
OG0003437	jgi|Artol1|5301|AOL_s00079g75m.01	coassemb378_011328-T1
OG0003680	jgi|Artol1|2309|AOL_s00043g472m.01	jgi|Morco1|577490|gm1.8266_g
OG0003687	jgi|Artol1|10612|AOL_s00215g59m.01	jgi|PseVKM4520_1|11540|transcript_KFZ22899
OG0003689	jgi|Artol1|2803|AOL_s00054g136m.01	jgi|Clagr3|7431|CLAGR_007028-RA
OG0003964	jgi|Artol1|6340|AOL_s00081g171m.01	GTX0466b15_001705-T1
OG0003980	jgi|Artol1|4178|AOL_s00076g274m.01	coassemb76_006176-T1
OG0004024	jgi|Artol1|7601|AOL_s00097g417m.01, jgi|Artol1|7600|AOL_s00097g416m.01	FUN_008171_T1_FUN_008171
OG0004024	jgi|Artol1|7600|AOL_s00097g416m.01	jgi|Fonmu1|6334|Z520_10147T0
OG0004186	jgi|Artol1|6328|AOL_s00081g159m.01	KAI9839543.1
OG0004589	jgi|Artol1|4313|AOL_s00076g410m.01, jgi|Artol1|7105|AOL_s00088g57m.01	KAJ9650549.1
OG0004595	jgi|Artol1|9437|AOL_s00173g344m.01	jgi|Acastr1|127333|AST1_006860-RA
OG0004760	jgi|Artol1|5540|AOL_s00079g314m.01	KAJ9660923.1
OG0004760	jgi|Artol1|5540|AOL_s00079g314m.01	GTX0466b15_006023-T1
OG0004760	jgi|Artol1|5540|AOL_s00079g314m.01	coassemb76_002924-T1
OG0004760	jgi|Artol1|5540|AOL_s00079g314m.01	XP_008716734.1
OG0004760	jgi|Artol1|5540|AOL_s00079g314m.01	jgi|Fonmu1|467|Z520_00468T0
OG0004760	jgi|Artol1|5540|AOL_s00079g314m.01	jgi|Claba1|133121|Z519_01599T0
OG0004760	jgi|Artol1|5540|AOL_s00079g314m.01	jgi|Capcor1|95761|A1O1_02903T0
OG0004760	jgi|Artol1|5540|AOL_s00079g314m.01	jgi|Exoaq1|11792|A1O9_08108T0
OG0004760	jgi|Artol1|5540|AOL_s00079g314m.01	coassemb64_007859-T1
OG0004760	jgi|Artol1|5540|AOL_s00079g314m.01	jgi|Phach1|663|rna662
OG0004760	jgi|Artol1|5540|AOL_s00079g314m.01	jgi|EndpusZ1|3363|EPUS_08286T0
OG0004760	jgi|Artol1|5540|AOL_s00079g314m.01	jgi|Aspni_DSM_1|166458|An14g06760m.01
OG0004760	jgi|Artol1|5540|AOL_s00079g314m.01	jgi|Penexp1|7403|PEXP_038320T0
OG0004760	jgi|Artol1|5540|AOL_s00079g314m.01	KAI9708680.1
OG0004760	jgi|Artol1|5540|AOL_s00079g314m.01	KAI4089765.1
OG0004760	jgi|Artol1|5540|AOL_s00079g314m.01	KAI4224918.1
OG0004760	jgi|Artol1|5540|AOL_s00079g314m.01	KAI4239076.1
OG0004760	jgi|Artol1|5540|AOL_s00079g314m.01	GTX0494b19_005902-T1
OG0004760	jgi|Artol1|5540|AOL_s00079g314m.01	FUN_010421_T1_FUN_010421
OG0004760	jgi|Artol1|5540|AOL_s00079g314m.01	jgi|Clagr3|7869|CLAGR_007488-RA
OG0004760	jgi|Artol1|5540|AOL_s00079g314m.01	CAF9915970.1
OG0004760	jgi|Artol1|5540|AOL_s00079g314m.01	jgi|Dibbae1|2566|DIBA_001557-RA
OG0004760	jgi|Artol1|5540|AOL_s00079g314m.01	coassemb378_008277-T1
OG0004760	jgi|Artol1|5540|AOL_s00079g314m.01	coassemb376_003995-T1
OG0004760	jgi|Artol1|5540|AOL_s00079g314m.01	KAI4087534.1
OG0004760	jgi|Artol1|5540|AOL_s00079g314m.01	jgi|Umbpus1|99385|LPUS_05966T0
OG0004760	jgi|Artol1|5540|AOL_s00079g314m.01	jgi|Grascr1|12534|GST1_006051-RA
OG0004760	jgi|Artol1|5540|AOL_s00079g314m.01	jgi|Podan3|201755|mRNA_583
OG0004760	jgi|Artol1|5540|AOL_s00079g314m.01	jgi|Capcor1|95013|A1O1_02152T0
OG0004760	jgi|Artol1|5540|AOL_s00079g314m.01	jgi|Capcor1|95013|A1O1_02152T0
OG0004795	jgi|Artol1|4786|AOL_s00078g172m.01	jgi|Claba1|139160|Z519_05692T0
OG0004811	jgi|Artol1|1870|AOL_s00043g32m.01	jgi|Grascr1|8519|GST1_003040-RA
OG0004966	jgi|Artol1|4832|AOL_s00078g218m.01	coassemb378_011168-T1
OG0005004	jgi|Artol1|5516|AOL_s00079g290m.01	KAI4089229.1
OG0005249	jgi|Artol1|8438|AOL_s00112g57m.01	GTX0486b100_008287-T1
OG0005405	jgi|Artol1|10929|AOL_s00215g376m.01	jgi|Grascr1|6813|GST1_002047-RA
OG0005488	jgi|Artol1|7749|AOL_s00097g565m.01	jgi|Morco1|578739|gm1.9515_g, jgi|Morco1|524214|estExt_Genewise1Plus.C_310004
OG0005563	jgi|Artol1|1143|AOL_s00006g483m.01	GTX0486b100_003228-T1
OG0005563	jgi|Artol1|1143|AOL_s00006g483m.01	KAI9702447.1
OG0005563	jgi|Artol1|1143|AOL_s00006g483m.01	KAI9837714.1
OG0005563	jgi|Artol1|1143|AOL_s00006g483m.01	CAF9911176.1
OG0005563	jgi|Artol1|1143|AOL_s00006g483m.01	coassemb376_001339-T1
OG0005563	jgi|Artol1|1143|AOL_s00006g483m.01	KAI4108713.1
OG0005563	jgi|Artol1|1143|AOL_s00006g483m.01	FUN_006465_T1_FUN_006465
OG0005563	jgi|Artol1|1143|AOL_s00006g483m.01	KAI4237847.1
OG0005563	jgi|Artol1|1143|AOL_s00006g483m.01	GTX0494b19_001703-T1
OG0005563	jgi|Artol1|1143|AOL_s00006g483m.01	KAI4090108.1
OG0005563	jgi|Artol1|1143|AOL_s00006g483m.01	KAI4288230.1
OG0005563	jgi|Artol1|1143|AOL_s00006g483m.01	jgi|PseVKM4520_1|3869|transcript_KFZ14400
OG0005563	jgi|Artol1|1143|AOL_s00006g483m.01	jgi|Grascr1|11066|GST1_004053-RA
OG0005563	jgi|Artol1|1143|AOL_s00006g483m.01	coassemb378_005003-T1
OG0005563	jgi|Artol1|1143|AOL_s00006g483m.01	KAI9706645.1
OG0005563	jgi|Artol1|1143|AOL_s00006g483m.01	KAI9706645.1
OG0005563	jgi|Artol1|1143|AOL_s00006g483m.01	jgi|Aurpu_var_mel1|77219|fgenesh1_pm.19_#_28
OG0005563	jgi|Artol1|1143|AOL_s00006g483m.01	jgi|Aurpu_var_mel1|77219|fgenesh1_pm.19_#_28
OG0005622	jgi|Artol1|1400|AOL_s00007g148m.01	KAI4101797.1
OG0005622	jgi|Artol1|1400|AOL_s00007g148m.01	jgi|Clagr3|8862|CLAGR_008842-RA, jgi|Clagr3|9792|CLAGR_010128-RA, jgi|Clagr3|6488|CLAGR_006593-RA
OG0005653	jgi|Artol1|3022|AOL_s00054g355m.01	jgi|Dibbae1|4153|DIBA_006608-RA
OG0005657	jgi|Artol1|3626|AOL_s00054g959m.01	jgi|Dibbae1|10027|DIBA_002947-RA
OG0005657	jgi|Artol1|3626|AOL_s00054g959m.01	jgi|Clagr3|11138|CLAGR_010750-RA
OG0005912	jgi|Artol1|7543|AOL_s00097g359m.01	KAI4101141.1
OG0005957	jgi|Artol1|7872|AOL_s00109g40m.01	jgi|Umbpus1|106670|LPUS_04866T0
OG0005957	jgi|Artol1|7872|AOL_s00109g40m.01	jgi|Dibbae1|503|DIBA_006975-RA
OG0005957	jgi|Artol1|7872|AOL_s00109g40m.01	jgi|Acastr1|121117|AST1_003220-RA
OG0005957	jgi|Artol1|7872|AOL_s00109g40m.01	jgi|PseVKM4520_1|11359|transcript_KFZ23040
OG0005957	jgi|Artol1|7872|AOL_s00109g40m.01	jgi|Altal1|1027457|fgenesh1_pm.1_#_625
OG0006012	jgi|Artol1|10806|AOL_s00215g253m.01	jgi|Acastr1|122148|AST1_007380-RA
OG0006180	jgi|Artol1|335|AOL_s00004g334m.01	jgi|Altal1|950824|e_gw1.42.62.1
OG0006180	jgi|Artol1|335|AOL_s00004g334m.01	jgi|Sclsc1|6078|SS1G_01579T0
OG0006180	jgi|Artol1|335|AOL_s00004g334m.01	jgi|Acastr1|119423|AST1_002709-RA
OG0006180	jgi|Artol1|335|AOL_s00004g334m.01	CAF9906766.1
OG0006180	jgi|Artol1|335|AOL_s00004g334m.01	jgi|EndpusZ1|8991|EPUS_05251T0
OG0006180	jgi|Artol1|335|AOL_s00004g334m.01	CAF9942121.1
OG0006180	jgi|Artol1|335|AOL_s00004g334m.01	CAF9942121.1
OG0006180	jgi|Artol1|335|AOL_s00004g334m.01	jgi|Podan3|207541|mRNA_6369
OG0006180	jgi|Artol1|335|AOL_s00004g334m.01	jgi|Grascr1|7955|GST1_003757-RA
OG0006180	jgi|Artol1|335|AOL_s00004g334m.01	GTX0466b15_006049-T1
OG0006180	jgi|Artol1|335|AOL_s00004g334m.01	jgi|Fonmu1|10398|Z520_12265T0
OG0006180	jgi|Artol1|335|AOL_s00004g334m.01	jgi|Aspni_DSM_1|156315|An01g12950m.01
OG0006180	jgi|Artol1|335|AOL_s00004g334m.01	KAI9837502.1
OG0006180	jgi|Artol1|335|AOL_s00004g334m.01	jgi|Penexp1|4888|PEXP_042890T0
OG0006180	jgi|Artol1|335|AOL_s00004g334m.01	jgi|Cocpo1_1|4709|XM_003069662.1, jgi|Cocpo1_1|6935|XM_003071888.1
OG0006180	jgi|Artol1|335|AOL_s00004g334m.01	jgi|Acastr1|124484|AST1_001611-RA
OG0006180	jgi|Artol1|335|AOL_s00004g334m.01	KAI9658845.1
OG0006180	jgi|Artol1|335|AOL_s00004g334m.01	jgi|Acastr1|124484|AST1_001611-RA
OG0006180	jgi|Artol1|335|AOL_s00004g334m.01	KAI9658845.1
OG0006265	jgi|Artol1|2364|AOL_s00043g527m.01	coassemb378_002492-T1, coassemb378_009016-T1
OG0006265	jgi|Artol1|2364|AOL_s00043g527m.01	jgi|Altal1|141742|CE141741_5064
OG0006265	jgi|Artol1|2364|AOL_s00043g527m.01	jgi|Fonmu1|7641|Z520_10613T0
OG0006265	jgi|Artol1|2364|AOL_s00043g527m.01	jgi|Claba1|135278|Z519_02140T0
OG0006273	jgi|Artol1|5496|AOL_s00079g270m.01, jgi|Artol1|9527|AOL_s00176g40m.01, jgi|Artol1|8323|AOL_s00110g282m.01, jgi|Artol1|8322|AOL_s00110g281m.01	jgi|Dibbae1|8414|DIBA_011086-RA
OG0006638	jgi|Artol1|6195|AOL_s00081g25m.01	jgi|Dibbae1|8770|DIBA_002263-RA
OG0006638	jgi|Artol1|6195|AOL_s00081g25m.01	jgi|Dibbae1|8770|DIBA_002263-RA
OG0006638	jgi|Artol1|6195|AOL_s00081g25m.01	jgi|Sclsc1|872|SS1G_00872T0
OG0006638	jgi|Artol1|6195|AOL_s00081g25m.01	jgi|Aurpu_var_mel1|58582|e_gw1.29.242.1
OG0006638	jgi|Artol1|6195|AOL_s00081g25m.01	jgi|Umbpus1|101130|LPUS_07892T0
OG0006638	jgi|Artol1|6195|AOL_s00081g25m.01	jgi|PseVKM4520_1|5806|transcript_KFZ10838
OG0006638	jgi|Artol1|6195|AOL_s00081g25m.01	jgi|EndpusZ1|1128|EPUS_08311T0
OG0006638	jgi|Artol1|6195|AOL_s00081g25m.01	KAI9747316.1
OG0006638	jgi|Artol1|6195|AOL_s00081g25m.01	jgi|Clagr3|6591|CLAGR_006304-RA
OG0006638	jgi|Artol1|6195|AOL_s00081g25m.01	jgi|Fonmu1|9986|Z520_03383T0
OG0006638	jgi|Artol1|6195|AOL_s00081g25m.01	jgi|Clagr3|6591|CLAGR_006304-RA
OG0006638	jgi|Artol1|6195|AOL_s00081g25m.01	jgi|Aspni_DSM_1|158490|An03g04980m.01
OG0006638	jgi|Artol1|6195|AOL_s00081g25m.01	jgi|Acastr1|120450|AST1_008376-RA
OG0006638	jgi|Artol1|6195|AOL_s00081g25m.01	KAI9708425.1
OG0006638	jgi|Artol1|6195|AOL_s00081g25m.01	KAI9705113.1
OG0006638	jgi|Artol1|6195|AOL_s00081g25m.01	GTX0486b100_000971-T1
OG0006638	jgi|Artol1|6195|AOL_s00081g25m.01	coassemb376_000599-T1
OG0006638	jgi|Artol1|6195|AOL_s00081g25m.01	CAF9925621.1
OG0006638	jgi|Artol1|6195|AOL_s00081g25m.01	jgi|Neucr_trp3_1|7783|Neucr2.NCU01351T0
OG0006638	jgi|Artol1|6195|AOL_s00081g25m.01	jgi|Morco1|598830|MIX17928_19_49
OG0006638	jgi|Artol1|6195|AOL_s00081g25m.01	KAI4290062.1
OG0006638	jgi|Artol1|6195|AOL_s00081g25m.01	FUN_001538_T1_FUN_001538
OG0006638	jgi|Artol1|6195|AOL_s00081g25m.01	GTX0494b19_002923-T1
OG0006638	jgi|Artol1|6195|AOL_s00081g25m.01	KAI4110345.1
OG0006638	jgi|Artol1|6195|AOL_s00081g25m.01	KAI4220637.1
OG0006758	jgi|Artol1|5650|AOL_s00079g424m.01	jgi|Claba1|129876|Z519_08183T0
OG0006758	jgi|Artol1|5650|AOL_s00079g424m.01	jgi|Fonmu1|5107|Z520_08918T0
OG0006758	jgi|Artol1|5650|AOL_s00079g424m.01	jgi|Capcor1|99382|A1O1_06554T0
OG0006758	jgi|Artol1|5650|AOL_s00079g424m.01	coassemb64_002200-T1
OG0006758	jgi|Artol1|5650|AOL_s00079g424m.01	coassemb76_001003-T1
OG0006758	jgi|Artol1|5650|AOL_s00079g424m.01	GTX0466b15_005028-T1
OG0006758	jgi|Artol1|5650|AOL_s00079g424m.01	XP_008712048.1
OG0006758	jgi|Artol1|5650|AOL_s00079g424m.01	KAJ9655287.1
OG0006950	jgi|Artol1|9070|AOL_s00170g90m.01	jgi|Claba1|130050|Z519_08357T0, jgi|Claba1|136877|Z519_03411T0
OG0007057	jgi|Artol1|2655|AOL_s00043g818m.01	jgi|Neucr_trp3_1|1310622|fgenesh1_pm.88_#_4
OG0007121	jgi|Artol1|9818|AOL_s00188g219m.01	coassemb376_006444-T1
OG0007121	jgi|Artol1|9818|AOL_s00188g219m.01	jgi|Exoaq1|49|A1O9_00049T0
OG0007133	jgi|Artol1|11469|AOL_s00215g916m.01	coassemb64_006249-T1
OG0007804	jgi|Artol1|521|AOL_s00004g521m.01	jgi|PseVKM4520_1|5356|transcript_KFZ11650
OG0007804	jgi|Artol1|3714|AOL_s00075g52m.01, jgi|Artol1|409|AOL_s00004g409m.01, jgi|Artol1|3715|AOL_s00075g53m.01	jgi|Fusgr1|12331|FGSG_10664T0
OG0007804	jgi|Artol1|3714|AOL_s00075g52m.01, jgi|Artol1|409|AOL_s00004g409m.01, jgi|Artol1|3715|AOL_s00075g53m.01	jgi|Morco1|501078|estExt_Genewise1.C_60457
OG0007804	jgi|Artol1|3714|AOL_s00075g52m.01, jgi|Artol1|409|AOL_s00004g409m.01, jgi|Artol1|3715|AOL_s00075g53m.01	jgi|Podan3|201716|mRNA_544
