Orthogroup	Aspni_DSM_1_GeneCatalog_proteins_20130526.aa	Other
OG0000000	jgi|Aspni_DSM_1|161740|An08g04770m.01, jgi|Aspni_DSM_1|168635|An18g01910m.01, jgi|Aspni_DSM_1|164879|An12g05650m.01	jgi|Exoaq1|3410|A1O9_10929T0
OG0000001	jgi|Aspni_DSM_1|160466|An07g02370m.01, jgi|Aspni_DSM_1|167253|An15g07470m.01	jgi|Podan3|208805|mRNA_7633
OG0000002	jgi|Aspni_DSM_1|164052|An11g08370m.01	jgi|EndpusZ1|4163|EPUS_04808T0
OG0000003	jgi|Aspni_DSM_1|164637|An12g03110m.01	jgi|Dibbae1|10627|DIBA_003191-RA
OG0000003	jgi|Aspni_DSM_1|164637|An12g03110m.01	KAI4232974.1
OG0000005	jgi|Aspni_DSM_1|167128|An15g06160m.01	jgi|Claba1|138818|Z519_05350T0
OG0000011	jgi|Aspni_DSM_1|165132|An12g08320m.01	GTX0466b15_009369-T1
OG0000011	jgi|Aspni_DSM_1|162000|An08g07400m.01	jgi|EndpusZ1|5497|EPUS_00653T0
OG0000012	jgi|Aspni_DSM_1|157467|An02g09500m.01, jgi|Aspni_DSM_1|162219|An08g09640m.01, jgi|Aspni_DSM_1|155178|An01g01220m.01, jgi|Aspni_DSM_1|168497|An18g00430m.01, jgi|Aspni_DSM_1|163261|An11g00080m.01, jgi|Aspni_DSM_1|158143|An03g01300m.01, jgi|Aspni_DSM_1|159955|An05g02420m.01, jgi|Aspni_DSM_1|156197|An01g11690m.01	jgi|Altal1|1066271|gm1.10506_g
OG0000014	jgi|Aspni_DSM_1|167467|An16g01690m.01	jgi|Penexp1|10961|PEXP_021950T0
OG0000014	jgi|Aspni_DSM_1|167467|An16g01690m.01	jgi|EndpusZ1|5016|EPUS_06527T0
OG0000014	jgi|Aspni_DSM_1|155101|An01g00380m.01, jgi|Aspni_DSM_1|164036|An11g08190m.01	KAI4208649.1
OG0000015	jgi|Aspni_DSM_1|159833|An05g01120m.01, jgi|Aspni_DSM_1|163216|An10g00660m.01, jgi|Aspni_DSM_1|162661|An09g02000m.01	jgi|Exoaq1|8700|A1O9_12955T0
OG0000015	jgi|Aspni_DSM_1|159833|An05g01120m.01, jgi|Aspni_DSM_1|163216|An10g00660m.01, jgi|Aspni_DSM_1|162661|An09g02000m.01	coassemb376_002605-T1, coassemb376_004837-T1, coassemb376_000920-T1, coassemb376_006515-T1
OG0000015	jgi|Aspni_DSM_1|159833|An05g01120m.01, jgi|Aspni_DSM_1|163216|An10g00660m.01, jgi|Aspni_DSM_1|162661|An09g02000m.01	CAF9938701.1, CAF9912418.1, CAF9903076.1, CAF9930614.1
OG0000015	jgi|Aspni_DSM_1|159833|An05g01120m.01, jgi|Aspni_DSM_1|163216|An10g00660m.01, jgi|Aspni_DSM_1|162661|An09g02000m.01	coassemb378_010925-T1, coassemb378_004074-T1, coassemb378_007953-T1
OG0000015	jgi|Aspni_DSM_1|159833|An05g01120m.01, jgi|Aspni_DSM_1|163216|An10g00660m.01, jgi|Aspni_DSM_1|162661|An09g02000m.01	jgi|Sclsc1|12461|SS1G_05490T0, jgi|Sclsc1|8948|SS1G_02363T0, jgi|Sclsc1|10407|SS1G_03436T0
OG0000015	jgi|Aspni_DSM_1|159833|An05g01120m.01, jgi|Aspni_DSM_1|163216|An10g00660m.01, jgi|Aspni_DSM_1|162661|An09g02000m.01	jgi|Umbpus1|101628|LPUS_08356T0
OG0000015	jgi|Aspni_DSM_1|159833|An05g01120m.01, jgi|Aspni_DSM_1|163216|An10g00660m.01, jgi|Aspni_DSM_1|162661|An09g02000m.01	jgi|Grascr1|13026|GST1_005555-RA
OG0000015	jgi|Aspni_DSM_1|159833|An05g01120m.01, jgi|Aspni_DSM_1|163216|An10g00660m.01, jgi|Aspni_DSM_1|162661|An09g02000m.01	jgi|Dibbae1|8150|DIBA_009760-RA
OG0000015	jgi|Aspni_DSM_1|159833|An05g01120m.01, jgi|Aspni_DSM_1|163216|An10g00660m.01, jgi|Aspni_DSM_1|162661|An09g02000m.01	jgi|Altal1|1057254|gm1.1489_g
OG0000015	jgi|Aspni_DSM_1|159833|An05g01120m.01, jgi|Aspni_DSM_1|163216|An10g00660m.01, jgi|Aspni_DSM_1|162661|An09g02000m.01	jgi|Fonmu1|9975|Z520_03372T0
OG0000015	jgi|Aspni_DSM_1|159833|An05g01120m.01, jgi|Aspni_DSM_1|163216|An10g00660m.01, jgi|Aspni_DSM_1|162661|An09g02000m.01	jgi|Claba1|129352|Z519_07655T0
OG0000015	jgi|Aspni_DSM_1|159833|An05g01120m.01, jgi|Aspni_DSM_1|163216|An10g00660m.01, jgi|Aspni_DSM_1|162661|An09g02000m.01	KAI9722165.1
OG0000015	jgi|Aspni_DSM_1|159833|An05g01120m.01, jgi|Aspni_DSM_1|163216|An10g00660m.01, jgi|Aspni_DSM_1|162661|An09g02000m.01	jgi|Acastr1|118920|AST1_002521-RA
OG0000015	jgi|Aspni_DSM_1|159833|An05g01120m.01, jgi|Aspni_DSM_1|163216|An10g00660m.01, jgi|Aspni_DSM_1|162661|An09g02000m.01	jgi|Cocpo1_1|2685|XM_003067638.1
OG0000015	jgi|Aspni_DSM_1|159833|An05g01120m.01, jgi|Aspni_DSM_1|163216|An10g00660m.01, jgi|Aspni_DSM_1|162661|An09g02000m.01	jgi|Cocpo1_1|2685|XM_003067638.1
OG0000015	jgi|Aspni_DSM_1|159833|An05g01120m.01, jgi|Aspni_DSM_1|163216|An10g00660m.01, jgi|Aspni_DSM_1|162661|An09g02000m.01	KAI9826792.1
OG0000015	jgi|Aspni_DSM_1|159833|An05g01120m.01, jgi|Aspni_DSM_1|163216|An10g00660m.01, jgi|Aspni_DSM_1|162661|An09g02000m.01	KAI9754740.1
OG0000015	jgi|Aspni_DSM_1|159833|An05g01120m.01, jgi|Aspni_DSM_1|163216|An10g00660m.01, jgi|Aspni_DSM_1|162661|An09g02000m.01	XP_008715600.1
OG0000015	jgi|Aspni_DSM_1|159833|An05g01120m.01, jgi|Aspni_DSM_1|163216|An10g00660m.01, jgi|Aspni_DSM_1|162661|An09g02000m.01	jgi|Capcor1|98783|A1O1_05950T0
OG0000015	jgi|Aspni_DSM_1|159833|An05g01120m.01, jgi|Aspni_DSM_1|163216|An10g00660m.01, jgi|Aspni_DSM_1|162661|An09g02000m.01	jgi|Penexp1|3668|PEXP_085500T0
OG0000015	jgi|Aspni_DSM_1|159833|An05g01120m.01, jgi|Aspni_DSM_1|163216|An10g00660m.01, jgi|Aspni_DSM_1|162661|An09g02000m.01	jgi|Penexp1|3668|PEXP_085500T0
OG0000015	jgi|Aspni_DSM_1|162661|An09g02000m.01	jgi|EndpusZ1|186|EPUS_06954T0
OG0000015	jgi|Aspni_DSM_1|162661|An09g02000m.01	coassemb64_004312-T1
OG0000015	jgi|Aspni_DSM_1|162661|An09g02000m.01	jgi|Fusgr1|51|FGSG_11655T0
OG0000015	jgi|Aspni_DSM_1|163638|An11g03940m.01, jgi|Aspni_DSM_1|166170|An14g03870m.01	jgi|Acastr1|123348|AST1_003334-RA
OG0000015	jgi|Aspni_DSM_1|163638|An11g03940m.01, jgi|Aspni_DSM_1|166170|An14g03870m.01	jgi|Dibbae1|2252|DIBA_001379-RA
OG0000015	jgi|Aspni_DSM_1|163638|An11g03940m.01, jgi|Aspni_DSM_1|166170|An14g03870m.01	jgi|Grascr1|9633|GST1_012449-RA
OG0000015	jgi|Aspni_DSM_1|163638|An11g03940m.01, jgi|Aspni_DSM_1|166170|An14g03870m.01	coassemb378_004383-T1
OG0000015	jgi|Aspni_DSM_1|163638|An11g03940m.01, jgi|Aspni_DSM_1|166170|An14g03870m.01	jgi|Clagr3|1786|CLAGR_001582-RA
OG0000015	jgi|Aspni_DSM_1|163638|An11g03940m.01, jgi|Aspni_DSM_1|166170|An14g03870m.01	jgi|Neucr_trp3_1|9799|Neucr2.NCU06895T0
OG0000015	jgi|Aspni_DSM_1|163638|An11g03940m.01, jgi|Aspni_DSM_1|166170|An14g03870m.01	jgi|Podan3|208099|mRNA_6927
OG0000015	jgi|Aspni_DSM_1|163638|An11g03940m.01, jgi|Aspni_DSM_1|166170|An14g03870m.01	jgi|Fusgr1|7030|FGSG_06068T0
OG0000015	jgi|Aspni_DSM_1|163638|An11g03940m.01, jgi|Aspni_DSM_1|166170|An14g03870m.01	jgi|Altal1|1010772|fgenesh1_pg.16_#_107
OG0000015	jgi|Aspni_DSM_1|163638|An11g03940m.01, jgi|Aspni_DSM_1|166170|An14g03870m.01	XP_008719617.1
OG0000015	jgi|Aspni_DSM_1|166513|An14g07320m.01	KAI4286930.1
OG0000015	jgi|Aspni_DSM_1|166513|An14g07320m.01	jgi|Penexp1|8498|PEXP_015910T0
OG0000015	jgi|Aspni_DSM_1|166513|An14g07320m.01	CAF9904835.1
OG0000015	jgi|Aspni_DSM_1|166513|An14g07320m.01	jgi|Dibbae1|5457|DIBA_010014-RA
OG0000015	jgi|Aspni_DSM_1|166513|An14g07320m.01	jgi|Penexp1|8498|PEXP_015910T0
OG0000015	jgi|Aspni_DSM_1|162179|An08g09230m.01	jgi|Monha1|7534|H072_7784m.01
OG0000017	jgi|Aspni_DSM_1|163827|An11g05930m.01, jgi|Aspni_DSM_1|168627|An18g01830m.01	XP_008715630.1
OG0000020	jgi|Aspni_DSM_1|162084|An08g08250m.01	KAI4219359.1
OG0000020	jgi|Aspni_DSM_1|162084|An08g08250m.01	KAI4221138.1
OG0000020	jgi|Aspni_DSM_1|162084|An08g08250m.01	FUN_003877_T1_FUN_003877
OG0000020	jgi|Aspni_DSM_1|162084|An08g08250m.01	GTX0494b19_006941-T1
OG0000020	jgi|Aspni_DSM_1|162084|An08g08250m.01	jgi|Dibbae1|1695|DIBA_005600-RA
OG0000020	jgi|Aspni_DSM_1|162084|An08g08250m.01	jgi|PseVKM4520_1|7833|transcript_KFZ07713
OG0000020	jgi|Aspni_DSM_1|162084|An08g08250m.01	jgi|Phach1|3373|rna3372
OG0000025	jgi|Aspni_DSM_1|160210|An06g02430m.01, jgi|Aspni_DSM_1|168621|An18g01770m.01	jgi|Exoaq1|11624|A1O9_07960T0
OG0000027	jgi|Aspni_DSM_1|164025|An11g08080m.01	jgi|Penexp1|2017|PEXP_024290T0
OG0000033	jgi|Aspni_DSM_1|163371|An11g01150m.01, jgi|Aspni_DSM_1|157034|An02g05090m.01	jgi|Exoaq1|1692|A1O9_01698T0
OG0000033	jgi|Aspni_DSM_1|165788|An13g04080m.01, jgi|Aspni_DSM_1|163451|An11g01980m.01, jgi|Aspni_DSM_1|167026|An15g05110m.01, jgi|Aspni_DSM_1|164090|An11g08810m.01, jgi|Aspni_DSM_1|161554|An08g02920m.01	jgi|Exoaq1|5505|A1O9_03029T0, jgi|Exoaq1|2387|A1O9_09913T0
OG0000034	jgi|Aspni_DSM_1|158345|An03g03520m.01	jgi|Exoaq1|10859|A1O9_07228T0
OG0000034	jgi|Aspni_DSM_1|159311|An04g06260m.01	KAI4231866.1
OG0000037	jgi|Aspni_DSM_1|161592|An08g03300m.01	jgi|Exoaq1|11045|A1O9_07414T0
OG0000037	jgi|Aspni_DSM_1|161592|An08g03300m.01	KAI9833623.1
OG0000037	jgi|Aspni_DSM_1|161592|An08g03300m.01	jgi|Sclsc1|6542|SS1G_02042T0
OG0000037	jgi|Aspni_DSM_1|161592|An08g03300m.01	jgi|PseVKM4520_1|8117|transcript_KFZ24588
OG0000037	jgi|Aspni_DSM_1|161592|An08g03300m.01	jgi|Clagr3|1724|CLAGR_001521-RA
OG0000037	jgi|Aspni_DSM_1|161592|An08g03300m.01	coassemb376_004787-T1
OG0000037	jgi|Aspni_DSM_1|161592|An08g03300m.01	KAI9671630.1
OG0000037	jgi|Aspni_DSM_1|161592|An08g03300m.01	jgi|PseVKM4520_1|10891|transcript_KFZ23487
OG0000037	jgi|Aspni_DSM_1|161592|An08g03300m.01	jgi|PseVKM4520_1|10891|transcript_KFZ23487
OG0000037	jgi|Aspni_DSM_1|162551|An09g00850m.01	jgi|Monha1|2110|H072_2114m.01
OG0000037	jgi|Aspni_DSM_1|162551|An09g00850m.01	jgi|Artol1|6790|AOL_s00083g260m.01
OG0000037	jgi|Aspni_DSM_1|162551|An09g00850m.01	coassemb378_008964-T1
OG0000037	jgi|Aspni_DSM_1|162551|An09g00850m.01	coassemb376_003261-T1
OG0000037	jgi|Aspni_DSM_1|162551|An09g00850m.01	jgi|PseVKM4520_1|8789|transcript_KFZ03973, jgi|PseVKM4520_1|3503|transcript_KFZ15068, jgi|PseVKM4520_1|5498|transcript_KFZ11325
OG0000037	jgi|Aspni_DSM_1|162551|An09g00850m.01	jgi|Exoaq1|4348|A1O9_01866T0
OG0000037	jgi|Aspni_DSM_1|162551|An09g00850m.01	coassemb64_006744-T1, coassemb64_000973-T1
OG0000037	jgi|Aspni_DSM_1|162551|An09g00850m.01	jgi|Clagr3|1725|CLAGR_001522-RA
OG0000037	jgi|Aspni_DSM_1|162551|An09g00850m.01	jgi|Sclsc1|8076|SS1G_13499T0
OG0000038	jgi|Aspni_DSM_1|168541|An18g00910m.01	KAI4104015.1
OG0000038	jgi|Aspni_DSM_1|168541|An18g00910m.01	FUN_009706_T1_FUN_009706
OG0000038	jgi|Aspni_DSM_1|168541|An18g00910m.01	KAI4225426.1, KAI4224941.1
OG0000038	jgi|Aspni_DSM_1|168541|An18g00910m.01	KAI4098048.1
OG0000038	jgi|Aspni_DSM_1|168541|An18g00910m.01	KAI4234759.1
OG0000038	jgi|Aspni_DSM_1|168541|An18g00910m.01	coassemb376_006210-T1
OG0000038	jgi|Aspni_DSM_1|168541|An18g00910m.01	jgi|Dibbae1|4143|DIBA_008764-RA
OG0000038	jgi|Aspni_DSM_1|168541|An18g00910m.01	jgi|Clagr3|6714|CLAGR_007857-RA
OG0000038	jgi|Aspni_DSM_1|168541|An18g00910m.01	jgi|Grascr1|1324|GST1_006641-RA
OG0000038	jgi|Aspni_DSM_1|168541|An18g00910m.01	jgi|Sclsc1|14067|SS1G_07096T0
OG0000038	jgi|Aspni_DSM_1|158265|An03g02580m.01	jgi|Dibbae1|4142|DIBA_008763-RA
OG0000038	jgi|Aspni_DSM_1|158552|An03g05620m.01, jgi|Aspni_DSM_1|163268|An11g00150m.01	jgi|Dibbae1|6222|DIBA_009290-RA
OG0000042	jgi|Aspni_DSM_1|160670|An07g04430m.01, jgi|Aspni_DSM_1|165921|An14g01350m.01	jgi|Aurpu_var_mel1|67995|fgenesh1_pg.18_#_182
OG0000042	jgi|Aspni_DSM_1|160670|An07g04430m.01, jgi|Aspni_DSM_1|165921|An14g01350m.01	jgi|Altal1|937936|e_gw1.13.91.1
OG0000052	jgi|Aspni_DSM_1|164107|An11g08980m.01	jgi|Grascr1|1647|GST1_007228-RA
OG0000056	jgi|Aspni_DSM_1|159920|An05g02070m.01	jgi|Sclsc1|366|SS1G_00366T0
OG0000056	jgi|Aspni_DSM_1|159920|An05g02070m.01	jgi|Sclsc1|366|SS1G_00366T0
OG0000056	jgi|Aspni_DSM_1|159920|An05g02070m.01	jgi|Capcor1|96387|A1O1_03534T0
OG0000056	jgi|Aspni_DSM_1|159920|An05g02070m.01	coassemb376_001664-T1
OG0000056	jgi|Aspni_DSM_1|159920|An05g02070m.01	coassemb378_000040-T1
OG0000056	jgi|Aspni_DSM_1|159920|An05g02070m.01	jgi|Exoaq1|2945|A1O9_10467T0
OG0000056	jgi|Aspni_DSM_1|159920|An05g02070m.01	FUN_008932_T1_FUN_008932
OG0000057	jgi|Aspni_DSM_1|162552|An09g00860m.01	jgi|Exoaq1|5750|A1O9_03277T0
OG0000057	jgi|Aspni_DSM_1|163958|An11g07350m.01, jgi|Aspni_DSM_1|163516|An11g02660m.01	CAF9904471.1
OG0000072	jgi|Aspni_DSM_1|167721|An16g04250m.01	jgi|Dibbae1|296|DIBA_005178-RA
OG0000072	jgi|Aspni_DSM_1|167721|An16g04250m.01	KAI9669661.1
OG0000072	jgi|Aspni_DSM_1|167721|An16g04250m.01	jgi|Grascr1|4172|GST1_008947-RA, jgi|Grascr1|1691|GST1_007798-RA, jgi|Grascr1|8286|GST1_003197-RA, jgi|Grascr1|4030|GST1_010082-RA
OG0000072	jgi|Aspni_DSM_1|167721|An16g04250m.01	KAI4222021.1
OG0000072	jgi|Aspni_DSM_1|167721|An16g04250m.01	GTX0494b19_008077-T1
OG0000072	jgi|Aspni_DSM_1|167721|An16g04250m.01	KAI4214623.1, KAI4234458.1
OG0000072	jgi|Aspni_DSM_1|167721|An16g04250m.01	KAI4111064.1
OG0000072	jgi|Aspni_DSM_1|167721|An16g04250m.01	KAI4086922.1
OG0000072	jgi|Aspni_DSM_1|167721|An16g04250m.01	jgi|Acastr1|125018|AST1_007164-RA
OG0000072	jgi|Aspni_DSM_1|167721|An16g04250m.01	coassemb376_004115-T1, coassemb376_001156-T1
OG0000072	jgi|Aspni_DSM_1|167721|An16g04250m.01	CAF9905512.1
OG0000072	jgi|Aspni_DSM_1|167721|An16g04250m.01	KAI4283542.1
OG0000080	jgi|Aspni_DSM_1|162631|An09g01680m.01, jgi|Aspni_DSM_1|162276|An08g10260m.01, jgi|Aspni_DSM_1|159828|An05g01070m.01	XP_008714722.1
OG0000086	jgi|Aspni_DSM_1|165990|An14g02050m.01	jgi|Aurpu_var_mel1|65530|fgenesh1_pg.8_#_204
OG0000086	jgi|Aspni_DSM_1|165990|An14g02050m.01	coassemb376_002026-T1
OG0000086	jgi|Aspni_DSM_1|165990|An14g02050m.01	jgi|Dibbae1|885|DIBA_000987-RA
OG0000086	jgi|Aspni_DSM_1|165990|An14g02050m.01	jgi|Penexp1|5865|PEXP_011740T0
OG0000086	jgi|Aspni_DSM_1|165990|An14g02050m.01	jgi|Amamu1|171132|fgenesh1_kg.129_#_27_#_Locus12197v2rpkm0.51_PRE
OG0000086	jgi|Aspni_DSM_1|165990|An14g02050m.01	jgi|Penexp1|5865|PEXP_011740T0
OG0000086	jgi|Aspni_DSM_1|165990|An14g02050m.01	jgi|Clagr3|5952|CLAGR_005872-RA
OG0000092	jgi|Aspni_DSM_1|162573|An09g01100m.01	jgi|Clagr3|5199|CLAGR_004539-RA
OG0000094	jgi|Aspni_DSM_1|158241|An03g02320m.01	jgi|Grascr1|979|GST1_007104-RA
OG0000094	jgi|Aspni_DSM_1|158241|An03g02320m.01	coassemb378_010250-T1
OG0000094	jgi|Aspni_DSM_1|158241|An03g02320m.01	KAI4110176.1
OG0000094	jgi|Aspni_DSM_1|158241|An03g02320m.01	KAI4289535.1
OG0000094	jgi|Aspni_DSM_1|158241|An03g02320m.01	KAI9825538.1
OG0000098	jgi|Aspni_DSM_1|158355|An03g03620m.01	jgi|Exoaq1|44|A1O9_00044T0
OG0000098	jgi|Aspni_DSM_1|158355|An03g03620m.01	jgi|Penexp1|3045|PEXP_104880T0
OG0000098	jgi|Aspni_DSM_1|158355|An03g03620m.01	jgi|Exoaq1|10862|A1O9_07231T0
OG0000101	jgi|Aspni_DSM_1|166456|An14g06740m.01	jgi|Aurpu_var_mel1|70638|fgenesh1_pg.57_#_3
OG0000101	jgi|Aspni_DSM_1|165047|An12g07490m.01	jgi|Fusgr1|4836|FGSG_03318T0
OG0000101	jgi|Aspni_DSM_1|165047|An12g07490m.01	jgi|Neucr_trp3_1|8767|Neucr2.NCU04791T0
OG0000101	jgi|Aspni_DSM_1|165047|An12g07490m.01	jgi|Podan3|207198|mRNA_6026
OG0000101	jgi|Aspni_DSM_1|165047|An12g07490m.01	jgi|Cocpo1_1|1763|XM_003066715.1
OG0000101	jgi|Aspni_DSM_1|165047|An12g07490m.01	KAI9659590.1
OG0000101	jgi|Aspni_DSM_1|165047|An12g07490m.01	jgi|Neucr_trp3_1|9511|Neucr2.NCU05094T0
OG0000101	jgi|Aspni_DSM_1|165047|An12g07490m.01	jgi|Podan3|203070|mRNA_1898
OG0000101	jgi|Aspni_DSM_1|165047|An12g07490m.01	jgi|PseVKM4520_1|7329|transcript_KFZ08476
OG0000101	jgi|Aspni_DSM_1|165047|An12g07490m.01	jgi|Sclsc1|8921|SS1G_02336T0
OG0000101	jgi|Aspni_DSM_1|165047|An12g07490m.01	KAI4100542.1, KAI4106048.1
OG0000101	jgi|Aspni_DSM_1|165047|An12g07490m.01	jgi|Clagr3|3901|CLAGR_003724-RA
OG0000101	jgi|Aspni_DSM_1|165047|An12g07490m.01	CAF9934087.1, CAF9919950.1
OG0000101	jgi|Aspni_DSM_1|165047|An12g07490m.01	jgi|Umbpus1|106511|LPUS_04673T0
OG0000101	jgi|Aspni_DSM_1|165047|An12g07490m.01	KAI9834081.1
OG0000101	jgi|Aspni_DSM_1|165047|An12g07490m.01	jgi|Aurpu_var_mel1|57047|e_gw1.25.137.1
OG0000101	jgi|Aspni_DSM_1|165047|An12g07490m.01	jgi|Altal1|1054482|estExt_fgenesh1_pg.C_280084, jgi|Altal1|1019940|fgenesh1_kg.9_#_204_#_Locus10025v1rpkm2.47
OG0000101	jgi|Aspni_DSM_1|165047|An12g07490m.01	coassemb376_004011-T1, coassemb376_001871-T1
OG0000101	jgi|Aspni_DSM_1|165047|An12g07490m.01	GTX0486b100_006107-T1
OG0000101	jgi|Aspni_DSM_1|165047|An12g07490m.01	KAI9702767.1
OG0000101	jgi|Aspni_DSM_1|165047|An12g07490m.01	KAI9714147.1
OG0000101	jgi|Aspni_DSM_1|165047|An12g07490m.01	KAI9659590.1
OG0000101	jgi|Aspni_DSM_1|165047|An12g07490m.01	jgi|Neucr_trp3_1|9511|Neucr2.NCU05094T0
OG0000101	jgi|Aspni_DSM_1|165047|An12g07490m.01	jgi|Podan3|203070|mRNA_1898
OG0000101	jgi|Aspni_DSM_1|165047|An12g07490m.01	KAI9752153.1
OG0000103	jgi|Aspni_DSM_1|168617|An18g01730m.01, jgi|Aspni_DSM_1|164436|An12g00980m.01	jgi|Podan3|204587|mRNA_3415
OG0000112	jgi|Aspni_DSM_1|157179|An02g06560m.01	jgi|Exoaq1|6159|A1O9_11960T0
OG0000117	jgi|Aspni_DSM_1|155502|An01g04560m.01	coassemb376_003880-T1
OG0000126	jgi|Aspni_DSM_1|163598|An11g03500m.01	jgi|Aurpu_var_mel1|49029|e_gw1.10.115.1
OG0000126	jgi|Aspni_DSM_1|163598|An11g03500m.01	jgi|PseVKM4520_1|5324|transcript_KFZ11734
OG0000126	jgi|Aspni_DSM_1|163598|An11g03500m.01	jgi|Neucr_trp3_1|7421|Neucr2.NCU11278T0
OG0000126	jgi|Aspni_DSM_1|163598|An11g03500m.01	jgi|Podan3|204199|mRNA_3027
OG0000126	jgi|Aspni_DSM_1|163598|An11g03500m.01	jgi|Sclsc1|686|SS1G_00686T0
OG0000131	jgi|Aspni_DSM_1|168801|An18g03570m.01	jgi|Aurpu_var_mel1|63718|fgenesh1_pg.4_#_55, jgi|Aurpu_var_mel1|56530|e_gw1.24.372.1
OG0000131	jgi|Aspni_DSM_1|168801|An18g03570m.01	KAI9653286.1
OG0000131	jgi|Aspni_DSM_1|168801|An18g03570m.01	jgi|Grascr1|8627|GST1_012291-RA
OG0000136	jgi|Aspni_DSM_1|158536|An03g05440m.01	KAI4223523.1
OG0000136	jgi|Aspni_DSM_1|158536|An03g05440m.01	KAI4222192.1
OG0000136	jgi|Aspni_DSM_1|158536|An03g05440m.01	KAI4090735.1
OG0000136	jgi|Aspni_DSM_1|158536|An03g05440m.01	GTX0494b19_006352-T1
OG0000136	jgi|Aspni_DSM_1|158536|An03g05440m.01	FUN_006319_T1_FUN_006319
OG0000136	jgi|Aspni_DSM_1|158536|An03g05440m.01	KAI4290032.1
OG0000136	jgi|Aspni_DSM_1|158536|An03g05440m.01	jgi|EndpusZ1|15|EPUS_05790T0
OG0000136	jgi|Aspni_DSM_1|158536|An03g05440m.01	jgi|PseVKM4520_1|3649|transcript_KFZ24891
OG0000136	jgi|Aspni_DSM_1|158536|An03g05440m.01	KAI9652379.1
OG0000146	jgi|Aspni_DSM_1|160178|An06g02120m.01	jgi|Fonmu1|2522|Z520_07156T0
OG0000146	jgi|Aspni_DSM_1|168056|An16g07720m.01, jgi|Aspni_DSM_1|159887|An05g01710m.01	jgi|Grascr1|714|GST1_007014-RA
OG0000146	jgi|Aspni_DSM_1|168056|An16g07720m.01, jgi|Aspni_DSM_1|159887|An05g01710m.01	coassemb378_003750-T1
OG0000153	jgi|Aspni_DSM_1|168209|An16g09260m.01	jgi|Grascr1|4402|GST1_009774-RA
OG0000154	jgi|Aspni_DSM_1|163389|An11g01330m.01	jgi|Dibbae1|7779|DIBA_003252-RA
OG0000165	jgi|Aspni_DSM_1|156405|An01g13880m.01	KAI9708569.1, KAI9708568.1
OG0000176	jgi|Aspni_DSM_1|159622|An04g09410m.01	KAJ9653578.1
OG0000176	jgi|Aspni_DSM_1|159622|An04g09410m.01	jgi|Exoaq1|11622|A1O9_07958T0
OG0000176	jgi|Aspni_DSM_1|159622|An04g09410m.01	XP_008713361.1
OG0000192	jgi|Aspni_DSM_1|159911|An05g01960m.01	jgi|Aurpu_var_mel1|56325|e_gw1.24.391.1
OG0000192	jgi|Aspni_DSM_1|159911|An05g01960m.01	jgi|Penexp1|1402|PEXP_026460T0
OG0000192	jgi|Aspni_DSM_1|159911|An05g01960m.01	GTX0466b15_008200-T1
OG0000192	jgi|Aspni_DSM_1|159911|An05g01960m.01	coassemb76_003293-T1
OG0000192	jgi|Aspni_DSM_1|159911|An05g01960m.01	jgi|Fusgr1|4838|FGSG_03316T0
OG0000192	jgi|Aspni_DSM_1|159911|An05g01960m.01	jgi|Podan3|207327|mRNA_6155
OG0000192	jgi|Aspni_DSM_1|159911|An05g01960m.01	jgi|Neucr_trp3_1|3716|Neucr2.NCU11416T0
OG0000192	jgi|Aspni_DSM_1|159911|An05g01960m.01	XP_008715063.1, XP_008721146.1, XP_008716705.1
OG0000192	jgi|Aspni_DSM_1|159911|An05g01960m.01	XP_008715063.1, XP_008721146.1, XP_008716705.1
OG0000196	jgi|Aspni_DSM_1|156806|An02g02790m.01	jgi|Cocpo1_1|3633|XM_003068586.1
OG0000200	jgi|Aspni_DSM_1|165769|An13g03890m.01	jgi|Fusgr1|3068|FGSG_02688T0, jgi|Fusgr1|4515|FGSG_12409T0
OG0000201	jgi|Aspni_DSM_1|167904|An16g06140m.01, jgi|Aspni_DSM_1|163419|An11g01660m.01	coassemb378_001789-T1
OG0000214	jgi|Aspni_DSM_1|157308|An02g07880m.01	jgi|Fusgr1|4397|FGSG_03711T0
OG0000225	jgi|Aspni_DSM_1|157941|An02g14210m.01	KAI4288535.1
OG0000238	jgi|Aspni_DSM_1|162159|An08g09030m.01, jgi|Aspni_DSM_1|163372|An11g01160m.01	jgi|Altal1|2778|CE2777_3532
OG0000238	jgi|Aspni_DSM_1|163372|An11g01160m.01	jgi|Artol1|7140|AOL_s00091g31m.01
OG0000238	jgi|Aspni_DSM_1|157223|An02g07020m.01	jgi|Aurpu_var_mel1|49698|e_gw1.11.49.1
OG0000238	jgi|Aspni_DSM_1|157223|An02g07020m.01	jgi|Altal1|1057710|gm1.1945_g
OG0000239	jgi|Aspni_DSM_1|165663|An13g02780m.01	jgi|Capcor1|94518|A1O1_01656T0
OG0000249	jgi|Aspni_DSM_1|162363|An08g11160m.01	jgi|Cocpo1_1|2495|XM_003067448.1, jgi|Cocpo1_1|6003|XM_003070956.1
OG0000253	jgi|Aspni_DSM_1|165557|An13g01690m.01	coassemb64_000923-T1
OG0000258	jgi|Aspni_DSM_1|160399|An07g01670m.01, jgi|Aspni_DSM_1|166512|An14g07310m.01, jgi|Aspni_DSM_1|168482|An18g00280m.01, jgi|Aspni_DSM_1|160266|An07g00280m.01, jgi|Aspni_DSM_1|155805|An01g07630m.01	KAI4238697.1
OG0000258	jgi|Aspni_DSM_1|160399|An07g01670m.01, jgi|Aspni_DSM_1|166512|An14g07310m.01, jgi|Aspni_DSM_1|168482|An18g00280m.01, jgi|Aspni_DSM_1|160266|An07g00280m.01, jgi|Aspni_DSM_1|155805|An01g07630m.01	KAI4229702.1
OG0000258	jgi|Aspni_DSM_1|160399|An07g01670m.01, jgi|Aspni_DSM_1|166512|An14g07310m.01, jgi|Aspni_DSM_1|168482|An18g00280m.01, jgi|Aspni_DSM_1|160266|An07g00280m.01, jgi|Aspni_DSM_1|155805|An01g07630m.01	KAI4103961.1
OG0000258	jgi|Aspni_DSM_1|160399|An07g01670m.01, jgi|Aspni_DSM_1|166512|An14g07310m.01, jgi|Aspni_DSM_1|168482|An18g00280m.01, jgi|Aspni_DSM_1|160266|An07g00280m.01, jgi|Aspni_DSM_1|155805|An01g07630m.01	GTX0494b19_004489-T1
OG0000258	jgi|Aspni_DSM_1|160399|An07g01670m.01, jgi|Aspni_DSM_1|166512|An14g07310m.01, jgi|Aspni_DSM_1|168482|An18g00280m.01, jgi|Aspni_DSM_1|160266|An07g00280m.01, jgi|Aspni_DSM_1|155805|An01g07630m.01	FUN_009404_T1_FUN_009404
OG0000258	jgi|Aspni_DSM_1|160399|An07g01670m.01, jgi|Aspni_DSM_1|166512|An14g07310m.01, jgi|Aspni_DSM_1|168482|An18g00280m.01, jgi|Aspni_DSM_1|160266|An07g00280m.01, jgi|Aspni_DSM_1|155805|An01g07630m.01	KAI4108017.1
OG0000258	jgi|Aspni_DSM_1|160399|An07g01670m.01, jgi|Aspni_DSM_1|166512|An14g07310m.01, jgi|Aspni_DSM_1|168482|An18g00280m.01, jgi|Aspni_DSM_1|160266|An07g00280m.01, jgi|Aspni_DSM_1|155805|An01g07630m.01	KAI4285562.1
OG0000258	jgi|Aspni_DSM_1|160399|An07g01670m.01, jgi|Aspni_DSM_1|166512|An14g07310m.01, jgi|Aspni_DSM_1|168482|An18g00280m.01, jgi|Aspni_DSM_1|160266|An07g00280m.01, jgi|Aspni_DSM_1|155805|An01g07630m.01	KAI9698917.1
OG0000258	jgi|Aspni_DSM_1|160399|An07g01670m.01, jgi|Aspni_DSM_1|166512|An14g07310m.01, jgi|Aspni_DSM_1|168482|An18g00280m.01, jgi|Aspni_DSM_1|160266|An07g00280m.01, jgi|Aspni_DSM_1|155805|An01g07630m.01	GTX0486b100_002620-T1
OG0000258	jgi|Aspni_DSM_1|160399|An07g01670m.01, jgi|Aspni_DSM_1|166512|An14g07310m.01, jgi|Aspni_DSM_1|168482|An18g00280m.01, jgi|Aspni_DSM_1|160266|An07g00280m.01, jgi|Aspni_DSM_1|155805|An01g07630m.01	jgi|EndpusZ1|1726|EPUS_08950T0
OG0000258	jgi|Aspni_DSM_1|160399|An07g01670m.01, jgi|Aspni_DSM_1|166512|An14g07310m.01, jgi|Aspni_DSM_1|168482|An18g00280m.01, jgi|Aspni_DSM_1|160266|An07g00280m.01, jgi|Aspni_DSM_1|155805|An01g07630m.01	coassemb76_002032-T1
OG0000258	jgi|Aspni_DSM_1|160399|An07g01670m.01, jgi|Aspni_DSM_1|166512|An14g07310m.01, jgi|Aspni_DSM_1|168482|An18g00280m.01, jgi|Aspni_DSM_1|160266|An07g00280m.01, jgi|Aspni_DSM_1|155805|An01g07630m.01	jgi|Grascr1|11349|GST1_005229-RA
OG0000262	jgi|Aspni_DSM_1|160049|An06g00760m.01, jgi|Aspni_DSM_1|160486|An07g02570m.01, jgi|Aspni_DSM_1|159527|An04g08440m.01	coassemb64_006437-T1
OG0000271	jgi|Aspni_DSM_1|162693|An09g02330m.01	jgi|Acastr1|118948|AST1_002549-RA
OG0000271	jgi|Aspni_DSM_1|162693|An09g02330m.01	KAI4095539.1, KAI4090661.1
OG0000271	jgi|Aspni_DSM_1|162693|An09g02330m.01	GTX0494b19_007381-T1
OG0000271	jgi|Aspni_DSM_1|162693|An09g02330m.01	FUN_009876_T1_FUN_009876
OG0000271	jgi|Aspni_DSM_1|162693|An09g02330m.01	KAI4217999.1
OG0000271	jgi|Aspni_DSM_1|162693|An09g02330m.01	KAI4092115.1
OG0000271	jgi|Aspni_DSM_1|162693|An09g02330m.01	KAI4228715.1
OG0000271	jgi|Aspni_DSM_1|162693|An09g02330m.01	jgi|Clagr3|9912|CLAGR_009429-RA
OG0000271	jgi|Aspni_DSM_1|162693|An09g02330m.01	KAI9656919.1
OG0000271	jgi|Aspni_DSM_1|162693|An09g02330m.01	jgi|Grascr1|1904|GST1_006359-RA
OG0000282	jgi|Aspni_DSM_1|158329|An03g03350m.01	KAI9753821.1
OG0000282	jgi|Aspni_DSM_1|158329|An03g03350m.01	jgi|Fusgr1|4991|FGSG_12496T0
OG0000282	jgi|Aspni_DSM_1|160205|An06g02380m.01	KAJ9659602.1
OG0000282	jgi|Aspni_DSM_1|160205|An06g02380m.01	XP_008713160.1
OG0000293	jgi|Aspni_DSM_1|161268|An08g00030m.01	KAJ9659520.1
OG0000293	jgi|Aspni_DSM_1|161268|An08g00030m.01	jgi|Podan3|210235|mRNA_9063, jgi|Podan3|208779|mRNA_7607
OG0000293	jgi|Aspni_DSM_1|161268|An08g00030m.01	jgi|Neucr_trp3_1|1200598|e_gw1.14.171.1
OG0000293	jgi|Aspni_DSM_1|161268|An08g00030m.01	FUN_001955_T1_FUN_001955
OG0000293	jgi|Aspni_DSM_1|161268|An08g00030m.01	GTX0494b19_007228-T1
OG0000293	jgi|Aspni_DSM_1|161268|An08g00030m.01	KAI4219987.1
OG0000293	jgi|Aspni_DSM_1|161268|An08g00030m.01	KAI4206361.1
OG0000293	jgi|Aspni_DSM_1|161268|An08g00030m.01	KAJ9659520.1
OG0000293	jgi|Aspni_DSM_1|161268|An08g00030m.01	jgi|Acastr1|123638|AST1_009028-RA
OG0000314	jgi|Aspni_DSM_1|159224|An04g05380m.01	jgi|Exoaq1|12012|A1O9_08328T0
OG0000318	jgi|Aspni_DSM_1|157513|An02g09980m.01, jgi|Aspni_DSM_1|156449|An01g14410m.01	GTX0486b100_006334-T1
OG0000318	jgi|Aspni_DSM_1|157513|An02g09980m.01, jgi|Aspni_DSM_1|156449|An01g14410m.01	KAI9699944.1
OG0000318	jgi|Aspni_DSM_1|157513|An02g09980m.01, jgi|Aspni_DSM_1|156449|An01g14410m.01	KAI4237668.1
OG0000318	jgi|Aspni_DSM_1|157513|An02g09980m.01, jgi|Aspni_DSM_1|156449|An01g14410m.01	FUN_001516_T1_FUN_001516
OG0000318	jgi|Aspni_DSM_1|157513|An02g09980m.01, jgi|Aspni_DSM_1|156449|An01g14410m.01	GTX0494b19_003645-T1
OG0000318	jgi|Aspni_DSM_1|157513|An02g09980m.01, jgi|Aspni_DSM_1|156449|An01g14410m.01	KAI4222696.1
OG0000318	jgi|Aspni_DSM_1|157513|An02g09980m.01, jgi|Aspni_DSM_1|156449|An01g14410m.01	KAI4110326.1
OG0000318	jgi|Aspni_DSM_1|157513|An02g09980m.01, jgi|Aspni_DSM_1|156449|An01g14410m.01	KAI4288387.1
OG0000318	jgi|Aspni_DSM_1|157513|An02g09980m.01, jgi|Aspni_DSM_1|156449|An01g14410m.01	jgi|Aurpu_var_mel1|83345|gm1.3741_g
OG0000331	jgi|Aspni_DSM_1|165381|An12g10850m.01	jgi|Sclsc1|4813|SS1G_11269T0
OG0000331	jgi|Aspni_DSM_1|165381|An12g10850m.01	jgi|Clagr3|7894|CLAGR_008336-RA
OG0000331	jgi|Aspni_DSM_1|165381|An12g10850m.01	jgi|Dibbae1|2195|DIBA_008719-RA
OG0000331	jgi|Aspni_DSM_1|165381|An12g10850m.01	CAF9943218.1
OG0000331	jgi|Aspni_DSM_1|165381|An12g10850m.01	KAI4285640.1
OG0000331	jgi|Aspni_DSM_1|165381|An12g10850m.01	jgi|Cocpo1_1|7097|XM_003072050.1
OG0000331	jgi|Aspni_DSM_1|165381|An12g10850m.01	jgi|PseVKM4520_1|3880|transcript_KFZ14388
OG0000331	jgi|Aspni_DSM_1|165381|An12g10850m.01	KAI9720463.1
OG0000331	jgi|Aspni_DSM_1|165381|An12g10850m.01	KAI9698147.1
OG0000331	jgi|Aspni_DSM_1|165381|An12g10850m.01	GTX0486b100_006256-T1
OG0000331	jgi|Aspni_DSM_1|165381|An12g10850m.01	jgi|EndpusZ1|1796|EPUS_06315T0
OG0000331	jgi|Aspni_DSM_1|165381|An12g10850m.01	jgi|Podan3|207720|mRNA_6548
OG0000331	jgi|Aspni_DSM_1|165381|An12g10850m.01	KAI9714699.1
OG0000331	jgi|Aspni_DSM_1|165381|An12g10850m.01	jgi|Dibbae1|8221|DIBA_010509-RA
OG0000331	jgi|Aspni_DSM_1|165381|An12g10850m.01	jgi|Dibbae1|8221|DIBA_010509-RA
OG0000332	jgi|Aspni_DSM_1|165586|An13g01980m.01, jgi|Aspni_DSM_1|156998|An02g04730m.01	GTX0486b100_005093-T1
OG0000333	jgi|Aspni_DSM_1|168307|An17g00930m.01	coassemb378_010980-T1
OG0000355	jgi|Aspni_DSM_1|157339|An02g08200m.01	coassemb64_000572-T1
OG0000360	jgi|Aspni_DSM_1|157629|An02g11130m.01	jgi|Dibbae1|7507|DIBA_010463-RA
OG0000360	jgi|Aspni_DSM_1|157629|An02g11130m.01	coassemb376_005871-T1
OG0000399	jgi|Aspni_DSM_1|165075|An12g07750m.01	jgi|Morco1|470072|gw1.20.229.1
OG0000412	jgi|Aspni_DSM_1|158967|An04g02770m.01	jgi|Altal1|1044062|estExt_fgenesh1_pm.C_250116
OG0000412	jgi|Aspni_DSM_1|158967|An04g02770m.01	jgi|Aurpu_var_mel1|82999|gm1.3395_g
OG0000412	jgi|Aspni_DSM_1|158967|An04g02770m.01	CAF9922339.1
OG0000412	jgi|Aspni_DSM_1|158967|An04g02770m.01	jgi|Clagr3|6254|CLAGR_005611-RA
OG0000412	jgi|Aspni_DSM_1|158967|An04g02770m.01	KAI9839532.1
OG0000412	jgi|Aspni_DSM_1|158967|An04g02770m.01	jgi|Podan3|203384|mRNA_2212
OG0000412	jgi|Aspni_DSM_1|158967|An04g02770m.01	jgi|Fusgr1|9242|FGSG_08943T0
OG0000412	jgi|Aspni_DSM_1|158967|An04g02770m.01	jgi|Neucr_trp3_1|545|Neucr2.NCU01904T0
OG0000412	jgi|Aspni_DSM_1|158967|An04g02770m.01	jgi|Erypu1|5059|transcript_POS85599
OG0000412	jgi|Aspni_DSM_1|158967|An04g02770m.01	jgi|Sclsc1|7256|SS1G_12679T0
OG0000412	jgi|Aspni_DSM_1|158967|An04g02770m.01	jgi|Umbpus1|100436|LPUS_07046T0
OG0000412	jgi|Aspni_DSM_1|158967|An04g02770m.01	jgi|Dibbae1|7517|DIBA_010473-RA
OG0000412	jgi|Aspni_DSM_1|158967|An04g02770m.01	jgi|PseVKM4520_1|7702|transcript_KFZ07855, jgi|PseVKM4520_1|10635|transcript_KFZ25335, jgi|PseVKM4520_1|8090|transcript_KFZ05192
OG0000412	jgi|Aspni_DSM_1|156265|An01g12400m.01	jgi|Aurpu_var_mel1|55275|e_gw1.21.335.1
OG0000421	jgi|Aspni_DSM_1|162185|An08g09290m.01	GTX0494b19_006022-T1
OG0000421	jgi|Aspni_DSM_1|162185|An08g09290m.01	jgi|Acastr1|120502|AST1_004836-RA
OG0000434	jgi|Aspni_DSM_1|165306|An12g10100m.01	jgi|Claba1|132284|Z519_10603T0
OG0000466	jgi|Aspni_DSM_1|158728|An04g00430m.01	jgi|Grascr1|11362|GST1_005242-RA
OG0000470	jgi|Aspni_DSM_1|159986|An06g00130m.01	CAF9915761.1
OG0000470	jgi|Aspni_DSM_1|159986|An06g00130m.01	jgi|Phach1|2717|rna2716
OG0000485	jgi|Aspni_DSM_1|163568|An11g03170m.01	KAI9826477.1
OG0000485	jgi|Aspni_DSM_1|155176|An01g01190m.01	jgi|Podan3|211754|mRNA_10582
OG0000525	jgi|Aspni_DSM_1|161987|An08g07270m.01	jgi|Altal1|986667|estExt_Genewise1Plus.C_8_t10153
OG0000528	jgi|Aspni_DSM_1|167982|An16g06950m.01	coassemb76_003245-T1
OG0000538	jgi|Aspni_DSM_1|159116|An04g04280m.01	jgi|Aurpu_var_mel1|65547|fgenesh1_pg.8_#_221
OG0000555	jgi|Aspni_DSM_1|163865|An11g06330m.01, jgi|Aspni_DSM_1|157631|An02g11150m.01	coassemb76_003908-T1
OG0000580	jgi|Aspni_DSM_1|160855|An07g06330m.01	jgi|Capcor1|99769|A1O1_06944T0
OG0000580	jgi|Aspni_DSM_1|158126|An03g01130m.01	jgi|Umbpus1|101863|LPUS_08616T0
OG0000580	jgi|Aspni_DSM_1|158126|An03g01130m.01	jgi|Fusgr1|2772|FGSG_02423T0, jgi|Fusgr1|927|FGSG_00788T0, jgi|Fusgr1|12540|FGSG_11114T0
OG0000580	jgi|Aspni_DSM_1|158126|An03g01130m.01	jgi|Exoaq1|1565|A1O9_01571T0, jgi|Exoaq1|3066|A1O9_10588T0
OG0000580	jgi|Aspni_DSM_1|158126|An03g01130m.01	jgi|Capcor1|94642|A1O1_01780T0, jgi|Capcor1|92323|A1O1_08746T0
OG0000580	jgi|Aspni_DSM_1|158126|An03g01130m.01	jgi|Claba1|140255|Z519_06789T0, jgi|Claba1|133998|Z519_11399T0
OG0000580	jgi|Aspni_DSM_1|158126|An03g01130m.01	jgi|Fonmu1|11623|Z520_04828T0, jgi|Fonmu1|9500|Z520_11907T0
OG0000580	jgi|Aspni_DSM_1|158126|An03g01130m.01	coassemb64_001118-T1
OG0000580	jgi|Aspni_DSM_1|158126|An03g01130m.01	KAJ9656624.1
OG0000580	jgi|Aspni_DSM_1|158126|An03g01130m.01	jgi|Altal1|1052419|estExt_fgenesh1_pg.C_180030
OG0000580	jgi|Aspni_DSM_1|158126|An03g01130m.01	jgi|Neucr_trp3_1|1839|Neucr2.NCU00866T0
OG0000580	jgi|Aspni_DSM_1|158126|An03g01130m.01	jgi|Podan3|202853|mRNA_1681
OG0000580	jgi|Aspni_DSM_1|158126|An03g01130m.01	coassemb378_009052-T1
OG0000580	jgi|Aspni_DSM_1|158126|An03g01130m.01	coassemb378_009052-T1
OG0000615	jgi|Aspni_DSM_1|168415|An17g02030m.01	CAF9926602.1
OG0000620	jgi|Aspni_DSM_1|163229|An10g00820m.01	CAF9924105.1
OG0000620	jgi|Aspni_DSM_1|163229|An10g00820m.01	coassemb376_002221-T1
OG0000621	jgi|Aspni_DSM_1|167922|An16g06350m.01	jgi|Erypu1|6150|transcript_POS88351
OG0000621	jgi|Aspni_DSM_1|167922|An16g06350m.01	jgi|Sclsc1|4554|SS1G_11010T0
OG0000621	jgi|Aspni_DSM_1|167922|An16g06350m.01	jgi|PseVKM4520_1|4016|transcript_KFZ14154
OG0000621	jgi|Aspni_DSM_1|167922|An16g06350m.01	jgi|Phach1|61|rna60
OG0000630	jgi|Aspni_DSM_1|164809|An12g04900m.01	jgi|Dibbae1|12595|DIBA_004271-RA
OG0000656	jgi|Aspni_DSM_1|160253|An07g00150m.01	coassemb378_005954-T1
OG0000656	jgi|Aspni_DSM_1|160253|An07g00150m.01	jgi|Dibbae1|4268|DIBA_008731-RA
OG0000660	jgi|Aspni_DSM_1|165354|An12g10580m.01, jgi|Aspni_DSM_1|166474|An14g06920m.01, jgi|Aspni_DSM_1|166236|An14g04530m.01	jgi|Artol1|1003|AOL_s00006g343m.01
OG0000668	jgi|Aspni_DSM_1|162743|An09g02830m.01	jgi|Acastr1|120623|AST1_002195-RA
OG0000668	jgi|Aspni_DSM_1|162743|An09g02830m.01	CAF9943394.1
OG0000668	jgi|Aspni_DSM_1|162743|An09g02830m.01	jgi|Dibbae1|155|DIBA_001292-RA
OG0000668	jgi|Aspni_DSM_1|162743|An09g02830m.01	jgi|Grascr1|10313|GST1_004626-RA
OG0000668	jgi|Aspni_DSM_1|162743|An09g02830m.01	jgi|Phach1|2807|rna2806, jgi|Phach1|2808|rna2807
OG0000691	jgi|Aspni_DSM_1|155072|An01g00050m.01	coassemb378_007181-T1
OG0000692	jgi|Aspni_DSM_1|166386|An14g06040m.01	XP_008718180.1
OG0000698	jgi|Aspni_DSM_1|167256|An15g07500m.01	GTX0466b15_005270-T1
OG0000703	jgi|Aspni_DSM_1|159736|An05g00170m.01	jgi|Altal1|1099843|estExt_Genemark1.C_310035
OG0000738	jgi|Aspni_DSM_1|157342|An02g08230m.01	jgi|Fusgr1|9627|FGSG_08611T0
OG0000740	jgi|Aspni_DSM_1|163466|An11g02150m.01, jgi|Aspni_DSM_1|164839|An12g05200m.01	KAJ9656401.1
OG0000740	jgi|Aspni_DSM_1|163466|An11g02150m.01	GTX0466b15_003366-T1
OG0000742	jgi|Aspni_DSM_1|163825|An11g05910m.01	CAF9912950.1
OG0000745	jgi|Aspni_DSM_1|162662|An09g02010m.01	jgi|Capcor1|98782|A1O1_05949T0
OG0000745	jgi|Aspni_DSM_1|162662|An09g02010m.01	XP_008715601.1
OG0000745	jgi|Aspni_DSM_1|162662|An09g02010m.01	CAF9921076.1
OG0000745	jgi|Aspni_DSM_1|162662|An09g02010m.01	coassemb378_006473-T1
OG0000745	jgi|Aspni_DSM_1|162662|An09g02010m.01	jgi|PseVKM4520_1|992|transcript_KFZ25142
OG0000745	jgi|Aspni_DSM_1|162662|An09g02010m.01	KAI9754738.1
OG0000745	jgi|Aspni_DSM_1|162662|An09g02010m.01	jgi|Penexp1|3667|PEXP_085490T0
OG0000745	jgi|Aspni_DSM_1|162662|An09g02010m.01	jgi|Fusgr1|50|FGSG_00036T0
OG0000745	jgi|Aspni_DSM_1|162662|An09g02010m.01	jgi|Penexp1|3667|PEXP_085490T0
OG0000746	jgi|Aspni_DSM_1|158268|An03g02610m.01	jgi|Aurpu_var_mel1|51785|e_gw1.15.13.1
OG0000746	jgi|Aspni_DSM_1|158268|An03g02610m.01	KAI9712186.1
OG0000748	jgi|Aspni_DSM_1|166701|An15g01780m.01	coassemb378_006069-T1
OG0000767	jgi|Aspni_DSM_1|165683|An13g02980m.01	coassemb64_000890-T1
OG0000770	jgi|Aspni_DSM_1|156861|An02g03380m.01	jgi|Dibbae1|12495|DIBA_004882-RA
OG0000770	jgi|Aspni_DSM_1|156861|An02g03380m.01	coassemb376_007914-T1
OG0000770	jgi|Aspni_DSM_1|156861|An02g03380m.01	jgi|Clagr3|2882|CLAGR_002849-RA
OG0000770	jgi|Aspni_DSM_1|156861|An02g03380m.01	KAI9715519.1
OG0000770	jgi|Aspni_DSM_1|156861|An02g03380m.01	jgi|Grascr1|4290|GST1_009790-RA, jgi|Grascr1|12688|GST1_006418-RA
OG0000770	jgi|Aspni_DSM_1|156861|An02g03380m.01	jgi|Fusgr1|8537|FGSG_07366T0
OG0000770	jgi|Aspni_DSM_1|156861|An02g03380m.01	jgi|Sclsc1|8058|SS1G_13481T0
OG0000770	jgi|Aspni_DSM_1|156861|An02g03380m.01	coassemb64_003810-T1
OG0000770	jgi|Aspni_DSM_1|156861|An02g03380m.01	jgi|Exoaq1|6179|A1O9_11980T0
OG0000770	jgi|Aspni_DSM_1|156861|An02g03380m.01	jgi|Capcor1|94876|A1O1_02014T0
OG0000770	jgi|Aspni_DSM_1|156861|An02g03380m.01	CAF9929020.1
OG0000772	jgi|Aspni_DSM_1|169137|An19g00150m.01	jgi|Fonmu1|3937|Z520_08574T0
OG0000773	jgi|Aspni_DSM_1|163209|An10g00590m.01	jgi|Ascim1|66125|CE66124_1416
OG0000775	jgi|Aspni_DSM_1|166516|An14g07350m.01	jgi|PseVKM4520_1|7559|transcript_KFZ08083
OG0000775	jgi|Aspni_DSM_1|166516|An14g07350m.01	jgi|Umbpus1|104014|LPUS_10705T0
OG0000775	jgi|Aspni_DSM_1|166516|An14g07350m.01	CAF9941671.1
OG0000775	jgi|Aspni_DSM_1|166516|An14g07350m.01	jgi|Clagr3|5448|CLAGR_006243-RA
OG0000775	jgi|Aspni_DSM_1|166516|An14g07350m.01	KAI4102957.1
OG0000775	jgi|Aspni_DSM_1|166516|An14g07350m.01	GTX0494b19_002451-T1
OG0000775	jgi|Aspni_DSM_1|166516|An14g07350m.01	FUN_009125_T1_FUN_009125
OG0000775	jgi|Aspni_DSM_1|166516|An14g07350m.01	KAI4237387.1
OG0000775	jgi|Aspni_DSM_1|166516|An14g07350m.01	KAI4220575.1
OG0000775	jgi|Aspni_DSM_1|166516|An14g07350m.01	KAI4093517.1
OG0000775	jgi|Aspni_DSM_1|166516|An14g07350m.01	KAI4286397.1
OG0000775	jgi|Aspni_DSM_1|166516|An14g07350m.01	jgi|Acastr1|121919|AST1_000692-RA
OG0000775	jgi|Aspni_DSM_1|166516|An14g07350m.01	coassemb376_004339-T1
OG0000775	jgi|Aspni_DSM_1|166516|An14g07350m.01	jgi|Dibbae1|731|DIBA_006459-RA
OG0000775	jgi|Aspni_DSM_1|166516|An14g07350m.01	KAI9725625.1
OG0000775	jgi|Aspni_DSM_1|166516|An14g07350m.01	KAI9670008.1
OG0000775	jgi|Aspni_DSM_1|166516|An14g07350m.01	jgi|Altal1|1013240|fgenesh1_pg.26_#_64
OG0000775	jgi|Aspni_DSM_1|166516|An14g07350m.01	jgi|Aurpu_var_mel1|45236|e_gw1.6.205.1, jgi|Aurpu_var_mel1|36853|e_gw1.1.2088.1
OG0000775	jgi|Aspni_DSM_1|166516|An14g07350m.01	KAI9705832.1
OG0000775	jgi|Aspni_DSM_1|166516|An14g07350m.01	KAI9714559.1
OG0000779	jgi|Aspni_DSM_1|167808|An16g05150m.01	jgi|Dibbae1|4836|DIBA_009724-RA
OG0000780	jgi|Aspni_DSM_1|166432|An14g06500m.01	jgi|PseVKM4520_1|10673|transcript_KFZ25328
OG0000780	jgi|Aspni_DSM_1|166432|An14g06500m.01	KAI9718072.1
OG0000780	jgi|Aspni_DSM_1|166432|An14g06500m.01	coassemb378_005839-T1
OG0000787	jgi|Aspni_DSM_1|161725|An08g04620m.01, jgi|Aspni_DSM_1|163243|An10g00960m.01	jgi|EndpusZ1|7709|EPUS_05927T0
OG0000791	jgi|Aspni_DSM_1|163955|An11g07320m.01	GTX0466b15_004002-T1
OG0000792	jgi|Aspni_DSM_1|158299|An03g02920m.01	jgi|Fusgr1|5336|FGSG_02884T0
OG0000793	jgi|Aspni_DSM_1|156127|An01g10920m.01	coassemb378_010898-T1
OG0000797	jgi|Aspni_DSM_1|160788|An07g05640m.01, jgi|Aspni_DSM_1|158580|An03g05900m.01	jgi|Monha1|6753|H072_6970m.01, jgi|Monha1|5858|H072_6047m.01, jgi|Monha1|212|H072_212m.01, jgi|Monha1|8780|H072_9122m.01
OG0000811	jgi|Aspni_DSM_1|165929|An14g01430m.01	jgi|EndpusZ1|5260|EPUS_05586T0
OG0000826	jgi|Aspni_DSM_1|167286|An15g07800m.01	coassemb378_009464-T1
OG0000832	jgi|Aspni_DSM_1|160568|An07g03400m.01	KAI9659705.1
OG0000832	jgi|Aspni_DSM_1|160568|An07g03400m.01	jgi|Morco1|568905|estExt_fgenesh1_pg.C_1020009
OG0000832	jgi|Aspni_DSM_1|160568|An07g03400m.01	jgi|Phach1|4875|rna4874
OG0000850	jgi|Aspni_DSM_1|169163|An19g00410m.01	coassemb64_005783-T1
OG0000880	jgi|Aspni_DSM_1|168256|An17g00420m.01, jgi|Aspni_DSM_1|168847|An18g04040m.01	FUN_003923_T1_FUN_003923
OG0000888	jgi|Aspni_DSM_1|157832|An02g13120m.01, jgi|Aspni_DSM_1|159488|An04g08050m.01	jgi|Fusgr1|11376|FGSG_09826T0
OG0000898	jgi|Aspni_DSM_1|158184|An03g01710m.01	jgi|Artol1|7246|AOL_s00097g62m.01
OG0000909	jgi|Aspni_DSM_1|165945|An14g01590m.01	jgi|Acastr1|121351|AST1_002291-RA
OG0000929	jgi|Aspni_DSM_1|163362|An11g01060m.01, jgi|Aspni_DSM_1|159856|An05g01360m.01, jgi|Aspni_DSM_1|163616|An11g03690m.01, jgi|Aspni_DSM_1|167314|An16g00150m.01	jgi|Sclsc1|3721|SS1G_10177T0
OG0000929	jgi|Aspni_DSM_1|163616|An11g03690m.01	jgi|Fusgr1|7534|FGSG_06516T0
OG0000936	jgi|Aspni_DSM_1|155239|An01g01840m.01	coassemb64_003829-T1
OG0000945	jgi|Aspni_DSM_1|157937|An02g14170m.01	jgi|Fusgr1|8994|FGSG_07770T0
OG0000976	jgi|Aspni_DSM_1|168441|An17g02280m.01	FUN_000406_T1_FUN_000406
OG0000976	jgi|Aspni_DSM_1|168441|An17g02280m.01	CAF9943318.1
OG0000991	jgi|Aspni_DSM_1|161188|An07g09690m.01	KAI9698579.1
OG0000993	jgi|Aspni_DSM_1|168757|An18g03120m.01	coassemb378_001917-T1
OG0001006	jgi|Aspni_DSM_1|155273|An01g02190m.01	jgi|Monha1|9388|H072_9849m.01
OG0001008	jgi|Aspni_DSM_1|166600|An15g00760m.01	jgi|Clagr3|11238|CLAGR_011001-RA
OG0001008	jgi|Aspni_DSM_1|166600|An15g00760m.01	jgi|EndpusZ1|9085|EPUS_06916T0
OG0001008	jgi|Aspni_DSM_1|166600|An15g00760m.01	jgi|Podan3|204627|mRNA_3455
OG0001017	jgi|Aspni_DSM_1|159460|An04g07760m.01	jgi|Altal1|938817|e_gw1.14.419.1
OG0001034	jgi|Aspni_DSM_1|155696|An01g06530m.01, jgi|Aspni_DSM_1|162660|An09g01990m.01, jgi|Aspni_DSM_1|159831|An05g01100m.01, jgi|Aspni_DSM_1|163212|An10g00620m.01, jgi|Aspni_DSM_1|164617|An12g02890m.01	jgi|Altal1|1015420|fgenesh1_kg.1_#_398_#_Locus12168v1rpkm0.86
OG0001034	jgi|Aspni_DSM_1|162660|An09g01990m.01, jgi|Aspni_DSM_1|159831|An05g01100m.01, jgi|Aspni_DSM_1|163212|An10g00620m.01, jgi|Aspni_DSM_1|164617|An12g02890m.01	KAI9826786.1
OG0001034	jgi|Aspni_DSM_1|162660|An09g01990m.01, jgi|Aspni_DSM_1|159831|An05g01100m.01, jgi|Aspni_DSM_1|163212|An10g00620m.01, jgi|Aspni_DSM_1|164617|An12g02890m.01	jgi|Fusgr1|66|FGSG_00049T0
OG0001034	jgi|Aspni_DSM_1|159831|An05g01100m.01	KAI9754741.1
OG0001034	jgi|Aspni_DSM_1|159831|An05g01100m.01	jgi|Acastr1|122575|AST1_008451-RA
OG0001045	jgi|Aspni_DSM_1|160439|An07g02080m.01	jgi|EndpusZ1|765|EPUS_01326T0
OG0001045	jgi|Aspni_DSM_1|160439|An07g02080m.01	jgi|Grascr1|9539|GST1_012358-RA
OG0001045	jgi|Aspni_DSM_1|160439|An07g02080m.01	CAF9906712.1
OG0001045	jgi|Aspni_DSM_1|160439|An07g02080m.01	KAI4226922.1
OG0001045	jgi|Aspni_DSM_1|160439|An07g02080m.01	KAI4224457.1
OG0001045	jgi|Aspni_DSM_1|160439|An07g02080m.01	GTX0494b19_005717-T1
OG0001045	jgi|Aspni_DSM_1|160439|An07g02080m.01	FUN_002698_T1_FUN_002698
OG0001045	jgi|Aspni_DSM_1|160439|An07g02080m.01	KAI4111651.1
OG0001045	jgi|Aspni_DSM_1|160439|An07g02080m.01	KAI4110119.1
OG0001045	jgi|Aspni_DSM_1|160439|An07g02080m.01	KAI4286032.1
OG0001045	jgi|Aspni_DSM_1|160439|An07g02080m.01	jgi|Umbpus1|106621|LPUS_04814T0, jgi|Umbpus1|100512|LPUS_07164T0
OG0001045	jgi|Aspni_DSM_1|160439|An07g02080m.01	coassemb376_002503-T1
OG0001045	jgi|Aspni_DSM_1|160439|An07g02080m.01	jgi|Clagr3|9012|CLAGR_008735-RA
OG0001045	jgi|Aspni_DSM_1|160439|An07g02080m.01	KAI9712151.1
OG0001045	jgi|Aspni_DSM_1|160439|An07g02080m.01	GTX0486b100_005830-T1
OG0001045	jgi|Aspni_DSM_1|160439|An07g02080m.01	KAI9706656.1
OG0001045	jgi|Aspni_DSM_1|160439|An07g02080m.01	jgi|Umbpus1|102935|LPUS_09526T0
OG0001045	jgi|Aspni_DSM_1|160439|An07g02080m.01	jgi|PseVKM4520_1|8015|transcript_KFZ06103
OG0001045	jgi|Aspni_DSM_1|160439|An07g02080m.01	jgi|Acastr1|119532|AST1_006786-RA
OG0001045	jgi|Aspni_DSM_1|160439|An07g02080m.01	jgi|Umbpus1|102935|LPUS_09526T0
OG0001045	jgi|Aspni_DSM_1|160439|An07g02080m.01	KAI9825862.1
OG0001045	jgi|Aspni_DSM_1|160439|An07g02080m.01	KAI9725482.1
OG0001060	jgi|Aspni_DSM_1|167602|An16g03050m.01	jgi|Morco1|578177|gm1.8953_g, jgi|Morco1|578182|gm1.8958_g, jgi|Morco1|578180|gm1.8956_g, jgi|Morco1|493985|e_gw1.58.72.1
OG0001061	jgi|Aspni_DSM_1|155577|An01g05340m.01	jgi|PseVKM4520_1|3|transcript_KFZ25259
OG0001077	jgi|Aspni_DSM_1|161048|An07g08280m.01	KAI4105648.1
OG0001077	jgi|Aspni_DSM_1|161048|An07g08280m.01	KAI4286386.1
OG0001080	jgi|Aspni_DSM_1|166698|An15g01750m.01	jgi|Grascr1|8725|GST1_011777-RA
OG0001115	jgi|Aspni_DSM_1|161651|An08g03890m.01	jgi|Morco1|18387|CE18386_180
OG0001129	jgi|Aspni_DSM_1|167554|An16g02560m.01	jgi|Grascr1|3461|GST1_008067-RA
OG0001129	jgi|Aspni_DSM_1|167554|An16g02560m.01	coassemb64_000930-T1, coassemb64_007700-T1
OG0001135	jgi|Aspni_DSM_1|167713|An16g04170m.01	jgi|Artol1|3669|AOL_s00075g7m.01
OG0001136	jgi|Aspni_DSM_1|157215|An02g06940m.01	jgi|PseVKM4520_1|8458|transcript_KFZ24508, jgi|PseVKM4520_1|6258|transcript_KFZ10076
OG0001147	jgi|Aspni_DSM_1|168897|An18g04540m.01	jgi|Podan3|203462|mRNA_2290
OG0001150	jgi|Aspni_DSM_1|159773|An05g00530m.01	jgi|Fusgr1|11434|FGSG_13666T0
OG0001165	jgi|Aspni_DSM_1|165980|An14g01950m.01, jgi|Aspni_DSM_1|162713|An09g02530m.01	jgi|PseVKM4520_1|2149|transcript_KFZ17507
OG0001173	jgi|Aspni_DSM_1|160111|An06g01440m.01	FUN_003555_T1_FUN_003555
OG0001177	jgi|Aspni_DSM_1|166215|An14g04320m.01	coassemb76_009379-T1
OG0001184	jgi|Aspni_DSM_1|159160|An04g04720m.01	jgi|PseVKM4520_1|7830|transcript_KFZ07710
OG0001191	jgi|Aspni_DSM_1|161940|An08g06800m.01	jgi|Erypu1|6359|transcript_POS81739
OG0001196	jgi|Aspni_DSM_1|159781|An05g00610m.01, jgi|Aspni_DSM_1|160211|An06g02450m.01, jgi|Aspni_DSM_1|162423|An08g11770m.01	jgi|Acastr1|124709|AST1_002374-RA
OG0001227	jgi|Aspni_DSM_1|156823|An02g02960m.01, jgi|Aspni_DSM_1|158193|An03g01800m.01	jgi|Artol1|4183|AOL_s00076g279m.01
OG0001227	jgi|Aspni_DSM_1|158193|An03g01800m.01	jgi|Grascr1|6039|GST1_003330-RA
OG0001227	jgi|Aspni_DSM_1|158193|An03g01800m.01	coassemb378_003698-T1
OG0001227	jgi|Aspni_DSM_1|158193|An03g01800m.01	jgi|Altal1|1058226|gm1.2461_g
OG0001227	jgi|Aspni_DSM_1|158193|An03g01800m.01	jgi|Erypu1|1437|transcript_POS83473
OG0001227	jgi|Aspni_DSM_1|158193|An03g01800m.01	jgi|Sclsc1|7879|SS1G_13302T0
OG0001227	jgi|Aspni_DSM_1|158193|An03g01800m.01	jgi|Fusgr1|11251|FGSG_09719T0
OG0001227	jgi|Aspni_DSM_1|158193|An03g01800m.01	jgi|Neucr_trp3_1|5906|Neucr2.NCU06346T0
OG0001227	jgi|Aspni_DSM_1|158193|An03g01800m.01	jgi|Podan3|203563|mRNA_2391
OG0001227	jgi|Aspni_DSM_1|158193|An03g01800m.01	jgi|Capcor1|95155|A1O1_02294T0
OG0001227	jgi|Aspni_DSM_1|158193|An03g01800m.01	jgi|Claba1|129157|Z519_07458T0
OG0001227	jgi|Aspni_DSM_1|158193|An03g01800m.01	jgi|Fonmu1|7735|Z520_10707T0
OG0001227	jgi|Aspni_DSM_1|158193|An03g01800m.01	jgi|Exoaq1|8241|A1O9_04776T0
OG0001227	jgi|Aspni_DSM_1|158193|An03g01800m.01	coassemb64_001320-T1
OG0001227	jgi|Aspni_DSM_1|158193|An03g01800m.01	GTX0466b15_002016-T1
OG0001227	jgi|Aspni_DSM_1|158193|An03g01800m.01	coassemb76_005231-T1
OG0001227	jgi|Aspni_DSM_1|158193|An03g01800m.01	XP_008710748.1
OG0001227	jgi|Aspni_DSM_1|158193|An03g01800m.01	jgi|Umbpus1|107225|LPUS_02216T0
OG0001227	jgi|Aspni_DSM_1|158193|An03g01800m.01	CAF9927505.1
OG0001227	jgi|Aspni_DSM_1|158193|An03g01800m.01	coassemb376_000497-T1
OG0001227	jgi|Aspni_DSM_1|158193|An03g01800m.01	KAI9714675.1
OG0001227	jgi|Aspni_DSM_1|158193|An03g01800m.01	GTX0486b100_000692-T1
OG0001227	jgi|Aspni_DSM_1|158193|An03g01800m.01	KAI9670990.1
OG0001227	jgi|Aspni_DSM_1|158193|An03g01800m.01	KAI9812843.1
OG0001227	jgi|Aspni_DSM_1|158193|An03g01800m.01	jgi|PseVKM4520_1|9684|transcript_KFZ02969
OG0001227	jgi|Aspni_DSM_1|158193|An03g01800m.01	KAI9756091.1
OG0001227	jgi|Aspni_DSM_1|158193|An03g01800m.01	jgi|Acastr1|119592|AST1_001527-RA
OG0001227	jgi|Aspni_DSM_1|158193|An03g01800m.01	KAJ9653286.1
OG0001227	jgi|Aspni_DSM_1|158193|An03g01800m.01	jgi|Phach1|1611|rna1610
OG0001227	jgi|Aspni_DSM_1|158193|An03g01800m.01	jgi|Aurpu_var_mel1|80241|gm1.637_g
OG0001227	jgi|Aspni_DSM_1|158193|An03g01800m.01	KAI9718174.1
OG0001227	jgi|Aspni_DSM_1|158193|An03g01800m.01	jgi|Cocpo1_1|115|XM_003065066.1
OG0001227	jgi|Aspni_DSM_1|158193|An03g01800m.01	KAI9839273.1
OG0001227	jgi|Aspni_DSM_1|158193|An03g01800m.01	jgi|EndpusZ1|7669|EPUS_02293T0
OG0001227	jgi|Aspni_DSM_1|158193|An03g01800m.01	KAI4108706.1
OG0001227	jgi|Aspni_DSM_1|158193|An03g01800m.01	KAI4284538.1
OG0001227	jgi|Aspni_DSM_1|158193|An03g01800m.01	FUN_007963_T1_FUN_007963, FUN_006457_T1_FUN_006457
OG0001227	jgi|Aspni_DSM_1|158193|An03g01800m.01	GTX0494b19_005784-T1, GTX0494b19_001696-T1
OG0001227	jgi|Aspni_DSM_1|158193|An03g01800m.01	KAI4226660.1, KAI4237855.1
OG0001227	jgi|Aspni_DSM_1|158193|An03g01800m.01	KAI4102215.1, KAI4090116.1
OG0001227	jgi|Aspni_DSM_1|158193|An03g01800m.01	KAI4228435.1
OG0001235	jgi|Aspni_DSM_1|167766|An16g04720m.01	jgi|Monha1|9471|H072_9938m.01
OG0001270	jgi|Aspni_DSM_1|162049|An08g07870m.01	jgi|Sclsc1|2142|SS1G_08599T0
OG0001281	jgi|Aspni_DSM_1|163423|An11g01700m.01	jgi|Artol1|5|AOL_s00004g4m.01
OG0001281	jgi|Aspni_DSM_1|163423|An11g01700m.01	jgi|Fusgr1|13314|FGSG_11241T0, jgi|Fusgr1|10669|FGSG_09212T0
OG0001300	jgi|Aspni_DSM_1|163023|An09g05660m.01	jgi|Artol1|5665|AOL_s00079g439m.01, jgi|Artol1|5666|AOL_s00079g440m.01
OG0001338	jgi|Aspni_DSM_1|160375|An07g01430m.01	coassemb64_003324-T1
OG0001394	jgi|Aspni_DSM_1|156376|An01g13570m.01	KAI9820510.1
OG0001394	jgi|Aspni_DSM_1|156376|An01g13570m.01	KAI9751049.1
OG0001394	jgi|Aspni_DSM_1|156376|An01g13570m.01	KAI9829933.1
OG0001394	jgi|Aspni_DSM_1|156376|An01g13570m.01	jgi|Acastr1|126880|AST1_004057-RA
OG0001394	jgi|Aspni_DSM_1|156376|An01g13570m.01	jgi|Umbpus1|105459|LPUS_12395T0
OG0001394	jgi|Aspni_DSM_1|156376|An01g13570m.01	KAI9721764.1
OG0001394	jgi|Aspni_DSM_1|156376|An01g13570m.01	KAI9701105.1
OG0001394	jgi|Aspni_DSM_1|156376|An01g13570m.01	GTX0486b100_001358-T1
OG0001394	jgi|Aspni_DSM_1|156376|An01g13570m.01	coassemb376_002983-T1, coassemb376_000214-T1
OG0001394	jgi|Aspni_DSM_1|156376|An01g13570m.01	coassemb64_002137-T1, coassemb64_006936-T1
OG0001398	jgi|Aspni_DSM_1|168906|An18g04630m.01, jgi|Aspni_DSM_1|164649|An12g03230m.01	jgi|Dibbae1|6811|DIBA_010974-RA
OG0001428	jgi|Aspni_DSM_1|167722|An16g04260m.01	jgi|Grascr1|4396|GST1_010145-RA
OG0001435	jgi|Aspni_DSM_1|155340|An01g02900m.01	coassemb376_005892-T1, coassemb376_005891-T1
OG0001435	jgi|Aspni_DSM_1|155340|An01g02900m.01	KAI4287589.1
OG0001473	jgi|Aspni_DSM_1|164096|An11g08870m.01, jgi|Aspni_DSM_1|159102|An04g04130m.01	jgi|Fusgr1|2642|FGSG_02304T0
OG0001497	jgi|Aspni_DSM_1|165170|An12g08700m.01	coassemb76_006836-T1, coassemb76_002998-T1
OG0001497	jgi|Aspni_DSM_1|165170|An12g08700m.01	jgi|Sclsc1|3190|SS1G_09646T0
OG0001497	jgi|Aspni_DSM_1|165170|An12g08700m.01	jgi|Dibbae1|9770|DIBA_012322-RA
OG0001522	jgi|Aspni_DSM_1|158203|An03g01910m.01	jgi|Dibbae1|678|DIBA_005581-RA
OG0001522	jgi|Aspni_DSM_1|158203|An03g01910m.01	jgi|Clagr3|2755|CLAGR_003023-RA
OG0001522	jgi|Aspni_DSM_1|158203|An03g01910m.01	CAF9942948.1
OG0001522	jgi|Aspni_DSM_1|158203|An03g01910m.01	KAI4230613.1
OG0001522	jgi|Aspni_DSM_1|158203|An03g01910m.01	KAI4219590.1
OG0001522	jgi|Aspni_DSM_1|158203|An03g01910m.01	FUN_000905_T1_FUN_000905
OG0001522	jgi|Aspni_DSM_1|158203|An03g01910m.01	GTX0494b19_008611-T1
OG0001522	jgi|Aspni_DSM_1|158203|An03g01910m.01	KAI4111920.1
OG0001522	jgi|Aspni_DSM_1|158203|An03g01910m.01	KAI4100082.1
OG0001522	jgi|Aspni_DSM_1|158203|An03g01910m.01	jgi|Acastr1|122378|AST1_001398-RA
OG0001522	jgi|Aspni_DSM_1|158203|An03g01910m.01	KAI4287055.1
OG0001522	jgi|Aspni_DSM_1|158203|An03g01910m.01	coassemb378_010760-T1
OG0001522	jgi|Aspni_DSM_1|158203|An03g01910m.01	jgi|Grascr1|11606|GST1_004749-RA
OG0001522	jgi|Aspni_DSM_1|158203|An03g01910m.01	jgi|Fusgr1|9839|FGSG_08426T0
OG0001526	jgi|Aspni_DSM_1|160678|An07g04510m.01	jgi|Fusgr1|3281|FGSG_11586T0, jgi|Fusgr1|3341|FGSG_04645T0
OG0001529	jgi|Aspni_DSM_1|168268|An17g00540m.01	KAI9825089.1
OG0001529	jgi|Aspni_DSM_1|168268|An17g00540m.01	KAI9755980.1
OG0001529	jgi|Aspni_DSM_1|168268|An17g00540m.01	coassemb378_009626-T1, coassemb378_010418-T1
OG0001529	jgi|Aspni_DSM_1|168268|An17g00540m.01	jgi|Umbpus1|101487|LPUS_02829T0
OG0001529	jgi|Aspni_DSM_1|168268|An17g00540m.01	CAF9920769.1
OG0001529	jgi|Aspni_DSM_1|168268|An17g00540m.01	jgi|Clagr3|8565|CLAGR_008621-RA, jgi|Clagr3|8566|CLAGR_008622-RA
OG0001529	jgi|Aspni_DSM_1|168268|An17g00540m.01	jgi|Dibbae1|3729|DIBA_008187-RA
OG0001529	jgi|Aspni_DSM_1|168268|An17g00540m.01	KAI4101981.1
OG0001529	jgi|Aspni_DSM_1|168268|An17g00540m.01	KAI4285077.1
OG0001529	jgi|Aspni_DSM_1|168268|An17g00540m.01	FUN_009263_T1_FUN_009263
OG0001529	jgi|Aspni_DSM_1|168268|An17g00540m.01	GTX0494b19_003376-T1
OG0001529	jgi|Aspni_DSM_1|168268|An17g00540m.01	KAI4221894.1
OG0001529	jgi|Aspni_DSM_1|168268|An17g00540m.01	KAI4109110.1
OG0001529	jgi|Aspni_DSM_1|168268|An17g00540m.01	KAI4233356.1
OG0001529	jgi|Aspni_DSM_1|168268|An17g00540m.01	coassemb376_001180-T1
OG0001529	jgi|Aspni_DSM_1|168268|An17g00540m.01	jgi|Acastr1|118874|AST1_008270-RA
OG0001529	jgi|Aspni_DSM_1|168268|An17g00540m.01	KAI9832782.1
OG0001529	jgi|Aspni_DSM_1|168268|An17g00540m.01	jgi|Grascr1|318|GST1_006874-RA
OG0001529	jgi|Aspni_DSM_1|168268|An17g00540m.01	coassemb64_004123-T1
OG0001529	jgi|Aspni_DSM_1|168268|An17g00540m.01	coassemb64_004123-T1
OG0001529	jgi|Aspni_DSM_1|168268|An17g00540m.01	jgi|Aurpu_var_mel1|63103|fgenesh1_pg.2_#_717
OG0001529	jgi|Aspni_DSM_1|168268|An17g00540m.01	KAI9672058.1
OG0001529	jgi|Aspni_DSM_1|168268|An17g00540m.01	KAI9727174.1
OG0001529	jgi|Aspni_DSM_1|168268|An17g00540m.01	jgi|Erypu1|2656|transcript_POS86897
OG0001529	jgi|Aspni_DSM_1|168268|An17g00540m.01	jgi|Sclsc1|9308|SS1G_02723T0
OG0001529	jgi|Aspni_DSM_1|168268|An17g00540m.01	jgi|Fusgr1|6561|FGSG_12776T0
OG0001529	jgi|Aspni_DSM_1|168268|An17g00540m.01	jgi|Neucr_trp3_1|6494|Neucr2.NCU07002T0
OG0001529	jgi|Aspni_DSM_1|168268|An17g00540m.01	jgi|Podan3|203617|mRNA_2445
OG0001529	jgi|Aspni_DSM_1|168268|An17g00540m.01	jgi|Altal1|990433|estExt_Genewise1Plus.C_12_t10134
OG0001536	jgi|Aspni_DSM_1|168412|An17g01977m.01	jgi|Podan3|211277|mRNA_10105
OG0001547	jgi|Aspni_DSM_1|158237|An03g02280m.01	jgi|Capcor1|92468|A1O1_08892T0
OG0001547	jgi|Aspni_DSM_1|158237|An03g02280m.01	jgi|Neucr_trp3_1|2938|Neucr2.NCU05340T0
OG0001581	jgi|Aspni_DSM_1|166130|An14g03460m.01	KAI9825660.1
OG0001609	jgi|Aspni_DSM_1|155314|An01g02620m.01	KAI9669354.1
OG0001609	jgi|Aspni_DSM_1|155314|An01g02620m.01	KAI4281491.1
OG0001618	jgi|Aspni_DSM_1|166987|An15g04680m.01	jgi|Acastr1|119091|AST1_006272-RA
OG0001623	jgi|Aspni_DSM_1|168603|An18g01580m.01	jgi|Erypu1|1494|transcript_POS83431
OG0001623	jgi|Aspni_DSM_1|168603|An18g01580m.01	jgi|Podan3|207203|mRNA_6031
OG0001623	jgi|Aspni_DSM_1|168603|An18g01580m.01	jgi|Neucr_trp3_1|8753|Neucr2.NCU04778T0
OG0001623	jgi|Aspni_DSM_1|168603|An18g01580m.01	jgi|PseVKM4520_1|3960|transcript_KFZ14273
OG0001623	jgi|Aspni_DSM_1|168603|An18g01580m.01	jgi|Sclsc1|146|SS1G_00146T0
OG0001624	jgi|Aspni_DSM_1|158346|An03g03530m.01	jgi|Sclsc1|5173|SS1G_11629T0
OG0001624	jgi|Aspni_DSM_1|158346|An03g03530m.01	jgi|PseVKM4520_1|7991|transcript_KFZ24628
OG0001629	jgi|Aspni_DSM_1|156336|An01g13170m.01	coassemb376_006443-T1
OG0001629	jgi|Aspni_DSM_1|156336|An01g13170m.01	coassemb378_011141-T1
OG0001630	jgi|Aspni_DSM_1|159685|An04g10040m.01	jgi|Altal1|1100805|estExt_Genemark1.C_440020
OG0001630	jgi|Aspni_DSM_1|164012|An11g07950m.01	jgi|Altal1|295298|CE295297_2755
OG0001669	jgi|Aspni_DSM_1|157759|An02g12420m.01	jgi|Fusgr1|12287|FGSG_10624T0
OG0001688	jgi|Aspni_DSM_1|157551|An02g10360m.01	KAI4208429.1
OG0001702	jgi|Aspni_DSM_1|156992|An02g04670m.01	GTX0486b100_005054-T1
OG0001702	jgi|Aspni_DSM_1|156992|An02g04670m.01	KAI9839547.1
OG0001704	jgi|Aspni_DSM_1|156020|An01g09820m.01	KAI9715680.1
OG0001708	jgi|Aspni_DSM_1|168101|An16g08180m.01	jgi|Clagr3|3759|CLAGR_003461-RA
OG0001708	jgi|Aspni_DSM_1|168101|An16g08180m.01	jgi|Grascr1|10596|GST1_012689-RA
OG0001764	jgi|Aspni_DSM_1|159598|An04g09150m.01	jgi|Podan3|209159|mRNA_7987, jgi|Podan3|210190|mRNA_9018
OG0001770	jgi|Aspni_DSM_1|166524|An15g00020m.01	jgi|Fusgr1|9933|FGSG_08344T0
OG0001796	jgi|Aspni_DSM_1|163965|An11g07450m.01	jgi|PseVKM4520_1|2442|transcript_KFZ16962
OG0001830	jgi|Aspni_DSM_1|159060|An04g03710m.01	coassemb76_007596-T1
OG0001845	jgi|Aspni_DSM_1|156701|An02g01730m.01	jgi|Claba1|131841|Z519_10158T0
OG0001845	jgi|Aspni_DSM_1|156701|An02g01730m.01	coassemb76_008813-T1
OG0001873	jgi|Aspni_DSM_1|157535|An02g10200m.01	jgi|PseVKM4520_1|4677|transcript_KFZ12996
OG0001889	jgi|Aspni_DSM_1|156334|An01g13150m.01	KAI9651668.1
OG0001890	jgi|Aspni_DSM_1|156271|An01g12460m.01	GTX0466b15_002312-T1
OG0001932	jgi|Aspni_DSM_1|155434|An01g03870m.01	jgi|Neucr_trp3_1|5863|Neucr2.NCU06385T0
OG0001945	jgi|Aspni_DSM_1|156837|An02g03140m.01	KAI9810503.1
OG0001950	jgi|Aspni_DSM_1|164168|An11g09610m.01	jgi|Erypu1|5784|transcript_POS81829
OG0001955	jgi|Aspni_DSM_1|164317|An11g11110m.01	KAI9837859.1
OG0001985	jgi|Aspni_DSM_1|156909|An02g03860m.01	jgi|Acastr1|124185|AST1_007313-RA
OG0001991	jgi|Aspni_DSM_1|166470|An14g06880m.01	KAI4091663.1
OG0002008	jgi|Aspni_DSM_1|161225|An07g10050m.01	coassemb376_004075-T1
OG0002021	jgi|Aspni_DSM_1|167660|An16g03630m.01	jgi|Umbpus1|102516|LPUS_09074T0
OG0002022	jgi|Aspni_DSM_1|156409|An01g13920m.01	CAF9938633.1
OG0002025	jgi|Aspni_DSM_1|156766|An02g02380m.01	jgi|Fusgr1|278|FGSG_00225T0
OG0002048	jgi|Aspni_DSM_1|158344|An03g03510m.01	CAF9927521.1
OG0002081	jgi|Aspni_DSM_1|156441|An01g14310m.01	coassemb64_004135-T1
OG0002082	jgi|Aspni_DSM_1|167090|An15g05770m.01	jgi|Neucr_trp3_1|8808|Neucr2.NCU04822T0
OG0002141	jgi|Aspni_DSM_1|156977|An02g04530m.01	jgi|Sclsc1|12957|SS1G_05986T0
OG0002141	jgi|Aspni_DSM_1|156977|An02g04530m.01	jgi|Erypu1|2663|transcript_POS82746
OG0002141	jgi|Aspni_DSM_1|156977|An02g04530m.01	coassemb64_004547-T1
OG0002141	jgi|Aspni_DSM_1|156977|An02g04530m.01	jgi|PseVKM4520_1|9509|transcript_KFZ03151
OG0002141	jgi|Aspni_DSM_1|156977|An02g04530m.01	jgi|Fusgr1|4126|FGSG_03951T0, jgi|Fusgr1|10319|FGSG_08005T0
OG0002184	jgi|Aspni_DSM_1|159000|An04g03110m.01	coassemb76_009965-T1
OG0002211	jgi|Aspni_DSM_1|155098|An01g00340m.01	KAI9832189.1
OG0002211	jgi|Aspni_DSM_1|155098|An01g00340m.01	jgi|Altal1|923683|e_gw1.1.1854.1
OG0002211	jgi|Aspni_DSM_1|155098|An01g00340m.01	KAI9652259.1
OG0002211	jgi|Aspni_DSM_1|155098|An01g00340m.01	KAI9723533.1
OG0002211	jgi|Aspni_DSM_1|155098|An01g00340m.01	KAI9752123.1
OG0002211	jgi|Aspni_DSM_1|155098|An01g00340m.01	KAI9825109.1
OG0002211	jgi|Aspni_DSM_1|155098|An01g00340m.01	KAI9696437.1
OG0002211	jgi|Aspni_DSM_1|155098|An01g00340m.01	KAI9719627.1
OG0002211	jgi|Aspni_DSM_1|155098|An01g00340m.01	GTX0486b100_005711-T1
OG0002211	jgi|Aspni_DSM_1|155098|An01g00340m.01	jgi|Sclsc1|10276|SS1G_03305T0
OG0002211	jgi|Aspni_DSM_1|155098|An01g00340m.01	jgi|Erypu1|3781|transcript_POS86384
OG0002211	jgi|Aspni_DSM_1|155098|An01g00340m.01	jgi|Podan3|202831|mRNA_1659
OG0002211	jgi|Aspni_DSM_1|155098|An01g00340m.01	jgi|Fusgr1|326|FGSG_00257T0
OG0002211	jgi|Aspni_DSM_1|155098|An01g00340m.01	jgi|Neucr_trp3_1|2195|Neucr2.NCU00542T0
OG0002211	jgi|Aspni_DSM_1|155098|An01g00340m.01	jgi|PseVKM4520_1|9123|transcript_KFZ03595
OG0002211	jgi|Aspni_DSM_1|155098|An01g00340m.01	jgi|Ascim1|209496|e_gw1.37.69.1
OG0002211	jgi|Aspni_DSM_1|155098|An01g00340m.01	jgi|Morco1|537598|fgenesh1_kg.39_#_38_#_Locus6783v1rpkm14.04
OG0002211	jgi|Aspni_DSM_1|155098|An01g00340m.01	jgi|Artol1|9948|AOL_s00188g349m.01
OG0002211	jgi|Aspni_DSM_1|155098|An01g00340m.01	jgi|Monha1|8940|H072_9333m.01
OG0002211	jgi|Aspni_DSM_1|155098|An01g00340m.01	jgi|Aurpu_var_mel1|81334|gm1.1730_g
OG0002221	jgi|Aspni_DSM_1|157286|An02g07660m.01	jgi|Aurpu_var_mel1|54398|e_gw1.20.209.1
OG0002226	jgi|Aspni_DSM_1|160277|An07g00390m.01	jgi|Fusgr1|1996|FGSG_01733T0
OG0002226	jgi|Aspni_DSM_1|160277|An07g00390m.01	coassemb64_005395-T1
OG0002235	jgi|Aspni_DSM_1|157713|An02g11960m.01	jgi|EndpusZ1|4631|EPUS_02121T0
OG0002283	jgi|Aspni_DSM_1|161335|An08g00720m.01	jgi|Sclsc1|13646|SS1G_06675T0
OG0002345	jgi|Aspni_DSM_1|155790|An01g07470m.01	coassemb378_002074-T1
OG0002349	jgi|Aspni_DSM_1|160132|An06g01660m.01	jgi|Acastr1|122567|AST1_006589-RA
OG0002349	jgi|Aspni_DSM_1|160132|An06g01660m.01	jgi|Grascr1|958|GST1_006961-RA
OG0002367	jgi|Aspni_DSM_1|161622|An08g03600m.01	jgi|Fusgr1|5161|FGSG_12527T0
OG0002458	jgi|Aspni_DSM_1|155094|An01g00290m.01, jgi|Aspni_DSM_1|168257|An17g00430m.01	CAF9922504.1
OG0002458	jgi|Aspni_DSM_1|155094|An01g00290m.01, jgi|Aspni_DSM_1|168257|An17g00430m.01	jgi|Fonmu1|357|Z520_00358T0
OG0002459	jgi|Aspni_DSM_1|155543|An01g04990m.01	jgi|Grascr1|1927|GST1_006382-RA
OG0002488	jgi|Aspni_DSM_1|167482|An16g01840m.01	jgi|Acastr1|125060|AST1_002012-RA
OG0002537	jgi|Aspni_DSM_1|165266|An12g09640m.01, jgi|Aspni_DSM_1|163184|An10g00350m.01	jgi|Aurpu_var_mel1|81946|gm1.2342_g
OG0002575	jgi|Aspni_DSM_1|168349|An17g01350m.01	GTX0486b100_008436-T1
OG0002575	jgi|Aspni_DSM_1|168349|An17g01350m.01	GTX0494b19_000543-T1
OG0002630	jgi|Aspni_DSM_1|168702|An18g02580m.01, jgi|Aspni_DSM_1|168701|An18g02570m.01	jgi|Cocpo1_1|899|XM_003065851.1
OG0002630	jgi|Aspni_DSM_1|168702|An18g02580m.01, jgi|Aspni_DSM_1|168701|An18g02570m.01	jgi|Phach1|1947|rna1946
OG0002630	jgi|Aspni_DSM_1|168702|An18g02580m.01, jgi|Aspni_DSM_1|168701|An18g02570m.01	jgi|EndpusZ1|2614|EPUS_08132T0
OG0002630	jgi|Aspni_DSM_1|168702|An18g02580m.01, jgi|Aspni_DSM_1|168701|An18g02570m.01	KAJ9653456.1
OG0002630	jgi|Aspni_DSM_1|168702|An18g02580m.01, jgi|Aspni_DSM_1|168701|An18g02570m.01	KAI9702849.1
OG0002630	jgi|Aspni_DSM_1|168702|An18g02580m.01, jgi|Aspni_DSM_1|168701|An18g02570m.01	KAI9709659.1
OG0002630	jgi|Aspni_DSM_1|168702|An18g02580m.01, jgi|Aspni_DSM_1|168701|An18g02570m.01	GTX0486b100_003367-T1
OG0002630	jgi|Aspni_DSM_1|168702|An18g02580m.01, jgi|Aspni_DSM_1|168701|An18g02570m.01	jgi|Acastr1|121505|AST1_003847-RA
OG0002630	jgi|Aspni_DSM_1|168702|An18g02580m.01, jgi|Aspni_DSM_1|168701|An18g02570m.01	jgi|Claba1|135623|Z519_02486T0
OG0002630	jgi|Aspni_DSM_1|168702|An18g02580m.01, jgi|Aspni_DSM_1|168701|An18g02570m.01	KAI9671330.1
OG0002676	jgi|Aspni_DSM_1|159061|An04g03720m.01	KAI9831149.1
OG0002676	jgi|Aspni_DSM_1|159061|An04g03720m.01	coassemb376_003947-T1
OG0002682	jgi|Aspni_DSM_1|166755|An15g02320m.01	jgi|Erypu1|5639|transcript_POS81857
OG0002693	jgi|Aspni_DSM_1|162283|An08g10340m.01	coassemb376_007173-T1
OG0002705	jgi|Aspni_DSM_1|168950|An18g05110m.01	KAI4286705.1
OG0002738	jgi|Aspni_DSM_1|155888|An01g08470m.01	jgi|Monha1|1364|H072_1364m.01
OG0002760	jgi|Aspni_DSM_1|161412|An08g01480m.01	jgi|Monha1|5677|H072_5862m.01
OG0002761	jgi|Aspni_DSM_1|155792|An01g07490m.01	KAI9811108.1
OG0002761	jgi|Aspni_DSM_1|155792|An01g07490m.01	CAF9943260.1
OG0002761	jgi|Aspni_DSM_1|155792|An01g07490m.01	jgi|Clagr3|370|CLAGR_000362-RA
OG0002761	jgi|Aspni_DSM_1|155792|An01g07490m.01	coassemb376_004578-T1
OG0002761	jgi|Aspni_DSM_1|155792|An01g07490m.01	KAI4287423.1
OG0002761	jgi|Aspni_DSM_1|155792|An01g07490m.01	FUN_008878_T1_FUN_008878
OG0002761	jgi|Aspni_DSM_1|155792|An01g07490m.01	GTX0494b19_005040-T1
OG0002761	jgi|Aspni_DSM_1|155792|An01g07490m.01	KAI4103889.1
OG0002761	jgi|Aspni_DSM_1|155792|An01g07490m.01	KAI4229758.1
OG0002761	jgi|Aspni_DSM_1|155792|An01g07490m.01	KAI4224213.1
OG0002761	jgi|Aspni_DSM_1|155792|An01g07490m.01	KAI4105604.1
OG0002761	jgi|Aspni_DSM_1|155792|An01g07490m.01	jgi|Umbpus1|101591|LPUS_08313T0
OG0002761	jgi|Aspni_DSM_1|155792|An01g07490m.01	jgi|Acastr1|118701|AST1_008488-RA
OG0002761	jgi|Aspni_DSM_1|155792|An01g07490m.01	KAI9716445.1
OG0002761	jgi|Aspni_DSM_1|155792|An01g07490m.01	KAI9696585.1
OG0002761	jgi|Aspni_DSM_1|155792|An01g07490m.01	GTX0486b100_005193-T1
OG0002761	jgi|Aspni_DSM_1|155792|An01g07490m.01	KAI9840048.1
OG0002761	jgi|Aspni_DSM_1|155792|An01g07490m.01	jgi|Altal1|752394|CE752393_1212
OG0002761	jgi|Aspni_DSM_1|155792|An01g07490m.01	coassemb376_004577-T1
OG0002761	jgi|Aspni_DSM_1|155792|An01g07490m.01	coassemb376_004577-T1
OG0002761	jgi|Aspni_DSM_1|155792|An01g07490m.01	jgi|Aurpu_var_mel1|55873|e_gw1.23.206.1
OG0002761	jgi|Aspni_DSM_1|155792|An01g07490m.01	jgi|Morco1|28845|CE28844_897
OG0002764	jgi|Aspni_DSM_1|168011|An16g07260m.01	KAI9812097.1
OG0002764	jgi|Aspni_DSM_1|168011|An16g07260m.01	jgi|Ascim1|377009|estExt_fgenesh1_pg.C_420059
OG0002769	jgi|Aspni_DSM_1|162983|An09g05270m.01	KAI4232683.1
OG0002909	jgi|Aspni_DSM_1|159447|An04g07620m.01	GTX0494b19_005790-T1
OG0002915	jgi|Aspni_DSM_1|160016|An06g00430m.01	jgi|Grascr1|11245|GST1_005871-RA
OG0002915	jgi|Aspni_DSM_1|160016|An06g00430m.01	jgi|Podan3|210066|mRNA_8894
OG0002915	jgi|Aspni_DSM_1|160016|An06g00430m.01	KAJ9653342.1
OG0002915	jgi|Aspni_DSM_1|160016|An06g00430m.01	jgi|Clagr3|8243|CLAGR_009111-RA
OG0003033	jgi|Aspni_DSM_1|162009|An08g07480m.01	coassemb376_000483-T1
OG0003033	jgi|Aspni_DSM_1|162009|An08g07480m.01	CAF9937230.1
OG0003143	jgi|Aspni_DSM_1|163709|An11g04690m.01	jgi|Umbpus1|107139|LPUS_05391T0
OG0003143	jgi|Aspni_DSM_1|163709|An11g04690m.01	jgi|Acastr1|124091|AST1_005706-RA
OG0003143	jgi|Aspni_DSM_1|163709|An11g04690m.01	coassemb376_000274-T1
OG0003143	jgi|Aspni_DSM_1|163709|An11g04690m.01	KAI4229562.1
OG0003143	jgi|Aspni_DSM_1|163709|An11g04690m.01	KAI4110928.1
OG0003143	jgi|Aspni_DSM_1|163709|An11g04690m.01	FUN_004762_T1_FUN_004762
OG0003143	jgi|Aspni_DSM_1|163709|An11g04690m.01	GTX0494b19_001109-T1
OG0003143	jgi|Aspni_DSM_1|163709|An11g04690m.01	KAI4214998.1
OG0003143	jgi|Aspni_DSM_1|163709|An11g04690m.01	KAI4100291.1
OG0003143	jgi|Aspni_DSM_1|163709|An11g04690m.01	KAI4287444.1
OG0003143	jgi|Aspni_DSM_1|163709|An11g04690m.01	jgi|Clagr3|7167|CLAGR_006439-RA
OG0003143	jgi|Aspni_DSM_1|163709|An11g04690m.01	CAF9902866.1
OG0003143	jgi|Aspni_DSM_1|163709|An11g04690m.01	jgi|Phach1|6466|rna6465
OG0003143	jgi|Aspni_DSM_1|163709|An11g04690m.01	jgi|Dibbae1|7980|DIBA_000443-RA
OG0003255	jgi|Aspni_DSM_1|168992|An18g05570m.01	coassemb76_009234-T1
OG0003398	jgi|Aspni_DSM_1|156369|An01g13500m.01, jgi|Aspni_DSM_1|162237|An08g09830m.01, jgi|Aspni_DSM_1|157579|An02g10630m.01	jgi|Podan3|207063|mRNA_5891
OG0003398	jgi|Aspni_DSM_1|156369|An01g13500m.01, jgi|Aspni_DSM_1|162237|An08g09830m.01, jgi|Aspni_DSM_1|157579|An02g10630m.01	coassemb64_005159-T1
OG0003422	jgi|Aspni_DSM_1|157758|An02g12410m.01	jgi|Grascr1|6991|GST1_002829-RA
OG0003433	jgi|Aspni_DSM_1|161300|An08g00370m.01	XP_008712402.1
OG0003433	jgi|Aspni_DSM_1|161300|An08g00370m.01	jgi|Exoaq1|11004|A1O9_07373T0
OG0003437	jgi|Aspni_DSM_1|157888|An02g13680m.01	coassemb378_011328-T1
OG0003481	jgi|Aspni_DSM_1|157379|An02g08590m.01	KAI4261678.1
OG0003488	jgi|Aspni_DSM_1|157360|An02g08410m.01	jgi|Neucr_trp3_1|1223006|e_gw1.223.19.1
OG0003534	jgi|Aspni_DSM_1|169016|An18g05800m.01	KAI9724968.1
OG0003617	jgi|Aspni_DSM_1|156726|An02g01980m.01	CAF9906519.1
OG0003629	jgi|Aspni_DSM_1|155597|An01g05560m.01	coassemb376_000939-T1
OG0003689	jgi|Aspni_DSM_1|163027|An09g05700m.01	jgi|Clagr3|7431|CLAGR_007028-RA
OG0003739	jgi|Aspni_DSM_1|158941|An04g02510m.01	KAI4289387.1
OG0003752	jgi|Aspni_DSM_1|165400|An13g00080m.01	jgi|Umbpus1|101274|LPUS_08013T0
OG0003794	jgi|Aspni_DSM_1|160521|An07g02930m.01	KAI9817910.1
OG0003802	jgi|Aspni_DSM_1|166585|An15g00620m.01	jgi|Claba1|130454|Z519_08761T0
OG0003880	jgi|Aspni_DSM_1|167741|An16g04450m.01	jgi|Umbpus1|105574|LPUS_12582T0
OG0003907	jgi|Aspni_DSM_1|160727|An07g04990m.01	jgi|Fusgr1|5120|FGSG_03074T0
OG0003978	jgi|Aspni_DSM_1|165848|An14g00600m.01	CAF9943228.1
OG0003980	jgi|Aspni_DSM_1|157123|An02g06000m.01	coassemb76_006176-T1
OG0004009	jgi|Aspni_DSM_1|160775|An07g05500m.01	jgi|Exoaq1|6089|A1O9_11889T0
OG0004123	jgi|Aspni_DSM_1|158129|An03g01160m.01	jgi|Altal1|974968|estExt_Genewise1.C_310046
OG0004123	jgi|Aspni_DSM_1|158129|An03g01160m.01	jgi|Podan3|207988|mRNA_6816
OG0004123	jgi|Aspni_DSM_1|158129|An03g01160m.01	jgi|Neucr_trp3_1|1353382|MIX14304_10077_97
OG0004123	jgi|Aspni_DSM_1|158129|An03g01160m.01	jgi|Fusgr1|1960|FGSG_01702T0
OG0004123	jgi|Aspni_DSM_1|158129|An03g01160m.01	jgi|Sclsc1|10515|SS1G_03544T0
OG0004137	jgi|Aspni_DSM_1|163489|An11g02380m.01	jgi|EndpusZ1|7542|EPUS_07291T0
OG0004184	jgi|Aspni_DSM_1|164400|An12g00630m.01	FUN_008494_T1_FUN_008494
OG0004250	jgi|Aspni_DSM_1|165959|An14g01730m.01	jgi|Monha1|1644|H072_1644m.01
OG0004295	jgi|Aspni_DSM_1|155403|An01g03550m.01	jgi|Fusgr1|12290|FGSG_10627T0
OG0004308	jgi|Aspni_DSM_1|168886|An18g04410m.01	jgi|Fusgr1|12415|FGSG_13829T0
OG0004308	jgi|Aspni_DSM_1|168886|An18g04410m.01	jgi|Sclsc1|64|SS1G_00064T0
OG0004308	jgi|Aspni_DSM_1|159406|An04g07230m.01	KAI4222783.1
OG0004308	jgi|Aspni_DSM_1|159406|An04g07230m.01	FUN_002269_T1_FUN_002269
OG0004308	jgi|Aspni_DSM_1|159406|An04g07230m.01	GTX0494b19_000765-T1
OG0004308	jgi|Aspni_DSM_1|159406|An04g07230m.01	KAI4225626.1
OG0004308	jgi|Aspni_DSM_1|159406|An04g07230m.01	KAI4089614.1
OG0004308	jgi|Aspni_DSM_1|159406|An04g07230m.01	KAI4287360.1
OG0004308	jgi|Aspni_DSM_1|159406|An04g07230m.01	jgi|Clagr3|2268|CLAGR_001666-RA
OG0004308	jgi|Aspni_DSM_1|159406|An04g07230m.01	CAF9922138.1
OG0004308	jgi|Aspni_DSM_1|159406|An04g07230m.01	jgi|Erypu1|5089|transcript_POS85576
OG0004308	jgi|Aspni_DSM_1|159406|An04g07230m.01	jgi|Sclsc1|4829|SS1G_11285T0
OG0004308	jgi|Aspni_DSM_1|159406|An04g07230m.01	jgi|Grascr1|692|GST1_001405-RA
OG0004308	jgi|Aspni_DSM_1|159406|An04g07230m.01	jgi|Altal1|1059072|gm1.3307_g
OG0004308	jgi|Aspni_DSM_1|159406|An04g07230m.01	jgi|Aurpu_var_mel1|45778|e_gw1.7.682.1
OG0004308	jgi|Aspni_DSM_1|159406|An04g07230m.01	jgi|Penexp1|3549|PEXP_086730T0
OG0004308	jgi|Aspni_DSM_1|159406|An04g07230m.01	jgi|Fusgr1|12415|FGSG_13829T0
OG0004308	jgi|Aspni_DSM_1|159406|An04g07230m.01	jgi|Penexp1|3549|PEXP_086730T0
OG0004308	jgi|Aspni_DSM_1|159406|An04g07230m.01	jgi|Fusgr1|12415|FGSG_13829T0
OG0004318	jgi|Aspni_DSM_1|156919|An02g03960m.01	jgi|PseVKM4520_1|3541|transcript_KFZ14981
OG0004369	jgi|Aspni_DSM_1|156320|An01g13000m.01	jgi|Morco1|534707|fgenesh1_kg.17_#_43_#_Locus16834v1rpkm0.80
OG0004419	jgi|Aspni_DSM_1|161607|An08g03460m.01	jgi|Acastr1|121195|AST1_003133-RA
OG0004435	jgi|Aspni_DSM_1|166324|An14g05420m.01	GTX0486b100_006750-T1
OG0004487	jgi|Aspni_DSM_1|160684|An07g04570m.01	coassemb376_006342-T1
OG0004592	jgi|Aspni_DSM_1|164130|An11g09230m.01, jgi|Aspni_DSM_1|165548|An13g01590m.01	jgi|PseVKM4520_1|8017|transcript_KFZ24611
OG0004596	jgi|Aspni_DSM_1|157423|An02g09010m.01	jgi|Podan3|203261|mRNA_2089
OG0004596	jgi|Aspni_DSM_1|157423|An02g09010m.01	jgi|Phach1|1746|rna1745
OG0004683	jgi|Aspni_DSM_1|162435|An08g11890m.01	jgi|Podan3|206003|mRNA_4831
OG0004739	jgi|Aspni_DSM_1|160803|An07g05790m.01	jgi|Umbpus1|101492|LPUS_08193T0
OG0004760	jgi|Aspni_DSM_1|166458|An14g06760m.01	jgi|Artol1|5540|AOL_s00079g314m.01
OG0004795	jgi|Aspni_DSM_1|159869|An05g01490m.01	jgi|Claba1|139160|Z519_05692T0
OG0004821	jgi|Aspni_DSM_1|168677|An18g02320m.01	jgi|Grascr1|4948|GST1_010057-RA
OG0004821	jgi|Aspni_DSM_1|168677|An18g02320m.01	KAI4237317.1, KAI4236638.1
OG0004821	jgi|Aspni_DSM_1|168677|An18g02320m.01	KAI4289021.1
OG0004821	jgi|Aspni_DSM_1|168677|An18g02320m.01	KAI4228294.1, KAI4220695.1
OG0004821	jgi|Aspni_DSM_1|168677|An18g02320m.01	GTX0494b19_000875-T1
OG0004821	jgi|Aspni_DSM_1|168677|An18g02320m.01	jgi|Altal1|938903|e_gw1.14.108.1
OG0004821	jgi|Aspni_DSM_1|168677|An18g02320m.01	jgi|Acastr1|125605|AST1_005124-RA
OG0004821	jgi|Aspni_DSM_1|168677|An18g02320m.01	KAI9713351.1
OG0004821	jgi|Aspni_DSM_1|168677|An18g02320m.01	jgi|Acastr1|125605|AST1_005124-RA
OG0004821	jgi|Aspni_DSM_1|168677|An18g02320m.01	jgi|Sclsc1|4015|SS1G_10471T0, jgi|Sclsc1|4016|SS1G_10472T0
OG0004825	jgi|Aspni_DSM_1|158621|An03g06350m.01	KAI9665338.1
OG0004825	jgi|Aspni_DSM_1|158621|An03g06350m.01	KAI9718502.1
OG0004825	jgi|Aspni_DSM_1|158621|An03g06350m.01	jgi|Erypu1|3096|transcript_POS86709
OG0004825	jgi|Aspni_DSM_1|158621|An03g06350m.01	jgi|Altal1|1098047|estExt_Genemark1.C_200261
OG0004928	jgi|Aspni_DSM_1|165391|An12g10950m.01, jgi|Aspni_DSM_1|164542|An12g02070m.01	CAF9942232.1
OG0004951	jgi|Aspni_DSM_1|164239|An11g10330m.01	jgi|Acastr1|127638|AST1_004262-RA
OG0004993	jgi|Aspni_DSM_1|160798|An07g05740m.01	jgi|Altal1|1031803|fgenesh1_pm.12_#_140
OG0004993	jgi|Aspni_DSM_1|160798|An07g05740m.01	XP_008717457.1
OG0004993	jgi|Aspni_DSM_1|160798|An07g05740m.01	jgi|Fonmu1|10433|Z520_12300T0
OG0004993	jgi|Aspni_DSM_1|160798|An07g05740m.01	jgi|Claba1|127760|Z519_00141T0
OG0004993	jgi|Aspni_DSM_1|160798|An07g05740m.01	jgi|Capcor1|101219|A1O1_08407T0
OG0004993	jgi|Aspni_DSM_1|160798|An07g05740m.01	jgi|Exoaq1|5687|A1O9_03213T0
OG0004993	jgi|Aspni_DSM_1|160798|An07g05740m.01	coassemb76_006660-T1
OG0004993	jgi|Aspni_DSM_1|160798|An07g05740m.01	GTX0466b15_004046-T1
OG0004993	jgi|Aspni_DSM_1|160798|An07g05740m.01	KAJ9654643.1
OG0004993	jgi|Aspni_DSM_1|160798|An07g05740m.01	jgi|Acastr1|118757|AST1_006182-RA
OG0004993	jgi|Aspni_DSM_1|160798|An07g05740m.01	KAI9749636.1
OG0004993	jgi|Aspni_DSM_1|160798|An07g05740m.01	coassemb378_000392-T1
OG0004993	jgi|Aspni_DSM_1|160798|An07g05740m.01	KAI4283850.1
OG0004993	jgi|Aspni_DSM_1|160798|An07g05740m.01	KAI4101366.1
OG0004993	jgi|Aspni_DSM_1|160798|An07g05740m.01	FUN_007690_T1_FUN_007690
OG0004993	jgi|Aspni_DSM_1|160798|An07g05740m.01	KAI4226134.1
OG0004993	jgi|Aspni_DSM_1|160798|An07g05740m.01	CAF9943156.1
OG0004993	jgi|Aspni_DSM_1|160798|An07g05740m.01	KAI9662000.1
OG0004993	jgi|Aspni_DSM_1|160798|An07g05740m.01	KAI9826849.1
OG0004993	jgi|Aspni_DSM_1|160798|An07g05740m.01	GTX0486b100_008453-T1
OG0004993	jgi|Aspni_DSM_1|160798|An07g05740m.01	KAI9700461.1
OG0004993	jgi|Aspni_DSM_1|160798|An07g05740m.01	KAI9721427.1
OG0004993	jgi|Aspni_DSM_1|160798|An07g05740m.01	jgi|Grascr1|7747|GST1_002677-RA
OG0004993	jgi|Aspni_DSM_1|160798|An07g05740m.01	jgi|EndpusZ1|2861|EPUS_05535T0
OG0004993	jgi|Aspni_DSM_1|160798|An07g05740m.01	jgi|Umbpus1|102874|LPUS_09470T0
OG0004993	jgi|Aspni_DSM_1|160798|An07g05740m.01	jgi|Clagr3|4774|CLAGR_003570-RA
OG0004993	jgi|Aspni_DSM_1|160798|An07g05740m.01	jgi|Dibbae1|2263|DIBA_001390-RA
OG0004993	jgi|Aspni_DSM_1|160798|An07g05740m.01	KAI9833053.1
OG0005212	jgi|Aspni_DSM_1|165627|An13g02390m.01	jgi|Sclsc1|572|SS1G_00572T0
OG0005228	jgi|Aspni_DSM_1|163009|An09g05540m.01	jgi|Monha1|8323|H072_8618m.01
OG0005288	jgi|Aspni_DSM_1|157562|An02g10460m.01	KAJ9656546.1
OG0005312	jgi|Aspni_DSM_1|155718|An01g06770m.01	jgi|Altal1|1062038|gm1.6273_g
OG0005366	jgi|Aspni_DSM_1|155605|An01g05640m.01	KAI4231955.1
OG0005383	jgi|Aspni_DSM_1|157622|An02g11060m.01, jgi|Aspni_DSM_1|165537|An13g01480m.01	coassemb76_006220-T1
OG0005383	jgi|Aspni_DSM_1|157622|An02g11060m.01, jgi|Aspni_DSM_1|165537|An13g01480m.01	jgi|Exoaq1|3186|A1O9_10704T0
OG0005391	jgi|Aspni_DSM_1|169020|An18g05840m.01	jgi|Fonmu1|10502|Z520_12369T0
OG0005391	jgi|Aspni_DSM_1|162776|An09g03140m.01	jgi|Dibbae1|4539|DIBA_007694-RA
OG0005391	jgi|Aspni_DSM_1|162776|An09g03140m.01	jgi|Altal1|1029373|fgenesh1_pm.5_#_332
OG0005391	jgi|Aspni_DSM_1|162776|An09g03140m.01	jgi|Fusgr1|4227|FGSG_12365T0
OG0005391	jgi|Aspni_DSM_1|155726|An01g06850m.01	jgi|Grascr1|10170|GST1_012444-RA
OG0005391	jgi|Aspni_DSM_1|155726|An01g06850m.01	jgi|Dibbae1|11996|DIBA_005680-RA
OG0005391	jgi|Aspni_DSM_1|155726|An01g06850m.01	coassemb64_007576-T1
OG0005391	jgi|Aspni_DSM_1|155726|An01g06850m.01	jgi|Exoaq1|11652|A1O9_07988T0
OG0005391	jgi|Aspni_DSM_1|155726|An01g06850m.01	jgi|Claba1|137590|Z519_04117T0
OG0005421	jgi|Aspni_DSM_1|168159|An16g08760m.01	jgi|Acastr1|125559|AST1_002789-RA
OG0005425	jgi|Aspni_DSM_1|155642|An01g06000m.01	jgi|Phach1|1154|rna1153
OG0005451	jgi|Aspni_DSM_1|155364|An01g03140m.01	coassemb76_008141-T1
OG0005499	jgi|Aspni_DSM_1|162151|An08g08950m.01	jgi|Exoaq1|4779|A1O9_02298T0, jgi|Exoaq1|9599|A1O9_06029T0
OG0005575	jgi|Aspni_DSM_1|161719|An08g04560m.01	GTX0486b100_008370-T1
OG0005575	jgi|Aspni_DSM_1|161719|An08g04560m.01	KAI9653491.1
OG0005575	jgi|Aspni_DSM_1|161719|An08g04560m.01	KAI9831698.1
OG0005575	jgi|Aspni_DSM_1|161719|An08g04560m.01	KAI9813194.1
OG0005575	jgi|Aspni_DSM_1|161719|An08g04560m.01	jgi|Altal1|927042|e_gw1.2.825.1
OG0005575	jgi|Aspni_DSM_1|161719|An08g04560m.01	jgi|Aurpu_var_mel1|49835|e_gw1.12.561.1
OG0005575	jgi|Aspni_DSM_1|161719|An08g04560m.01	jgi|Dibbae1|12619|DIBA_003635-RA
OG0005575	jgi|Aspni_DSM_1|161719|An08g04560m.01	jgi|Clagr3|9374|CLAGR_009073-RA
OG0005575	jgi|Aspni_DSM_1|161719|An08g04560m.01	CAF9920045.1
OG0005575	jgi|Aspni_DSM_1|161719|An08g04560m.01	coassemb376_002205-T1
OG0005575	jgi|Aspni_DSM_1|161719|An08g04560m.01	KAI4288411.1
OG0005575	jgi|Aspni_DSM_1|161719|An08g04560m.01	KAI4109968.1
OG0005575	jgi|Aspni_DSM_1|161719|An08g04560m.01	KAI4207112.1
OG0005575	jgi|Aspni_DSM_1|161719|An08g04560m.01	KAI4099685.1
OG0005575	jgi|Aspni_DSM_1|161719|An08g04560m.01	FUN_003424_T1_FUN_003424, FUN_003423_T1_FUN_003423
OG0005575	jgi|Aspni_DSM_1|161719|An08g04560m.01	KAI4229136.1
OG0005575	jgi|Aspni_DSM_1|161719|An08g04560m.01	GTX0494b19_004944-T1
OG0005575	jgi|Aspni_DSM_1|161719|An08g04560m.01	jgi|Grascr1|7033|GST1_002871-RA
OG0005575	jgi|Aspni_DSM_1|161719|An08g04560m.01	jgi|Umbpus1|105287|LPUS_12188T0
OG0005575	jgi|Aspni_DSM_1|161719|An08g04560m.01	jgi|Fusgr1|11775|FGSG_10178T0
OG0005575	jgi|Aspni_DSM_1|161719|An08g04560m.01	jgi|Neucr_trp3_1|1271141|fgenesh1_pg.23_#_9
OG0005642	jgi|Aspni_DSM_1|169006|An18g05710m.01	jgi|Grascr1|5566|GST1_001888-RA
OG0005657	jgi|Aspni_DSM_1|166039|An14g02540m.01	jgi|Dibbae1|10027|DIBA_002947-RA
OG0005657	jgi|Aspni_DSM_1|166039|An14g02540m.01	jgi|Clagr3|11138|CLAGR_010750-RA
OG0005657	jgi|Aspni_DSM_1|166039|An14g02540m.01	jgi|Monha1|5041|H072_5147m.01
OG0005662	jgi|Aspni_DSM_1|156780|An02g02520m.01	KAI9719829.1
OG0005662	jgi|Aspni_DSM_1|156780|An02g02520m.01	jgi|Grascr1|2591|GST1_006896-RA
OG0005662	jgi|Aspni_DSM_1|156780|An02g02520m.01	CAF9941370.1
OG0005682	jgi|Aspni_DSM_1|165139|An12g08390m.01	jgi|Dibbae1|11879|DIBA_001053-RA
OG0005689	jgi|Aspni_DSM_1|155136|An01g00770m.01	coassemb76_009641-T1
OG0005816	jgi|Aspni_DSM_1|161497|An08g02360m.01	KAI4267027.1
OG0005825	jgi|Aspni_DSM_1|155430|An01g03820m.01	KAI9705914.1
OG0005829	jgi|Aspni_DSM_1|158666|An03g06800m.01	jgi|Fonmu1|3061|Z520_07697T0
OG0005850	jgi|Aspni_DSM_1|163316|An11g00630m.01	jgi|Clagr3|11036|CLAGR_010911-RA
OG0005867	jgi|Aspni_DSM_1|164333|An11g11270m.01	KAI4218542.1
OG0005877	jgi|Aspni_DSM_1|165734|An13g03490m.01	jgi|PseVKM4520_1|4243|transcript_KFZ13794
OG0005881	jgi|Aspni_DSM_1|161691|An08g04290m.01	jgi|Grascr1|7047|GST1_010577-RA
OG0005898	jgi|Aspni_DSM_1|162304|An08g10550m.01	KAI9723592.1
OG0005904	jgi|Aspni_DSM_1|155679|An01g06360m.01	jgi|PseVKM4520_1|5407|transcript_KFZ11491
OG0005921	jgi|Aspni_DSM_1|157453|An02g09340m.01	jgi|Monha1|9690|H072_10193m.01
OG0005962	jgi|Aspni_DSM_1|156812|An02g02850m.01	jgi|Fusgr1|10575|FGSG_13519T0
OG0005962	jgi|Aspni_DSM_1|156812|An02g02850m.01	jgi|Claba1|127924|Z519_00305T0
OG0005962	jgi|Aspni_DSM_1|156812|An02g02850m.01	jgi|Podan3|206720|mRNA_5548
OG0005978	jgi|Aspni_DSM_1|167208|An15g06960m.01, jgi|Aspni_DSM_1|166951|An15g04320m.01, jgi|Aspni_DSM_1|158263|An03g02560m.01	coassemb376_005815-T1
OG0006001	jgi|Aspni_DSM_1|157789|An02g12690m.01	jgi|Grascr1|7261|GST1_010884-RA
OG0006007	jgi|Aspni_DSM_1|164921|An12g06090m.01	jgi|Grascr1|3743|GST1_009768-RA
OG0006007	jgi|Aspni_DSM_1|164921|An12g06090m.01	jgi|Exoaq1|294|A1O9_00294T0
OG0006007	jgi|Aspni_DSM_1|164921|An12g06090m.01	coassemb76_006243-T1
OG0006007	jgi|Aspni_DSM_1|164921|An12g06090m.01	GTX0466b15_003325-T1
OG0006007	jgi|Aspni_DSM_1|164921|An12g06090m.01	XP_008714439.1
OG0006007	jgi|Aspni_DSM_1|164921|An12g06090m.01	CAF9940831.1
OG0006007	jgi|Aspni_DSM_1|164921|An12g06090m.01	jgi|Acastr1|120337|AST1_007005-RA
OG0006007	jgi|Aspni_DSM_1|164921|An12g06090m.01	KAI4106088.1
OG0006007	jgi|Aspni_DSM_1|164921|An12g06090m.01	jgi|Clagr3|2550|CLAGR_002521-RA
OG0006007	jgi|Aspni_DSM_1|164921|An12g06090m.01	KAI4220224.1
OG0006007	jgi|Aspni_DSM_1|164921|An12g06090m.01	GTX0494b19_002543-T1
OG0006007	jgi|Aspni_DSM_1|164921|An12g06090m.01	KAI4233785.1
OG0006007	jgi|Aspni_DSM_1|164921|An12g06090m.01	KAI4094564.1
OG0006007	jgi|Aspni_DSM_1|164921|An12g06090m.01	GTX0486b100_002446-T1
OG0006007	jgi|Aspni_DSM_1|164921|An12g06090m.01	FUN_010045_T1_FUN_010045
OG0006007	jgi|Aspni_DSM_1|164921|An12g06090m.01	coassemb376_007333-T1, coassemb376_006234-T1
OG0006007	jgi|Aspni_DSM_1|164921|An12g06090m.01	KAI4286741.1
OG0006180	jgi|Aspni_DSM_1|156315|An01g12950m.01	CAF9942121.1
OG0006180	jgi|Aspni_DSM_1|156315|An01g12950m.01	jgi|Artol1|335|AOL_s00004g334m.01
OG0006180	jgi|Aspni_DSM_1|156315|An01g12950m.01	jgi|Acastr1|124484|AST1_001611-RA
OG0006180	jgi|Aspni_DSM_1|156315|An01g12950m.01	KAI9658845.1
OG0006190	jgi|Aspni_DSM_1|165074|An12g07740m.01	jgi|Altal1|6868|CE6867_2937
OG0006269	jgi|Aspni_DSM_1|161639|An08g03770m.01	jgi|Podan3|208703|mRNA_7531
OG0006284	jgi|Aspni_DSM_1|156551|An02g00260m.01	jgi|Neucr_trp3_1|5464|Neucr2.NCU07945T0
OG0006284	jgi|Aspni_DSM_1|156551|An02g00260m.01	GTX0466b15_002938-T1
OG0006284	jgi|Aspni_DSM_1|156551|An02g00260m.01	jgi|Capcor1|98680|A1O1_05846T0
OG0006284	jgi|Aspni_DSM_1|156551|An02g00260m.01	KAJ9659625.1
OG0006312	jgi|Aspni_DSM_1|163470|An11g02190m.01	coassemb378_011409-T1
OG0006334	jgi|Aspni_DSM_1|164931|An12g06180m.01	KAI4214087.1, KAI4214629.1
OG0006334	jgi|Aspni_DSM_1|164931|An12g06180m.01	KAI4099077.1
OG0006334	jgi|Aspni_DSM_1|164931|An12g06180m.01	KAI4228582.1, KAI4212326.1
OG0006334	jgi|Aspni_DSM_1|164931|An12g06180m.01	FUN_005360_T1_FUN_005360, FUN_000977_T1_FUN_000977, FUN_009773_T1_FUN_009773
OG0006334	jgi|Aspni_DSM_1|164931|An12g06180m.01	GTX0494b19_004090-T1, GTX0494b19_006298-T1
OG0006334	jgi|Aspni_DSM_1|164931|An12g06180m.01	KAI4280080.1
OG0006334	jgi|Aspni_DSM_1|164931|An12g06180m.01	coassemb376_004757-T1, coassemb376_000538-T1, coassemb376_000537-T1
OG0006334	jgi|Aspni_DSM_1|164931|An12g06180m.01	jgi|Clagr3|3701|CLAGR_003906-RA
OG0006334	jgi|Aspni_DSM_1|164931|An12g06180m.01	CAF9928628.1
OG0006334	jgi|Aspni_DSM_1|164931|An12g06180m.01	coassemb76_001348-T1
OG0006375	jgi|Aspni_DSM_1|162147|An08g08910m.01	coassemb76_006523-T1
OG0006375	jgi|Aspni_DSM_1|162147|An08g08910m.01	XP_008719663.1
OG0006384	jgi|Aspni_DSM_1|156093|An01g10570m.01	XP_008719616.1
OG0006505	jgi|Aspni_DSM_1|165347|An12g10510m.01	jgi|Aurpu_var_mel1|70279|fgenesh1_pg.37_#_31
OG0006638	jgi|Aspni_DSM_1|158490|An03g04980m.01	jgi|Dibbae1|8770|DIBA_002263-RA
OG0006638	jgi|Aspni_DSM_1|158490|An03g04980m.01	jgi|Clagr3|6591|CLAGR_006304-RA
OG0006638	jgi|Aspni_DSM_1|158490|An03g04980m.01	jgi|Artol1|6195|AOL_s00081g25m.01
OG0006716	jgi|Aspni_DSM_1|159984|An06g00110m.01	jgi|Morco1|558143|estExt_fgenesh1_pm.C_170001, jgi|Morco1|475460|gw1.131.15.1
OG0006759	jgi|Aspni_DSM_1|161435|An08g01710m.01	CAF9925470.1
OG0006766	jgi|Aspni_DSM_1|164580|An12g02490m.01	jgi|Exoaq1|2630|A1O9_10154T0
OG0006768	jgi|Aspni_DSM_1|168247|An17g00330m.01	jgi|Fonmu1|6741|Z520_01951T0
OG0006884	jgi|Aspni_DSM_1|158180|An03g01670m.01	jgi|Grascr1|4683|GST1_007954-RA
OG0006958	jgi|Aspni_DSM_1|165733|An13g03480m.01, jgi|Aspni_DSM_1|168515|An18g00620m.01, jgi|Aspni_DSM_1|158567|An03g05770m.01	jgi|Exoaq1|2779|A1O9_10304T0
OG0007011	jgi|Aspni_DSM_1|168597|An18g01520m.01	jgi|Exoaq1|4101|A1O9_11624T0
OG0007083	jgi|Aspni_DSM_1|160019|An06g00470m.01	coassemb378_010436-T1
OG0007100	jgi|Aspni_DSM_1|162406|An08g11600m.01	jgi|Capcor1|97792|A1O1_04953T0
OG0007133	jgi|Aspni_DSM_1|158975|An04g02850m.01	coassemb64_006249-T1
OG0007215	jgi|Aspni_DSM_1|162669|An09g02090m.01	KAI9833200.1
OG0007215	jgi|Aspni_DSM_1|162669|An09g02090m.01	jgi|Acastr1|123300|AST1_002349-RA
OG0007215	jgi|Aspni_DSM_1|162669|An09g02090m.01	jgi|Umbpus1|104276|LPUS_01366T0
OG0007215	jgi|Aspni_DSM_1|162669|An09g02090m.01	coassemb378_007660-T1
OG0007215	jgi|Aspni_DSM_1|162669|An09g02090m.01	jgi|Exoaq1|8800|A1O9_05224T0
OG0007215	jgi|Aspni_DSM_1|162669|An09g02090m.01	coassemb76_008856-T1
OG0007215	jgi|Aspni_DSM_1|162669|An09g02090m.01	KAI9657864.1
OG0007215	jgi|Aspni_DSM_1|162669|An09g02090m.01	jgi|Grascr1|3609|GST1_008220-RA
OG0007215	jgi|Aspni_DSM_1|162669|An09g02090m.01	KAJ9651468.1
OG0007215	jgi|Aspni_DSM_1|162669|An09g02090m.01	jgi|EndpusZ1|5043|EPUS_09467T0, jgi|EndpusZ1|311|EPUS_04198T0
OG0007215	jgi|Aspni_DSM_1|162669|An09g02090m.01	jgi|Altal1|1032869|fgenesh1_pm.16_#_74
OG0007215	jgi|Aspni_DSM_1|162669|An09g02090m.01	jgi|Clagr3|3149|CLAGR_003245-RA, jgi|Clagr3|11258|CLAGR_011213-RA
OG0007290	jgi|Aspni_DSM_1|155456|An01g04100m.01	jgi|PseVKM4520_1|1308|transcript_KFZ19197
OG0007306	jgi|Aspni_DSM_1|166555|An15g00320m.01	jgi|Claba1|129356|Z519_07659T0
OG0007306	jgi|Aspni_DSM_1|166555|An15g00320m.01	KAJ9659601.1
OG0007306	jgi|Aspni_DSM_1|166555|An15g00320m.01	jgi|Exoaq1|11608|A1O9_07944T0
OG0007306	jgi|Aspni_DSM_1|160209|An06g02420m.01	jgi|Exoaq1|11608|A1O9_07944T0
OG0007306	jgi|Aspni_DSM_1|160209|An06g02420m.01	jgi|Exoaq1|11608|A1O9_07944T0
OG0007306	jgi|Aspni_DSM_1|160209|An06g02420m.01	jgi|Aurpu_var_mel1|37040|e_gw1.1.1566.1
OG0007306	jgi|Aspni_DSM_1|160209|An06g02420m.01	jgi|Capcor1|99514|A1O1_06686T0
OG0007306	jgi|Aspni_DSM_1|160209|An06g02420m.01	jgi|Altal1|1028146|fgenesh1_pm.3_#_37
OG0007306	jgi|Aspni_DSM_1|160209|An06g02420m.01	jgi|Morco1|495599|e_gw1.76.6.1
OG0007306	jgi|Aspni_DSM_1|160209|An06g02420m.01	jgi|PseVKM4520_1|11144|transcript_KFZ23267
OG0007306	jgi|Aspni_DSM_1|160209|An06g02420m.01	KAJ9659601.1
OG0007306	jgi|Aspni_DSM_1|160209|An06g02420m.01	KAJ9659601.1
OG0007306	jgi|Aspni_DSM_1|160209|An06g02420m.01	jgi|Fusgr1|4874|FGSG_03288T0
OG0007306	jgi|Aspni_DSM_1|160209|An06g02420m.01	coassemb64_007532-T1
OG0007306	jgi|Aspni_DSM_1|160209|An06g02420m.01	jgi|Claba1|129356|Z519_07659T0
OG0007306	jgi|Aspni_DSM_1|160209|An06g02420m.01	jgi|Claba1|129356|Z519_07659T0
OG0007327	jgi|Aspni_DSM_1|157493|An02g09790m.01	jgi|Phach1|2216|rna2215
OG0007357	jgi|Aspni_DSM_1|155190|An01g01340m.01	jgi|Morco1|515957|estExt_Genewise1Plus.C_3_t10073
OG0007413	jgi|Aspni_DSM_1|169124|An19g00010m.01	GTX0486b100_007795-T1
OG0007449	jgi|Aspni_DSM_1|164286|An11g10800m.01	coassemb64_005957-T1
OG0007562	jgi|Aspni_DSM_1|155296|An01g02420m.01	jgi|Claba1|127841|Z519_00222T0
OG0007756	jgi|Aspni_DSM_1|167139|An15g06270m.01	jgi|Dibbae1|3712|DIBA_008829-RA
OG0007763	jgi|Aspni_DSM_1|156541|An02g00160m.01	coassemb64_004753-T1
OG0007763	jgi|Aspni_DSM_1|156541|An02g00160m.01	KAI9755871.1
OG0007763	jgi|Aspni_DSM_1|156541|An02g00160m.01	jgi|Acastr1|124879|AST1_007445-RA
OG0007763	jgi|Aspni_DSM_1|156541|An02g00160m.01	jgi|Phach1|898|rna897
OG0007765	jgi|Aspni_DSM_1|159443|An04g07590m.01	jgi|Clagr3|6707|CLAGR_007851-RA
OG0007765	jgi|Aspni_DSM_1|159443|An04g07590m.01	CAF9939481.1, CAF9936938.1, CAF9936941.1, CAF9943677.1
OG0007765	jgi|Aspni_DSM_1|159443|An04g07590m.01	KAI9669306.1
OG0007765	jgi|Aspni_DSM_1|159443|An04g07590m.01	jgi|Grascr1|11772|GST1_005896-RA
OG0007775	jgi|Aspni_DSM_1|163938|An11g07120m.01	jgi|Monha1|4266|H072_4346m.01
OG0007956	jgi|Aspni_DSM_1|168849|An18g04060m.01	jgi|Clagr3|3886|CLAGR_003709-RA
OG0008382	jgi|Aspni_DSM_1|155810|An01g07680m.01, jgi|Aspni_DSM_1|163499|An11g02490m.01	jgi|Fusgr1|3400|FGSG_12222T0
OG0008446	jgi|Aspni_DSM_1|159504|An04g08210m.01	jgi|Fonmu1|4270|Z520_01255T0
OG0008650	jgi|Aspni_DSM_1|160365|An07g01310m.01	jgi|Exoaq1|2331|A1O9_09857T0
