Orthogroup	CAJPDR01_protein	Other
OG0000000	CAF9931851.1	jgi|Morco1|497695|e_gw1.273.4.1
OG0000000	CAF9931851.1	jgi|Fusgr1|11166|FGSG_09640T0
OG0000000	CAF9931851.1	jgi|Exoaq1|3558|A1O9_11078T0
OG0000000	CAF9931851.1	jgi|Exoaq1|3558|A1O9_11078T0
OG0000000	CAF9931851.1	jgi|Artol1|1393|AOL_s00007g141m.01
OG0000000	CAF9931851.1	jgi|Monha1|110|H072_110m.01
OG0000000	CAF9931851.1	GTX0486b100_006348-T1
OG0000000	CAF9931851.1	KAI9717630.1
OG0000000	CAF9931851.1	KAI9704748.1
OG0000000	CAF9931851.1	jgi|Acastr1|126451|AST1_001146-RA
OG0000000	CAF9914478.1	jgi|Clagr3|6472|CLAGR_006578-RA
OG0000000	CAF9919773.1	KAI4090072.1
OG0000000	CAF9919773.1	jgi|EndpusZ1|3758|EPUS_07130T0
OG0000002	CAF9928005.1	coassemb378_006986-T1, coassemb378_008971-T1
OG0000003	CAF9919938.1	jgi|Penexp1|7088|PEXP_076240T0
OG0000003	CAF9916706.1	KAI4232974.1
OG0000003	CAF9916706.1	jgi|Dibbae1|10627|DIBA_003191-RA
OG0000003	CAF9934595.1	jgi|Podan3|201333|mRNA_161
OG0000004	CAF9918867.1	jgi|Exoaq1|11121|A1O9_07456T0
OG0000004	CAF9942410.1	jgi|Claba1|133761|Z519_11161T0
OG0000010	CAF9907889.1	jgi|Dibbae1|129|DIBA_001266-RA
OG0000010	CAF9932876.1	KAJ9655585.1
OG0000010	CAF9932876.1	jgi|Fusgr1|8870|FGSG_07669T0
OG0000010	CAF9932876.1	jgi|Grascr1|5553|GST1_001875-RA
OG0000010	CAF9932876.1	jgi|Phach1|1644|rna1643
OG0000010	CAF9932876.1	jgi|EndpusZ1|4054|EPUS_04247T0
OG0000010	CAF9932876.1	jgi|Dibbae1|8258|DIBA_011790-RA
OG0000010	CAF9932876.1	jgi|Sclsc1|14098|SS1G_07127T0
OG0000010	CAF9932876.1	coassemb376_006395-T1
OG0000011	CAF9922512.1	jgi|EndpusZ1|5497|EPUS_00653T0
OG0000015	CAF9938701.1, CAF9912418.1, CAF9903076.1, CAF9930614.1	jgi|Penexp1|3668|PEXP_085500T0
OG0000015	CAF9938701.1, CAF9912418.1, CAF9903076.1, CAF9930614.1	jgi|Aspni_DSM_1|159833|An05g01120m.01, jgi|Aspni_DSM_1|163216|An10g00660m.01, jgi|Aspni_DSM_1|162661|An09g02000m.01
OG0000015	CAF9938701.1, CAF9912418.1, CAF9903076.1, CAF9930614.1	jgi|Cocpo1_1|2685|XM_003067638.1
OG0000015	CAF9904835.1	jgi|Aspni_DSM_1|166513|An14g07320m.01
OG0000015	CAF9904835.1	jgi|Penexp1|8498|PEXP_015910T0
OG0000015	CAF9911567.1	jgi|Monha1|7534|H072_7784m.01
OG0000016	CAF9903094.1	KAI9716702.1
OG0000016	CAF9903094.1	GTX0486b100_001164-T1, GTX0486b100_000790-T1, GTX0486b100_001165-T1
OG0000023	CAF9926024.1	KAI9823564.1
OG0000028	CAF9908997.1	jgi|EndpusZ1|2734|EPUS_05357T0
OG0000028	CAF9908997.1	jgi|Clagr3|10080|CLAGR_010254-RA, jgi|Clagr3|1368|CLAGR_001351-RA
OG0000028	CAF9908997.1	KAI4238828.1
OG0000028	CAF9908997.1	jgi|Artol1|9797|AOL_s00188g198m.01
OG0000028	CAF9908997.1	jgi|Morco1|496072|e_gw1.86.25.1
OG0000029	CAF9927304.1	coassemb64_007229-T1
OG0000033	CAF9931029.1, CAF9924089.1	jgi|Grascr1|7426|GST1_012003-RA
OG0000033	CAF9929393.1	jgi|Grascr1|7424|GST1_012001-RA
OG0000033	CAF9929393.1	coassemb378_000587-T1
OG0000033	CAF9919928.1	jgi|Exoaq1|1692|A1O9_01698T0
OG0000038	CAF9905151.1	jgi|Clagr3|736|CLAGR_000726-RA
OG0000038	CAF9928604.1	jgi|Dibbae1|6222|DIBA_009290-RA
OG0000040	CAF9943118.1	jgi|Capcor1|97361|A1O1_04519T0
OG0000044	CAF9943592.1	XP_008711242.1
OG0000045	CAF9929413.1	jgi|Claba1|134807|Z519_12214T0
OG0000048	CAF9941448.1	coassemb76_005968-T1
OG0000053	CAF9904081.1	jgi|EndpusZ1|7274|EPUS_09309T0
OG0000053	CAF9904081.1	jgi|Acastr1|126502|AST1_008987-RA
OG0000053	CAF9904081.1	jgi|Grascr1|3569|GST1_007852-RA
OG0000053	CAF9904081.1	jgi|Fusgr1|12249|FGSG_10588T0
OG0000053	CAF9904081.1	jgi|Ascim1|415189|fgenesh1_RNNotator_kg.41_#_21_#_Locus2400v1rpkm68.22
OG0000053	CAF9943101.1	jgi|Podan3|203414|mRNA_2242
OG0000057	CAF9906626.1	jgi|Exoaq1|5750|A1O9_03277T0
OG0000057	CAF9904471.1	KAI9718651.1
OG0000057	CAF9904471.1	KAI9655223.1
OG0000057	CAF9904471.1	jgi|Penexp1|3426|PEXP_085070T0
OG0000057	CAF9904471.1	jgi|Aspni_DSM_1|163958|An11g07350m.01, jgi|Aspni_DSM_1|163516|An11g02660m.01
OG0000057	CAF9904471.1	jgi|Aurpu_var_mel1|61498|fgenesh1_pg.1_#_100
OG0000057	CAF9904471.1	jgi|Altal1|1010816|fgenesh1_pg.16_#_151
OG0000057	CAF9904471.1	coassemb64_008291-T1
OG0000057	CAF9904471.1	jgi|Monha1|9026|H072_9451m.01
OG0000057	CAF9904471.1	GTX0466b15_005514-T1
OG0000057	CAF9904471.1	coassemb76_006709-T1, coassemb76_006455-T1
OG0000057	CAF9943061.1	jgi|Podan3|204746|mRNA_3574
OG0000057	CAF9943061.1	jgi|Fusgr1|4571|FGSG_03551T0
OG0000061	CAF9942433.1	jgi|Penexp1|1729|PEXP_074030T0
OG0000066	CAF9935667.1	jgi|Phach1|1394|rna1393
OG0000067	CAF9926558.1, CAF9907146.1, CAF9909513.1	jgi|Grascr1|1098|GST1_001155-RA, jgi|Grascr1|800|GST1_008971-RA
OG0000072	CAF9905512.1	jgi|Aspni_DSM_1|167721|An16g04250m.01
OG0000077	CAF9922583.1	GTX0486b100_001948-T1
OG0000080	CAF9943749.1	XP_008714722.1
OG0000080	CAF9935426.1	coassemb64_005049-T1
OG0000080	CAF9935426.1	KAJ9660192.1, KAJ9661015.1
OG0000080	CAF9935426.1	jgi|Capcor1|97199|A1O1_04355T0, jgi|Capcor1|100571|A1O1_07755T0
OG0000080	CAF9935426.1	jgi|Exoaq1|7991|A1O9_04524T0, jgi|Exoaq1|6583|A1O9_12385T0
OG0000080	CAF9935426.1	GTX0466b15_003310-T1
OG0000080	CAF9935426.1	coassemb76_002707-T1
OG0000080	CAF9935426.1	jgi|Fonmu1|6290|Z520_10103T0, jgi|Fonmu1|5387|Z520_09199T0
OG0000080	CAF9935426.1	XP_008714454.1
OG0000080	CAF9935426.1	jgi|Fusgr1|5154|FGSG_03045T0
OG0000080	CAF9935426.1	jgi|Claba1|129971|Z519_08278T0
OG0000080	CAF9935426.1	jgi|Umbpus1|103871|LPUS_10535T0
OG0000080	CAF9935426.1	GTX0486b100_008438-T1, GTX0486b100_008346-T1
OG0000080	CAF9935426.1	KAI9710810.1
OG0000080	CAF9935426.1	KAI9700292.1
OG0000101	CAF9934087.1, CAF9919950.1	jgi|Aspni_DSM_1|165047|An12g07490m.01
OG0000101	CAF9934087.1, CAF9919950.1	KAI9659590.1
OG0000101	CAF9919950.1	jgi|Neucr_trp3_1|9511|Neucr2.NCU05094T0
OG0000101	CAF9919950.1	jgi|Podan3|203070|mRNA_1898
OG0000101	CAF9918053.1	jgi|Aurpu_var_mel1|50542|e_gw1.13.237.1
OG0000101	CAF9918053.1	jgi|Fusgr1|10296|FGSG_08024T0
OG0000101	CAF9918053.1	coassemb378_009243-T1
OG0000101	CAF9918053.1	jgi|Altal1|333153|CE333152_17414
OG0000101	CAF9918053.1	KAI9727674.1
OG0000102	CAF9917151.1, CAF9943863.1	jgi|Dibbae1|8713|DIBA_011037-RA, jgi|Dibbae1|8716|DIBA_011040-RA, jgi|Dibbae1|6761|DIBA_002648-RA, jgi|Dibbae1|8789|DIBA_002282-RA
OG0000104	CAF9921432.1	jgi|Phach1|3066|rna3065
OG0000104	CAF9921432.1	jgi|Sclsc1|3954|SS1G_10410T0
OG0000104	CAF9921432.1	jgi|Neucr_trp3_1|6780|Neucr2.NCU05162T0
OG0000104	CAF9921432.1	jgi|Podan3|208139|mRNA_6967, jgi|Podan3|203752|mRNA_2580
OG0000104	CAF9921432.1	KAJ9650104.1
OG0000104	CAF9921432.1	jgi|EndpusZ1|6267|EPUS_05117T0
OG0000104	CAF9921432.1	jgi|PseVKM4520_1|407|transcript_KFZ20769
OG0000104	CAF9921432.1	jgi|Penexp1|123|PEXP_020780T0, jgi|Penexp1|8643|PEXP_013400T0
OG0000104	CAF9921432.1	coassemb378_009368-T1
OG0000104	CAF9921432.1	jgi|Artol1|10341|AOL_s00210g188m.01
OG0000104	CAF9921432.1	jgi|Monha1|1868|H072_1869m.01
OG0000112	CAF9937361.1	jgi|Exoaq1|6159|A1O9_11960T0
OG0000115	CAF9913506.1	jgi|Exoaq1|11438|A1O9_07774T0
OG0000115	CAF9913506.1	jgi|Clagr3|7930|CLAGR_008371-RA
OG0000117	CAF9927162.1	coassemb376_003880-T1
OG0000118	CAF9935311.1	jgi|EndpusZ1|1884|EPUS_03253T0
OG0000119	CAF9915930.1	jgi|Acastr1|126338|AST1_002427-RA
OG0000125	CAF9942596.1	jgi|Dibbae1|6490|DIBA_008349-RA
OG0000131	CAF9903819.1	KAI9653286.1
OG0000131	CAF9903819.1	jgi|Aurpu_var_mel1|63718|fgenesh1_pg.4_#_55, jgi|Aurpu_var_mel1|56530|e_gw1.24.372.1
OG0000146	CAF9919343.1, CAF9911781.1	jgi|Grascr1|714|GST1_007014-RA
OG0000146	CAF9919343.1, CAF9911781.1	coassemb378_003750-T1
OG0000151	CAF9928166.1	jgi|PseVKM4520_1|10168|transcript_KFZ24155
OG0000151	CAF9928166.1	KAI9719401.1
OG0000152	CAF9924211.1	jgi|Exoaq1|6157|A1O9_11958T0
OG0000160	CAF9906258.1	jgi|EndpusZ1|1203|EPUS_00014T0
OG0000160	CAF9906258.1	jgi|Fonmu1|8828|Z520_02903T0
OG0000160	CAF9906258.1	jgi|Altal1|938129|e_gw1.13.798.1
OG0000164	CAF9934066.1	jgi|Podan3|206414|mRNA_5242
OG0000165	CAF9910302.1	KAI9708569.1
OG0000169	CAF9911452.1	KAI4232071.1
OG0000169	CAF9904429.1	jgi|Penexp1|9251|PEXP_065540T0
OG0000170	CAF9909467.1	jgi|Penexp1|120|PEXP_020750T0
OG0000170	CAF9909467.1	jgi|Altal1|702313|CE702312_36332, jgi|Altal1|993239|estExt_Genewise1Plus.C_15_t20144
OG0000173	CAF9920614.1, CAF9913595.1	coassemb64_001760-T1
OG0000173	CAF9920614.1, CAF9913595.1	jgi|EndpusZ1|766|EPUS_01327T0, jgi|EndpusZ1|6019|EPUS_06714T0, jgi|EndpusZ1|1022|EPUS_04600T0
OG0000181	CAF9937712.1	KAI4105960.1
OG0000181	CAF9937712.1	KAI9704923.1
OG0000181	CAF9937712.1	KAI9717901.1
OG0000181	CAF9937712.1	jgi|Acastr1|123689|AST1_005557-RA
OG0000181	CAF9937712.1	coassemb376_000637-T1
OG0000181	CAF9937712.1	GTX0494b19_004653-T1
OG0000181	CAF9937712.1	KAI4220850.1
OG0000181	CAF9937712.1	KAI9747609.1
OG0000181	CAF9937712.1	coassemb378_009033-T1
OG0000181	CAF9937712.1	KAI4211994.1
OG0000181	CAF9937712.1	KAI4107235.1
OG0000181	CAF9937712.1	FUN_008621_T3_FUN_008621, FUN_008621_T2_FUN_008621, FUN_008621_T1_FUN_008621
OG0000181	CAF9937712.1	KAI9838876.1
OG0000181	CAF9937712.1	jgi|Dibbae1|3615|DIBA_007539-RA
OG0000181	CAF9937712.1	jgi|Fonmu1|11781|Z520_04986T0
OG0000181	CAF9937712.1	jgi|Fonmu1|11781|Z520_04986T0
OG0000181	CAF9940809.1	coassemb378_005990-T1
OG0000189	CAF9938336.1, CAF9937390.1	KAI4109235.1
OG0000193	CAF9907581.1	jgi|Claba1|136698|Z519_03230T0
OG0000201	CAF9916273.1, CAF9928067.1	coassemb378_001789-T1
OG0000206	CAF9931523.1	jgi|Penexp1|3673|PEXP_041520T0
OG0000213	CAF9907853.1	jgi|Claba1|136825|Z519_03359T0
OG0000216	CAF9943637.1	jgi|Cocpo1_1|6066|XM_003071019.1
OG0000235	CAF9919127.1	jgi|Penexp1|8796|PEXP_015100T0
OG0000235	CAF9932186.1	jgi|Penexp1|8163|PEXP_075040T0
OG0000238	CAF9908894.1	jgi|Fusgr1|3901|FGSG_04143T0
OG0000238	CAF9929659.1	jgi|Altal1|2778|CE2777_3532
OG0000238	CAF9929659.1	jgi|Artol1|7140|AOL_s00091g31m.01
OG0000238	CAF9943852.1	jgi|Aurpu_var_mel1|49698|e_gw1.11.49.1
OG0000238	CAF9943852.1	jgi|Altal1|1057710|gm1.1945_g
OG0000239	CAF9910308.1	jgi|Capcor1|94518|A1O1_01656T0
OG0000250	CAF9906798.1	KAI9712898.1
OG0000253	CAF9904997.1	GTX0466b15_004827-T1
OG0000253	CAF9904997.1	XP_008717279.1
OG0000259	CAF9931021.1	jgi|Exoaq1|9275|A1O9_05702T0
OG0000262	CAF9934213.1	coassemb376_006722-T1
OG0000264	CAF9915243.1	jgi|Aurpu_var_mel1|77967|fgenesh1_pm.23_#_145
OG0000264	CAF9915243.1	KAI9725407.1
OG0000264	CAF9915243.1	KAI9816358.1
OG0000264	CAF9915243.1	GTX0486b100_000953-T1
OG0000264	CAF9915243.1	KAI9717395.1
OG0000264	CAF9915243.1	KAI9707289.1
OG0000264	CAF9915243.1	KAI9756027.1
OG0000264	CAF9915243.1	jgi|Umbpus1|100614|LPUS_02523T0
OG0000264	CAF9915243.1	jgi|Altal1|1057147|gm1.1382_g, jgi|Altal1|1030782|fgenesh1_pm.9_#_197
OG0000264	CAF9915243.1	jgi|PseVKM4520_1|10267|transcript_KFZ24075
OG0000264	CAF9915243.1	jgi|Grascr1|718|GST1_007018-RA
OG0000264	CAF9915243.1	KAI4098825.1
OG0000264	CAF9915243.1	jgi|Dibbae1|1188|DIBA_008948-RA
OG0000264	CAF9939886.1	jgi|Exoaq1|3970|A1O9_11492T0
OG0000264	CAF9939886.1	jgi|Grascr1|467|GST1_006106-RA
OG0000279	CAF9943183.1, CAF9927082.1	jgi|Neucr_trp3_1|6469|Neucr2.NCU06980T0
OG0000286	CAF9906966.1	jgi|Fonmu1|5538|Z520_09351T0
OG0000293	CAF9918893.1	coassemb378_002291-T1
OG0000295	CAF9913863.1	jgi|Morco1|606068|estExt_Genemark1.C_280061
OG0000295	CAF9913863.1	jgi|Monha1|99|H072_99m.01, jgi|Monha1|8731|H072_9064m.01
OG0000311	CAF9932321.1	jgi|Penexp1|9779|PEXP_098470T0
OG0000313	CAF9919496.1	coassemb76_010026-T1
OG0000314	CAF9911982.1	jgi|Exoaq1|12012|A1O9_08328T0
OG0000315	CAF9907348.1	jgi|Penexp1|2729|PEXP_108930T0
OG0000315	CAF9907348.1	jgi|Cocpo1_1|4194|XM_003069147.1
OG0000317	CAF9936339.1	jgi|Sclsc1|1845|SS1G_08301T0
OG0000317	CAF9936339.1	GTX0486b100_006784-T1
OG0000325	CAF9936107.1	coassemb76_006608-T1
OG0000331	CAF9943218.1	jgi|Aspni_DSM_1|165381|An12g10850m.01
OG0000337	CAF9938348.1	coassemb64_001600-T1
OG0000337	CAF9938348.1	jgi|Capcor1|101114|A1O1_08302T0
OG0000342	CAF9911252.1	jgi|Ascim1|123924|CE123923_1326
OG0000358	CAF9942250.1	coassemb378_004060-T1
OG0000358	CAF9942250.1	KAI9830616.1
OG0000358	CAF9942250.1	KAI9815352.1
OG0000358	CAF9942250.1	KAI9749658.1
OG0000358	CAF9942250.1	KAI4232896.1
OG0000358	CAF9942250.1	KAI4223485.1
OG0000358	CAF9942250.1	KAI4097039.1
OG0000358	CAF9942250.1	GTX0494b19_005081-T1
OG0000358	CAF9942250.1	FUN_002973_T1_FUN_002973
OG0000358	CAF9942250.1	KAI4289687.1
OG0000358	CAF9942250.1	KAI4108209.1
OG0000358	CAF9942250.1	jgi|Acastr1|119956|AST1_005590-RA
OG0000360	CAF9925497.1	jgi|Dibbae1|7507|DIBA_010463-RA
OG0000372	CAF9938290.1	jgi|EndpusZ1|4056|EPUS_04249T0
OG0000372	CAF9938290.1	jgi|Penexp1|2427|PEXP_052820T0
OG0000391	CAF9909921.1, CAF9919793.1	jgi|Grascr1|5827|GST1_011412-RA
OG0000395	CAF9909406.1	jgi|EndpusZ1|4681|EPUS_02171T0
OG0000401	CAF9909356.1	jgi|Monha1|4268|H072_4348m.01
OG0000403	CAF9905332.1	KAI4106904.1
OG0000412	CAF9922339.1	jgi|Aspni_DSM_1|158967|An04g02770m.01
OG0000415	CAF9941181.1	coassemb378_010623-T1
OG0000428	CAF9943009.1	KAI9826689.1
OG0000449	CAF9903795.1	jgi|Phach1|5155|rna5154
OG0000449	CAF9903795.1	KAI9706682.1
OG0000449	CAF9903795.1	GTX0486b100_003185-T1
OG0000449	CAF9903795.1	KAI9715269.1
OG0000449	CAF9903795.1	jgi|Umbpus1|105669|LPUS_03682T0
OG0000449	CAF9903795.1	KAI9831804.1
OG0000449	CAF9903795.1	FUN_002310_T1_FUN_002310
OG0000449	CAF9903795.1	GTX0494b19_007595-T1
OG0000449	CAF9903795.1	KAI4233783.1
OG0000449	CAF9903795.1	KAI4101232.1
OG0000449	CAF9903795.1	KAI4227670.1
OG0000449	CAF9903795.1	KAI4104756.1
OG0000449	CAF9903795.1	jgi|Acastr1|122089|AST1_007506-RA
OG0000458	CAF9938046.1	jgi|Acastr1|127156|AST1_005378-RA
OG0000458	CAF9938046.1	KAI9662039.1
OG0000458	CAF9927989.1	jgi|Clagr3|609|CLAGR_000600-RA
OG0000458	CAF9927989.1	jgi|Sclsc1|10120|SS1G_03148T0
OG0000458	CAF9927989.1	jgi|PseVKM4520_1|8352|transcript_KFZ04431
OG0000458	CAF9927989.1	jgi|Acastr1|127111|AST1_003947-RA
OG0000458	CAF9927989.1	jgi|Clagr3|609|CLAGR_000600-RA
OG0000458	CAF9927989.1	GTX0486b100_007608-T1
OG0000458	CAF9927989.1	KAI9700079.1
OG0000458	CAF9927989.1	KAI9717122.1
OG0000462	CAF9922946.1	jgi|PseVKM4520_1|9164|transcript_KFZ03549
OG0000470	CAF9915761.1	jgi|Dibbae1|10473|DIBA_003839-RA
OG0000470	CAF9915761.1	coassemb378_000568-T1, coassemb378_007097-T1
OG0000470	CAF9915761.1	jgi|Grascr1|4741|GST1_002317-RA, jgi|Grascr1|1190|GST1_008517-RA
OG0000470	CAF9915761.1	jgi|PseVKM4520_1|428|transcript_KFZ20751, jgi|PseVKM4520_1|11251|transcript_KFZ23171, jgi|PseVKM4520_1|11249|transcript_KFZ23173, jgi|PseVKM4520_1|9838|transcript_KFZ02789, jgi|PseVKM4520_1|11268|transcript_KFZ23155
OG0000470	CAF9915761.1	jgi|Aspni_DSM_1|159986|An06g00130m.01
OG0000470	CAF9915761.1	jgi|Neucr_trp3_1|9687|Neucr2.NCU09447T0
OG0000470	CAF9915761.1	jgi|Sclsc1|6296|SS1G_01797T0
OG0000470	CAF9915761.1	jgi|Phach1|2717|rna2716
OG0000470	CAF9915761.1	jgi|Phach1|2717|rna2716
OG0000470	CAF9915761.1	coassemb376_003359-T1
OG0000470	CAF9915761.1	KAI4098143.1
OG0000470	CAF9915761.1	KAI4228028.1
OG0000470	CAF9915761.1	KAI4093323.1
OG0000470	CAF9915761.1	GTX0494b19_006614-T1
OG0000470	CAF9915761.1	KAI4217953.1, KAI4231118.1
OG0000470	CAF9915761.1	FUN_005055_T1_FUN_005055
OG0000470	CAF9915761.1	KAI4287574.1, KAI4286449.1
OG0000470	CAF9915761.1	jgi|Umbpus1|99506|LPUS_01778T0
OG0000470	CAF9915761.1	jgi|Acastr1|126273|AST1_008795-RA
OG0000488	CAF9918378.1	XP_008721379.1
OG0000500	CAF9943209.1, CAF9923958.1	jgi|Altal1|1059105|gm1.3340_g, jgi|Altal1|308412|CE308411_180
OG0000523	CAF9943121.1	jgi|Claba1|132707|Z519_01185T0
OG0000525	CAF9916816.1, CAF9917101.1	jgi|Penexp1|8547|PEXP_070070T0
OG0000525	CAF9916816.1, CAF9917101.1	jgi|Altal1|986667|estExt_Genewise1Plus.C_8_t10153
OG0000525	CAF9916816.1, CAF9917101.1	jgi|Sclsc1|9153|SS1G_02568T0
OG0000570	CAF9916146.1	KAJ9664369.1
OG0000599	CAF9927897.1	jgi|Claba1|133694|Z519_11094T0
OG0000599	CAF9927897.1	jgi|Exoaq1|7285|A1O9_03815T0
OG0000615	CAF9926602.1	jgi|Monha1|6370|H072_6578m.01
OG0000615	CAF9926602.1	jgi|Artol1|5714|AOL_s00079g488m.01
OG0000615	CAF9926602.1	jgi|Ascim1|415517|fgenesh1_RNNotator_kg.47_#_20_#_Locus6217v1rpkm18.63, jgi|Ascim1|307460|fgenesh1_pg.44_#_70
OG0000615	CAF9926602.1	jgi|Morco1|535643|fgenesh1_kg.22_#_155_#_Locus2452v1rpkm69.51
OG0000615	CAF9926602.1	jgi|Altal1|1020166|fgenesh1_kg.9_#_430_#_Locus3512v1rpkm40.36
OG0000615	CAF9926602.1	jgi|Aurpu_var_mel1|76101|fgenesh1_pm.13_#_150
OG0000615	CAF9926602.1	KAI9723882.1
OG0000615	CAF9926602.1	KAI9659167.1
OG0000615	CAF9926602.1	jgi|Aspni_DSM_1|168415|An17g02030m.01
OG0000615	CAF9926602.1	jgi|Penexp1|9927|PEXP_016500T0
OG0000615	CAF9926602.1	jgi|Cocpo1_1|4575|XM_003069528.1
OG0000615	CAF9926602.1	coassemb64_000536-T1
OG0000615	CAF9926602.1	jgi|Exoaq1|4979|A1O9_02501T0
OG0000615	CAF9926602.1	jgi|Claba1|127735|Z519_00116T0
OG0000615	CAF9926602.1	jgi|Fonmu1|6126|Z520_09939T0
OG0000615	CAF9926602.1	jgi|Capcor1|101472|A1O1_08664T0
OG0000615	CAF9926602.1	KAJ9663553.1
OG0000615	CAF9926602.1	XP_008717678.1
OG0000615	CAF9926602.1	coassemb76_002592-T1
OG0000615	CAF9926602.1	jgi|EndpusZ1|3668|EPUS_06552T0
OG0000615	CAF9926602.1	coassemb378_005527-T1
OG0000615	CAF9926602.1	jgi|Grascr1|9678|GST1_004923-RA
OG0000615	CAF9926602.1	KAI9824755.1
OG0000615	CAF9926602.1	KAI9749556.1
OG0000615	CAF9926602.1	KAI9837495.1
OG0000615	CAF9926602.1	jgi|Dibbae1|61|DIBA_000187-RA
OG0000615	CAF9926602.1	jgi|Acastr1|122013|AST1_007974-RA
OG0000615	CAF9926602.1	jgi|Umbpus1|103469|LPUS_10081T0
OG0000615	CAF9926602.1	coassemb376_003921-T1
OG0000615	CAF9926602.1	GTX0486b100_007077-T1
OG0000615	CAF9926602.1	KAI9700312.1
OG0000615	CAF9926602.1	KAI9721575.1
OG0000615	CAF9926602.1	KAI4088895.1
OG0000615	CAF9926602.1	KAI4222862.1
OG0000615	CAF9926602.1	KAI4236604.1
OG0000615	CAF9926602.1	FUN_007919_T1_FUN_007919
OG0000615	CAF9926602.1	GTX0494b19_003787-T1
OG0000615	CAF9926602.1	KAI4092703.1
OG0000615	CAF9926602.1	KAI4264077.1
OG0000620	CAF9924105.1	jgi|Aspni_DSM_1|163229|An10g00820m.01
OG0000620	CAF9924105.1	jgi|Penexp1|6433|PEXP_101220T0
OG0000620	CAF9924105.1	jgi|Dibbae1|6025|DIBA_000067-RA
OG0000620	CAF9924105.1	jgi|Sclsc1|1762|SS1G_08218T0
OG0000620	CAF9924105.1	KAI9662100.1
OG0000620	CAF9924105.1	jgi|Acastr1|126465|AST1_001160-RA, jgi|Acastr1|124645|AST1_004202-RA
OG0000620	CAF9924105.1	jgi|Grascr1|8905|GST1_012282-RA
OG0000620	CAF9924105.1	coassemb376_002221-T1
OG0000620	CAF9924105.1	coassemb376_002221-T1
OG0000620	CAF9924105.1	KAI4094177.1
OG0000620	CAF9924105.1	GTX0494b19_000293-T1
OG0000620	CAF9924105.1	FUN_004052_T1_FUN_004052
OG0000620	CAF9924105.1	KAI4221012.1
OG0000620	CAF9924105.1	KAI4227495.1
OG0000620	CAF9924105.1	KAI4094332.1
OG0000620	CAF9924105.1	KAI4288469.1
OG0000620	CAF9924105.1	KAI9716725.1
OG0000621	CAF9904326.1	KAI4090739.1
OG0000621	CAF9904326.1	KAI4226331.1
OG0000621	CAF9904326.1	FUN_006316_T1_FUN_006316
OG0000621	CAF9904326.1	GTX0494b19_006350-T1
OG0000621	CAF9904326.1	KAI4218202.1
OG0000621	CAF9904326.1	coassemb376_001196-T1
OG0000621	CAF9904326.1	KAI4269824.1
OG0000621	CAF9904326.1	coassemb76_008636-T1
OG0000621	CAF9904326.1	GTX0466b15_008793-T1
OG0000635	CAF9943021.1	coassemb76_005142-T1, coassemb76_002157-T1
OG0000635	CAF9943021.1	jgi|Exoaq1|10496|A1O9_06864T0
OG0000641	CAF9931073.1	jgi|Dibbae1|2318|DIBA_005645-RA
OG0000641	CAF9931073.1	jgi|Claba1|139382|Z519_05914T0
OG0000641	CAF9931073.1	jgi|Capcor1|98816|A1O1_05984T0
OG0000641	CAF9931073.1	jgi|Amamu1|166864|fgenesh1_kg.63_#_8_#_Locus15401v1rpkm4.13
OG0000648	CAF9942271.1, CAF9919367.1	coassemb76_003566-T1
OG0000654	CAF9925568.1	coassemb64_005016-T1
OG0000654	CAF9925568.1	coassemb76_006623-T1
OG0000654	CAF9925568.1	jgi|Exoaq1|12309|A1O9_08604T0, jgi|Exoaq1|12818|A1O9_09103T0
OG0000668	CAF9943394.1	jgi|Aspni_DSM_1|162743|An09g02830m.01
OG0000692	CAF9943570.1	XP_008718180.1
OG0000693	CAF9916800.1	KAJ9663676.1, KAJ9657228.1
OG0000696	CAF9906726.1	jgi|Altal1|1019116|fgenesh1_kg.7_#_251_#_Locus2570v1rpkm58.59
OG0000698	CAF9911635.1	jgi|Aurpu_var_mel1|68258|fgenesh1_pg.20_#_96
OG0000713	CAF9921443.1	coassemb378_007793-T1
OG0000713	CAF9921443.1	coassemb376_002469-T1
OG0000721	CAF9942363.1	coassemb76_005366-T1
OG0000742	CAF9926422.1	KAJ9663078.1
OG0000742	CAF9912950.1	jgi|Altal1|995685|estExt_Genewise1Plus.C_19_t10297
OG0000742	CAF9912950.1	coassemb76_007524-T1
OG0000742	CAF9912950.1	GTX0466b15_008584-T1, GTX0466b15_000733-T1
OG0000742	CAF9912950.1	XP_008713431.1
OG0000742	CAF9912950.1	jgi|Capcor1|97975|A1O1_05139T0, jgi|Capcor1|94182|A1O1_01319T0
OG0000742	CAF9912950.1	coassemb64_002462-T1
OG0000742	CAF9912950.1	jgi|Exoaq1|7865|A1O9_04396T0
OG0000742	CAF9912950.1	jgi|Claba1|137640|Z519_04167T0, jgi|Claba1|132671|Z519_01149T0
OG0000742	CAF9912950.1	jgi|Fonmu1|227|Z520_00228T0
OG0000742	CAF9912950.1	KAJ9658491.1, KAJ9660770.1
OG0000742	CAF9912950.1	jgi|Aspni_DSM_1|163825|An11g05910m.01
OG0000742	CAF9912950.1	jgi|Grascr1|11079|GST1_004066-RA
OG0000742	CAF9912950.1	jgi|Aurpu_var_mel1|73409|fgenesh1_pm.4_#_449
OG0000742	CAF9912950.1	KAI9727636.1
OG0000745	CAF9921076.1	jgi|Penexp1|3667|PEXP_085490T0
OG0000745	CAF9921076.1	jgi|Aspni_DSM_1|162662|An09g02010m.01
OG0000770	CAF9929020.1	jgi|Aspni_DSM_1|156861|An02g03380m.01
OG0000772	CAF9912694.1	jgi|Fonmu1|3937|Z520_08574T0
OG0000772	CAF9916536.1	jgi|Exoaq1|7458|A1O9_03989T0
OG0000774	CAF9910150.1	jgi|Dibbae1|1063|DIBA_004908-RA
OG0000775	CAF9941671.1	jgi|Aspni_DSM_1|166516|An14g07350m.01
OG0000780	CAF9915938.1	coassemb64_008147-T1
OG0000792	CAF9927144.1	jgi|Fusgr1|5336|FGSG_02884T0
OG0000793	CAF9911075.1	coassemb378_010898-T1
OG0000796	CAF9939831.1	coassemb376_002365-T1
OG0000796	CAF9939831.1	coassemb378_011515-T1
OG0000814	CAF9935020.1	jgi|Exoaq1|12903|A1O9_09188T0
OG0000814	CAF9935020.1	jgi|Fonmu1|6321|Z520_10134T0
OG0000814	CAF9935020.1	jgi|Claba1|139814|Z519_06346T0
OG0000814	CAF9935020.1	jgi|Capcor1|94819|A1O1_01957T0
OG0000814	CAF9935020.1	coassemb64_005638-T1, coassemb64_005278-T1
OG0000814	CAF9935020.1	KAJ9653048.1
OG0000814	CAF9935020.1	GTX0466b15_002429-T1, GTX0466b15_008915-T1
OG0000814	CAF9935020.1	XP_008714177.1
OG0000814	CAF9935020.1	coassemb76_008954-T1
OG0000814	CAF9935020.1	jgi|Umbpus1|107364|LPUS_05585T0
OG0000823	CAF9926212.1	coassemb76_009583-T1
OG0000891	CAF9922458.1	jgi|Exoaq1|4058|A1O9_11580T0
OG0000891	CAF9922458.1	GTX0466b15_009377-T1, GTX0466b15_006137-T1
OG0000894	CAF9915155.1	KAJ9662613.1, KAJ9658160.1, KAJ9654031.1
OG0000900	CAF9915549.1	jgi|Fusgr1|3783|FGSG_04250T0
OG0000906	CAF9930826.1	FUN_001914_T1_FUN_001914
OG0000906	CAF9930826.1	GTX0494b19_004696-T1
OG0000906	CAF9930826.1	KAI4105748.1
OG0000906	CAF9930826.1	KAI4222176.1
OG0000906	CAF9930826.1	KAI4224685.1
OG0000906	CAF9930826.1	jgi|Umbpus1|100777|LPUS_07466T0
OG0000906	CAF9930826.1	jgi|Neucr_trp3_1|2355|Neucr2.NCU02941T0
OG0000906	CAF9930826.1	jgi|Podan3|201855|mRNA_683
OG0000906	CAF9930826.1	jgi|PseVKM4520_1|2413|transcript_KFZ17028
OG0000909	CAF9910127.1	jgi|Penexp1|7694|PEXP_006740T0
OG0000922	CAF9943082.1	GTX0494b19_000148-T1
OG0000928	CAF9916225.1	KAJ9654449.1
OG0000928	CAF9924993.1	jgi|Monha1|1976|H072_1977m.01
OG0000928	CAF9924993.1	jgi|Artol1|3154|AOL_s00054g487m.01
OG0000928	CAF9924993.1	jgi|Morco1|538561|fgenesh1_kg.48_#_123_#_Locus5578v2rpkm8.24
OG0000928	CAF9924993.1	jgi|Aurpu_var_mel1|73014|fgenesh1_pm.4_#_54
OG0000928	CAF9924993.1	KAI9838039.1
OG0000928	CAF9924993.1	jgi|Altal1|487727|CE487726_6408
OG0000928	CAF9924993.1	jgi|Neucr_trp3_1|3652|Neucr2.NCU08425T0
OG0000928	CAF9924993.1	jgi|Podan3|206537|mRNA_5365
OG0000928	CAF9924993.1	jgi|Phach1|4497|rna4496
OG0000928	CAF9924993.1	jgi|Fonmu1|4131|Z520_01116T0
OG0000928	CAF9924993.1	jgi|Claba1|132034|Z519_10352T0
OG0000928	CAF9924993.1	KAJ9654125.1
OG0000928	CAF9924993.1	XP_008719876.1
OG0000928	CAF9924993.1	coassemb378_007178-T1
OG0000928	CAF9924993.1	coassemb76_002519-T1, coassemb76_002518-T1
OG0000928	CAF9924993.1	GTX0466b15_008682-T1
OG0000928	CAF9924993.1	jgi|Exoaq1|1205|A1O9_01210T0
OG0000928	CAF9924993.1	jgi|Capcor1|92504|A1O1_08928T0
OG0000928	CAF9924993.1	jgi|Fusgr1|4745|FGSG_03396T0
OG0000928	CAF9924993.1	jgi|Grascr1|1240|GST1_007664-RA
OG0000938	CAF9904668.1	GTX0486b100_008467-T1
OG0000964	CAF9906890.1	GTX0486b100_001433-T1
OG0000974	CAF9936298.1	jgi|Dibbae1|9218|DIBA_011494-RA
OG0000976	CAF9943318.1	FUN_000406_T1_FUN_000406
OG0000976	CAF9943318.1	FUN_000406_T1_FUN_000406
OG0000976	CAF9943318.1	jgi|Grascr1|978|GST1_007103-RA, jgi|Grascr1|532|GST1_006258-RA
OG0000976	CAF9943318.1	coassemb64_006254-T1
OG0000976	CAF9943318.1	jgi|Capcor1|101224|A1O1_08412T0
OG0000976	CAF9943318.1	jgi|Fonmu1|6108|Z520_09921T0
OG0000976	CAF9943318.1	jgi|Claba1|127754|Z519_00135T0
OG0000976	CAF9943318.1	jgi|Exoaq1|5696|A1O9_03222T0
OG0000976	CAF9943318.1	coassemb76_003570-T1
OG0000976	CAF9943318.1	GTX0466b15_004100-T1
OG0000976	CAF9943318.1	KAJ9654202.1
OG0000976	CAF9943318.1	XP_008717331.1
OG0000976	CAF9943318.1	jgi|EndpusZ1|7861|EPUS_04030T0
OG0000976	CAF9943318.1	jgi|Phach1|28|rna27
OG0000976	CAF9943318.1	jgi|Penexp1|4141|PEXP_032820T0
OG0000976	CAF9943318.1	jgi|Aspni_DSM_1|168441|An17g02280m.01
OG0000976	CAF9943318.1	jgi|Cocpo1_1|4682|XM_003069635.1
OG0000976	CAF9943318.1	jgi|Dibbae1|10595|DIBA_000546-RA
OG0000976	CAF9943318.1	jgi|Umbpus1|102857|LPUS_09452T0
OG0000976	CAF9943318.1	coassemb376_005912-T1
OG0000976	CAF9943318.1	jgi|Acastr1|121227|AST1_003165-RA
OG0000976	CAF9943318.1	KAI9834583.1
OG0000976	CAF9943318.1	KAI9756956.1
OG0000976	CAF9943318.1	KAI9826878.1
OG0000976	CAF9943318.1	KAI9718975.1
OG0000976	CAF9943318.1	GTX0486b100_003985-T1
OG0000976	CAF9943318.1	KAI9698062.1
OG0000976	CAF9943318.1	jgi|Acastr1|127804|AST1_007648-RA
OG0000976	CAF9943318.1	jgi|Aurpu_var_mel1|66763|fgenesh1_pg.13_#_16
OG0000976	CAF9943318.1	jgi|Altal1|964837|estExt_Genewise1.C_12_t20204
OG0000976	CAF9943318.1	KAI9721326.1
OG0000976	CAF9943318.1	KAI9662024.1
OG0000976	CAF9943318.1	jgi|Acastr1|127804|AST1_007648-RA
OG0000979	CAF9930941.1	coassemb76_008435-T1
OG0001008	CAF9942724.1	jgi|EndpusZ1|9085|EPUS_06916T0
OG0001008	CAF9942724.1	jgi|Podan3|204627|mRNA_3455
OG0001014	CAF9934292.1	jgi|Fonmu1|4494|Z520_01480T0
OG0001035	CAF9933149.1	KAI9825222.1
OG0001035	CAF9933149.1	KAI9748601.1
OG0001035	CAF9933149.1	coassemb376_005963-T1
OG0001035	CAF9933149.1	KAI9716933.1
OG0001035	CAF9933149.1	KAI9699416.1
OG0001035	CAF9933149.1	GTX0486b100_000548-T1
OG0001035	CAF9933149.1	KAI4100824.1
OG0001035	CAF9933149.1	KAI4288312.1
OG0001035	CAF9933149.1	KAI4227936.1
OG0001035	CAF9933149.1	FUN_005234_T1_FUN_005234
OG0001035	CAF9933149.1	KAI4232824.1
OG0001035	CAF9933149.1	GTX0494b19_000698-T1
OG0001035	CAF9933149.1	KAI4105956.1
OG0001035	CAF9933149.1	jgi|Acastr1|125059|AST1_002011-RA
OG0001038	CAF9928710.1	GTX0466b15_000493-T1
OG0001038	CAF9928710.1	jgi|Penexp1|2724|PEXP_108880T0
OG0001045	CAF9906712.1	jgi|Aspni_DSM_1|160439|An07g02080m.01
OG0001077	CAF9929550.1	KAI4105648.1
OG0001077	CAF9929550.1	KAI4286386.1
OG0001077	CAF9929550.1	coassemb76_010062-T1
OG0001080	CAF9937344.1	jgi|Grascr1|8725|GST1_011777-RA
OG0001082	CAF9943247.1	jgi|Podan3|203720|mRNA_2548
OG0001082	CAF9943247.1	jgi|Neucr_trp3_1|6701|Neucr2.NCU05230T0
OG0001082	CAF9943247.1	jgi|Sclsc1|603|SS1G_00603T0
OG0001084	CAF9933817.1	jgi|Fusgr1|6893|FGSG_05944T0
OG0001085	CAF9921303.1, CAF9931288.1	jgi|Erypu1|5735|transcript_POS88363
OG0001085	CAF9920874.1	jgi|Fusgr1|7214|FGSG_06229T0
OG0001093	CAF9930109.1	jgi|Monha1|10095|H072_10639m.01
OG0001100	CAF9903761.1	XP_008721186.1
OG0001100	CAF9903761.1	GTX0466b15_002933-T1
OG0001100	CAF9903761.1	coassemb76_008012-T1
OG0001100	CAF9903761.1	jgi|Capcor1|95117|A1O1_02256T0
OG0001100	CAF9903761.1	jgi|Fonmu1|10035|Z520_03432T0
OG0001100	CAF9903761.1	jgi|Claba1|129293|Z519_07596T0
OG0001100	CAF9903761.1	jgi|Exoaq1|1631|A1O9_01637T0
OG0001100	CAF9903761.1	KAJ9650092.1
OG0001100	CAF9903761.1	coassemb376_006851-T1
OG0001100	CAF9903761.1	jgi|EndpusZ1|3187|EPUS_04052T0
OG0001100	CAF9903761.1	jgi|Fusgr1|12388|FGSG_13819T0
OG0001115	CAF9940866.1	coassemb76_002847-T1, coassemb76_003966-T1
OG0001115	CAF9940866.1	jgi|Dibbae1|6852|DIBA_009240-RA
OG0001116	CAF9942299.1	jgi|PseVKM4520_1|8715|transcript_KFZ04061
OG0001129	CAF9943213.1, CAF9942215.1	jgi|Grascr1|3461|GST1_008067-RA
OG0001129	CAF9943213.1, CAF9942215.1	coassemb64_000930-T1
OG0001133	CAF9927557.1	jgi|Exoaq1|7366|A1O9_03896T0
OG0001135	CAF9938538.1	jgi|Artol1|3669|AOL_s00075g7m.01
OG0001136	CAF9943215.1	jgi|PseVKM4520_1|8458|transcript_KFZ24508
OG0001136	CAF9904348.1	jgi|PseVKM4520_1|6258|transcript_KFZ10076
OG0001137	CAF9909033.1	jgi|Umbpus1|101255|LPUS_07978T0
OG0001144	CAF9938711.1	coassemb378_005320-T1, coassemb378_011564-T1
OG0001145	CAF9908713.1	GTX0486b100_001343-T1
OG0001145	CAF9908713.1	KAI9721703.1
OG0001145	CAF9908713.1	KAI9701028.1
OG0001145	CAF9908713.1	KAI9831018.1
OG0001146	CAF9934711.1	jgi|Sclsc1|10347|SS1G_03376T0
OG0001147	CAF9919947.1	GTX0486b100_005984-T1
OG0001147	CAF9919947.1	KAI9705478.1
OG0001147	CAF9919947.1	KAI9724001.1
OG0001147	CAF9919947.1	jgi|Acastr1|120448|AST1_008374-RA
OG0001147	CAF9919947.1	jgi|Dibbae1|11717|DIBA_004795-RA
OG0001147	CAF9919947.1	KAI9827182.1
OG0001147	CAF9919947.1	KAI9836642.1
OG0001147	CAF9919947.1	jgi|Sclsc1|1871|SS1G_08327T0
OG0001151	CAF9909937.1	coassemb64_003162-T1
OG0001155	CAF9922875.1	jgi|Sclsc1|4884|SS1G_11340T0
OG0001155	CAF9922875.1	jgi|PseVKM4520_1|7309|transcript_KFZ08494
OG0001155	CAF9922875.1	jgi|Fusgr1|9235|FGSG_08950T0
OG0001155	CAF9922875.1	GTX0494b19_008439-T1
OG0001155	CAF9922875.1	FUN_006218_T1_FUN_006218
OG0001155	CAF9922875.1	KAI4211006.1
OG0001155	CAF9922875.1	KAI4100718.1
OG0001155	CAF9922875.1	KAI4223000.1
OG0001155	CAF9922875.1	jgi|Aurpu_var_mel1|53954|e_gw1.18.97.1
OG0001155	CAF9922875.1	jgi|Neucr_trp3_1|1007010|CE7010_2254
OG0001155	CAF9922875.1	jgi|Podan3|203403|mRNA_2231
OG0001159	CAF9908572.1	jgi|Sclsc1|11022|SS1G_04051T0
OG0001177	CAF9904439.1	coassemb76_009379-T1
OG0001182	CAF9920789.1	jgi|Fonmu1|10688|Z520_03889T0
OG0001184	CAF9938400.1	jgi|Exoaq1|6235|A1O9_12036T0
OG0001191	CAF9936600.1	jgi|Morco1|547704|fgenesh1_pg.43_#_83
OG0001227	CAF9927505.1	jgi|Artol1|4183|AOL_s00076g279m.01
OG0001227	CAF9927505.1	jgi|Aspni_DSM_1|158193|An03g01800m.01
OG0001235	CAF9905212.1	coassemb76_007875-T1
OG0001250	CAF9907442.1	GTX0466b15_001962-T1
OG0001274	CAF9937968.1	jgi|EndpusZ1|1154|EPUS_06986T0
OG0001274	CAF9937968.1	coassemb376_006966-T1
OG0001274	CAF9937968.1	KAI9716323.1
OG0001274	CAF9937968.1	jgi|Sclsc1|733|SS1G_00733T0
OG0001274	CAF9937968.1	jgi|Aurpu_var_mel1|82352|gm1.2748_g
OG0001274	CAF9937968.1	jgi|Altal1|1016368|fgenesh1_kg.2_#_441_#_Locus12210v2rpkm0.46
OG0001274	CAF9937968.1	jgi|Grascr1|6551|GST1_000418-RA, jgi|Grascr1|12289|GST1_006686-RA, jgi|Grascr1|7996|GST1_011542-RA
OG0001274	CAF9937968.1	KAI9700617.1
OG0001274	CAF9937968.1	KAI9700617.1
OG0001281	CAF9919008.1	jgi|Artol1|5|AOL_s00004g4m.01
OG0001281	CAF9919008.1	jgi|Fusgr1|13314|FGSG_11241T0, jgi|Fusgr1|10669|FGSG_09212T0
OG0001299	CAF9942876.1	jgi|EndpusZ1|3851|EPUS_02578T0
OG0001300	CAF9938206.1	jgi|Artol1|5665|AOL_s00079g439m.01
OG0001300	CAF9938208.1	FUN_007913_T1_FUN_007913
OG0001300	CAF9938208.1	jgi|Artol1|5666|AOL_s00079g440m.01
OG0001305	CAF9922516.1	jgi|Umbpus1|100028|LPUS_02450T0
OG0001305	CAF9922516.1	jgi|Fonmu1|3962|Z520_08599T0
OG0001305	CAF9922516.1	jgi|Ascim1|327181|gm1.7181_g
OG0001305	CAF9922516.1	coassemb378_004583-T1
OG0001305	CAF9922516.1	jgi|Altal1|987282|estExt_Genewise1Plus.C_8_t20292
OG0001305	CAF9922516.1	jgi|Podan3|209698|mRNA_8526
OG0001308	CAF9942775.1	jgi|Grascr1|11367|GST1_005247-RA
OG0001334	CAF9908021.1	jgi|Exoaq1|8619|A1O9_12874T0
OG0001337	CAF9918771.1	coassemb376_004510-T1
OG0001365	CAF9915597.1	jgi|Podan3|208764|mRNA_7592
OG0001369	CAF9914111.1	coassemb76_001977-T1
OG0001372	CAF9922714.1	jgi|EndpusZ1|8985|EPUS_05245T0
OG0001372	CAF9922714.1	KAJ9653776.1
OG0001372	CAF9922714.1	XP_008717381.1
OG0001372	CAF9922714.1	GTX0466b15_003884-T1
OG0001372	CAF9922714.1	coassemb76_007965-T1
OG0001372	CAF9922714.1	jgi|Exoaq1|4599|A1O9_02118T0
OG0001372	CAF9922714.1	jgi|Capcor1|100324|A1O1_07506T0
OG0001372	CAF9922714.1	jgi|Fonmu1|2924|Z520_07560T0
OG0001372	CAF9922714.1	jgi|Claba1|135845|Z519_02708T0
OG0001372	CAF9922714.1	jgi|Phach1|5057|rna5056
OG0001406	CAF9904127.1	coassemb76_009080-T1
OG0001435	CAF9925284.1	KAI4287589.1
OG0001435	CAF9925284.1	coassemb376_005892-T1
OG0001452	CAF9910567.1	KAI9714973.1
OG0001473	CAF9905555.1	jgi|Fusgr1|2642|FGSG_02304T0
OG0001487	CAF9941300.1	coassemb76_009690-T1
OG0001489	CAF9925941.1	coassemb378_010712-T1
OG0001489	CAF9925941.1	coassemb376_006328-T1
OG0001497	CAF9905592.1	jgi|Dibbae1|9770|DIBA_012322-RA
OG0001497	CAF9905592.1	coassemb76_006836-T1, coassemb76_002998-T1
OG0001497	CAF9905592.1	jgi|Sclsc1|3190|SS1G_09646T0
OG0001499	CAF9934014.1	jgi|EndpusZ1|2781|EPUS_05882T0
OG0001503	CAF9926446.1, CAF9926450.1	jgi|Aurpu_var_mel1|44118|e_gw1.5.749.1
OG0001503	CAF9926446.1, CAF9926450.1	jgi|Altal1|993806|estExt_Genewise1Plus.C_16_t10480
OG0001503	CAF9926446.1, CAF9926450.1	KAI9712939.1
OG0001503	CAF9926446.1, CAF9926450.1	KAI9671799.1
OG0001503	CAF9926446.1, CAF9926450.1	coassemb64_007541-T1
OG0001503	CAF9926446.1, CAF9926450.1	KAJ9654395.1
OG0001512	CAF9910781.1	coassemb76_005891-T1
OG0001518	CAF9937076.1	jgi|Penexp1|8657|PEXP_013540T0
OG0001522	CAF9942948.1	jgi|Aspni_DSM_1|158203|An03g01910m.01
OG0001529	CAF9920769.1	jgi|Aspni_DSM_1|168268|An17g00540m.01
OG0001529	CAF9920769.1	coassemb64_004123-T1
OG0001536	CAF9929824.1	jgi|Podan3|211277|mRNA_10105
OG0001538	CAF9923261.1	jgi|Fusgr1|4823|FGSG_03328T0
OG0001557	CAF9903127.1	coassemb64_004441-T1
OG0001567	CAF9902996.1	coassemb76_007635-T1
OG0001580	CAF9943071.1	KAI4287607.1
OG0001581	CAF9906201.1	KAI9825660.1
OG0001635	CAF9941249.1	coassemb76_009868-T1
OG0001640	CAF9919532.1	KAI4086500.1
OG0001688	CAF9911564.1	KAI4208429.1
OG0001702	CAF9911466.1	GTX0486b100_005054-T1
OG0001702	CAF9911466.1	KAI9839547.1
OG0001707	CAF9932627.1	KAI4089354.1
OG0001707	CAF9932627.1	KAI4226598.1
OG0001707	CAF9932627.1	KAI4219537.1
OG0001707	CAF9932627.1	GTX0494b19_004849-T1
OG0001707	CAF9932627.1	FUN_007101_T1_FUN_007101, FUN_007101_T2_FUN_007101
OG0001707	CAF9932627.1	KAI4098330.1
OG0001707	CAF9932627.1	KAI4287390.1
OG0001707	CAF9932627.1	jgi|Umbpus1|102129|LPUS_08892T0
OG0001708	CAF9943166.1	jgi|Clagr3|3759|CLAGR_003461-RA
OG0001708	CAF9943166.1	jgi|Grascr1|10596|GST1_012689-RA
OG0001711	CAF9942189.1	coassemb76_010120-T1, coassemb76_007893-T1
OG0001732	CAF9939252.1	GTX0486b100_008526-T1
OG0001744	CAF9912784.1	coassemb378_008974-T1
OG0001746	CAF9914326.1	coassemb378_003258-T1
OG0001754	CAF9932324.1	jgi|Erypu1|6183|transcript_POS81775
OG0001757	CAF9931211.1	jgi|Grascr1|3641|GST1_008232-RA
OG0001757	CAF9931211.1	coassemb378_000418-T1
OG0001757	CAF9931211.1	KAI9718453.1
OG0001757	CAF9931211.1	KAI9698661.1
OG0001757	CAF9931211.1	jgi|Acastr1|124361|AST1_003761-RA
OG0001757	CAF9931211.1	jgi|Umbpus1|101756|LPUS_08494T0
OG0001757	CAF9931211.1	jgi|PseVKM4520_1|6396|transcript_KFZ09840
OG0001757	CAF9931211.1	jgi|Aurpu_var_mel1|61262|e_gw1.68.2.1
OG0001761	CAF9930221.1	jgi|Fonmu1|1328|Z520_05958T0
OG0001767	CAF9930187.1	FUN_009225_T2_FUN_009225, FUN_009225_T1_FUN_009225
OG0001767	CAF9930187.1	KAI4104620.1
OG0001768	CAF9924157.1	KAI9700457.1
OG0001770	CAF9939273.1	jgi|Fusgr1|9933|FGSG_08344T0
OG0001782	CAF9926876.1	FUN_008736_T1_FUN_008736
OG0001785	CAF9938587.1	jgi|Grascr1|1612|GST1_007657-RA
OG0001785	CAF9938587.1	jgi|Dibbae1|4047|DIBA_007012-RA
OG0001785	CAF9938587.1	jgi|EndpusZ1|8042|EPUS_01102T0
OG0001785	CAF9938587.1	coassemb64_006662-T1
OG0001785	CAF9938587.1	GTX0466b15_000976-T1
OG0001785	CAF9938587.1	GTX0486b100_008348-T1
OG0001791	CAF9908416.1	KAI4290007.1
OG0001791	CAF9908416.1	FUN_000783_T1_FUN_000783
OG0001791	CAF9908416.1	KAI4105274.1, KAI4105275.1
OG0001791	CAF9908416.1	KAI4237736.1
OG0001791	CAF9908416.1	GTX0494b19_000465-T1, GTX0494b19_000464-T1
OG0001791	CAF9908416.1	KAI4111821.1, KAI4111820.1
OG0001791	CAF9908416.1	KAI4229795.1
OG0001791	CAF9908416.1	jgi|Grascr1|10977|GST1_004247-RA
OG0001796	CAF9909677.1	jgi|PseVKM4520_1|2442|transcript_KFZ16962
OG0001800	CAF9902929.1	jgi|Claba1|131384|Z519_09698T0
OG0001800	CAF9902929.1	coassemb76_009563-T1
OG0001804	CAF9930485.1	jgi|Sclsc1|1425|SS1G_07881T0
OG0001804	CAF9930485.1	jgi|Neucr_trp3_1|2332|Neucr2.NCU02962T0
OG0001804	CAF9930485.1	jgi|Podan3|203121|mRNA_1949
OG0001804	CAF9930485.1	jgi|Fusgr1|1365|FGSG_01168T0
OG0001804	CAF9930485.1	jgi|Erypu1|4416|transcript_POS86002
OG0001804	CAF9930485.1	jgi|Ascim1|416216|fgenesh1_RNNotator_kg.60_#_20_#_Locus7533v1rpkm11.35
OG0001814	CAF9926040.1	coassemb76_008228-T1
OG0001827	CAF9905616.1	jgi|Erypu1|6487|transcript_POS81721
OG0001830	CAF9910372.1	coassemb76_007596-T1
OG0001834	CAF9933379.1	KAI9717546.1
OG0001845	CAF9942780.1	jgi|Claba1|131841|Z519_10158T0
OG0001845	CAF9942780.1	coassemb76_008813-T1
OG0001846	CAF9903672.1	coassemb76_009430-T1
OG0001849	CAF9935298.1	KAI9726210.1
OG0001860	CAF9909254.1	jgi|Aurpu_var_mel1|70521|fgenesh1_pg.47_#_5
OG0001890	CAF9917033.1	jgi|Penexp1|1359|PEXP_026030T0
OG0001900	CAF9932967.1, CAF9938707.1, CAF9938704.1, CAF9927524.1	jgi|Podan3|209699|mRNA_8527, jgi|Podan3|207569|mRNA_6397
OG0001900	CAF9932967.1, CAF9938707.1, CAF9938704.1, CAF9927524.1	jgi|Exoaq1|6117|A1O9_11918T0
OG0001900	CAF9932967.1, CAF9938707.1, CAF9938704.1, CAF9927524.1	jgi|Aurpu_var_mel1|84966|gm1.5362_g
OG0001900	CAF9932967.1, CAF9938707.1, CAF9938704.1, CAF9927524.1	KAI9651735.1, KAI9653209.1
OG0001900	CAF9932967.1, CAF9938707.1, CAF9938704.1, CAF9927524.1	jgi|Podan3|209699|mRNA_8527, jgi|Podan3|207569|mRNA_6397
OG0001900	CAF9932967.1, CAF9938707.1, CAF9938704.1, CAF9927524.1	GTX0494b19_002960-T1
OG0001900	CAF9932967.1, CAF9938707.1, CAF9938704.1, CAF9927524.1	coassemb376_002860-T1
OG0001900	CAF9932967.1, CAF9938707.1, CAF9938704.1, CAF9927524.1	jgi|Altal1|1057800|gm1.2035_g
OG0001900	CAF9932967.1, CAF9938707.1, CAF9938704.1	coassemb64_008104-T1
OG0001900	CAF9932967.1, CAF9938707.1, CAF9938704.1	jgi|Fonmu1|2605|Z520_07239T0, jgi|Fonmu1|11703|Z520_04908T0
OG0001900	CAF9932967.1, CAF9938707.1, CAF9938704.1	jgi|Claba1|130619|Z519_08927T0, jgi|Claba1|140162|Z519_06696T0
OG0001900	CAF9927524.1	XP_008710978.1, XP_008713576.1, XP_008711902.1
OG0001900	CAF9927524.1	jgi|Cocpo1_1|2027|XM_003066980.1, jgi|Cocpo1_1|7195|XM_003072148.1
OG0001900	CAF9927524.1	jgi|Acastr1|122607|AST1_008073-RA
OG0001900	CAF9927524.1	KAI9709030.1
OG0001900	CAF9927524.1	KAI9701956.1, KAI9696253.1
OG0001900	CAF9927524.1	GTX0486b100_003878-T1
OG0001900	CAF9927524.1	GTX0466b15_003749-T1, GTX0466b15_003026-T1, GTX0466b15_006847-T1, GTX0466b15_005440-T1, GTX0466b15_004347-T1
OG0001900	CAF9927524.1	coassemb76_002780-T1, coassemb76_003766-T1
OG0001900	CAF9927524.1	KAJ9664186.1
OG0001907	CAF9907622.1	jgi|Fusgr1|4937|FGSG_12482T0
OG0001924	CAF9930358.1	KAI9671338.1
OG0001932	CAF9935837.1	jgi|Neucr_trp3_1|5863|Neucr2.NCU06385T0
OG0001935	CAF9930296.1	jgi|Morco1|203785|CE203784_1176
OG0001950	CAF9925650.1	jgi|Erypu1|5784|transcript_POS81829
OG0002000	CAF9909326.1	KAI4279879.1
OG0002004	CAF9907625.1	coassemb76_000425-T1
OG0002022	CAF9938633.1	jgi|Grascr1|7984|GST1_003786-RA
OG0002022	CAF9938633.1	KAI9716621.1
OG0002022	CAF9938633.1	KAI9671766.1
OG0002022	CAF9938633.1	jgi|EndpusZ1|1741|EPUS_08965T0
OG0002022	CAF9938633.1	jgi|Phach1|98|rna97
OG0002022	CAF9938633.1	jgi|Exoaq1|11678|A1O9_08014T0
OG0002022	CAF9938633.1	jgi|Capcor1|99229|A1O1_06400T0
OG0002022	CAF9938633.1	jgi|Claba1|137248|Z519_03774T0
OG0002022	CAF9938633.1	jgi|Fonmu1|5966|Z520_09779T0
OG0002022	CAF9938633.1	coassemb76_006577-T1
OG0002022	CAF9938633.1	GTX0466b15_003359-T1
OG0002022	CAF9938633.1	XP_008714117.1
OG0002022	CAF9938633.1	KAJ9664244.1
OG0002022	CAF9938633.1	jgi|Acastr1|118823|AST1_000753-RA
OG0002022	CAF9938633.1	coassemb376_000787-T1
OG0002022	CAF9938633.1	jgi|Cocpo1_1|3838|XM_003068791.1
OG0002022	CAF9938633.1	jgi|Penexp1|5606|PEXP_109950T0
OG0002022	CAF9938633.1	jgi|Aspni_DSM_1|156409|An01g13920m.01
OG0002022	CAF9938633.1	jgi|Erypu1|4470|transcript_POS85966
OG0002022	CAF9938633.1	jgi|Sclsc1|12068|SS1G_05097T0
OG0002022	CAF9938633.1	KAI9830037.1
OG0002022	CAF9938633.1	jgi|Neucr_trp3_1|8845|Neucr2.NCU09789T0
OG0002022	CAF9938633.1	jgi|Podan3|211089|mRNA_9917
OG0002022	CAF9938633.1	jgi|Fusgr1|6034|FGSG_05187T0
OG0002022	CAF9938633.1	coassemb378_001993-T1
OG0002048	CAF9927521.1	jgi|Fonmu1|3439|Z520_08075T0
OG0002048	CAF9927521.1	jgi|Claba1|139634|Z519_06166T0
OG0002048	CAF9927521.1	XP_008715129.1
OG0002048	CAF9927521.1	jgi|Capcor1|100619|A1O1_07803T0
OG0002048	CAF9927521.1	jgi|Exoaq1|9925|A1O9_06358T0, jgi|Exoaq1|4207|A1O9_11730T0
OG0002048	CAF9927521.1	KAJ9663022.1
OG0002048	CAF9927521.1	GTX0466b15_006253-T1
OG0002048	CAF9927521.1	coassemb76_000185-T1
OG0002048	CAF9927521.1	jgi|EndpusZ1|1743|EPUS_09494T0, jgi|EndpusZ1|2841|EPUS_05514T0
OG0002048	CAF9927521.1	jgi|Cocpo1_1|7085|XM_003072038.1
OG0002048	CAF9927521.1	jgi|Aspni_DSM_1|158344|An03g03510m.01
OG0002048	CAF9927521.1	jgi|Penexp1|5885|PEXP_011940T0
OG0002081	CAF9943641.1	coassemb64_004135-T1
OG0002082	CAF9909522.1	jgi|Neucr_trp3_1|8808|Neucr2.NCU04822T0
OG0002154	CAF9909673.1	jgi|Sclsc1|8089|SS1G_13512T0
OG0002154	CAF9909673.1	coassemb76_008216-T1
OG0002184	CAF9907841.1	coassemb76_009965-T1
OG0002203	CAF9943447.1	jgi|Grascr1|5814|GST1_003548-RA
OG0002221	CAF9933526.1	jgi|EndpusZ1|176|EPUS_09319T0
OG0002235	CAF9935543.1	jgi|EndpusZ1|4631|EPUS_02121T0
OG0002300	CAF9929008.1	KAI4290298.1
OG0002326	CAF9923638.1	jgi|Grascr1|5606|GST1_009829-RA
OG0002342	CAF9943373.1	coassemb76_009114-T1
OG0002345	CAF9943647.1	coassemb378_002074-T1
OG0002349	CAF9938837.1	jgi|Acastr1|122567|AST1_006589-RA
OG0002349	CAF9938837.1	jgi|Grascr1|958|GST1_006961-RA
OG0002373	CAF9924486.1	FUN_005923_T1_FUN_005923
OG0002458	CAF9922504.1	KAI9698762.1
OG0002458	CAF9922504.1	GTX0486b100_007423-T1
OG0002458	CAF9922504.1	KAI9718090.1
OG0002458	CAF9922504.1	jgi|Fusgr1|4779|FGSG_03367T0
OG0002458	CAF9922504.1	jgi|Claba1|132352|Z519_10671T0
OG0002458	CAF9922504.1	jgi|Fonmu1|8979|Z520_03054T0
OG0002458	CAF9922504.1	jgi|Sclsc1|6678|SS1G_11775T0
OG0002458	CAF9922504.1	coassemb64_006436-T1
OG0002458	CAF9922504.1	KAI4095057.1
OG0002458	CAF9922504.1	jgi|Aspni_DSM_1|155094|An01g00290m.01, jgi|Aspni_DSM_1|168257|An17g00430m.01
OG0002458	CAF9922504.1	jgi|Aurpu_var_mel1|50106|e_gw1.12.486.1
OG0002458	CAF9922504.1	coassemb378_005600-T1
OG0002458	CAF9922504.1	jgi|Fonmu1|357|Z520_00358T0
OG0002458	CAF9922504.1	jgi|Fonmu1|357|Z520_00358T0
OG0002468	CAF9919636.1	coassemb64_002119-T1
OG0002473	CAF9941183.1	coassemb76_009557-T1
OG0002532	CAF9939320.1	coassemb378_011050-T1
OG0002624	CAF9934643.1	coassemb76_009612-T1
OG0002624	CAF9934643.1	KAJ9649871.1
OG0002631	CAF9933426.1	coassemb378_011664-T1
OG0002650	CAF9915817.1	coassemb76_006781-T1
OG0002656	CAF9943025.1	jgi|Erypu1|138|transcript_POS81639
OG0002676	CAF9910375.1	coassemb76_007595-T1
OG0002704	CAF9939914.1	coassemb76_008812-T1
OG0002707	CAF9913090.1	coassemb76_008891-T1
OG0002716	CAF9940137.1	coassemb378_006947-T1
OG0002718	CAF9928089.1	coassemb64_002777-T1
OG0002738	CAF9915279.1	jgi|Monha1|1364|H072_1364m.01
OG0002738	CAF9915279.1	jgi|Sclsc1|3554|SS1G_10010T0
OG0002760	CAF9943257.1	jgi|Monha1|5677|H072_5862m.01
OG0002761	CAF9943260.1	jgi|Aspni_DSM_1|155792|An01g07490m.01
OG0002764	CAF9904151.1	jgi|Ascim1|377009|estExt_fgenesh1_pg.C_420059
OG0002820	CAF9943040.1	jgi|Acastr1|119290|AST1_004379-RA
OG0002870	CAF9925069.1, CAF9904013.1	jgi|Artol1|11392|AOL_s00215g839m.01
OG0002870	CAF9925069.1, CAF9904013.1	jgi|Monha1|10825|H072_11515m.01
OG0002870	CAF9925069.1, CAF9904013.1	jgi|Cocpo1_1|3450|XM_003068403.1
OG0002870	CAF9925069.1, CAF9904013.1	coassemb76_000203-T1
OG0002870	CAF9925069.1, CAF9904013.1	GTX0466b15_005996-T1
OG0002870	CAF9925069.1, CAF9904013.1	XP_008712384.1
OG0002870	CAF9925069.1, CAF9904013.1	jgi|EndpusZ1|4882|EPUS_08412T0
OG0002870	CAF9925069.1, CAF9904013.1	KAJ9650819.1, KAJ9660162.1
OG0002870	CAF9925069.1, CAF9904013.1	jgi|Exoaq1|9465|A1O9_05895T0, jgi|Exoaq1|9464|A1O9_05894T0
OG0002870	CAF9925069.1, CAF9904013.1	jgi|Claba1|132476|Z519_10796T0
OG0002870	CAF9925069.1, CAF9904013.1	jgi|Fonmu1|11455|Z520_04660T0
OG0002870	CAF9925069.1, CAF9904013.1	jgi|Capcor1|98780|A1O1_05947T0
OG0002870	CAF9925069.1, CAF9904013.1	coassemb64_002925-T1
OG0002870	CAF9925069.1, CAF9904013.1	jgi|Phach1|6474|rna6473
OG0002915	CAF9911204.1	jgi|Podan3|210066|mRNA_8894
OG0002915	CAF9911204.1	KAJ9653342.1
OG0002940	CAF9940487.1	coassemb64_002535-T1
OG0002973	CAF9932603.1	coassemb378_010763-T1
OG0003031	CAF9911820.1	jgi|Exoaq1|5208|A1O9_02731T0
OG0003033	CAF9937230.1	jgi|Ascim1|119920|CE119919_7692
OG0003033	CAF9937230.1	coassemb378_000885-T1
OG0003033	CAF9937230.1	jgi|Grascr1|398|GST1_005762-RA
OG0003033	CAF9937230.1	jgi|Umbpus1|106211|LPUS_04293T0
OG0003033	CAF9937230.1	jgi|Monha1|10872|H072_11563m.01
OG0003033	CAF9937230.1	jgi|Artol1|11351|AOL_s00215g798m.01
OG0003033	CAF9937230.1	coassemb376_000483-T1
OG0003033	CAF9937230.1	coassemb376_000483-T1
OG0003033	CAF9937230.1	jgi|Penexp1|7045|PEXP_082060T0
OG0003033	CAF9937230.1	jgi|Aspni_DSM_1|162009|An08g07480m.01
OG0003033	CAF9937230.1	jgi|Morco1|567485|estExt_fgenesh1_pg.C_510040
OG0003044	CAF9910708.1	jgi|PseVKM4520_1|5317|transcript_KFZ11750
OG0003055	CAF9943362.1	jgi|Grascr1|9922|GST1_003923-RA
OG0003143	CAF9902866.1	jgi|Aspni_DSM_1|163709|An11g04690m.01
OG0003232	CAF9943642.1	coassemb76_000910-T1
OG0003255	CAF9916847.1	coassemb76_009234-T1
OG0003275	CAF9909238.1	coassemb76_010196-T1
OG0003326	CAF9909782.1	jgi|Exoaq1|10143|A1O9_06576T0
OG0003327	CAF9905266.1	jgi|Altal1|1069699|MIX1597_99_62
OG0003327	CAF9905266.1	jgi|Artol1|1654|AOL_s00007g402m.01
OG0003327	CAF9905266.1	jgi|Monha1|5741|H072_5930m.01
OG0003327	CAF9905266.1	coassemb378_008581-T1, coassemb378_001968-T1
OG0003327	CAF9905266.1	jgi|Ascim1|372288|estExt_fgenesh1_pg.C_30204, jgi|Ascim1|418128|fgenesh1_RNNotator_kg.119_#_20_#_Locus8914v1rpkm6.02, jgi|Ascim1|322895|gm1.2895_g
OG0003327	CAF9934659.1	jgi|Morco1|537732|fgenesh1_kg.40_#_60_#_Locus3159v1rpkm49.35
OG0003398	CAF9928966.1	jgi|Cocpo1_1|5470|XM_003070423.1
OG0003472	CAF9905929.1	coassemb76_009613-T1
OG0003482	CAF9910241.1	jgi|Altal1|283663|CE283662_23
OG0003482	CAF9910241.1	coassemb76_009858-T1
OG0003488	CAF9912895.1	jgi|Neucr_trp3_1|1223006|e_gw1.223.19.1
OG0003534	CAF9912512.1	KAI9724968.1
OG0003546	CAF9939255.1	GTX0486b100_008525-T1
OG0003617	CAF9906519.1	jgi|Altal1|73063|CE73062_8674
OG0003617	CAF9906519.1	jgi|Aurpu_var_mel1|51219|e_gw1.14.659.1
OG0003617	CAF9906519.1	KAI9825392.1
OG0003617	CAF9906519.1	KAI9748465.1
OG0003617	CAF9906519.1	jgi|Sclsc1|4952|SS1G_11408T0
OG0003617	CAF9906519.1	jgi|Penexp1|9104|PEXP_064070T0
OG0003617	CAF9906519.1	jgi|Cocpo1_1|6284|XM_003071237.1
OG0003617	CAF9906519.1	jgi|Aspni_DSM_1|156726|An02g01980m.01
OG0003617	CAF9906519.1	jgi|EndpusZ1|8730|EPUS_03714T0
OG0003617	CAF9906519.1	jgi|Claba1|139087|Z519_05619T0
OG0003617	CAF9906519.1	jgi|Fonmu1|6887|Z520_02097T0
OG0003617	CAF9906519.1	jgi|Capcor1|94994|A1O1_02133T0
OG0003617	CAF9906519.1	jgi|Exoaq1|2440|A1O9_09966T0
OG0003617	CAF9906519.1	coassemb76_003441-T1
OG0003617	CAF9906519.1	XP_008716512.1
OG0003617	CAF9906519.1	KAJ9652542.1
OG0003617	CAF9906519.1	jgi|Grascr1|7720|GST1_011726-RA
OG0003617	CAF9906519.1	jgi|Erypu1|1901|transcript_POS83177
OG0003617	CAF9906519.1	jgi|Clagr3|9214|CLAGR_008564-RA
OG0003617	CAF9906519.1	coassemb378_006899-T1
OG0003617	CAF9906519.1	jgi|PseVKM4520_1|5071|transcript_KFZ12240, jgi|PseVKM4520_1|6189|transcript_KFZ10184
OG0003617	CAF9906519.1	jgi|Fonmu1|6707|Z520_01917T0
OG0003617	CAF9906519.1	jgi|Fusgr1|10953|FGSG_09451T0
OG0003617	CAF9906519.1	jgi|Podan3|208761|mRNA_7589
OG0003617	CAF9906519.1	jgi|Fonmu1|6707|Z520_01917T0
OG0003617	CAF9906519.1	jgi|EndpusZ1|4099|EPUS_09402T0
OG0003617	CAF9906519.1	jgi|EndpusZ1|4099|EPUS_09402T0
OG0003680	CAF9940466.1	jgi|Morco1|577490|gm1.8266_g
OG0003770	CAF9925423.1	GTX0486b100_007696-T1
OG0003770	CAF9925423.1	GTX0486b100_007696-T1
OG0003770	CAF9925423.1	KAI9656669.1
OG0003770	CAF9925423.1	jgi|Altal1|1013713|fgenesh1_pg.29_#_115, jgi|Altal1|918442|gw1.26.254.1
OG0003770	CAF9925423.1	jgi|PseVKM4520_1|2989|transcript_KFZ15973
OG0003770	CAF9925423.1	jgi|EndpusZ1|7389|EPUS_03697T0
OG0003770	CAF9925423.1	jgi|Ascim1|419540|fgenesh1_RNNotator_kg.224_#_2_#_Locus9088v1rpkm5.50
OG0003770	CAF9925423.1	coassemb376_001336-T1
OG0003770	CAF9925423.1	jgi|Grascr1|1960|GST1_007629-RA
OG0003782	CAF9934189.1	coassemb76_001444-T1
OG0003794	CAF9937214.1	KAI9817910.1
OG0003802	CAF9904139.1	jgi|Claba1|130454|Z519_08761T0
OG0003829	CAF9939391.1	coassemb378_009065-T1
OG0003840	CAF9943593.1	jgi|Claba1|137073|Z519_12810T0
OG0003840	CAF9943593.1	XP_008710554.1, XP_008721554.1
OG0003858	CAF9941294.1	GTX0486b100_004435-T1
OG0003920	CAF9921412.1	KAI9840092.1
OG0003920	CAF9921412.1	jgi|Acastr1|126179|AST1_001638-RA
OG0003920	CAF9921412.1	KAI9716468.1
OG0003920	CAF9921412.1	KAI9695801.1
OG0003920	CAF9921412.1	GTX0486b100_007866-T1
OG0003978	CAF9943228.1	jgi|Cocpo1_1|5520|XM_003070473.1
OG0003978	CAF9943228.1	jgi|Penexp1|10970|PEXP_022040T0
OG0003978	CAF9943228.1	jgi|Aspni_DSM_1|165848|An14g00600m.01
OG0003978	CAF9943228.1	jgi|EndpusZ1|7476|EPUS_01895T0
OG0003978	CAF9943228.1	KAJ9656318.1
OG0003978	CAF9943228.1	jgi|Fonmu1|10144|Z520_03542T0
OG0003978	CAF9943228.1	jgi|Claba1|129175|Z519_07476T0
OG0003978	CAF9943228.1	jgi|Exoaq1|8220|A1O9_04755T0
OG0003978	CAF9943228.1	jgi|Capcor1|97163|A1O1_04319T0
OG0003978	CAF9943228.1	XP_008714228.1
OG0003978	CAF9943228.1	coassemb76_003946-T1
OG0003978	CAF9943228.1	GTX0466b15_006700-T1
OG0003978	CAF9943228.1	jgi|Erypu1|836|transcript_POS83906
OG0003978	CAF9943228.1	jgi|Sclsc1|1814|SS1G_08270T0
OG0003978	CAF9943228.1	jgi|Podan3|203618|mRNA_2446
OG0003978	CAF9943228.1	jgi|Neucr_trp3_1|6383|Neucr2.NCU07305T0
OG0003978	CAF9943228.1	jgi|Fusgr1|6544|FGSG_05643T0
OG0003980	CAF9940677.1	coassemb76_006176-T1
OG0003987	CAF9925877.1	jgi|Dibbae1|11444|DIBA_003947-RA
OG0004024	CAF9941160.1	FUN_008171_T1_FUN_008171
OG0004024	CAF9941160.1	jgi|Fonmu1|6334|Z520_10147T0
OG0004115	CAF9906587.1	jgi|Penexp1|7114|PEXP_076500T0
OG0004184	CAF9906278.1	FUN_008494_T1_FUN_008494
OG0004250	CAF9906760.1	jgi|Claba1|128932|Z519_07232T0
OG0004250	CAF9906760.1	jgi|Monha1|1644|H072_1644m.01
OG0004260	CAF9904937.1	coassemb76_009531-T1
OG0004284	CAF9932786.1	KAJ9650877.1
OG0004308	CAF9922138.1	jgi|Aspni_DSM_1|159406|An04g07230m.01
OG0004308	CAF9922138.1	jgi|Penexp1|3549|PEXP_086730T0
OG0004308	CAF9922138.1	jgi|Fusgr1|12415|FGSG_13829T0
OG0004318	CAF9919624.1	jgi|PseVKM4520_1|3541|transcript_KFZ14981
OG0004369	CAF9919184.1	jgi|Cocpo1_1|1562|XM_003066514.1
OG0004511	CAF9902932.1	coassemb76_009565-T1
OG0004527	CAF9925501.1	jgi|Cocpo1_1|2322|XM_003067275.1
OG0004527	CAF9925501.1	jgi|Altal1|999037|estExt_Genewise1Plus.C_25_t10110, jgi|Altal1|1029474|fgenesh1_pm.6_#_20
OG0004527	CAF9925501.1	jgi|Aurpu_var_mel1|59043|e_gw1.31.200.1
OG0004527	CAF9925501.1	KAI9667072.1
OG0004527	CAF9925501.1	KAI9715410.1
OG0004527	CAF9925501.1	KAI9830021.1
OG0004527	CAF9925501.1	KAI9702396.1
OG0004527	CAF9925501.1	KAI9712901.1
OG0004527	CAF9925501.1	GTX0486b100_005214-T1
OG0004527	CAF9925501.1	jgi|Morco1|601883|estExt_Genemark1.C_20285
OG0004527	CAF9925501.1	KAI9818255.1
OG0004527	CAF9939350.1	KAI9652523.1
OG0004589	CAF9928792.1	KAJ9650549.1
OG0004596	CAF9907743.1	jgi|Podan3|203261|mRNA_2089
OG0004596	CAF9907743.1	jgi|Phach1|1746|rna1745
OG0004664	CAF9925833.1	jgi|Grascr1|678|GST1_001391-RA
OG0004683	CAF9933629.1	jgi|Podan3|206003|mRNA_4831
OG0004749	CAF9942898.1	jgi|Aurpu_var_mel1|65965|fgenesh1_pg.10_#_51
OG0004760	CAF9915970.1	jgi|Capcor1|95013|A1O1_02152T0
OG0004760	CAF9915970.1	jgi|Artol1|5540|AOL_s00079g314m.01
OG0004766	CAF9923872.1	jgi|Erypu1|6691|transcript_POS81688
OG0004928	CAF9942232.1	jgi|Aspni_DSM_1|165391|An12g10950m.01, jgi|Aspni_DSM_1|164542|An12g02070m.01
OG0004928	CAF9942232.1	jgi|Penexp1|6057|PEXP_082840T0
OG0004928	CAF9942232.1	KAI9828369.1
OG0004928	CAF9942232.1	jgi|Neucr_trp3_1|7463|Neucr2.NCU01045T0
OG0004928	CAF9942232.1	jgi|Altal1|701971|CE701970_250
OG0004946	CAF9937023.1	jgi|Fonmu1|9138|Z520_11544T0
OG0004987	CAF9907746.1	GTX0486b100_008500-T1
OG0004993	CAF9943156.1	jgi|Aspni_DSM_1|160798|An07g05740m.01
OG0005177	CAF9936052.1	jgi|Grascr1|8130|GST1_003831-RA
OG0005228	CAF9941498.1	jgi|Monha1|8323|H072_8618m.01
OG0005243	CAF9903701.1	GTX0466b15_004710-T1
OG0005288	CAF9937645.1	jgi|Penexp1|936|PEXP_095660T0
OG0005351	CAF9938139.1	KAJ9653021.1
OG0005366	CAF9942107.1	KAI4231955.1
OG0005391	CAF9923644.1, CAF9917473.1	jgi|Fonmu1|10502|Z520_12369T0
OG0005425	CAF9921982.1	jgi|EndpusZ1|255|EPUS_04141T0
OG0005435	CAF9936382.1	jgi|Acastr1|121105|AST1_006607-RA
OG0005451	CAF9919324.1	coassemb76_008141-T1
OG0005484	CAF9922650.1, CAF9905784.1	jgi|Fonmu1|2034|Z520_06667T0
OG0005499	CAF9919804.1	jgi|Exoaq1|4779|A1O9_02298T0, jgi|Exoaq1|9599|A1O9_06029T0
OG0005563	CAF9911176.1	jgi|Aurpu_var_mel1|77219|fgenesh1_pm.19_#_28
OG0005563	CAF9911176.1	jgi|Artol1|1143|AOL_s00006g483m.01
OG0005575	CAF9920045.1	jgi|Aspni_DSM_1|161719|An08g04560m.01
OG0005605	CAF9928856.1	GTX0486b100_008523-T1
OG0005605	CAF9928856.1	coassemb64_003773-T1
OG0005622	CAF9913435.1	jgi|Monha1|8769|H072_9102m.01
OG0005622	CAF9913435.1	jgi|Clagr3|10791|CLAGR_011072-RA
OG0005622	CAF9913435.1	jgi|Clagr3|10791|CLAGR_011072-RA
OG0005622	CAF9913435.1	jgi|Dibbae1|12012|DIBA_005696-RA
OG0005662	CAF9941370.1	jgi|Aurpu_var_mel1|83587|gm1.3983_g
OG0005662	CAF9941370.1	KAI9723119.1
OG0005662	CAF9941370.1	jgi|Umbpus1|106572|LPUS_04761T0
OG0005662	CAF9941370.1	coassemb378_004344-T1
OG0005662	CAF9941370.1	jgi|Aspni_DSM_1|156780|An02g02520m.01
OG0005662	CAF9941370.1	jgi|Penexp1|3099|PEXP_105420T0
OG0005662	CAF9941370.1	jgi|Cocpo1_1|2833|XM_003067786.1
OG0005662	CAF9941370.1	KAJ9652662.1
OG0005662	CAF9941370.1	jgi|Capcor1|97177|A1O1_04333T0
OG0005662	CAF9941370.1	jgi|Exoaq1|8021|A1O9_04554T0
OG0005662	CAF9941370.1	jgi|Claba1|129189|Z519_07490T0
OG0005662	CAF9941370.1	jgi|Fonmu1|10129|Z520_03527T0
OG0005662	CAF9941370.1	GTX0466b15_002410-T1
OG0005662	CAF9941370.1	XP_008714459.1
OG0005662	CAF9941370.1	jgi|EndpusZ1|7424|EPUS_01842T0
OG0005662	CAF9941370.1	KAI9719829.1
OG0005662	CAF9941370.1	jgi|Grascr1|2591|GST1_006896-RA
OG0005662	CAF9941370.1	coassemb64_002403-T1
OG0005662	CAF9941370.1	KAI9828967.1
OG0005662	CAF9941370.1	KAI9719829.1
OG0005662	CAF9941370.1	jgi|Grascr1|2591|GST1_006896-RA
OG0005682	CAF9926928.1	coassemb76_009415-T1
OG0005689	CAF9928484.1	coassemb76_009641-T1
OG0005703	CAF9910287.1	jgi|Neucr_trp3_1|5771|Neucr2.NCU07660T0
OG0005703	CAF9910287.1	jgi|Penexp1|5410|PEXP_058710T0
OG0005718	CAF9904467.1	GTX0466b15_006999-T1
OG0005718	CAF9932755.1	GTX0466b15_009230-T1
OG0005794	CAF9936533.1	coassemb76_008471-T1
OG0005885	CAF9917154.1, CAF9905518.1, CAF9927105.1	jgi|Sclsc1|13872|SS1G_06901T0
OG0005885	CAF9917154.1, CAF9905518.1, CAF9927105.1	jgi|Fonmu1|8546|Z520_11522T0
OG0005885	CAF9917154.1, CAF9905518.1	jgi|Altal1|1018580|fgenesh1_kg.6_#_226_#_Locus12304v1rpkm0.81
OG0005885	CAF9917154.1	KAI4090086.1
OG0005885	CAF9905518.1	KAI4108479.1
OG0005966	CAF9936865.1, CAF9933811.1	jgi|Grascr1|2308|GST1_009053-RA
OG0005966	CAF9936865.1, CAF9933811.1	jgi|Grascr1|2308|GST1_009053-RA
OG0005966	CAF9936865.1, CAF9933811.1	jgi|Dibbae1|7471|DIBA_003474-RA
OG0005966	CAF9936865.1, CAF9933811.1	coassemb378_004699-T1
OG0005966	CAF9936865.1, CAF9933811.1	jgi|EndpusZ1|4397|EPUS_09037T0
OG0005966	CAF9936865.1, CAF9933811.1	jgi|Neucr_trp3_1|7521|Neucr2.NCU01098T0
OG0005966	CAF9936865.1, CAF9933811.1	jgi|Podan3|204319|mRNA_3147, jgi|Podan3|204696|mRNA_3524
OG0005966	CAF9936865.1	coassemb76_005994-T1
OG0005966	CAF9936865.1	coassemb64_002440-T1, coassemb64_005978-T1, coassemb64_005034-T1
OG0005966	CAF9933811.1	coassemb64_002441-T1, coassemb64_001490-T1
OG0005978	CAF9938135.1	coassemb376_005815-T1
OG0006003	CAF9911686.1	XP_008717735.1
OG0006007	CAF9940831.1	jgi|Aspni_DSM_1|164921|An12g06090m.01
OG0006022	CAF9934762.1	jgi|EndpusZ1|6271|EPUS_05121T0
OG0006025	CAF9903679.1	jgi|Penexp1|9708|PEXP_100150T0
OG0006092	CAF9919389.1	FUN_006046_T1_FUN_006046
OG0006178	CAF9906569.1	jgi|Grascr1|8723|GST1_011775-RA
OG0006180	CAF9906766.1	jgi|Artol1|335|AOL_s00004g334m.01
OG0006180	CAF9906766.1	KAI9658845.1
OG0006180	CAF9942121.1	jgi|Podan3|207541|mRNA_6369
OG0006180	CAF9942121.1	jgi|Grascr1|7955|GST1_003757-RA
OG0006180	CAF9942121.1	GTX0466b15_006049-T1
OG0006180	CAF9942121.1	jgi|Fonmu1|10398|Z520_12265T0
OG0006180	CAF9942121.1	jgi|Aspni_DSM_1|156315|An01g12950m.01
OG0006180	CAF9942121.1	KAI9837502.1
OG0006180	CAF9942121.1	jgi|Penexp1|4888|PEXP_042890T0
OG0006180	CAF9942121.1	jgi|Cocpo1_1|4709|XM_003069662.1, jgi|Cocpo1_1|6935|XM_003071888.1
OG0006180	CAF9942121.1	jgi|Artol1|335|AOL_s00004g334m.01
OG0006180	CAF9942121.1	jgi|Acastr1|124484|AST1_001611-RA
OG0006180	CAF9942121.1	KAI9658845.1
OG0006180	CAF9942121.1	jgi|Artol1|335|AOL_s00004g334m.01
OG0006180	CAF9942121.1	jgi|Acastr1|124484|AST1_001611-RA
OG0006180	CAF9942121.1	KAI9658845.1
OG0006190	CAF9942700.1	jgi|Altal1|6868|CE6867_2937
OG0006237	CAF9920978.1	KAI4093048.1
OG0006292	CAF9914314.1	KAI4228881.1
OG0006334	CAF9928628.1	jgi|Aspni_DSM_1|164931|An12g06180m.01
OG0006372	CAF9916321.1	KAI4233084.1
OG0006382	CAF9919357.1	KAJ9659592.1
OG0006606	CAF9929280.1, CAF9924814.1	jgi|Monha1|1924|H072_1925m.01
OG0006626	CAF9932318.1	jgi|Exoaq1|6084|A1O9_11884T0
OG0006638	CAF9925621.1	jgi|Dibbae1|8770|DIBA_002263-RA
OG0006638	CAF9925621.1	jgi|Clagr3|6591|CLAGR_006304-RA
OG0006638	CAF9925621.1	jgi|Artol1|6195|AOL_s00081g25m.01
OG0006716	CAF9940672.1	jgi|Morco1|558143|estExt_fgenesh1_pm.C_170001, jgi|Morco1|475460|gw1.131.15.1
OG0006759	CAF9925470.1	jgi|Aspni_DSM_1|161435|An08g01710m.01
OG0006759	CAF9925470.1	jgi|Penexp1|8717|PEXP_014310T0
OG0006759	CAF9925470.1	KAJ9663995.1
OG0006759	CAF9925470.1	jgi|Claba1|136293|Z519_02822T0
OG0006759	CAF9925470.1	jgi|Fonmu1|3918|Z520_08555T0
OG0006759	CAF9925470.1	jgi|Capcor1|93282|A1O1_00413T0
OG0006759	CAF9925470.1	jgi|Exoaq1|9985|A1O9_06418T0
OG0006759	CAF9925470.1	XP_008712361.1
OG0006759	CAF9925470.1	GTX0466b15_006018-T1
OG0006759	CAF9925470.1	coassemb76_009982-T1
OG0006759	CAF9925470.1	coassemb64_004766-T1
OG0006842	CAF9933052.1	jgi|EndpusZ1|2241|EPUS_06577T0
OG0006886	CAF9936313.1	coassemb378_000963-T1
OG0006886	CAF9936313.1	GTX0466b15_001122-T1
OG0006886	CAF9936313.1	coassemb76_000483-T1
OG0006886	CAF9936313.1	jgi|Exoaq1|6403|A1O9_12205T0
OG0006886	CAF9936313.1	jgi|Dibbae1|8169|DIBA_003536-RA
OG0006886	CAF9936313.1	jgi|Sclsc1|13781|SS1G_06810T0
OG0006886	CAF9936313.1	KAI4095535.1
OG0006938	CAF9913956.1	jgi|Altal1|1034292|fgenesh1_pm.22_#_63
OG0006938	CAF9913956.1	jgi|Dibbae1|10820|DIBA_012445-RA
OG0006938	CAF9913956.1	jgi|Umbpus1|103476|LPUS_10088T0
OG0006938	CAF9913956.1	jgi|EndpusZ1|6|EPUS_05781T0
OG0006938	CAF9913956.1	jgi|Aurpu_var_mel1|59017|e_gw1.31.39.1
OG0006971	CAF9942966.1	KAI9672148.1, KAI9665517.1
OG0007156	CAF9940373.1, CAF9913631.1	coassemb376_006264-T1
OG0007232	CAF9933446.1	jgi|Phach1|1760|rna1759
OG0007268	CAF9929592.1	jgi|Fusgr1|6757|FGSG_12819T0
OG0007270	CAF9935573.1	coassemb76_005880-T1
OG0007296	CAF9908238.1	coassemb76_002129-T1
OG0007765	CAF9939481.1, CAF9936938.1, CAF9936941.1, CAF9943677.1	jgi|Aspni_DSM_1|159443|An04g07590m.01
OG0007956	CAF9942577.1	jgi|Clagr3|3886|CLAGR_003709-RA
