Orthogroup	Capcor1_GeneCatalog_proteins_20160826.aa	Other
OG0000003	jgi|Capcor1|101478|A1O1_08670T0	jgi|Penexp1|10011|PEXP_017340T0
OG0000010	jgi|Capcor1|99510|A1O1_06682T0	KAJ9654589.1
OG0000015	jgi|Capcor1|98783|A1O1_05950T0	jgi|Cocpo1_1|2685|XM_003067638.1
OG0000015	jgi|Capcor1|98783|A1O1_05950T0	jgi|Penexp1|3668|PEXP_085500T0
OG0000015	jgi|Capcor1|98783|A1O1_05950T0	jgi|Aspni_DSM_1|159833|An05g01120m.01, jgi|Aspni_DSM_1|163216|An10g00660m.01, jgi|Aspni_DSM_1|162661|An09g02000m.01
OG0000037	jgi|Capcor1|95105|A1O1_02244T0	coassemb378_006802-T1
OG0000038	jgi|Capcor1|100033|A1O1_07210T0	jgi|Dibbae1|4142|DIBA_008763-RA
OG0000040	jgi|Capcor1|97361|A1O1_04519T0	jgi|Clagr3|408|CLAGR_000400-RA
OG0000040	jgi|Capcor1|97361|A1O1_04519T0	jgi|Penexp1|7574|PEXP_005540T0
OG0000040	jgi|Capcor1|97361|A1O1_04519T0	jgi|Acastr1|120899|AST1_005068-RA
OG0000040	jgi|Capcor1|97361|A1O1_04519T0	jgi|EndpusZ1|680|EPUS_01241T0
OG0000040	jgi|Capcor1|97361|A1O1_04519T0	CAF9943118.1
OG0000040	jgi|Capcor1|97361|A1O1_04519T0	jgi|Dibbae1|2815|DIBA_008315-RA
OG0000040	jgi|Capcor1|97361|A1O1_04519T0	KAI9714702.1
OG0000056	jgi|Capcor1|96387|A1O1_03534T0	jgi|Sclsc1|366|SS1G_00366T0
OG0000056	jgi|Capcor1|96387|A1O1_03534T0	jgi|Aspni_DSM_1|159920|An05g02070m.01
OG0000061	jgi|Capcor1|97004|A1O1_04157T0	jgi|Clagr3|3920|CLAGR_003743-RA
OG0000061	jgi|Capcor1|99630|A1O1_06803T0	jgi|Penexp1|1729|PEXP_074030T0
OG0000063	jgi|Capcor1|100710|A1O1_07894T0	jgi|Phach1|2642|rna2641
OG0000066	jgi|Capcor1|95539|A1O1_02679T0	jgi|Dibbae1|4642|DIBA_001639-RA
OG0000073	jgi|Capcor1|96694|A1O1_03844T0	jgi|Fusgr1|4450|FGSG_12400T0
OG0000075	jgi|Capcor1|98670|A1O1_05836T0	jgi|Dibbae1|130|DIBA_001267-RA
OG0000080	jgi|Capcor1|97199|A1O1_04355T0, jgi|Capcor1|100571|A1O1_07755T0	CAF9935426.1
OG0000089	jgi|Capcor1|98786|A1O1_05953T0	jgi|Exoaq1|3473|A1O9_10992T0
OG0000092	jgi|Capcor1|93494|A1O1_00627T0	jgi|Clagr3|5199|CLAGR_004539-RA
OG0000097	jgi|Capcor1|92395|A1O1_08818T0	jgi|Grascr1|4501|GST1_002567-RA
OG0000115	jgi|Capcor1|95989|A1O1_03132T0	jgi|Exoaq1|11438|A1O9_07774T0
OG0000115	jgi|Capcor1|95989|A1O1_03132T0	jgi|Clagr3|7930|CLAGR_008371-RA
OG0000127	jgi|Capcor1|100341|A1O1_07524T0	coassemb76_004097-T1
OG0000131	jgi|Capcor1|98774|A1O1_05941T0	jgi|Aurpu_var_mel1|63718|fgenesh1_pg.4_#_55, jgi|Aurpu_var_mel1|56530|e_gw1.24.372.1
OG0000131	jgi|Capcor1|98774|A1O1_05941T0	KAI9653286.1
OG0000131	jgi|Capcor1|98774|A1O1_05941T0	jgi|Grascr1|8627|GST1_012291-RA
OG0000153	jgi|Capcor1|98415|A1O1_05580T0	jgi|Grascr1|4402|GST1_009774-RA
OG0000154	jgi|Capcor1|93320|A1O1_00451T0	jgi|Dibbae1|7779|DIBA_003252-RA
OG0000165	jgi|Capcor1|97469|A1O1_04628T0	KAI9708568.1
OG0000181	jgi|Capcor1|99805|A1O1_06980T0	coassemb378_005990-T1
OG0000193	jgi|Capcor1|100697|A1O1_07881T0	jgi|Aurpu_var_mel1|86688|gm1.7084_g
OG0000200	jgi|Capcor1|95341|A1O1_02480T0	jgi|Fusgr1|3068|FGSG_02688T0, jgi|Fusgr1|4515|FGSG_12409T0
OG0000201	jgi|Capcor1|97352|A1O1_04510T0, jgi|Capcor1|95589|A1O1_02729T0	coassemb378_001789-T1
OG0000202	jgi|Capcor1|93986|A1O1_01123T0	jgi|Fusgr1|8832|FGSG_07636T0
OG0000206	jgi|Capcor1|94673|A1O1_01811T0	jgi|Penexp1|3673|PEXP_041520T0
OG0000209	jgi|Capcor1|93702|A1O1_00836T0	jgi|Acastr1|123098|AST1_004223-RA
OG0000209	jgi|Capcor1|93702|A1O1_00836T0	KAI9714216.1
OG0000214	jgi|Capcor1|93016|A1O1_00145T0	jgi|Fusgr1|4397|FGSG_03711T0
OG0000222	jgi|Capcor1|99225|A1O1_06396T0	jgi|Sclsc1|2679|SS1G_09135T0
OG0000222	jgi|Capcor1|99225|A1O1_06396T0	coassemb76_005374-T1
OG0000225	jgi|Capcor1|96866|A1O1_04018T0	KAI4288535.1
OG0000238	jgi|Capcor1|95880|A1O1_03022T0	jgi|Altal1|1057710|gm1.1945_g
OG0000238	jgi|Capcor1|95880|A1O1_03022T0	KAI4109259.1
OG0000238	jgi|Capcor1|95880|A1O1_03022T0	jgi|Aurpu_var_mel1|49698|e_gw1.11.49.1
OG0000239	jgi|Capcor1|94518|A1O1_01656T0	KAI4239443.1
OG0000239	jgi|Capcor1|94518|A1O1_01656T0	GTX0494b19_003633-T1
OG0000239	jgi|Capcor1|94518|A1O1_01656T0	FUN_007612_T1_FUN_007612
OG0000239	jgi|Capcor1|94518|A1O1_01656T0	KAI4224714.1
OG0000239	jgi|Capcor1|94518|A1O1_01656T0	KAI4103062.1
OG0000239	jgi|Capcor1|94518|A1O1_01656T0	KAI4107734.1
OG0000239	jgi|Capcor1|94518|A1O1_01656T0	KAI4288763.1
OG0000239	jgi|Capcor1|94518|A1O1_01656T0	coassemb376_005335-T1
OG0000239	jgi|Capcor1|94518|A1O1_01656T0	KAI9706089.1
OG0000239	jgi|Capcor1|94518|A1O1_01656T0	KAI9710627.1
OG0000239	jgi|Capcor1|94518|A1O1_01656T0	GTX0486b100_002093-T1
OG0000239	jgi|Capcor1|94518|A1O1_01656T0	jgi|Acastr1|126551|AST1_000146-RA
OG0000239	jgi|Capcor1|94518|A1O1_01656T0	jgi|Clagr3|9273|CLAGR_009201-RA
OG0000239	jgi|Capcor1|94518|A1O1_01656T0	jgi|Umbpus1|100545|LPUS_07205T0
OG0000239	jgi|Capcor1|94518|A1O1_01656T0	CAF9910308.1
OG0000239	jgi|Capcor1|94518|A1O1_01656T0	jgi|Dibbae1|11527|DIBA_012635-RA
OG0000239	jgi|Capcor1|94518|A1O1_01656T0	KAI9825684.1
OG0000239	jgi|Capcor1|94518|A1O1_01656T0	KAI9672089.1
OG0000239	jgi|Capcor1|94518|A1O1_01656T0	jgi|Aurpu_var_mel1|51430|e_gw1.14.157.1
OG0000239	jgi|Capcor1|94518|A1O1_01656T0	jgi|Altal1|430832|CE430831_9565
OG0000239	jgi|Capcor1|94518|A1O1_01656T0	KAI9716592.1
OG0000239	jgi|Capcor1|94518|A1O1_01656T0	jgi|Penexp1|245|PEXP_000560T0
OG0000239	jgi|Capcor1|94518|A1O1_01656T0	jgi|Aspni_DSM_1|165663|An13g02780m.01
OG0000239	jgi|Capcor1|94518|A1O1_01656T0	jgi|Cocpo1_1|3834|XM_003068787.1
OG0000264	jgi|Capcor1|92579|A1O1_09003T0	jgi|Grascr1|467|GST1_006106-RA
OG0000282	jgi|Capcor1|93555|A1O1_00688T0	KAI9753821.1
OG0000282	jgi|Capcor1|93555|A1O1_00688T0	jgi|Fusgr1|4991|FGSG_12496T0
OG0000282	jgi|Capcor1|101069|A1O1_08257T0	KAJ9659602.1
OG0000282	jgi|Capcor1|101069|A1O1_08257T0	XP_008713160.1
OG0000283	jgi|Capcor1|99333|A1O1_06505T0	coassemb376_007093-T1
OG0000296	jgi|Capcor1|99943|A1O1_07120T0	KAI4283092.1
OG0000308	jgi|Capcor1|93137|A1O1_00267T0	KAI4232065.1
OG0000308	jgi|Capcor1|93137|A1O1_00267T0	FUN_010386_T1_FUN_010386
OG0000308	jgi|Capcor1|93137|A1O1_00267T0	GTX0494b19_004225-T1
OG0000308	jgi|Capcor1|93137|A1O1_00267T0	KAI4089257.1
OG0000308	jgi|Capcor1|93137|A1O1_00267T0	KAI4223859.1
OG0000308	jgi|Capcor1|93137|A1O1_00267T0	KAI4277461.1
OG0000308	jgi|Capcor1|93137|A1O1_00267T0	KAI4104938.1
OG0000308	jgi|Capcor1|93137|A1O1_00267T0	coassemb376_007308-T1
OG0000311	jgi|Capcor1|99365|A1O1_06537T0	jgi|Penexp1|9779|PEXP_098470T0
OG0000315	jgi|Capcor1|99511|A1O1_06683T0, jgi|Capcor1|98875|A1O1_06043T0, jgi|Capcor1|96983|A1O1_04136T0	jgi|Penexp1|2729|PEXP_108930T0
OG0000315	jgi|Capcor1|99511|A1O1_06683T0, jgi|Capcor1|98875|A1O1_06043T0, jgi|Capcor1|96983|A1O1_04136T0	jgi|Cocpo1_1|4194|XM_003069147.1
OG0000317	jgi|Capcor1|100136|A1O1_07314T0	jgi|Sclsc1|1845|SS1G_08301T0
OG0000317	jgi|Capcor1|100136|A1O1_07314T0	GTX0486b100_006784-T1
OG0000325	jgi|Capcor1|94874|A1O1_02012T0	coassemb76_006608-T1
OG0000337	jgi|Capcor1|101114|A1O1_08302T0	jgi|Phach1|264|rna263
OG0000337	jgi|Capcor1|101114|A1O1_08302T0	CAF9938348.1
OG0000337	jgi|Capcor1|101114|A1O1_08302T0	GTX0494b19_008919-T1
OG0000337	jgi|Capcor1|101114|A1O1_08302T0	FUN_009986_T1_FUN_009986
OG0000337	jgi|Capcor1|101114|A1O1_08302T0	KAI4105423.1
OG0000337	jgi|Capcor1|101114|A1O1_08302T0	KAI4220196.1
OG0000337	jgi|Capcor1|101114|A1O1_08302T0	KAI4239578.1
OG0000337	jgi|Capcor1|101114|A1O1_08302T0	KAI4100664.1
OG0000337	jgi|Capcor1|101114|A1O1_08302T0	KAI9666881.1
OG0000337	jgi|Capcor1|101114|A1O1_08302T0	coassemb64_001600-T1
OG0000337	jgi|Capcor1|101114|A1O1_08302T0	jgi|Aurpu_var_mel1|72812|fgenesh1_pm.3_#_368
OG0000337	jgi|Capcor1|101114|A1O1_08302T0	jgi|Altal1|1064811|gm1.9046_g
OG0000337	jgi|Capcor1|101114|A1O1_08302T0	coassemb64_001600-T1
OG0000337	jgi|Capcor1|101114|A1O1_08302T0	XP_008719770.1
OG0000337	jgi|Capcor1|101114|A1O1_08302T0	GTX0466b15_002444-T1
OG0000337	jgi|Capcor1|101114|A1O1_08302T0	coassemb76_006590-T1
OG0000337	jgi|Capcor1|101114|A1O1_08302T0	jgi|Fusgr1|6728|FGSG_05797T0
OG0000337	jgi|Capcor1|101114|A1O1_08302T0	KAJ9654601.1
OG0000355	jgi|Capcor1|93643|A1O1_00776T0	coassemb64_000572-T1
OG0000360	jgi|Capcor1|96404|A1O1_03552T0	jgi|Penexp1|5287|PEXP_046120T0
OG0000360	jgi|Capcor1|94283|A1O1_01420T0	jgi|Dibbae1|7507|DIBA_010463-RA
OG0000361	jgi|Capcor1|101324|A1O1_08514T0	jgi|Fusgr1|9924|FGSG_08350T0
OG0000378	jgi|Capcor1|99866|A1O1_07043T0	GTX0486b100_005092-T1
OG0000381	jgi|Capcor1|93061|A1O1_00190T0	FUN_000190_T1_FUN_000190
OG0000399	jgi|Capcor1|101164|A1O1_08352T0, jgi|Capcor1|98822|A1O1_05990T0	jgi|Morco1|470072|gw1.20.229.1
OG0000401	jgi|Capcor1|98210|A1O1_05374T0	jgi|Monha1|4268|H072_4348m.01
OG0000421	jgi|Capcor1|96917|A1O1_04070T0	jgi|Aurpu_var_mel1|48350|e_gw1.10.374.1
OG0000421	jgi|Capcor1|96917|A1O1_04070T0	XP_008717250.1
OG0000421	jgi|Capcor1|96917|A1O1_04070T0	GTX0466b15_000998-T1
OG0000421	jgi|Capcor1|96917|A1O1_04070T0	coassemb76_002596-T1
OG0000421	jgi|Capcor1|96917|A1O1_04070T0	jgi|Claba1|130233|Z519_08540T0, jgi|Claba1|131543|Z519_09857T0
OG0000421	jgi|Capcor1|96917|A1O1_04070T0	jgi|Fonmu1|595|Z520_00597T0, jgi|Fonmu1|5533|Z520_09346T0, jgi|Fonmu1|10645|Z520_03846T0
OG0000421	jgi|Capcor1|96917|A1O1_04070T0	jgi|Exoaq1|4746|A1O9_02265T0
OG0000421	jgi|Capcor1|96917|A1O1_04070T0	jgi|Altal1|925277|e_gw1.1.2169.1
OG0000428	jgi|Capcor1|92919|A1O1_00048T0	KAI9826689.1
OG0000455	jgi|Capcor1|100462|A1O1_07645T0	jgi|Grascr1|12662|GST1_001956-RA
OG0000463	jgi|Capcor1|95264|A1O1_02403T0	GTX0466b15_001346-T1
OG0000466	jgi|Capcor1|99275|A1O1_06446T0	jgi|Grascr1|11362|GST1_005242-RA
OG0000483	jgi|Capcor1|99922|A1O1_07099T0	FUN_009084_T1_FUN_009084
OG0000485	jgi|Capcor1|93354|A1O1_00486T0	jgi|Fusgr1|5084|FGSG_03103T0
OG0000485	jgi|Capcor1|93354|A1O1_00486T0	KAI9826477.1
OG0000525	jgi|Capcor1|97370|A1O1_04528T0	jgi|Dibbae1|3816|DIBA_001796-RA
OG0000555	jgi|Capcor1|93963|A1O1_01099T0	coassemb76_003908-T1
OG0000580	jgi|Capcor1|99769|A1O1_06944T0	jgi|Cocpo1_1|4117|XM_003069070.1
OG0000580	jgi|Capcor1|99769|A1O1_06944T0	jgi|Penexp1|10645|PEXP_060220T0
OG0000580	jgi|Capcor1|99769|A1O1_06944T0	jgi|Aspni_DSM_1|160855|An07g06330m.01
OG0000580	jgi|Capcor1|99769|A1O1_06944T0	jgi|PseVKM4520_1|1631|transcript_KFZ18453
OG0000580	jgi|Capcor1|99769|A1O1_06944T0	jgi|Aurpu_var_mel1|76289|fgenesh1_pm.14_#_109
OG0000580	jgi|Capcor1|99769|A1O1_06944T0	KAI9662101.1
OG0000580	jgi|Capcor1|99769|A1O1_06944T0	KAI4272698.1
OG0000580	jgi|Capcor1|99769|A1O1_06944T0	KAI4223721.1, KAI4222215.1
OG0000580	jgi|Capcor1|99769|A1O1_06944T0	GTX0494b19_008358-T1, GTX0494b19_008978-T1
OG0000580	jgi|Capcor1|99769|A1O1_06944T0	FUN_009740_T1_FUN_009740, FUN_010584_T1_FUN_010584
OG0000580	jgi|Capcor1|99769|A1O1_06944T0	KAI4087188.1, KAI4101043.1
OG0000580	jgi|Capcor1|99769|A1O1_06944T0	KAI4233474.1, KAI4225117.1, KAI4219451.1
OG0000580	jgi|Capcor1|99769|A1O1_06944T0	KAI4099951.1
OG0000580	jgi|Capcor1|99769|A1O1_06944T0	jgi|Ascim1|373677|estExt_fgenesh1_pg.C_100074
OG0000580	jgi|Capcor1|99769|A1O1_06944T0	jgi|Sclsc1|11879|SS1G_04908T0
OG0000580	jgi|Capcor1|94642|A1O1_01780T0, jgi|Capcor1|92323|A1O1_08746T0	jgi|Aspni_DSM_1|158126|An03g01130m.01
OG0000580	jgi|Capcor1|92323|A1O1_08746T0	coassemb378_009052-T1
OG0000590	jgi|Capcor1|98166|A1O1_05330T0	coassemb378_008024-T1
OG0000609	jgi|Capcor1|100529|A1O1_07713T0, jgi|Capcor1|101284|A1O1_08474T0	jgi|Artol1|4636|AOL_s00078g22m.01
OG0000615	jgi|Capcor1|101472|A1O1_08664T0	CAF9926602.1
OG0000635	jgi|Capcor1|93148|A1O1_00278T0	coassemb76_002157-T1
OG0000641	jgi|Capcor1|98816|A1O1_05984T0	CAF9931073.1
OG0000660	jgi|Capcor1|93682|A1O1_00816T0	jgi|Artol1|1003|AOL_s00006g343m.01
OG0000684	jgi|Capcor1|93049|A1O1_00178T0	jgi|Sclsc1|10766|SS1G_03795T0
OG0000691	jgi|Capcor1|96360|A1O1_03507T0	coassemb378_007181-T1
OG0000698	jgi|Capcor1|94888|A1O1_02026T0	GTX0466b15_001449-T1
OG0000704	jgi|Capcor1|99966|A1O1_07143T0	jgi|Penexp1|9359|PEXP_066630T0
OG0000713	jgi|Capcor1|93311|A1O1_00442T0	coassemb378_007793-T1
OG0000713	jgi|Capcor1|93311|A1O1_00442T0	coassemb376_002469-T1
OG0000721	jgi|Capcor1|99788|A1O1_06963T0	jgi|Clagr3|10693|CLAGR_010801-RA
OG0000723	jgi|Capcor1|94499|A1O1_01636T0	XP_008712563.1
OG0000738	jgi|Capcor1|97123|A1O1_04278T0	jgi|Fusgr1|9627|FGSG_08611T0
OG0000742	jgi|Capcor1|97975|A1O1_05139T0, jgi|Capcor1|94182|A1O1_01319T0	CAF9912950.1
OG0000745	jgi|Capcor1|98782|A1O1_05949T0	jgi|Penexp1|3667|PEXP_085490T0
OG0000745	jgi|Capcor1|98782|A1O1_05949T0	jgi|Aspni_DSM_1|162662|An09g02010m.01
OG0000746	jgi|Capcor1|96571|A1O1_03720T0	KAI9712186.1
OG0000746	jgi|Capcor1|96571|A1O1_03720T0	jgi|Aurpu_var_mel1|51785|e_gw1.15.13.1
OG0000748	jgi|Capcor1|101156|A1O1_08344T0	coassemb378_006069-T1
OG0000749	jgi|Capcor1|97108|A1O1_04263T0	jgi|Aurpu_var_mel1|85019|gm1.5415_g
OG0000770	jgi|Capcor1|94876|A1O1_02014T0	jgi|Aspni_DSM_1|156861|An02g03380m.01
OG0000772	jgi|Capcor1|100078|A1O1_07256T0	jgi|Fonmu1|3937|Z520_08574T0
OG0000779	jgi|Capcor1|99541|A1O1_06713T0	jgi|Dibbae1|4836|DIBA_009724-RA
OG0000780	jgi|Capcor1|95508|A1O1_02647T0	jgi|PseVKM4520_1|10673|transcript_KFZ25328
OG0000780	jgi|Capcor1|95508|A1O1_02647T0	KAI9718072.1
OG0000780	jgi|Capcor1|95508|A1O1_02647T0	coassemb378_005839-T1
OG0000792	jgi|Capcor1|97058|A1O1_04211T0	jgi|Fusgr1|5336|FGSG_02884T0
OG0000793	jgi|Capcor1|97100|A1O1_04255T0	coassemb378_010898-T1
OG0000797	jgi|Capcor1|92815|A1O1_09240T0, jgi|Capcor1|93421|A1O1_00553T0	jgi|Monha1|6753|H072_6970m.01, jgi|Monha1|5858|H072_6047m.01, jgi|Monha1|212|H072_212m.01
OG0000814	jgi|Capcor1|94819|A1O1_01957T0	CAF9935020.1
OG0000868	jgi|Capcor1|95944|A1O1_03087T0	jgi|Fusgr1|8545|FGSG_07373T0
OG0000868	jgi|Capcor1|95944|A1O1_03087T0	jgi|Neucr_trp3_1|7047|Neucr2.NCU04653T0
OG0000868	jgi|Capcor1|95944|A1O1_03087T0	jgi|Podan3|204155|mRNA_2983
OG0000868	jgi|Capcor1|95944|A1O1_03087T0	jgi|Sclsc1|6163|SS1G_01664T0
OG0000868	jgi|Capcor1|95944|A1O1_03087T0	jgi|PseVKM4520_1|4544|transcript_KFZ13288
OG0000868	jgi|Capcor1|95944|A1O1_03087T0	jgi|Altal1|1018680|fgenesh1_kg.6_#_326_#_Locus4743v1rpkm26.20
OG0000868	jgi|Capcor1|95944|A1O1_03087T0	jgi|Aurpu_var_mel1|57889|e_gw1.27.352.1
OG0000868	jgi|Capcor1|95944|A1O1_03087T0	KAI9719542.1
OG0000868	jgi|Capcor1|95944|A1O1_03087T0	KAI9667181.1
OG0000868	jgi|Capcor1|95944|A1O1_03087T0	KAI9818259.1
OG0000868	jgi|Capcor1|95944|A1O1_03087T0	KAI9754480.1
OG0000868	jgi|Capcor1|95944|A1O1_03087T0	GTX0486b100_007186-T1
OG0000868	jgi|Capcor1|95944|A1O1_03087T0	KAI9722985.1
OG0000868	jgi|Capcor1|95944|A1O1_03087T0	KAI9707729.1
OG0000868	jgi|Capcor1|95944|A1O1_03087T0	KAI9830027.1
OG0000897	jgi|Capcor1|97470|A1O1_04629T0	GTX0486b100_000479-T1
OG0000900	jgi|Capcor1|96810|A1O1_03961T0	jgi|Fusgr1|3783|FGSG_04250T0
OG0000909	jgi|Capcor1|93610|A1O1_00743T0	jgi|Acastr1|121351|AST1_002291-RA
OG0000913	jgi|Capcor1|96059|A1O1_03203T0	jgi|Acastr1|122178|AST1_005884-RA
OG0000928	jgi|Capcor1|92504|A1O1_08928T0	CAF9924993.1
OG0000929	jgi|Capcor1|100408|A1O1_07591T0, jgi|Capcor1|97949|A1O1_05112T0	jgi|Sclsc1|3721|SS1G_10177T0
OG0000929	jgi|Capcor1|100408|A1O1_07591T0	jgi|Fusgr1|5566|FGSG_04782T0
OG0000945	jgi|Capcor1|99865|A1O1_07042T0	jgi|Fusgr1|8994|FGSG_07770T0
OG0000973	jgi|Capcor1|99679|A1O1_06852T0	jgi|Erypu1|6454|transcript_POS81727
OG0000974	jgi|Capcor1|94069|A1O1_01206T0	jgi|Dibbae1|9218|DIBA_011494-RA
OG0000976	jgi|Capcor1|101224|A1O1_08412T0	FUN_000406_T1_FUN_000406
OG0000976	jgi|Capcor1|101224|A1O1_08412T0	CAF9943318.1
OG0000993	jgi|Capcor1|95819|A1O1_02961T0	coassemb378_001917-T1
OG0001005	jgi|Capcor1|94443|A1O1_01580T0	GTX0466b15_004548-T1
OG0001006	jgi|Capcor1|95536|A1O1_02676T0	jgi|Monha1|9388|H072_9849m.01
OG0001011	jgi|Capcor1|96718|A1O1_03868T0	jgi|Fusgr1|3303|FGSG_04677T0
OG0001017	jgi|Capcor1|92932|A1O1_00061T0	jgi|Altal1|938817|e_gw1.14.419.1
OG0001023	jgi|Capcor1|99378|A1O1_06550T0	KAI4234030.1
OG0001034	jgi|Capcor1|94468|A1O1_01605T0, jgi|Capcor1|98785|A1O1_05952T0	jgi|Altal1|1015420|fgenesh1_kg.1_#_398_#_Locus12168v1rpkm0.86
OG0001034	jgi|Capcor1|98785|A1O1_05952T0	jgi|Fusgr1|66|FGSG_00049T0
OG0001034	jgi|Capcor1|98785|A1O1_05952T0	jgi|Acastr1|122575|AST1_008451-RA
OG0001034	jgi|Capcor1|98785|A1O1_05952T0	KAI9754741.1
OG0001034	jgi|Capcor1|98785|A1O1_05952T0	KAI9826786.1
OG0001060	jgi|Capcor1|94981|A1O1_02120T0	jgi|Morco1|578177|gm1.8953_g, jgi|Morco1|578182|gm1.8958_g, jgi|Morco1|578180|gm1.8956_g, jgi|Morco1|493985|e_gw1.58.72.1
OG0001077	jgi|Capcor1|99743|A1O1_06916T0	KAI4105648.1
OG0001077	jgi|Capcor1|99743|A1O1_06916T0	KAI4286386.1
OG0001084	jgi|Capcor1|101515|A1O1_08707T0	jgi|Fusgr1|6893|FGSG_05944T0
OG0001100	jgi|Capcor1|95117|A1O1_02256T0	CAF9903761.1
OG0001101	jgi|Capcor1|100868|A1O1_08055T0	jgi|Dibbae1|4095|DIBA_001679-RA
OG0001115	jgi|Capcor1|99153|A1O1_06324T0	jgi|Morco1|18387|CE18386_180
OG0001136	jgi|Capcor1|99045|A1O1_06216T0	jgi|PseVKM4520_1|8458|transcript_KFZ24508, jgi|PseVKM4520_1|6258|transcript_KFZ10076
OG0001150	jgi|Capcor1|101175|A1O1_08363T0	jgi|Fusgr1|11434|FGSG_13666T0
OG0001159	jgi|Capcor1|92500|A1O1_08924T0	jgi|Sclsc1|11022|SS1G_04051T0
OG0001161	jgi|Capcor1|96899|A1O1_04052T0	coassemb378_003837-T1
OG0001161	jgi|Capcor1|96899|A1O1_04052T0	jgi|Grascr1|10701|GST1_003867-RA
OG0001165	jgi|Capcor1|97093|A1O1_04248T0	jgi|PseVKM4520_1|2149|transcript_KFZ17507
OG0001173	jgi|Capcor1|95976|A1O1_03119T0	FUN_003555_T1_FUN_003555
OG0001176	jgi|Capcor1|92548|A1O1_08972T0	coassemb378_001407-T1
OG0001176	jgi|Capcor1|92548|A1O1_08972T0	jgi|Grascr1|11581|GST1_001803-RA
OG0001176	jgi|Capcor1|92548|A1O1_08972T0	jgi|Phach1|894|rna893
OG0001176	jgi|Capcor1|92548|A1O1_08972T0	jgi|Aurpu_var_mel1|76940|fgenesh1_pm.17_#_128
OG0001176	jgi|Capcor1|92548|A1O1_08972T0	jgi|Penexp1|9070|PEXP_063730T0
OG0001176	jgi|Capcor1|92548|A1O1_08972T0	jgi|PseVKM4520_1|6896|transcript_KFZ09127
OG0001176	jgi|Capcor1|92548|A1O1_08972T0	jgi|Phach1|894|rna893
OG0001181	jgi|Capcor1|97411|A1O1_04569T0	jgi|Fonmu1|8464|Z520_11439T0
OG0001184	jgi|Capcor1|99814|A1O1_06989T0	jgi|PseVKM4520_1|7830|transcript_KFZ07710
OG0001191	jgi|Capcor1|97752|A1O1_04913T0	jgi|Morco1|547704|fgenesh1_pg.43_#_83
OG0001196	jgi|Capcor1|101094|A1O1_08282T0	jgi|Acastr1|124709|AST1_002374-RA
OG0001203	jgi|Capcor1|97260|A1O1_04416T0	jgi|Clagr3|9146|CLAGR_009773-RA
OG0001214	jgi|Capcor1|98840|A1O1_06008T0	coassemb378_006048-T1
OG0001214	jgi|Capcor1|98840|A1O1_06008T0	KAI9717070.1
OG0001227	jgi|Capcor1|95155|A1O1_02294T0	jgi|Artol1|4183|AOL_s00076g279m.01
OG0001227	jgi|Capcor1|95155|A1O1_02294T0	jgi|Aspni_DSM_1|158193|An03g01800m.01
OG0001250	jgi|Capcor1|96198|A1O1_03343T0	GTX0466b15_001962-T1
OG0001270	jgi|Capcor1|95588|A1O1_02728T0	jgi|Sclsc1|2142|SS1G_08599T0
OG0001281	jgi|Capcor1|98309|A1O1_05473T0	jgi|Artol1|5|AOL_s00004g4m.01
OG0001281	jgi|Capcor1|98309|A1O1_05473T0	jgi|Fusgr1|13314|FGSG_11241T0, jgi|Fusgr1|10669|FGSG_09212T0
OG0001300	jgi|Capcor1|97472|A1O1_04631T0	jgi|Artol1|5665|AOL_s00079g439m.01
OG0001329	jgi|Capcor1|95094|A1O1_02233T0	KAI4233996.1
OG0001362	jgi|Capcor1|95440|A1O1_02579T0	KAI9700632.1
OG0001372	jgi|Capcor1|100324|A1O1_07506T0	CAF9922714.1
OG0001427	jgi|Capcor1|97674|A1O1_04835T0	KAI9838537.1
OG0001428	jgi|Capcor1|97735|A1O1_04896T0	jgi|Grascr1|4396|GST1_010145-RA
OG0001435	jgi|Capcor1|96772|A1O1_03923T0	coassemb376_005892-T1
OG0001435	jgi|Capcor1|96772|A1O1_03923T0	KAI4287589.1
OG0001454	jgi|Capcor1|99267|A1O1_06438T0	coassemb376_007399-T1
OG0001473	jgi|Capcor1|92639|A1O1_09063T0	jgi|Fusgr1|2642|FGSG_02304T0
OG0001497	jgi|Capcor1|97917|A1O1_05079T0, jgi|Capcor1|99464|A1O1_06636T0	jgi|Sclsc1|3190|SS1G_09646T0
OG0001497	jgi|Capcor1|97917|A1O1_05079T0, jgi|Capcor1|99464|A1O1_06636T0	jgi|Dibbae1|9770|DIBA_012322-RA
OG0001512	jgi|Capcor1|92531|A1O1_08955T0	jgi|Sclsc1|6419|SS1G_01919T0
OG0001518	jgi|Capcor1|92582|A1O1_09006T0	jgi|Penexp1|8657|PEXP_013540T0
OG0001536	jgi|Capcor1|101487|A1O1_08679T0	jgi|Podan3|211277|mRNA_10105
OG0001538	jgi|Capcor1|97538|A1O1_04699T0	jgi|Fusgr1|4823|FGSG_03328T0
OG0001547	jgi|Capcor1|96218|A1O1_03363T0, jgi|Capcor1|100927|A1O1_08115T0, jgi|Capcor1|97895|A1O1_05057T0	KAI9836074.1
OG0001547	jgi|Capcor1|96218|A1O1_03363T0, jgi|Capcor1|100927|A1O1_08115T0, jgi|Capcor1|97895|A1O1_05057T0	XP_008718822.1
OG0001547	jgi|Capcor1|92468|A1O1_08892T0	coassemb64_006283-T1
OG0001547	jgi|Capcor1|92468|A1O1_08892T0	jgi|Neucr_trp3_1|2938|Neucr2.NCU05340T0
OG0001547	jgi|Capcor1|92468|A1O1_08892T0	KAI9827425.1
OG0001547	jgi|Capcor1|92468|A1O1_08892T0	jgi|Phach1|1878|rna1877
OG0001547	jgi|Capcor1|92468|A1O1_08892T0	jgi|Aspni_DSM_1|158237|An03g02280m.01
OG0001547	jgi|Capcor1|92468|A1O1_08892T0	jgi|Penexp1|8715|PEXP_014290T0
OG0001547	jgi|Capcor1|92468|A1O1_08892T0	jgi|Neucr_trp3_1|2938|Neucr2.NCU05340T0
OG0001572	jgi|Capcor1|94340|A1O1_01477T0	KAI4289398.1
OG0001572	jgi|Capcor1|94340|A1O1_01477T0	jgi|Clagr3|3038|CLAGR_002700-RA
OG0001580	jgi|Capcor1|94371|A1O1_01508T0	KAI4287607.1
OG0001581	jgi|Capcor1|99473|A1O1_06645T0	KAI9825660.1
OG0001609	jgi|Capcor1|97920|A1O1_05082T0	KAI9669354.1
OG0001609	jgi|Capcor1|97920|A1O1_05082T0	KAI4281491.1
OG0001618	jgi|Capcor1|98231|A1O1_05395T0	jgi|Acastr1|119091|AST1_006272-RA
OG0001624	jgi|Capcor1|95133|A1O1_02272T0	jgi|Sclsc1|5173|SS1G_11629T0
OG0001624	jgi|Capcor1|95133|A1O1_02272T0	jgi|PseVKM4520_1|7991|transcript_KFZ24628
OG0001669	jgi|Capcor1|98966|A1O1_06136T0	jgi|Fusgr1|12287|FGSG_10624T0
OG0001702	jgi|Capcor1|93030|A1O1_00159T0	GTX0486b100_005054-T1
OG0001702	jgi|Capcor1|93030|A1O1_00159T0	KAI9839547.1
OG0001744	jgi|Capcor1|97800|A1O1_04961T0	jgi|Umbpus1|99583|LPUS_06157T0
OG0001748	jgi|Capcor1|99262|A1O1_06433T0	jgi|Monha1|5511|H072_5647m.01
OG0001752	jgi|Capcor1|99317|A1O1_06489T0	jgi|Grascr1|3314|GST1_008158-RA
OG0001752	jgi|Capcor1|99317|A1O1_06489T0	coassemb64_007656-T1
OG0001764	jgi|Capcor1|92522|A1O1_08946T0	jgi|Podan3|209159|mRNA_7987, jgi|Podan3|210190|mRNA_9018
OG0001782	jgi|Capcor1|101321|A1O1_08511T0	FUN_008736_T1_FUN_008736
OG0001796	jgi|Capcor1|93166|A1O1_00296T0	jgi|PseVKM4520_1|2442|transcript_KFZ16962
OG0001841	jgi|Capcor1|100754|A1O1_07938T0	jgi|Acastr1|123786|AST1_006423-RA
OG0001860	jgi|Capcor1|97936|A1O1_05098T0	jgi|Aurpu_var_mel1|70521|fgenesh1_pg.47_#_5
OG0001860	jgi|Capcor1|97936|A1O1_05098T0	coassemb378_011336-T1
OG0001873	jgi|Capcor1|94882|A1O1_02020T0	jgi|PseVKM4520_1|4677|transcript_KFZ12996
OG0001889	jgi|Capcor1|98574|A1O1_05740T0	KAI9651668.1
OG0001890	jgi|Capcor1|99794|A1O1_06969T0	GTX0466b15_002312-T1
OG0001892	jgi|Capcor1|96558|A1O1_03707T0	KAI9720200.1
OG0001907	jgi|Capcor1|99136|A1O1_06307T0, jgi|Capcor1|95151|A1O1_02290T0	coassemb378_007129-T1
OG0001907	jgi|Capcor1|95151|A1O1_02290T0	jgi|Fusgr1|4937|FGSG_12482T0
OG0001908	jgi|Capcor1|100539|A1O1_07723T0	coassemb378_011231-T1
OG0001909	jgi|Capcor1|96345|A1O1_03492T0	coassemb76_006671-T1
OG0001927	jgi|Capcor1|101303|A1O1_08493T0	jgi|Erypu1|6747|transcript_POS84546
OG0001927	jgi|Capcor1|101303|A1O1_08493T0	jgi|PseVKM4520_1|2507|transcript_KFZ16832
OG0001927	jgi|Capcor1|101303|A1O1_08493T0	jgi|Fusgr1|905|FGSG_00766T0
OG0001927	jgi|Capcor1|101303|A1O1_08493T0	jgi|Neucr_trp3_1|2004|Neucr2.NCU00714T0
OG0001927	jgi|Capcor1|101303|A1O1_08493T0	jgi|Podan3|201693|mRNA_521
OG0001929	jgi|Capcor1|100086|A1O1_07264T0	jgi|Grascr1|10011|GST1_004182-RA
OG0001932	jgi|Capcor1|97031|A1O1_04184T0	jgi|Neucr_trp3_1|5863|Neucr2.NCU06385T0
OG0001935	jgi|Capcor1|97196|A1O1_04352T0	jgi|Morco1|203785|CE203784_1176
OG0001950	jgi|Capcor1|99393|A1O1_06565T0	jgi|Erypu1|5784|transcript_POS81829
OG0001955	jgi|Capcor1|93698|A1O1_00832T0	KAI9837859.1
OG0001985	jgi|Capcor1|99635|A1O1_06808T0	jgi|Acastr1|124185|AST1_007313-RA
OG0001991	jgi|Capcor1|95773|A1O1_02915T0	KAI4091663.1
OG0002008	jgi|Capcor1|94563|A1O1_01701T0	coassemb376_004075-T1
OG0002021	jgi|Capcor1|98900|A1O1_06070T0	jgi|Umbpus1|102516|LPUS_09074T0
OG0002022	jgi|Capcor1|99229|A1O1_06400T0	CAF9938633.1
OG0002035	jgi|Capcor1|100053|A1O1_07230T0	coassemb376_006802-T1
OG0002048	jgi|Capcor1|100619|A1O1_07803T0	CAF9927521.1
OG0002082	jgi|Capcor1|92540|A1O1_08964T0	jgi|Neucr_trp3_1|8808|Neucr2.NCU04822T0
OG0002084	jgi|Capcor1|95356|A1O1_02495T0	KAI4087851.1
OG0002105	jgi|Capcor1|95419|A1O1_02558T0	KAI4108199.1
OG0002119	jgi|Capcor1|100187|A1O1_07367T0	coassemb378_007820-T1
OG0002138	jgi|Capcor1|100217|A1O1_07398T0	jgi|Grascr1|1555|GST1_006163-RA
OG0002154	jgi|Capcor1|97356|A1O1_04514T0	jgi|Sclsc1|8089|SS1G_13512T0
OG0002156	jgi|Capcor1|93199|A1O1_00329T0	KAI9712472.1
OG0002214	jgi|Capcor1|100630|A1O1_07814T0	coassemb378_011679-T1
OG0002221	jgi|Capcor1|97802|A1O1_04963T0	jgi|Aurpu_var_mel1|54398|e_gw1.20.209.1
OG0002238	jgi|Capcor1|101018|A1O1_08206T0	jgi|Acastr1|123805|AST1_002833-RA
OG0002279	jgi|Capcor1|99112|A1O1_06283T0	KAI9715989.1
OG0002279	jgi|Capcor1|99112|A1O1_06283T0	coassemb378_006065-T1
OG0002283	jgi|Capcor1|98636|A1O1_05802T0	jgi|Sclsc1|13646|SS1G_06675T0
OG0002345	jgi|Capcor1|100925|A1O1_08112T0	coassemb378_002074-T1
OG0002349	jgi|Capcor1|95983|A1O1_03126T0	jgi|Acastr1|122567|AST1_006589-RA
OG0002349	jgi|Capcor1|95983|A1O1_03126T0	jgi|Grascr1|958|GST1_006961-RA
OG0002355	jgi|Capcor1|100826|A1O1_08012T0	KAI4209376.1
OG0002373	jgi|Capcor1|99633|A1O1_06806T0	FUN_005923_T1_FUN_005923
OG0002459	jgi|Capcor1|100803|A1O1_07989T0	jgi|Grascr1|1927|GST1_006382-RA
OG0002488	jgi|Capcor1|95576|A1O1_02716T0	jgi|Acastr1|125060|AST1_002012-RA
OG0002537	jgi|Capcor1|96431|A1O1_03580T0	jgi|Aurpu_var_mel1|81946|gm1.2342_g
OG0002553	jgi|Capcor1|97298|A1O1_04456T0	coassemb376_006157-T1
OG0002575	jgi|Capcor1|101369|A1O1_08560T0	GTX0486b100_008436-T1
OG0002575	jgi|Capcor1|101369|A1O1_08560T0	GTX0494b19_000543-T1
OG0002676	jgi|Capcor1|94211|A1O1_01348T0	KAI9831149.1
OG0002676	jgi|Capcor1|94211|A1O1_01348T0	coassemb376_003947-T1
OG0002682	jgi|Capcor1|94237|A1O1_01374T0	jgi|Erypu1|5639|transcript_POS81857
OG0002705	jgi|Capcor1|97439|A1O1_04597T0	KAI4286705.1
OG0002738	jgi|Capcor1|98073|A1O1_05237T0	jgi|Monha1|1364|H072_1364m.01
OG0002738	jgi|Capcor1|98073|A1O1_05237T0	jgi|Sclsc1|3554|SS1G_10010T0
OG0002760	jgi|Capcor1|99435|A1O1_06607T0	jgi|Monha1|5677|H072_5862m.01
OG0002764	jgi|Capcor1|100986|A1O1_08174T0	KAI9812097.1
OG0002764	jgi|Capcor1|100986|A1O1_08174T0	jgi|Ascim1|377009|estExt_fgenesh1_pg.C_420059
OG0002767	jgi|Capcor1|95199|A1O1_02338T0	coassemb378_001833-T1
OG0002769	jgi|Capcor1|95251|A1O1_02390T0	KAI4232683.1
OG0002828	jgi|Capcor1|100092|A1O1_07270T0	jgi|Podan3|207818|mRNA_6646
OG0002870	jgi|Capcor1|98780|A1O1_05947T0	CAF9925069.1, CAF9904013.1
OG0002884	jgi|Capcor1|92536|A1O1_08960T0	jgi|Umbpus1|99828|LPUS_06401T0
OG0002915	jgi|Capcor1|97979|A1O1_05143T0	jgi|Podan3|210066|mRNA_8894
OG0002978	jgi|Capcor1|95870|A1O1_03012T0	jgi|Dibbae1|6486|DIBA_008345-RA
OG0002986	jgi|Capcor1|96669|A1O1_03819T0	KAI9717607.1
OG0003013	jgi|Capcor1|97663|A1O1_04824T0	jgi|Sclsc1|8112|SS1G_13535T0
OG0003013	jgi|Capcor1|97663|A1O1_04824T0	KAI4221834.1
OG0003046	jgi|Capcor1|95637|A1O1_02777T0	jgi|Umbpus1|106843|LPUS_05054T0
OG0003218	jgi|Capcor1|94407|A1O1_01544T0	jgi|Umbpus1|101609|LPUS_08336T0
OG0003236	jgi|Capcor1|92408|A1O1_08831T0	jgi|Umbpus1|99689|LPUS_06290T0
OG0003327	jgi|Capcor1|100386|A1O1_07569T0	jgi|Cocpo1_1|298|XM_003065249.1
OG0003368	jgi|Capcor1|92958|A1O1_00087T0	jgi|Umbpus1|100922|LPUS_07632T0
OG0003398	jgi|Capcor1|97218|A1O1_04374T0	jgi|Fusgr1|12761|FGSG_10917T0
OG0003406	jgi|Capcor1|94735|A1O1_01873T0, jgi|Capcor1|95016|A1O1_02155T0	XP_008711927.1
OG0003406	jgi|Capcor1|94735|A1O1_01873T0, jgi|Capcor1|95016|A1O1_02155T0	GTX0466b15_002032-T1
OG0003406	jgi|Capcor1|94735|A1O1_01873T0, jgi|Capcor1|95016|A1O1_02155T0	coassemb76_010211-T1
OG0003406	jgi|Capcor1|94735|A1O1_01873T0, jgi|Capcor1|95016|A1O1_02155T0	KAJ9656326.1
OG0003422	jgi|Capcor1|98965|A1O1_06135T0	jgi|Grascr1|6991|GST1_002829-RA
OG0003433	jgi|Capcor1|100526|A1O1_07710T0	jgi|Exoaq1|11004|A1O9_07373T0
OG0003433	jgi|Capcor1|100526|A1O1_07710T0	XP_008712402.1
OG0003465	jgi|Capcor1|95594|A1O1_02734T0	jgi|Grascr1|8572|GST1_003093-RA
OG0003465	jgi|Capcor1|95594|A1O1_02734T0	jgi|Acastr1|126311|AST1_007276-RA
OG0003488	jgi|Capcor1|97645|A1O1_04806T0	jgi|Neucr_trp3_1|1223006|e_gw1.223.19.1
OG0003493	jgi|Capcor1|94703|A1O1_01841T0	coassemb376_007882-T1
OG0003534	jgi|Capcor1|96015|A1O1_03159T0	KAI9724968.1
OG0003578	jgi|Capcor1|97604|A1O1_04765T0	jgi|Fusgr1|5216|FGSG_02990T0
OG0003617	jgi|Capcor1|94994|A1O1_02133T0	CAF9906519.1
OG0003629	jgi|Capcor1|95380|A1O1_02519T0	coassemb376_000939-T1
OG0003680	jgi|Capcor1|96903|A1O1_04056T0	jgi|Morco1|577490|gm1.8266_g
OG0003689	jgi|Capcor1|97355|A1O1_04513T0	jgi|Clagr3|7431|CLAGR_007028-RA
OG0003739	jgi|Capcor1|93933|A1O1_01069T0	KAI4289387.1
OG0003750	jgi|Capcor1|92634|A1O1_09058T0	jgi|Umbpus1|101693|LPUS_08431T0
OG0003752	jgi|Capcor1|93981|A1O1_01118T0	jgi|Umbpus1|101274|LPUS_08013T0
OG0003775	jgi|Capcor1|98843|A1O1_06011T0	jgi|Umbpus1|102243|LPUS_08996T0
OG0003783	jgi|Capcor1|98981|A1O1_06151T0	jgi|Umbpus1|101691|LPUS_08429T0
OG0003794	jgi|Capcor1|98010|A1O1_05174T0	KAI9817910.1
OG0003880	jgi|Capcor1|97555|A1O1_04716T0	jgi|Umbpus1|105574|LPUS_12582T0
OG0003885	jgi|Capcor1|96274|A1O1_03419T0	jgi|Acastr1|126374|AST1_002463-RA
OG0003946	jgi|Capcor1|100114|A1O1_07292T0	jgi|Clagr3|10978|CLAGR_010969-RA
OG0003978	jgi|Capcor1|97163|A1O1_04319T0	CAF9943228.1
OG0004032	jgi|Capcor1|100576|A1O1_07760T0	jgi|Umbpus1|101987|LPUS_08764T0
OG0004124	jgi|Capcor1|101495|A1O1_08687T0	jgi|Grascr1|7304|GST1_010154-RA
OG0004251	jgi|Capcor1|99094|A1O1_06265T0	jgi|Clagr3|1524|CLAGR_002318-RA
OG0004251	jgi|Capcor1|99094|A1O1_06265T0	jgi|Exoaq1|6274|A1O9_12075T0
OG0004264	jgi|Capcor1|97444|A1O1_04602T0	coassemb378_011412-T1
OG0004318	jgi|Capcor1|99638|A1O1_06811T0	jgi|PseVKM4520_1|3541|transcript_KFZ14981
OG0004369	jgi|Capcor1|99981|A1O1_07158T0	jgi|Morco1|534707|fgenesh1_kg.17_#_43_#_Locus16834v1rpkm0.80
OG0004375	jgi|Capcor1|96528|A1O1_03677T0	GTX0466b15_006757-T1
OG0004411	jgi|Capcor1|101072|A1O1_08260T0	jgi|Phach1|1793|rna1792
OG0004411	jgi|Capcor1|101072|A1O1_08260T0	KAI4108142.1
OG0004411	jgi|Capcor1|101072|A1O1_08260T0	coassemb376_000758-T1
OG0004411	jgi|Capcor1|101072|A1O1_08260T0	jgi|EndpusZ1|5711|EPUS_05317T0
OG0004411	jgi|Capcor1|101072|A1O1_08260T0	jgi|Fusgr1|11714|FGSG_10120T0
OG0004411	jgi|Capcor1|101072|A1O1_08260T0	jgi|Neucr_trp3_1|7845|Neucr2.NCU01411T0
OG0004411	jgi|Capcor1|101072|A1O1_08260T0	jgi|Podan3|203941|mRNA_2769
OG0004419	jgi|Capcor1|97883|A1O1_05045T0	jgi|Acastr1|121195|AST1_003133-RA
OG0004435	jgi|Capcor1|95563|A1O1_02703T0	GTX0486b100_006750-T1
OG0004500	jgi|Capcor1|96883|A1O1_04035T0	jgi|Umbpus1|99363|LPUS_05933T0
OG0004527	jgi|Capcor1|94144|A1O1_01281T0	KAI9652523.1
OG0004596	jgi|Capcor1|97548|A1O1_04709T0	jgi|Podan3|203261|mRNA_2089
OG0004739	jgi|Capcor1|98855|A1O1_06023T0	jgi|Umbpus1|101492|LPUS_08193T0
OG0004760	jgi|Capcor1|95761|A1O1_02903T0	jgi|Artol1|5540|AOL_s00079g314m.01
OG0004760	jgi|Capcor1|95013|A1O1_02152T0	KAI4089765.1
OG0004760	jgi|Capcor1|95013|A1O1_02152T0	KAI4224918.1
OG0004760	jgi|Capcor1|95013|A1O1_02152T0	KAI4239076.1
OG0004760	jgi|Capcor1|95013|A1O1_02152T0	GTX0494b19_005902-T1
OG0004760	jgi|Capcor1|95013|A1O1_02152T0	FUN_010421_T1_FUN_010421
OG0004760	jgi|Capcor1|95013|A1O1_02152T0	jgi|Clagr3|7869|CLAGR_007488-RA
OG0004760	jgi|Capcor1|95013|A1O1_02152T0	CAF9915970.1
OG0004760	jgi|Capcor1|95013|A1O1_02152T0	jgi|Dibbae1|2566|DIBA_001557-RA
OG0004760	jgi|Capcor1|95013|A1O1_02152T0	coassemb378_008277-T1
OG0004760	jgi|Capcor1|95013|A1O1_02152T0	coassemb376_003995-T1
OG0004760	jgi|Capcor1|95013|A1O1_02152T0	KAI4087534.1
OG0004760	jgi|Capcor1|95013|A1O1_02152T0	jgi|Umbpus1|99385|LPUS_05966T0
OG0004760	jgi|Capcor1|95013|A1O1_02152T0	jgi|Grascr1|12534|GST1_006051-RA
OG0004760	jgi|Capcor1|95013|A1O1_02152T0	jgi|Podan3|201755|mRNA_583
OG0004760	jgi|Capcor1|95013|A1O1_02152T0	jgi|Artol1|5540|AOL_s00079g314m.01
OG0004760	jgi|Capcor1|95013|A1O1_02152T0	jgi|Artol1|5540|AOL_s00079g314m.01
OG0004778	jgi|Capcor1|100214|A1O1_07395T0	coassemb378_004240-T1
OG0004907	jgi|Capcor1|98737|A1O1_05903T0	jgi|Umbpus1|102915|LPUS_09505T0
OG0004951	jgi|Capcor1|100772|A1O1_07956T0	jgi|Acastr1|127638|AST1_004262-RA
OG0004993	jgi|Capcor1|101219|A1O1_08407T0	jgi|Aspni_DSM_1|160798|An07g05740m.01
OG0005015	jgi|Capcor1|99787|A1O1_06962T0	GTX0466b15_000133-T1
OG0005075	jgi|Capcor1|96829|A1O1_03980T0	jgi|Grascr1|10864|GST1_000957-RA
OG0005152	jgi|Capcor1|95147|A1O1_02286T0	jgi|Podan3|206814|mRNA_5642
OG0005152	jgi|Capcor1|95147|A1O1_02286T0	XP_008716112.1
OG0005177	jgi|Capcor1|100192|A1O1_07372T0	jgi|Grascr1|8130|GST1_003831-RA
OG0005228	jgi|Capcor1|94737|A1O1_01875T0	jgi|Monha1|8323|H072_8618m.01
OG0005288	jgi|Capcor1|96520|A1O1_03669T0	KAJ9656546.1
OG0005312	jgi|Capcor1|95603|A1O1_02743T0	jgi|Altal1|957071|estExt_Genewise1.C_4_t30029
OG0005343	jgi|Capcor1|94133|A1O1_01270T0	coassemb376_004507-T1
OG0005366	jgi|Capcor1|95192|A1O1_02331T0	KAI4231955.1
OG0005404	jgi|Capcor1|96037|A1O1_03181T0	FUN_003800_T1_FUN_003800
OG0005404	jgi|Capcor1|96037|A1O1_03181T0	GTX0486b100_003784-T1
OG0005415	jgi|Capcor1|95326|A1O1_02465T0	GTX0486b100_003618-T1
OG0005425	jgi|Capcor1|94963|A1O1_02102T0	jgi|Phach1|1154|rna1153
OG0005427	jgi|Capcor1|99222|A1O1_06393T0	KAI9814970.1
OG0005505	jgi|Capcor1|99293|A1O1_06464T0	jgi|Acastr1|123637|AST1_009027-RA
OG0005642	jgi|Capcor1|98925|A1O1_06095T0	jgi|Grascr1|5566|GST1_001888-RA
OG0005657	jgi|Capcor1|98044|A1O1_05208T0, jgi|Capcor1|100956|A1O1_08144T0, jgi|Capcor1|100867|A1O1_08054T0	jgi|Dibbae1|10027|DIBA_002947-RA
OG0005657	jgi|Capcor1|98044|A1O1_05208T0, jgi|Capcor1|100956|A1O1_08144T0, jgi|Capcor1|100867|A1O1_08054T0	jgi|Clagr3|11138|CLAGR_010750-RA
OG0005657	jgi|Capcor1|98044|A1O1_05208T0, jgi|Capcor1|100956|A1O1_08144T0, jgi|Capcor1|100867|A1O1_08054T0	jgi|Monha1|5041|H072_5147m.01
OG0005662	jgi|Capcor1|97177|A1O1_04333T0	KAI9719829.1
OG0005662	jgi|Capcor1|97177|A1O1_04333T0	jgi|Grascr1|2591|GST1_006896-RA
OG0005662	jgi|Capcor1|97177|A1O1_04333T0	CAF9941370.1
OG0005682	jgi|Capcor1|101518|A1O1_08710T0	jgi|Dibbae1|11879|DIBA_001053-RA
OG0005703	jgi|Capcor1|97710|A1O1_04871T0	jgi|Neucr_trp3_1|5771|Neucr2.NCU07660T0
OG0005703	jgi|Capcor1|97710|A1O1_04871T0	jgi|Penexp1|5410|PEXP_058710T0
OG0005816	jgi|Capcor1|99102|A1O1_06273T0	KAI4267027.1
OG0005825	jgi|Capcor1|93099|A1O1_00229T0	KAI9705914.1
OG0005835	jgi|Capcor1|101392|A1O1_08583T0	coassemb76_008425-T1
OG0005835	jgi|Capcor1|101392|A1O1_08583T0	jgi|EndpusZ1|7711|EPUS_05929T0
OG0005835	jgi|Capcor1|101392|A1O1_08583T0	KAI4100640.1
OG0005835	jgi|Capcor1|101392|A1O1_08583T0	KAI4206097.1
OG0005835	jgi|Capcor1|101392|A1O1_08583T0	coassemb64_004532-T1
OG0005850	jgi|Capcor1|95331|A1O1_02470T0	jgi|Clagr3|11036|CLAGR_010911-RA
OG0005867	jgi|Capcor1|93671|A1O1_00805T0	KAI4218542.1
OG0005921	jgi|Capcor1|92376|A1O1_08799T0	jgi|Grascr1|2195|GST1_001314-RA
OG0005921	jgi|Capcor1|92376|A1O1_08799T0	jgi|Monha1|9690|H072_10193m.01
OG0006001	jgi|Capcor1|99708|A1O1_06881T0	jgi|Grascr1|7261|GST1_010884-RA
OG0006003	jgi|Capcor1|99274|A1O1_06445T0	coassemb378_011469-T1
OG0006137	jgi|Capcor1|94928|A1O1_02066T0	jgi|Grascr1|745|GST1_008999-RA
OG0006153	jgi|Capcor1|97911|A1O1_05073T0	XP_008715680.1
OG0006153	jgi|Capcor1|97911|A1O1_05073T0	jgi|Fonmu1|6416|Z520_10230T0
OG0006153	jgi|Capcor1|97911|A1O1_05073T0	jgi|Claba1|130164|Z519_08471T0
OG0006153	jgi|Capcor1|97911|A1O1_05073T0	jgi|Phach1|5223|rna5222
OG0006284	jgi|Capcor1|98680|A1O1_05846T0	jgi|Aspni_DSM_1|156551|An02g00260m.01
OG0006292	jgi|Capcor1|94525|A1O1_01663T0	KAI4228881.1
OG0006313	jgi|Capcor1|94449|A1O1_01586T0	GTX0486b100_008052-T1
OG0006463	jgi|Capcor1|98257|A1O1_05421T0	jgi|Penexp1|10962|PEXP_021960T0
OG0006758	jgi|Capcor1|99382|A1O1_06554T0	jgi|Artol1|5650|AOL_s00079g424m.01
OG0006759	jgi|Capcor1|93282|A1O1_00413T0	CAF9925470.1
OG0007100	jgi|Capcor1|97792|A1O1_04953T0	jgi|Dibbae1|1550|DIBA_006941-RA
OG0007100	jgi|Capcor1|97792|A1O1_04953T0	jgi|Aspni_DSM_1|162406|An08g11600m.01
OG0007133	jgi|Capcor1|95867|A1O1_03009T0	coassemb64_006249-T1
OG0007290	jgi|Capcor1|96451|A1O1_03600T0	jgi|PseVKM4520_1|1308|transcript_KFZ19197
OG0007306	jgi|Capcor1|99514|A1O1_06686T0	jgi|Exoaq1|11608|A1O9_07944T0
OG0007306	jgi|Capcor1|99514|A1O1_06686T0	jgi|Aspni_DSM_1|160209|An06g02420m.01
OG0007306	jgi|Capcor1|99514|A1O1_06686T0	jgi|Claba1|129356|Z519_07659T0
OG0007306	jgi|Capcor1|99514|A1O1_06686T0	KAJ9659601.1
OG0007320	jgi|Capcor1|100140|A1O1_07318T0	jgi|Podan3|202203|mRNA_1031
OG0007714	jgi|Capcor1|93615|A1O1_00748T0	jgi|Podan3|207866|mRNA_6694
OG0007997	jgi|Capcor1|92400|A1O1_08823T0	jgi|Penexp1|820|PEXP_094490T0
OG0007997	jgi|Capcor1|92400|A1O1_08823T0	jgi|Fusgr1|12265|FGSG_13795T0
OG0008476	jgi|Capcor1|101389|A1O1_08580T0	coassemb64_002166-T1
