Orthogroup	Claba1_GeneCatalog_proteins_20160826.aa	Other
OG0000002	jgi|Claba1|138056|Z519_04582T0	jgi|EndpusZ1|4163|EPUS_04808T0
OG0000002	jgi|Claba1|130881|Z519_09192T0	KAJ9652770.1
OG0000004	jgi|Claba1|139936|Z519_06468T0	KAI4106465.1
OG0000004	jgi|Claba1|133761|Z519_11161T0	coassemb376_001101-T1
OG0000004	jgi|Claba1|133761|Z519_11161T0	CAF9942410.1
OG0000004	jgi|Claba1|133761|Z519_11161T0	jgi|Clagr3|10759|CLAGR_010317-RA
OG0000004	jgi|Claba1|133761|Z519_11161T0	GTX0486b100_008261-T1
OG0000004	jgi|Claba1|133761|Z519_11161T0	KAI9716228.1
OG0000004	jgi|Claba1|133761|Z519_11161T0	KAI9703190.1
OG0000004	jgi|Claba1|133761|Z519_11161T0	jgi|Dibbae1|1371|DIBA_007659-RA
OG0000004	jgi|Claba1|133761|Z519_11161T0	GTX0494b19_002497-T1
OG0000004	jgi|Claba1|133761|Z519_11161T0	FUN_009071_T1_FUN_009071
OG0000004	jgi|Claba1|133761|Z519_11161T0	KAI4238151.1
OG0000004	jgi|Claba1|133761|Z519_11161T0	KAI4099782.1
OG0000004	jgi|Claba1|133761|Z519_11161T0	KAI4225211.1
OG0000004	jgi|Claba1|133761|Z519_11161T0	KAI4104893.1
OG0000004	jgi|Claba1|133761|Z519_11161T0	KAI4290276.1
OG0000004	jgi|Claba1|133761|Z519_11161T0	jgi|EndpusZ1|2529|EPUS_08887T0
OG0000004	jgi|Claba1|133761|Z519_11161T0	jgi|Grascr1|3744|GST1_009769-RA
OG0000004	jgi|Claba1|133761|Z519_11161T0	coassemb378_002463-T1
OG0000004	jgi|Claba1|133761|Z519_11161T0	KAI9722559.1
OG0000004	jgi|Claba1|133761|Z519_11161T0	GTX0466b15_002210-T1
OG0000004	jgi|Claba1|133761|Z519_11161T0	KAI9666744.1
OG0000004	jgi|Claba1|137689|Z519_04216T0	coassemb378_002494-T1
OG0000005	jgi|Claba1|138818|Z519_05350T0	jgi|PseVKM4520_1|1231|transcript_KFZ19339
OG0000005	jgi|Claba1|138818|Z519_05350T0	jgi|Sclsc1|9577|SS1G_02992T0
OG0000005	jgi|Claba1|138818|Z519_05350T0	jgi|Penexp1|2946|PEXP_088820T0
OG0000005	jgi|Claba1|138818|Z519_05350T0	jgi|Aspni_DSM_1|167128|An15g06160m.01
OG0000005	jgi|Claba1|138818|Z519_05350T0	jgi|Cocpo1_1|4011|XM_003068964.1
OG0000005	jgi|Claba1|138818|Z519_05350T0	KAI9815379.1
OG0000005	jgi|Claba1|138818|Z519_05350T0	jgi|Acastr1|119159|AST1_001841-RA, jgi|Acastr1|120049|AST1_005693-RA, jgi|Acastr1|125568|AST1_002798-RA
OG0000005	jgi|Claba1|138818|Z519_05350T0	KAJ9663722.1
OG0000005	jgi|Claba1|136215|Z519_12738T0	jgi|Morco1|521609|estExt_Genewise1Plus.C_180341
OG0000005	jgi|Claba1|136215|Z519_12738T0	jgi|PseVKM4520_1|4824|transcript_KFZ12689
OG0000005	jgi|Claba1|136215|Z519_12738T0	jgi|Ascim1|417963|fgenesh1_RNNotator_kg.113_#_25_#_Locus2809v1rpkm57.54, jgi|Ascim1|116007|CE116006_2379, jgi|Ascim1|369438|estExt_fgenesh1_pm.C_250002, jgi|Ascim1|306784|fgenesh1_pg.37_#_98, jgi|Ascim1|215716|e_gw1.158.14.1, jgi|Ascim1|10455|CE10454_841, jgi|Ascim1|411991|fgenesh1_RNNotator_kg.9_#_142_#_Locus7780v1rpkm10.19, jgi|Ascim1|194296|gw1.40.67.1, jgi|Ascim1|411466|fgenesh1_RNNotator_kg.6_#_167_#_Locus5305v1rpkm25.10, jgi|Ascim1|242115|estExt_Genewise1Plus.C_850040, jgi|Ascim1|302203|fgenesh1_pg.6_#_187, jgi|Ascim1|242032|estExt_Genewise1Plus.C_840011, jgi|Ascim1|375772|estExt_fgenesh1_pg.C_280011, jgi|Ascim1|414398|fgenesh1_RNNotator_kg.31_#_13_#_Locus3214v1rpkm49.77, jgi|Ascim1|415579|fgenesh1_RNNotator_kg.48_#_42_#_Locus1867v1rpkm86.72, jgi|Ascim1|415057|fgenesh1_RNNotator_kg.39_#_53_#_Locus3373v1rpkm46.92, jgi|Ascim1|414141|fgenesh1_RNNotator_kg.28_#_6_#_Locus808v1rpkm197.26, jgi|Ascim1|244332|estExt_Genewise1Plus.C_1740015, jgi|Ascim1|368704|estExt_fgenesh1_pm.C_80055, jgi|Ascim1|418852|fgenesh1_RNNotator_kg.163_#_8_#_Locus239v1rpkm654.73, jgi|Ascim1|19462|CE19461_1195, jgi|Ascim1|419889|fgenesh1_RNNotator_kg.279_#_3_#_Locus375v1rpkm400.76, jgi|Ascim1|419535|fgenesh1_RNNotator_kg.223_#_6_#_Locus467v1rpkm318.81, jgi|Ascim1|412570|fgenesh1_RNNotator_kg.13_#_149_#_Locus387v1rpkm388.04, jgi|Ascim1|202412|e_gw1.1.448.1, jgi|Ascim1|208111|e_gw1.27.54.1, jgi|Ascim1|212402|e_gw1.74.24.1, jgi|Ascim1|415058|fgenesh1_RNNotator_kg.39_#_54_#_Locus1404v1rpkm114.72, jgi|Ascim1|412473|fgenesh1_RNNotator_kg.13_#_52_#_Locus144v1rpkm927.84
OG0000005	jgi|Claba1|136215|Z519_12738T0	jgi|Phach1|5835|rna5834
OG0000008	jgi|Claba1|136256|Z519_12779T0	coassemb378_005289-T1
OG0000008	jgi|Claba1|133863|Z519_11264T0	coassemb378_004363-T1
OG0000008	jgi|Claba1|133863|Z519_11264T0	coassemb64_004636-T1
OG0000009	jgi|Claba1|128724|Z519_07022T0	coassemb378_004974-T1, coassemb378_008543-T1
OG0000009	jgi|Claba1|128724|Z519_07022T0	jgi|Clagr3|7027|CLAGR_006763-RA
OG0000009	jgi|Claba1|128724|Z519_07022T0	KAI9728433.1
OG0000009	jgi|Claba1|128724|Z519_07022T0	KAI9716678.1
OG0000009	jgi|Claba1|128724|Z519_07022T0	KAI9699962.1
OG0000009	jgi|Claba1|128724|Z519_07022T0	jgi|Dibbae1|2517|DIBA_007823-RA
OG0000009	jgi|Claba1|128724|Z519_07022T0	jgi|EndpusZ1|1236|EPUS_00047T0
OG0000009	jgi|Claba1|128724|Z519_07022T0	FUN_005123_T1_FUN_005123
OG0000009	jgi|Claba1|128724|Z519_07022T0	jgi|Exoaq1|5525|A1O9_03049T0
OG0000009	jgi|Claba1|128724|Z519_07022T0	jgi|Exoaq1|5525|A1O9_03049T0
OG0000009	jgi|Claba1|128724|Z519_07022T0	KAJ9663857.1, KAJ9652153.1
OG0000009	jgi|Claba1|128724|Z519_07022T0	KAJ9663857.1, KAJ9652153.1
OG0000009	jgi|Claba1|128724|Z519_07022T0	coassemb76_003044-T1
OG0000009	jgi|Claba1|128724|Z519_07022T0	GTX0466b15_005176-T1
OG0000009	jgi|Claba1|128724|Z519_07022T0	jgi|Monha1|6336|H072_6538m.01
OG0000009	jgi|Claba1|128724|Z519_07022T0	XP_008720756.1
OG0000010	jgi|Claba1|131098|Z519_09410T0	KAJ9654589.1
OG0000015	jgi|Claba1|129352|Z519_07655T0	jgi|Penexp1|3668|PEXP_085500T0
OG0000015	jgi|Claba1|129352|Z519_07655T0	jgi|Aspni_DSM_1|159833|An05g01120m.01, jgi|Aspni_DSM_1|163216|An10g00660m.01, jgi|Aspni_DSM_1|162661|An09g02000m.01
OG0000015	jgi|Claba1|129352|Z519_07655T0	jgi|Cocpo1_1|2685|XM_003067638.1
OG0000015	jgi|Claba1|137688|Z519_04215T0	XP_008718603.1, XP_008716082.1
OG0000015	jgi|Claba1|133821|Z519_11221T0	KAI4286931.1
OG0000021	jgi|Claba1|129751|Z519_08057T0	GTX0466b15_003131-T1
OG0000021	jgi|Claba1|129751|Z519_08057T0	FUN_006281_T1_FUN_006281, FUN_010725_T1_FUN_010725
OG0000021	jgi|Claba1|129751|Z519_08057T0	jgi|Penexp1|5837|PEXP_011460T0
OG0000021	jgi|Claba1|129751|Z519_08057T0	jgi|Clagr3|4344|CLAGR_004862-RA
OG0000025	jgi|Claba1|132263|Z519_10582T0	jgi|Fonmu1|9583|Z520_11990T0
OG0000025	jgi|Claba1|132263|Z519_10582T0	KAJ9659846.1
OG0000025	jgi|Claba1|132263|Z519_10582T0	jgi|Phach1|231|rna230
OG0000025	jgi|Claba1|132263|Z519_10582T0	XP_008717519.1
OG0000025	jgi|Claba1|132263|Z519_10582T0	jgi|Dibbae1|2052|DIBA_006708-RA
OG0000025	jgi|Claba1|132263|Z519_10582T0	jgi|Grascr1|7665|GST1_010974-RA
OG0000025	jgi|Claba1|132263|Z519_10582T0	jgi|Fonmu1|9583|Z520_11990T0
OG0000025	jgi|Claba1|132263|Z519_10582T0	jgi|Penexp1|1127|PEXP_028860T0
OG0000025	jgi|Claba1|132263|Z519_10582T0	jgi|Sclsc1|3180|SS1G_09636T0
OG0000025	jgi|Claba1|132263|Z519_10582T0	coassemb64_000427-T1, coassemb64_007401-T1
OG0000028	jgi|Claba1|129144|Z519_07445T0	jgi|Morco1|546161|fgenesh1_pg.30_#_19, jgi|Morco1|627|CE626_2326
OG0000028	jgi|Claba1|129144|Z519_07445T0	jgi|Neucr_trp3_1|10539|Neucr2.NCU08125T0
OG0000028	jgi|Claba1|129144|Z519_07445T0	KAI9659622.1
OG0000028	jgi|Claba1|129144|Z519_07445T0	KAI9710419.1
OG0000028	jgi|Claba1|137697|Z519_04224T0	FUN_010538_T1_FUN_010538
OG0000033	jgi|Claba1|135757|Z519_02620T0	jgi|Exoaq1|5505|A1O9_03029T0, jgi|Exoaq1|2387|A1O9_09913T0
OG0000034	jgi|Claba1|133686|Z519_11086T0	jgi|Exoaq1|10859|A1O9_07228T0
OG0000037	jgi|Claba1|139909|Z519_06441T0	coassemb378_006802-T1
OG0000038	jgi|Claba1|133115|Z519_01593T0	jgi|Dibbae1|3651|DIBA_008332-RA, jgi|Dibbae1|3655|DIBA_008336-RA
OG0000038	jgi|Claba1|133115|Z519_01593T0	jgi|Dibbae1|10385|DIBA_012139-RA
OG0000038	jgi|Claba1|132582|Z519_01060T0, jgi|Claba1|132525|Z519_01003T0, jgi|Claba1|137240|Z519_03766T0, jgi|Claba1|137695|Z519_04222T0, jgi|Claba1|139613|Z519_06145T0, jgi|Claba1|136500|Z519_03031T0	jgi|Dibbae1|4142|DIBA_008763-RA
OG0000045	jgi|Claba1|134807|Z519_12214T0	jgi|Altal1|1056166|gm1.401_g
OG0000045	jgi|Claba1|134807|Z519_12214T0	jgi|Aurpu_var_mel1|71531|fgenesh1_pm.1_#_751
OG0000045	jgi|Claba1|134807|Z519_12214T0	jgi|Clagr3|7586|CLAGR_007129-RA
OG0000045	jgi|Claba1|134807|Z519_12214T0	CAF9929413.1
OG0000045	jgi|Claba1|134807|Z519_12214T0	coassemb64_004085-T1
OG0000048	jgi|Claba1|139754|Z519_06286T0, jgi|Claba1|129934|Z519_08241T0	coassemb76_005968-T1
OG0000057	jgi|Claba1|130154|Z519_08461T0	jgi|Podan3|204746|mRNA_3574
OG0000057	jgi|Claba1|130154|Z519_08461T0	jgi|Fusgr1|4571|FGSG_03551T0
OG0000061	jgi|Claba1|135451|Z519_02313T0, jgi|Claba1|135047|Z519_12454T0	jgi|Penexp1|1729|PEXP_074030T0
OG0000061	jgi|Claba1|135451|Z519_02313T0	coassemb378_010755-T1
OG0000066	jgi|Claba1|130244|Z519_08551T0	jgi|Dibbae1|4642|DIBA_001639-RA
OG0000073	jgi|Claba1|133831|Z519_11232T0	jgi|Fusgr1|4450|FGSG_12400T0
OG0000075	jgi|Claba1|136356|Z519_02885T0	jgi|Dibbae1|130|DIBA_001267-RA
OG0000076	jgi|Claba1|130049|Z519_08356T0	jgi|Penexp1|8723|PEXP_014370T0
OG0000080	jgi|Claba1|129971|Z519_08278T0	CAF9935426.1
OG0000081	jgi|Claba1|134768|Z519_12174T0	GTX0486b100_003998-T1
OG0000081	jgi|Claba1|134768|Z519_12174T0	KAI9725081.1
OG0000081	jgi|Claba1|134768|Z519_12174T0	KAI4104192.1
OG0000081	jgi|Claba1|134768|Z519_12174T0	KAI4266041.1
OG0000081	jgi|Claba1|134768|Z519_12174T0	jgi|Sclsc1|1131|SS1G_07587T0, jgi|Sclsc1|485|SS1G_00485T0
OG0000089	jgi|Claba1|138618|Z519_05149T0	jgi|Penexp1|3664|PEXP_085460T0
OG0000092	jgi|Claba1|136432|Z519_02962T0	jgi|Clagr3|5199|CLAGR_004539-RA
OG0000097	jgi|Claba1|131278|Z519_09592T0, jgi|Claba1|134926|Z519_12333T0	jgi|Grascr1|4501|GST1_002567-RA
OG0000098	jgi|Claba1|133685|Z519_11085T0	jgi|Exoaq1|44|A1O9_00044T0
OG0000098	jgi|Claba1|133685|Z519_11085T0	jgi|Penexp1|3045|PEXP_104880T0
OG0000098	jgi|Claba1|133685|Z519_11085T0	jgi|Exoaq1|10862|A1O9_07231T0
OG0000100	jgi|Claba1|132506|Z519_10826T0	coassemb376_007318-T1
OG0000103	jgi|Claba1|139720|Z519_06252T0	jgi|Podan3|204587|mRNA_3415
OG0000115	jgi|Claba1|130051|Z519_08358T0	jgi|Exoaq1|11438|A1O9_07774T0
OG0000115	jgi|Claba1|130051|Z519_08358T0	jgi|Clagr3|7930|CLAGR_008371-RA
OG0000125	jgi|Claba1|136810|Z519_03343T0	jgi|Dibbae1|6490|DIBA_008349-RA
OG0000127	jgi|Claba1|136692|Z519_03224T0	coassemb76_004097-T1
OG0000131	jgi|Claba1|132459|Z519_10778T0	jgi|Aurpu_var_mel1|63718|fgenesh1_pg.4_#_55, jgi|Aurpu_var_mel1|56530|e_gw1.24.372.1
OG0000131	jgi|Claba1|132459|Z519_10778T0	KAI9653286.1
OG0000131	jgi|Claba1|132459|Z519_10778T0	jgi|Grascr1|8627|GST1_012291-RA
OG0000137	jgi|Claba1|132872|Z519_01350T0	GTX0466b15_001196-T1
OG0000144	jgi|Claba1|138947|Z519_05479T0	jgi|Clagr3|667|CLAGR_000658-RA
OG0000144	jgi|Claba1|138947|Z519_05479T0	jgi|Grascr1|812|GST1_008983-RA
OG0000146	jgi|Claba1|138791|Z519_05323T0	coassemb378_003750-T1
OG0000146	jgi|Claba1|138791|Z519_05323T0	jgi|Grascr1|714|GST1_007014-RA
OG0000151	jgi|Claba1|139791|Z519_06323T0	jgi|PseVKM4520_1|10168|transcript_KFZ24155
OG0000153	jgi|Claba1|132720|Z519_01198T0	jgi|Grascr1|4402|GST1_009774-RA
OG0000154	jgi|Claba1|131183|Z519_09496T0, jgi|Claba1|136179|Z519_12702T0, jgi|Claba1|129321|Z519_07624T0	jgi|Dibbae1|7779|DIBA_003252-RA
OG0000160	jgi|Claba1|130462|Z519_08769T0	jgi|EndpusZ1|1203|EPUS_00014T0
OG0000164	jgi|Claba1|136720|Z519_03252T0	jgi|Podan3|206414|mRNA_5242
OG0000165	jgi|Claba1|138753|Z519_05284T0	KAI9708568.1
OG0000170	jgi|Claba1|130108|Z519_08415T0	jgi|Penexp1|120|PEXP_020750T0
OG0000170	jgi|Claba1|130108|Z519_08415T0	jgi|Altal1|702313|CE702312_36332, jgi|Altal1|993239|estExt_Genewise1Plus.C_15_t20144
OG0000172	jgi|Claba1|135600|Z519_02463T0	XP_008716838.1
OG0000181	jgi|Claba1|133561|Z519_10961T0	coassemb378_005990-T1
OG0000193	jgi|Claba1|134103|Z519_11505T0, jgi|Claba1|138375|Z519_04904T0	jgi|Aurpu_var_mel1|86688|gm1.7084_g
OG0000193	jgi|Claba1|136698|Z519_03230T0	jgi|Acastr1|122213|AST1_003449-RA
OG0000193	jgi|Claba1|136698|Z519_03230T0	KAI9697750.1
OG0000193	jgi|Claba1|136698|Z519_03230T0	GTX0486b100_005607-T1
OG0000193	jgi|Claba1|136698|Z519_03230T0	CAF9907581.1
OG0000193	jgi|Claba1|136698|Z519_03230T0	jgi|Clagr3|1047|CLAGR_001035-RA
OG0000193	jgi|Claba1|136698|Z519_03230T0	jgi|EndpusZ1|4187|EPUS_07481T0
OG0000200	jgi|Claba1|132932|Z519_01410T0	jgi|Fusgr1|3068|FGSG_02688T0, jgi|Fusgr1|4515|FGSG_12409T0
OG0000200	jgi|Claba1|135274|Z519_02136T0	jgi|Grascr1|8319|GST1_012131-RA
OG0000201	jgi|Claba1|128337|Z519_00720T0, jgi|Claba1|132927|Z519_01405T0	coassemb378_001789-T1
OG0000206	jgi|Claba1|130086|Z519_08393T0	jgi|Penexp1|3673|PEXP_041520T0
OG0000213	jgi|Claba1|136825|Z519_03359T0	jgi|Neucr_trp3_1|1331765|gm1.2214_g
OG0000213	jgi|Claba1|136825|Z519_03359T0	KAI9722134.1
OG0000213	jgi|Claba1|136825|Z519_03359T0	CAF9907853.1
OG0000213	jgi|Claba1|136825|Z519_03359T0	jgi|Phach1|1500|rna1499
OG0000213	jgi|Claba1|136825|Z519_03359T0	coassemb376_003910-T1
OG0000213	jgi|Claba1|136825|Z519_03359T0	GTX0466b15_000629-T1
OG0000213	jgi|Claba1|136825|Z519_03359T0	jgi|Dibbae1|3780|DIBA_007172-RA
OG0000214	jgi|Claba1|136832|Z519_03366T0	jgi|Fusgr1|4397|FGSG_03711T0
OG0000216	jgi|Claba1|138491|Z519_05021T0	jgi|Cocpo1_1|6066|XM_003071019.1
OG0000222	jgi|Claba1|133475|Z519_10873T0	jgi|Sclsc1|2679|SS1G_09135T0
OG0000225	jgi|Claba1|127940|Z519_00321T0	KAI4288535.1
OG0000228	jgi|Claba1|130520|Z519_08827T0	KAI4108699.1
OG0000235	jgi|Claba1|137898|Z519_04424T0	jgi|Penexp1|8163|PEXP_075040T0
OG0000235	jgi|Claba1|140256|Z519_06790T0, jgi|Claba1|133075|Z519_01553T0	jgi|Exoaq1|1989|A1O9_09521T0
OG0000238	jgi|Claba1|131665|Z519_09981T0	jgi|Altal1|1057710|gm1.1945_g
OG0000238	jgi|Claba1|131665|Z519_09981T0	KAI4109259.1
OG0000238	jgi|Claba1|131665|Z519_09981T0	jgi|Aurpu_var_mel1|49698|e_gw1.11.49.1
OG0000262	jgi|Claba1|134333|Z519_11735T0	coassemb376_006722-T1
OG0000264	jgi|Claba1|133228|Z519_01706T0	jgi|Grascr1|467|GST1_006106-RA
OG0000279	jgi|Claba1|132931|Z519_01409T0	jgi|Neucr_trp3_1|6469|Neucr2.NCU06980T0
OG0000282	jgi|Claba1|130825|Z519_09135T0	KAI9753821.1
OG0000282	jgi|Claba1|130825|Z519_09135T0	jgi|Fusgr1|4991|FGSG_12496T0
OG0000282	jgi|Claba1|131871|Z519_10189T0	KAJ9652262.1
OG0000282	jgi|Claba1|129355|Z519_07658T0	KAJ9659602.1
OG0000282	jgi|Claba1|129355|Z519_07658T0	XP_008713160.1
OG0000283	jgi|Claba1|137317|Z519_03843T0	coassemb376_007093-T1
OG0000294	jgi|Claba1|136555|Z519_03086T0	KAI9716414.1
OG0000294	jgi|Claba1|136555|Z519_03086T0	jgi|Erypu1|523|transcript_POS84127
OG0000294	jgi|Claba1|136555|Z519_03086T0	jgi|Sclsc1|2343|SS1G_08799T0
OG0000294	jgi|Claba1|136555|Z519_03086T0	jgi|Umbpus1|106124|LPUS_04177T0
OG0000294	jgi|Claba1|136555|Z519_03086T0	jgi|Aurpu_var_mel1|42710|e_gw1.4.63.1
OG0000294	jgi|Claba1|136555|Z519_03086T0	jgi|Phach1|6783|rna6782
OG0000294	jgi|Claba1|136555|Z519_03086T0	jgi|Fusgr1|5617|FGSG_04826T0
OG0000294	jgi|Claba1|136555|Z519_03086T0	jgi|Neucr_trp3_1|9731|Neucr2.NCU09041T0
OG0000294	jgi|Claba1|136555|Z519_03086T0	jgi|Podan3|209196|mRNA_8024
OG0000294	jgi|Claba1|136555|Z519_03086T0	KAJ9652404.1
OG0000294	jgi|Claba1|136555|Z519_03086T0	jgi|Penexp1|6938|PEXP_039020T0
OG0000310	jgi|Claba1|133378|Z519_01856T0	GTX0486b100_008067-T1
OG0000311	jgi|Claba1|135951|Z519_12473T0	jgi|Clagr3|9403|CLAGR_009348-RA
OG0000315	jgi|Claba1|131530|Z519_09844T0	jgi|Penexp1|2729|PEXP_108930T0
OG0000315	jgi|Claba1|131530|Z519_09844T0	jgi|Cocpo1_1|4194|XM_003069147.1
OG0000317	jgi|Claba1|136051|Z519_12574T0	jgi|Sclsc1|1845|SS1G_08301T0
OG0000317	jgi|Claba1|136051|Z519_12574T0	GTX0486b100_006784-T1
OG0000332	jgi|Claba1|131271|Z519_09585T0	GTX0486b100_005093-T1
OG0000333	jgi|Claba1|132571|Z519_01049T0	coassemb378_010980-T1
OG0000355	jgi|Claba1|131948|Z519_10266T0	coassemb64_000572-T1
OG0000360	jgi|Claba1|137352|Z519_03878T0	jgi|Penexp1|5287|PEXP_046120T0
OG0000361	jgi|Claba1|127782|Z519_00163T0	jgi|Fusgr1|9924|FGSG_08350T0
OG0000378	jgi|Claba1|133544|Z519_10944T0	GTX0486b100_005092-T1
OG0000381	jgi|Claba1|133899|Z519_11300T0	FUN_000190_T1_FUN_000190
OG0000391	jgi|Claba1|133627|Z519_11027T0	jgi|Grascr1|5827|GST1_011412-RA
OG0000399	jgi|Claba1|131177|Z519_09490T0	jgi|Cocpo1_1|2934|XM_003067887.1
OG0000399	jgi|Claba1|131177|Z519_09490T0	jgi|Exoaq1|3000|A1O9_10522T0
OG0000401	jgi|Claba1|134294|Z519_11696T0	jgi|Monha1|4268|H072_4348m.01
OG0000412	jgi|Claba1|134617|Z519_12022T0	jgi|Aurpu_var_mel1|55275|e_gw1.21.335.1
OG0000421	jgi|Claba1|130233|Z519_08540T0, jgi|Claba1|131543|Z519_09857T0	jgi|Capcor1|96917|A1O1_04070T0
OG0000428	jgi|Claba1|136658|Z519_03190T0	KAI9826689.1
OG0000434	jgi|Claba1|132284|Z519_10603T0	jgi|Phach1|232|rna231
OG0000434	jgi|Claba1|132284|Z519_10603T0	coassemb76_009646-T1
OG0000434	jgi|Claba1|132284|Z519_10603T0	GTX0466b15_008878-T1
OG0000434	jgi|Claba1|132284|Z519_10603T0	jgi|Aspni_DSM_1|165306|An12g10100m.01
OG0000455	jgi|Claba1|139252|Z519_05784T0	jgi|Grascr1|12662|GST1_001956-RA
OG0000462	jgi|Claba1|137138|Z519_03663T0	jgi|PseVKM4520_1|9164|transcript_KFZ03549
OG0000463	jgi|Claba1|127880|Z519_00261T0	GTX0466b15_001346-T1
OG0000464	jgi|Claba1|133389|Z519_01867T0	jgi|Clagr3|9550|CLAGR_009003-RA
OG0000466	jgi|Claba1|137225|Z519_03751T0	jgi|Grascr1|11362|GST1_005242-RA
OG0000483	jgi|Claba1|131046|Z519_09358T0	FUN_009084_T1_FUN_009084
OG0000485	jgi|Claba1|136622|Z519_03154T0	jgi|Fusgr1|5084|FGSG_03103T0
OG0000485	jgi|Claba1|136622|Z519_03154T0	KAI9826477.1
OG0000485	jgi|Claba1|134182|Z519_11584T0	jgi|Podan3|211754|mRNA_10582
OG0000518	jgi|Claba1|134976|Z519_12383T0	jgi|Penexp1|8081|PEXP_103240T0
OG0000523	jgi|Claba1|132707|Z519_01185T0	jgi|Penexp1|9031|PEXP_063340T0
OG0000523	jgi|Claba1|132707|Z519_01185T0	jgi|Podan3|209134|mRNA_7962, jgi|Podan3|209936|mRNA_8764
OG0000523	jgi|Claba1|132707|Z519_01185T0	GTX0494b19_005009-T1, GTX0494b19_005392-T1
OG0000523	jgi|Claba1|132707|Z519_01185T0	FUN_004410_T1_FUN_004410, FUN_000566_T1_FUN_000566, FUN_000564_T1_FUN_000564, FUN_000565_T1_FUN_000565
OG0000523	jgi|Claba1|132707|Z519_01185T0	KAI4225570.1, KAI4223124.1, KAI4224429.1
OG0000523	jgi|Claba1|132707|Z519_01185T0	KAI4098277.1, KAI4108379.1
OG0000523	jgi|Claba1|132707|Z519_01185T0	KAI4224853.1, KAI4234156.1, KAI4233149.1, KAI4235394.1
OG0000523	jgi|Claba1|132707|Z519_01185T0	jgi|Cocpo1_1|6594|XM_003071547.1
OG0000523	jgi|Claba1|132707|Z519_01185T0	jgi|Umbpus1|102584|LPUS_09154T0
OG0000523	jgi|Claba1|132707|Z519_01185T0	coassemb376_000677-T1
OG0000523	jgi|Claba1|132707|Z519_01185T0	jgi|Dibbae1|7154|DIBA_011253-RA, jgi|Dibbae1|11565|DIBA_005441-RA
OG0000523	jgi|Claba1|132707|Z519_01185T0	CAF9943121.1
OG0000523	jgi|Claba1|132707|Z519_01185T0	jgi|PseVKM4520_1|1816|transcript_KFZ25093
OG0000523	jgi|Claba1|132707|Z519_01185T0	jgi|Sclsc1|12758|SS1G_05787T0
OG0000523	jgi|Claba1|132707|Z519_01185T0	KAI9713767.1
OG0000523	jgi|Claba1|132707|Z519_01185T0	jgi|Clagr3|7459|CLAGR_007860-RA
OG0000525	jgi|Claba1|138876|Z519_05408T0	jgi|Altal1|986667|estExt_Genewise1Plus.C_8_t10153
OG0000525	jgi|Claba1|138876|Z519_05408T0	jgi|Penexp1|8547|PEXP_070070T0
OG0000538	jgi|Claba1|136029|Z519_12552T0	jgi|Aurpu_var_mel1|65547|fgenesh1_pg.8_#_221
OG0000578	jgi|Claba1|137998|Z519_04524T0	KAI4226395.1
OG0000580	jgi|Claba1|140255|Z519_06789T0, jgi|Claba1|133998|Z519_11399T0	jgi|Aspni_DSM_1|158126|An03g01130m.01
OG0000580	jgi|Claba1|133998|Z519_11399T0	coassemb378_009052-T1
OG0000590	jgi|Claba1|128692|Z519_06990T0	coassemb378_008024-T1
OG0000599	jgi|Claba1|133694|Z519_11094T0	jgi|Erypu1|4278|transcript_POS86091
OG0000599	jgi|Claba1|133694|Z519_11094T0	jgi|PseVKM4520_1|1973|transcript_KFZ17795
OG0000599	jgi|Claba1|133694|Z519_11094T0	jgi|Sclsc1|4365|SS1G_10821T0
OG0000599	jgi|Claba1|133694|Z519_11094T0	jgi|Penexp1|9046|PEXP_063490T0
OG0000599	jgi|Claba1|133694|Z519_11094T0	KAI9662148.1
OG0000599	jgi|Claba1|133694|Z519_11094T0	jgi|Umbpus1|106380|LPUS_02095T0
OG0000599	jgi|Claba1|133694|Z519_11094T0	jgi|Exoaq1|7285|A1O9_03815T0
OG0000599	jgi|Claba1|133694|Z519_11094T0	coassemb64_005015-T1
OG0000599	jgi|Claba1|133694|Z519_11094T0	coassemb376_000436-T1
OG0000599	jgi|Claba1|133694|Z519_11094T0	KAI4230437.1
OG0000599	jgi|Claba1|133694|Z519_11094T0	GTX0494b19_002644-T1
OG0000599	jgi|Claba1|133694|Z519_11094T0	FUN_006658_T1_FUN_006658
OG0000599	jgi|Claba1|133694|Z519_11094T0	KAI4110516.1
OG0000599	jgi|Claba1|133694|Z519_11094T0	CAF9927897.1
OG0000599	jgi|Claba1|133694|Z519_11094T0	jgi|Morco1|538039|fgenesh1_kg.43_#_33_#_Locus7767v2rpkm6.84
OG0000599	jgi|Claba1|133694|Z519_11094T0	jgi|Exoaq1|7285|A1O9_03815T0
OG0000599	jgi|Claba1|133694|Z519_11094T0	XP_008717682.1
OG0000599	jgi|Claba1|133694|Z519_11094T0	jgi|Monha1|6200|H072_6395m.01
OG0000599	jgi|Claba1|133694|Z519_11094T0	jgi|Grascr1|12597|GST1_006410-RA
OG0000609	jgi|Claba1|137484|Z519_04010T0, jgi|Claba1|135523|Z519_02385T0	jgi|Artol1|4636|AOL_s00078g22m.01
OG0000615	jgi|Claba1|127735|Z519_00116T0	CAF9926602.1
OG0000635	jgi|Claba1|132436|Z519_10755T0	KAI9755747.1
OG0000635	jgi|Claba1|132436|Z519_10755T0	jgi|Acastr1|127546|AST1_006130-RA
OG0000635	jgi|Claba1|132436|Z519_10755T0	jgi|Ascim1|409860|fgenesh1_RNNotator_kg.1_#_7_#_Locus3285v1rpkm48.26
OG0000635	jgi|Claba1|132436|Z519_10755T0	KAJ9663075.1
OG0000635	jgi|Claba1|128362|Z519_00745T0	coassemb76_005142-T1
OG0000635	jgi|Claba1|136709|Z519_03241T0, jgi|Claba1|131250|Z519_09563T0	coassemb76_002157-T1
OG0000641	jgi|Claba1|139382|Z519_05914T0	CAF9931073.1
OG0000673	jgi|Claba1|130518|Z519_08825T0	jgi|Exoaq1|4173|A1O9_11696T0
OG0000673	jgi|Claba1|130518|Z519_08825T0	GTX0466b15_001598-T1
OG0000682	jgi|Claba1|135820|Z519_02683T0	KAI9714171.1
OG0000684	jgi|Claba1|136802|Z519_03335T0	jgi|Sclsc1|10766|SS1G_03795T0
OG0000691	jgi|Claba1|137693|Z519_04220T0	coassemb378_007181-T1
OG0000698	jgi|Claba1|139987|Z519_06519T0	GTX0466b15_001449-T1
OG0000703	jgi|Claba1|137146|Z519_03672T0	jgi|Altal1|1099843|estExt_Genemark1.C_310035
OG0000713	jgi|Claba1|136582|Z519_03113T0	coassemb378_007793-T1
OG0000713	jgi|Claba1|136582|Z519_03113T0	coassemb376_002469-T1
OG0000721	jgi|Claba1|133639|Z519_11039T0, jgi|Claba1|130308|Z519_08615T0	jgi|Clagr3|10693|CLAGR_010801-RA
OG0000721	jgi|Claba1|132282|Z519_10601T0	jgi|Penexp1|937|PEXP_095670T0
OG0000742	jgi|Claba1|137640|Z519_04167T0, jgi|Claba1|132671|Z519_01149T0	CAF9912950.1
OG0000748	jgi|Claba1|135261|Z519_02123T0	coassemb378_006069-T1
OG0000749	jgi|Claba1|138247|Z519_04774T0	jgi|Aurpu_var_mel1|85019|gm1.5415_g
OG0000779	jgi|Claba1|139523|Z519_06055T0	jgi|Dibbae1|4836|DIBA_009724-RA
OG0000780	jgi|Claba1|130190|Z519_08497T0	jgi|PseVKM4520_1|10673|transcript_KFZ25328
OG0000780	jgi|Claba1|130190|Z519_08497T0	KAI9718072.1
OG0000780	jgi|Claba1|130190|Z519_08497T0	coassemb378_005839-T1
OG0000792	jgi|Claba1|133944|Z519_11345T0	jgi|Fusgr1|5336|FGSG_02884T0
OG0000793	jgi|Claba1|131120|Z519_09432T0	coassemb378_010898-T1
OG0000797	jgi|Claba1|130977|Z519_09288T0, jgi|Claba1|136543|Z519_03074T0	jgi|Monha1|6753|H072_6970m.01, jgi|Monha1|5858|H072_6047m.01, jgi|Monha1|212|H072_212m.01
OG0000797	jgi|Claba1|130534|Z519_08841T0	jgi|Monha1|8780|H072_9122m.01
OG0000814	jgi|Claba1|139814|Z519_06346T0	CAF9935020.1
OG0000821	jgi|Claba1|128479|Z519_00862T0	jgi|Ascim1|41603|CE41602_3598
OG0000850	jgi|Claba1|134719|Z519_12125T0	coassemb64_005783-T1
OG0000882	jgi|Claba1|139668|Z519_06200T0	jgi|Grascr1|1203|GST1_006173-RA
OG0000888	jgi|Claba1|139122|Z519_05654T0	jgi|Fusgr1|11376|FGSG_09826T0
OG0000897	jgi|Claba1|138752|Z519_05283T0	GTX0486b100_000479-T1
OG0000898	jgi|Claba1|133743|Z519_11143T0	jgi|Artol1|7246|AOL_s00097g62m.01
OG0000909	jgi|Claba1|132012|Z519_10330T0	jgi|Acastr1|121351|AST1_002291-RA
OG0000913	jgi|Claba1|131354|Z519_09668T0	jgi|Acastr1|122178|AST1_005884-RA
OG0000923	jgi|Claba1|137648|Z519_04175T0, jgi|Claba1|137649|Z519_04176T0	jgi|Penexp1|332|PEXP_056510T0
OG0000928	jgi|Claba1|132034|Z519_10352T0	CAF9924993.1
OG0000945	jgi|Claba1|133538|Z519_10938T0	jgi|Fusgr1|8994|FGSG_07770T0
OG0000956	jgi|Claba1|137634|Z519_04161T0	jgi|Clagr3|1466|CLAGR_002260-RA
OG0000973	jgi|Claba1|139686|Z519_06218T0	jgi|Erypu1|6454|transcript_POS81727
OG0000974	jgi|Claba1|140149|Z519_06683T0, jgi|Claba1|138155|Z519_04682T0	jgi|Dibbae1|9218|DIBA_011494-RA
OG0000976	jgi|Claba1|127754|Z519_00135T0	FUN_000406_T1_FUN_000406
OG0000976	jgi|Claba1|127754|Z519_00135T0	CAF9943318.1
OG0000993	jgi|Claba1|134127|Z519_11529T0	coassemb378_001917-T1
OG0001005	jgi|Claba1|135128|Z519_01990T0	GTX0466b15_004548-T1
OG0001006	jgi|Claba1|130240|Z519_08547T0	jgi|Monha1|9388|H072_9849m.01
OG0001011	jgi|Claba1|139359|Z519_05891T0	jgi|Fusgr1|3303|FGSG_04677T0
OG0001017	jgi|Claba1|136645|Z519_03177T0	jgi|Altal1|938817|e_gw1.14.419.1
OG0001034	jgi|Claba1|135092|Z519_01954T0	jgi|Altal1|1015420|fgenesh1_kg.1_#_398_#_Locus12168v1rpkm0.86
OG0001046	jgi|Claba1|128123|Z519_00506T0	KAI9697615.1
OG0001046	jgi|Claba1|128123|Z519_00506T0	KAI9832412.1
OG0001060	jgi|Claba1|135953|Z519_12475T0	jgi|Morco1|578177|gm1.8953_g, jgi|Morco1|578182|gm1.8958_g, jgi|Morco1|578180|gm1.8956_g, jgi|Morco1|493985|e_gw1.58.72.1
OG0001064	jgi|Claba1|133629|Z519_11029T0	jgi|Acastr1|122065|AST1_007057-RA
OG0001077	jgi|Claba1|136167|Z519_12690T0	KAI4105648.1
OG0001077	jgi|Claba1|136167|Z519_12690T0	KAI4286386.1
OG0001084	jgi|Claba1|135403|Z519_02265T0	jgi|Fusgr1|6893|FGSG_05944T0
OG0001100	jgi|Claba1|129293|Z519_07596T0	CAF9903761.1
OG0001101	jgi|Claba1|134516|Z519_11921T0	coassemb76_008086-T1
OG0001101	jgi|Claba1|136181|Z519_12704T0	jgi|Dibbae1|4095|DIBA_001679-RA
OG0001115	jgi|Claba1|137103|Z519_03626T0	jgi|Morco1|18387|CE18386_180
OG0001136	jgi|Claba1|132084|Z519_10402T0	jgi|PseVKM4520_1|8458|transcript_KFZ24508, jgi|PseVKM4520_1|6258|transcript_KFZ10076
OG0001150	jgi|Claba1|135256|Z519_02118T0	jgi|Fusgr1|11434|FGSG_13666T0
OG0001159	jgi|Claba1|133714|Z519_11114T0	jgi|Sclsc1|11022|SS1G_04051T0
OG0001165	jgi|Claba1|139581|Z519_06113T0, jgi|Claba1|140267|Z519_06801T0	jgi|PseVKM4520_1|2149|transcript_KFZ17507
OG0001173	jgi|Claba1|131949|Z519_10267T0	FUN_003555_T1_FUN_003555
OG0001177	jgi|Claba1|136373|Z519_02902T0	jgi|PseVKM4520_1|2876|transcript_KFZ16243
OG0001184	jgi|Claba1|133575|Z519_10975T0	jgi|PseVKM4520_1|7830|transcript_KFZ07710
OG0001191	jgi|Claba1|132802|Z519_01280T0	jgi|Morco1|547704|fgenesh1_pg.43_#_83
OG0001196	jgi|Claba1|127644|Z519_00024T0	jgi|Acastr1|124709|AST1_002374-RA
OG0001203	jgi|Claba1|128463|Z519_00846T0	jgi|Clagr3|9146|CLAGR_009773-RA
OG0001227	jgi|Claba1|129157|Z519_07458T0	jgi|Artol1|4183|AOL_s00076g279m.01
OG0001227	jgi|Claba1|129157|Z519_07458T0	jgi|Aspni_DSM_1|158193|An03g01800m.01
OG0001233	jgi|Claba1|138998|Z519_05530T0	jgi|Monha1|154|H072_154m.01
OG0001250	jgi|Claba1|136008|Z519_12531T0	GTX0466b15_001962-T1
OG0001267	jgi|Claba1|133110|Z519_01588T0	coassemb76_005710-T1
OG0001270	jgi|Claba1|132926|Z519_01404T0	jgi|Sclsc1|2142|SS1G_08599T0
OG0001281	jgi|Claba1|140084|Z519_06618T0	jgi|Artol1|5|AOL_s00004g4m.01
OG0001281	jgi|Claba1|140084|Z519_06618T0	jgi|Fusgr1|13314|FGSG_11241T0, jgi|Fusgr1|10669|FGSG_09212T0
OG0001300	jgi|Claba1|128508|Z519_00891T0	jgi|Artol1|5666|AOL_s00079g440m.01
OG0001300	jgi|Claba1|128508|Z519_00891T0	FUN_007913_T1_FUN_007913
OG0001329	jgi|Claba1|134508|Z519_11913T0	KAI4233996.1
OG0001362	jgi|Claba1|130203|Z519_08510T0	KAI9700632.1
OG0001372	jgi|Claba1|135845|Z519_02708T0	CAF9922714.1
OG0001427	jgi|Claba1|138572|Z519_05103T0	KAI9838537.1
OG0001428	jgi|Claba1|138726|Z519_05257T0	jgi|Grascr1|4396|GST1_010145-RA
OG0001435	jgi|Claba1|138256|Z519_04783T0	coassemb376_005892-T1
OG0001435	jgi|Claba1|138256|Z519_04783T0	KAI4287589.1
OG0001454	jgi|Claba1|137153|Z519_03679T0	coassemb376_007399-T1
OG0001459	jgi|Claba1|139479|Z519_06011T0	jgi|Aurpu_var_mel1|49984|e_gw1.12.354.1
OG0001459	jgi|Claba1|139479|Z519_06011T0	XP_008713147.1
OG0001459	jgi|Claba1|139479|Z519_06011T0	coassemb76_003138-T1
OG0001459	jgi|Claba1|139479|Z519_06011T0	KAJ9664315.1
OG0001473	jgi|Claba1|128020|Z519_00403T0	jgi|Fusgr1|2642|FGSG_02304T0
OG0001497	jgi|Claba1|133460|Z519_10858T0, jgi|Claba1|133464|Z519_10862T0, jgi|Claba1|133462|Z519_10860T0	jgi|Sclsc1|3190|SS1G_09646T0
OG0001497	jgi|Claba1|133460|Z519_10858T0, jgi|Claba1|133464|Z519_10862T0, jgi|Claba1|133462|Z519_10860T0	jgi|Dibbae1|9770|DIBA_012322-RA
OG0001512	jgi|Claba1|138925|Z519_05457T0	jgi|Sclsc1|6419|SS1G_01919T0
OG0001518	jgi|Claba1|130187|Z519_08494T0	jgi|Penexp1|8657|PEXP_013540T0
OG0001536	jgi|Claba1|127713|Z519_00093T0	jgi|Podan3|211277|mRNA_10105
OG0001538	jgi|Claba1|132045|Z519_10363T0	jgi|Fusgr1|4823|FGSG_03328T0
OG0001572	jgi|Claba1|128081|Z519_00464T0	KAI4289398.1
OG0001572	jgi|Claba1|128081|Z519_00464T0	jgi|Clagr3|3038|CLAGR_002700-RA
OG0001580	jgi|Claba1|137855|Z519_04381T0	KAI4287607.1
OG0001581	jgi|Claba1|133473|Z519_10871T0	KAI9825660.1
OG0001609	jgi|Claba1|128808|Z519_07108T0	KAI9669354.1
OG0001609	jgi|Claba1|128808|Z519_07108T0	KAI4281491.1
OG0001618	jgi|Claba1|134323|Z519_11725T0	jgi|Acastr1|119091|AST1_006272-RA
OG0001624	jgi|Claba1|139937|Z519_06469T0	jgi|Sclsc1|5173|SS1G_11629T0
OG0001624	jgi|Claba1|139937|Z519_06469T0	jgi|PseVKM4520_1|7991|transcript_KFZ24628
OG0001630	jgi|Claba1|133364|Z519_01842T0	jgi|Altal1|1100805|estExt_Genemark1.C_440020
OG0001668	jgi|Claba1|132026|Z519_10344T0	coassemb76_009897-T1
OG0001669	jgi|Claba1|132203|Z519_10522T0	jgi|Fusgr1|12287|FGSG_10624T0
OG0001702	jgi|Claba1|136857|Z519_03391T0	GTX0486b100_005054-T1
OG0001702	jgi|Claba1|136857|Z519_03391T0	KAI9839547.1
OG0001704	jgi|Claba1|140005|Z519_06537T0	KAI9715680.1
OG0001744	jgi|Claba1|138473|Z519_05003T0	jgi|Umbpus1|99583|LPUS_06157T0
OG0001748	jgi|Claba1|137158|Z519_03684T0	jgi|Monha1|5511|H072_5647m.01
OG0001752	jgi|Claba1|129908|Z519_08215T0	jgi|Grascr1|3314|GST1_008158-RA
OG0001752	jgi|Claba1|129908|Z519_08215T0	coassemb64_007656-T1
OG0001764	jgi|Claba1|128535|Z519_00918T0, jgi|Claba1|138905|Z519_05437T0	jgi|Podan3|209159|mRNA_7987, jgi|Podan3|210190|mRNA_9018
OG0001782	jgi|Claba1|135495|Z519_02357T0	FUN_008736_T1_FUN_008736
OG0001796	jgi|Claba1|136730|Z519_03263T0	jgi|PseVKM4520_1|2442|transcript_KFZ16962
OG0001800	jgi|Claba1|131384|Z519_09698T0	coassemb76_009563-T1
OG0001800	jgi|Claba1|131384|Z519_09698T0	FUN_004748_T1_FUN_004748
OG0001800	jgi|Claba1|131384|Z519_09698T0	KAI4110915.1
OG0001800	jgi|Claba1|131384|Z519_09698T0	KAI4227268.1
OG0001800	jgi|Claba1|131384|Z519_09698T0	GTX0494b19_001121-T1
OG0001800	jgi|Claba1|131384|Z519_09698T0	KAI4237471.1
OG0001800	jgi|Claba1|131384|Z519_09698T0	KAI4286635.1
OG0001800	jgi|Claba1|131384|Z519_09698T0	KAI4102532.1
OG0001800	jgi|Claba1|131384|Z519_09698T0	coassemb376_003692-T1
OG0001800	jgi|Claba1|131384|Z519_09698T0	CAF9902929.1
OG0001800	jgi|Claba1|131384|Z519_09698T0	jgi|Clagr3|7093|CLAGR_006367-RA
OG0001800	jgi|Claba1|131384|Z519_09698T0	jgi|Phach1|6822|rna6821
OG0001800	jgi|Claba1|131384|Z519_09698T0	jgi|Acastr1|124096|AST1_005711-RA
OG0001800	jgi|Claba1|131384|Z519_09698T0	jgi|Dibbae1|7958|DIBA_000421-RA
OG0001800	jgi|Claba1|131384|Z519_09698T0	KAI9701880.1
OG0001800	jgi|Claba1|131384|Z519_09698T0	KAI9720566.1
OG0001800	jgi|Claba1|131384|Z519_09698T0	GTX0486b100_004885-T1
OG0001800	jgi|Claba1|131384|Z519_09698T0	KAI9758024.1
OG0001800	jgi|Claba1|131384|Z519_09698T0	jgi|Umbpus1|103947|LPUS_10623T0
OG0001800	jgi|Claba1|131384|Z519_09698T0	KAI9834954.1
OG0001800	jgi|Claba1|131384|Z519_09698T0	KAI9823584.1
OG0001800	jgi|Claba1|131384|Z519_09698T0	coassemb76_009563-T1
OG0001800	jgi|Claba1|131384|Z519_09698T0	coassemb378_002344-T1
OG0001800	jgi|Claba1|131384|Z519_09698T0	jgi|Grascr1|11900|GST1_005280-RA
OG0001800	jgi|Claba1|131384|Z519_09698T0	jgi|Sclsc1|9467|SS1G_02882T0
OG0001800	jgi|Claba1|131384|Z519_09698T0	jgi|Erypu1|340|transcript_POS84268
OG0001800	jgi|Claba1|131384|Z519_09698T0	jgi|Fusgr1|1560|FGSG_01342T0
OG0001800	jgi|Claba1|131384|Z519_09698T0	jgi|Neucr_trp3_1|5317|Neucr2.NCU04874T0, jgi|Neucr_trp3_1|5454|Neucr2.NCU07953T0
OG0001800	jgi|Claba1|131384|Z519_09698T0	jgi|Podan3|205550|mRNA_4378
OG0001841	jgi|Claba1|138421|Z519_04951T0	jgi|Acastr1|123786|AST1_006423-RA
OG0001845	jgi|Claba1|131841|Z519_10158T0	KAI9720500.1
OG0001845	jgi|Claba1|131841|Z519_10158T0	KAI9658156.1
OG0001845	jgi|Claba1|131841|Z519_10158T0	jgi|Altal1|1005078|fgenesh1_pg.2_#_500
OG0001845	jgi|Claba1|131841|Z519_10158T0	KAI9823842.1
OG0001845	jgi|Claba1|131841|Z519_10158T0	jgi|Sclsc1|12326|SS1G_05355T0
OG0001845	jgi|Claba1|131841|Z519_10158T0	jgi|PseVKM4520_1|4759|transcript_KFZ12804
OG0001845	jgi|Claba1|131841|Z519_10158T0	KAI9758333.1
OG0001845	jgi|Claba1|131841|Z519_10158T0	KAI9819438.1
OG0001845	jgi|Claba1|131841|Z519_10158T0	KAI9718275.1
OG0001845	jgi|Claba1|131841|Z519_10158T0	jgi|Acastr1|125613|AST1_005132-RA
OG0001845	jgi|Claba1|131841|Z519_10158T0	jgi|Dibbae1|12429|DIBA_005078-RA
OG0001845	jgi|Claba1|131841|Z519_10158T0	KAI4237747.1
OG0001845	jgi|Claba1|131841|Z519_10158T0	KAI4229486.1
OG0001845	jgi|Claba1|131841|Z519_10158T0	KAI4104306.1
OG0001845	jgi|Claba1|131841|Z519_10158T0	FUN_006175_T2_FUN_006175, FUN_006175_T1_FUN_006175
OG0001845	jgi|Claba1|131841|Z519_10158T0	GTX0494b19_002758-T1
OG0001845	jgi|Claba1|131841|Z519_10158T0	KAI4286909.1
OG0001845	jgi|Claba1|131841|Z519_10158T0	jgi|Aurpu_var_mel1|86210|gm1.6606_g
OG0001845	jgi|Claba1|131841|Z519_10158T0	jgi|Cocpo1_1|6261|XM_003071214.1
OG0001845	jgi|Claba1|131841|Z519_10158T0	jgi|Penexp1|9083|PEXP_063860T0
OG0001845	jgi|Claba1|131841|Z519_10158T0	jgi|Aspni_DSM_1|156701|An02g01730m.01
OG0001845	jgi|Claba1|131841|Z519_10158T0	jgi|Phach1|1686|rna1685
OG0001845	jgi|Claba1|131841|Z519_10158T0	KAI4105116.1
OG0001845	jgi|Claba1|131841|Z519_10158T0	GTX0486b100_007861-T1
OG0001845	jgi|Claba1|131841|Z519_10158T0	KAI9697190.1
OG0001845	jgi|Claba1|131841|Z519_10158T0	jgi|Erypu1|3774|transcript_POS86393
OG0001845	jgi|Claba1|131841|Z519_10158T0	jgi|Umbpus1|107041|LPUS_05267T0
OG0001845	jgi|Claba1|131841|Z519_10158T0	CAF9942780.1
OG0001845	jgi|Claba1|131841|Z519_10158T0	jgi|Clagr3|7406|CLAGR_007003-RA
OG0001845	jgi|Claba1|131841|Z519_10158T0	jgi|Grascr1|2672|GST1_008624-RA
OG0001845	jgi|Claba1|131841|Z519_10158T0	coassemb378_000435-T1
OG0001845	jgi|Claba1|131841|Z519_10158T0	coassemb76_008813-T1
OG0001845	jgi|Claba1|131841|Z519_10158T0	coassemb76_008813-T1
OG0001845	jgi|Claba1|131841|Z519_10158T0	jgi|Neucr_trp3_1|3473|Neucr2.NCU01514T0
OG0001845	jgi|Claba1|131841|Z519_10158T0	jgi|Podan3|206365|mRNA_5193
OG0001845	jgi|Claba1|131841|Z519_10158T0	jgi|Fusgr1|1682|FGSG_01448T0
OG0001860	jgi|Claba1|128777|Z519_07077T0	jgi|Aurpu_var_mel1|70521|fgenesh1_pg.47_#_5
OG0001860	jgi|Claba1|128777|Z519_07077T0	coassemb378_011336-T1
OG0001873	jgi|Claba1|139999|Z519_06531T0	jgi|PseVKM4520_1|4677|transcript_KFZ12996
OG0001889	jgi|Claba1|130662|Z519_08970T0	KAI9651668.1
OG0001890	jgi|Claba1|133595|Z519_10995T0	GTX0466b15_002312-T1
OG0001892	jgi|Claba1|129571|Z519_07876T0	KAI9720200.1
OG0001900	jgi|Claba1|131639|Z519_09955T0, jgi|Claba1|130619|Z519_08927T0, jgi|Claba1|140162|Z519_06696T0	jgi|Podan3|209699|mRNA_8527, jgi|Podan3|207569|mRNA_6397
OG0001900	jgi|Claba1|130619|Z519_08927T0, jgi|Claba1|140162|Z519_06696T0	CAF9932967.1, CAF9938707.1, CAF9938704.1
OG0001908	jgi|Claba1|129918|Z519_08225T0	coassemb378_011231-T1
OG0001909	jgi|Claba1|137668|Z519_04195T0	coassemb76_006671-T1
OG0001929	jgi|Claba1|134952|Z519_12359T0	jgi|Grascr1|10011|GST1_004182-RA
OG0001931	jgi|Claba1|130937|Z519_09248T0	jgi|Sclsc1|11661|SS1G_04690T0
OG0001931	jgi|Claba1|130937|Z519_09248T0	jgi|Fusgr1|1475|FGSG_01267T0
OG0001931	jgi|Claba1|130937|Z519_09248T0	jgi|Neucr_trp3_1|2526|Neucr2.NCU02765T0
OG0001931	jgi|Claba1|130937|Z519_09248T0	jgi|Podan3|201959|mRNA_787
OG0001932	jgi|Claba1|133905|Z519_11306T0	jgi|Neucr_trp3_1|5863|Neucr2.NCU06385T0
OG0001935	jgi|Claba1|129213|Z519_07514T0	jgi|Morco1|203785|CE203784_1176
OG0001950	jgi|Claba1|129827|Z519_08134T0	jgi|Erypu1|5784|transcript_POS81829
OG0001955	jgi|Claba1|134575|Z519_11980T0	KAI9837859.1
OG0001985	jgi|Claba1|135060|Z519_12467T0	jgi|Acastr1|124185|AST1_007313-RA
OG0001991	jgi|Claba1|133105|Z519_01583T0	KAI4091663.1
OG0002008	jgi|Claba1|140345|Z519_06879T0	coassemb376_004075-T1
OG0002021	jgi|Claba1|132246|Z519_10565T0	jgi|Umbpus1|102516|LPUS_09074T0
OG0002022	jgi|Claba1|137248|Z519_03774T0	CAF9938633.1
OG0002035	jgi|Claba1|133782|Z519_11182T0	coassemb376_006802-T1
OG0002048	jgi|Claba1|139634|Z519_06166T0	CAF9927521.1
OG0002082	jgi|Claba1|138939|Z519_05471T0	jgi|Neucr_trp3_1|8808|Neucr2.NCU04822T0
OG0002084	jgi|Claba1|133412|Z519_01890T0	KAI4087851.1
OG0002105	jgi|Claba1|132969|Z519_01447T0	KAI4108199.1
OG0002119	jgi|Claba1|135898|Z519_02761T0	coassemb378_007820-T1
OG0002138	jgi|Claba1|135696|Z519_02559T0	jgi|Grascr1|1555|GST1_006163-RA
OG0002154	jgi|Claba1|128395|Z519_00778T0	jgi|Sclsc1|8089|SS1G_13512T0
OG0002156	jgi|Claba1|136764|Z519_03297T0	KAI9712472.1
OG0002214	jgi|Claba1|139592|Z519_06124T0	coassemb378_011679-T1
OG0002221	jgi|Claba1|138476|Z519_05006T0	jgi|Aurpu_var_mel1|54398|e_gw1.20.209.1
OG0002226	jgi|Claba1|134328|Z519_11730T0	jgi|Fusgr1|1996|FGSG_01733T0
OG0002238	jgi|Claba1|129691|Z519_07996T0	jgi|Acastr1|123805|AST1_002833-RA
OG0002279	jgi|Claba1|137412|Z519_03938T0	KAI9715989.1
OG0002279	jgi|Claba1|137412|Z519_03938T0	coassemb378_006065-T1
OG0002283	jgi|Claba1|136390|Z519_02919T0	jgi|Sclsc1|13646|SS1G_06675T0
OG0002345	jgi|Claba1|129833|Z519_08140T0	coassemb378_002074-T1
OG0002349	jgi|Claba1|131956|Z519_10274T0	jgi|Acastr1|122567|AST1_006589-RA
OG0002349	jgi|Claba1|131956|Z519_10274T0	jgi|Grascr1|958|GST1_006961-RA
OG0002355	jgi|Claba1|129780|Z519_08086T0	KAI4209376.1
OG0002373	jgi|Claba1|135044|Z519_12451T0	FUN_005923_T1_FUN_005923
OG0002458	jgi|Claba1|132352|Z519_10671T0	CAF9922504.1
OG0002459	jgi|Claba1|139183|Z519_05715T0	jgi|Grascr1|1927|GST1_006382-RA
OG0002488	jgi|Claba1|132914|Z519_01392T0	jgi|Acastr1|125060|AST1_002012-RA
OG0002553	jgi|Claba1|135927|Z519_02790T0	coassemb376_006157-T1
OG0002575	jgi|Claba1|127695|Z519_00075T0	GTX0486b100_008436-T1
OG0002575	jgi|Claba1|127695|Z519_00075T0	GTX0494b19_000543-T1
OG0002630	jgi|Claba1|135623|Z519_02486T0	jgi|Aspni_DSM_1|168702|An18g02580m.01, jgi|Aspni_DSM_1|168701|An18g02570m.01
OG0002676	jgi|Claba1|137955|Z519_04481T0	KAI9831149.1
OG0002676	jgi|Claba1|137955|Z519_04481T0	coassemb376_003947-T1
OG0002682	jgi|Claba1|128141|Z519_00524T0	jgi|Erypu1|5639|transcript_POS81857
OG0002705	jgi|Claba1|128839|Z519_07139T0	KAI4286705.1
OG0002738	jgi|Claba1|128701|Z519_06999T0	jgi|Monha1|1364|H072_1364m.01
OG0002738	jgi|Claba1|128701|Z519_06999T0	jgi|Sclsc1|3554|SS1G_10010T0
OG0002760	jgi|Claba1|137268|Z519_03794T0	jgi|Monha1|5677|H072_5862m.01
OG0002764	jgi|Claba1|129643|Z519_07948T0	KAI9812097.1
OG0002764	jgi|Claba1|129643|Z519_07948T0	jgi|Ascim1|377009|estExt_fgenesh1_pg.C_420059
OG0002767	jgi|Claba1|128280|Z519_00663T0	coassemb378_001833-T1
OG0002769	jgi|Claba1|128511|Z519_00894T0	KAI4232683.1
OG0002828	jgi|Claba1|134946|Z519_12353T0	jgi|Podan3|207818|mRNA_6646
OG0002870	jgi|Claba1|132476|Z519_10796T0	CAF9925069.1, CAF9904013.1
OG0002884	jgi|Claba1|138919|Z519_05451T0	jgi|Umbpus1|99828|LPUS_06401T0
OG0002909	jgi|Claba1|130930|Z519_09241T0	GTX0494b19_005790-T1
OG0002915	jgi|Claba1|132678|Z519_01156T0	jgi|Podan3|210066|mRNA_8894
OG0002978	jgi|Claba1|131906|Z519_10224T0	jgi|Dibbae1|6486|DIBA_008345-RA
OG0002986	jgi|Claba1|138331|Z519_04859T0	KAI9717607.1
OG0003013	jgi|Claba1|138650|Z519_05181T0	jgi|Sclsc1|8112|SS1G_13535T0
OG0003013	jgi|Claba1|138650|Z519_05181T0	KAI4221834.1
OG0003046	jgi|Claba1|133296|Z519_01774T0	jgi|Umbpus1|106843|LPUS_05054T0
OG0003218	jgi|Claba1|137866|Z519_04392T0	jgi|Umbpus1|101609|LPUS_08336T0
OG0003236	jgi|Claba1|133751|Z519_11151T0	jgi|Umbpus1|99689|LPUS_06290T0
OG0003289	jgi|Claba1|128972|Z519_07272T0	coassemb76_004571-T1
OG0003368	jgi|Claba1|137025|Z519_03559T0	jgi|Umbpus1|100922|LPUS_07632T0
OG0003398	jgi|Claba1|129248|Z519_07550T0	jgi|Fusgr1|12761|FGSG_10917T0
OG0003422	jgi|Claba1|132202|Z519_10521T0	jgi|Grascr1|6991|GST1_002829-RA
OG0003433	jgi|Claba1|133077|Z519_01555T0	jgi|Exoaq1|11004|A1O9_07373T0
OG0003433	jgi|Claba1|133077|Z519_01555T0	XP_008712402.1
OG0003465	jgi|Claba1|133326|Z519_01804T0	jgi|Grascr1|8572|GST1_003093-RA
OG0003465	jgi|Claba1|133326|Z519_01804T0	jgi|Acastr1|126311|AST1_007276-RA
OG0003488	jgi|Claba1|138598|Z519_05129T0	jgi|Neucr_trp3_1|1223006|e_gw1.223.19.1
OG0003493	jgi|Claba1|128554|Z519_00937T0	coassemb376_007882-T1
OG0003534	jgi|Claba1|131313|Z519_09627T0	KAI9724968.1
OG0003578	jgi|Claba1|138834|Z519_05366T0	jgi|Fusgr1|5216|FGSG_02990T0
OG0003617	jgi|Claba1|139087|Z519_05619T0	CAF9906519.1
OG0003629	jgi|Claba1|133443|Z519_01921T0	coassemb376_000939-T1
OG0003680	jgi|Claba1|127955|Z519_00336T0	jgi|Morco1|577490|gm1.8266_g
OG0003689	jgi|Claba1|128410|Z519_00793T0	jgi|Clagr3|7431|CLAGR_007028-RA
OG0003739	jgi|Claba1|128213|Z519_00596T0	KAI4289387.1
OG0003750	jgi|Claba1|138188|Z519_04715T0	jgi|Umbpus1|101693|LPUS_08431T0
OG0003752	jgi|Claba1|128153|Z519_00536T0	jgi|Umbpus1|101274|LPUS_08013T0
OG0003775	jgi|Claba1|130607|Z519_08915T0	jgi|Umbpus1|102243|LPUS_08996T0
OG0003783	jgi|Claba1|132169|Z519_10488T0	jgi|Umbpus1|101691|LPUS_08429T0
OG0003794	jgi|Claba1|128870|Z519_07170T0	KAI9817910.1
OG0003802	jgi|Claba1|130454|Z519_08761T0	jgi|Aspni_DSM_1|166585|An15g00620m.01
OG0003802	jgi|Claba1|130454|Z519_08761T0	jgi|Penexp1|6280|PEXP_100500T0
OG0003802	jgi|Claba1|130454|Z519_08761T0	jgi|Umbpus1|104738|LPUS_11554T0
OG0003802	jgi|Claba1|130454|Z519_08761T0	jgi|Dibbae1|8626|DIBA_002773-RA
OG0003802	jgi|Claba1|130454|Z519_08761T0	coassemb376_002536-T1
OG0003802	jgi|Claba1|130454|Z519_08761T0	CAF9904139.1
OG0003802	jgi|Claba1|130454|Z519_08761T0	jgi|Clagr3|5345|CLAGR_004691-RA
OG0003802	jgi|Claba1|130454|Z519_08761T0	jgi|Acastr1|125843|AST1_000531-RA
OG0003802	jgi|Claba1|130454|Z519_08761T0	KAI9719183.1
OG0003802	jgi|Claba1|130454|Z519_08761T0	KAI4099804.1
OG0003802	jgi|Claba1|130454|Z519_08761T0	KAI4286701.1
OG0003802	jgi|Claba1|130454|Z519_08761T0	KAI4101536.1
OG0003802	jgi|Claba1|130454|Z519_08761T0	KAI4223442.1
OG0003802	jgi|Claba1|130454|Z519_08761T0	KAI4221778.1
OG0003802	jgi|Claba1|130454|Z519_08761T0	GTX0494b19_006586-T1
OG0003802	jgi|Claba1|130454|Z519_08761T0	FUN_008341_T1_FUN_008341
OG0003802	jgi|Claba1|130454|Z519_08761T0	KAI9824280.1
OG0003802	jgi|Claba1|130454|Z519_08761T0	jgi|Erypu1|4897|transcript_POS85705
OG0003802	jgi|Claba1|130454|Z519_08761T0	KAI9831898.1
OG0003802	jgi|Claba1|130454|Z519_08761T0	jgi|Sclsc1|1324|SS1G_07780T0
OG0003802	jgi|Claba1|130454|Z519_08761T0	jgi|PseVKM4520_1|8041|transcript_KFZ05690
OG0003802	jgi|Claba1|130454|Z519_08761T0	jgi|Fusgr1|12712|FGSG_10959T0
OG0003802	jgi|Claba1|130454|Z519_08761T0	jgi|Neucr_trp3_1|1027|Neucr2.NCU09806T0
OG0003802	jgi|Claba1|130454|Z519_08761T0	coassemb378_004994-T1
OG0003840	jgi|Claba1|137073|Z519_12810T0	jgi|PseVKM4520_1|5337|transcript_KFZ11703
OG0003840	jgi|Claba1|137073|Z519_12810T0	KAI9670171.1
OG0003840	jgi|Claba1|137073|Z519_12810T0	jgi|Fusgr1|3104|FGSG_02719T0
OG0003840	jgi|Claba1|137073|Z519_12810T0	jgi|Neucr_trp3_1|3886|Neucr2.NCU05685T1
OG0003840	jgi|Claba1|137073|Z519_12810T0	jgi|Podan3|211688|mRNA_10516
OG0003840	jgi|Claba1|137073|Z519_12810T0	jgi|Aurpu_var_mel1|11100|gw1.3.177.1
OG0003840	jgi|Claba1|137073|Z519_12810T0	jgi|Sclsc1|9084|SS1G_02499T0
OG0003840	jgi|Claba1|137073|Z519_12810T0	KAI4222933.1
OG0003840	jgi|Claba1|137073|Z519_12810T0	KAI4231566.1
OG0003840	jgi|Claba1|137073|Z519_12810T0	FUN_005818_T1_FUN_005818
OG0003840	jgi|Claba1|137073|Z519_12810T0	KAI4089137.1
OG0003840	jgi|Claba1|137073|Z519_12810T0	GTX0494b19_007288-T1
OG0003840	jgi|Claba1|137073|Z519_12810T0	jgi|Clagr3|2531|CLAGR_002502-RA
OG0003840	jgi|Claba1|137073|Z519_12810T0	CAF9943593.1
OG0003840	jgi|Claba1|137073|Z519_12810T0	coassemb376_003098-T1
OG0003840	jgi|Claba1|137073|Z519_12810T0	jgi|Grascr1|608|GST1_007214-RA
OG0003840	jgi|Claba1|137073|Z519_12810T0	jgi|Umbpus1|106331|LPUS_04473T0
OG0003840	jgi|Claba1|137073|Z519_12810T0	KAI9717603.1
OG0003840	jgi|Claba1|137073|Z519_12810T0	KAI9812979.1
OG0003840	jgi|Claba1|137073|Z519_12810T0	GTX0486b100_005332-T1
OG0003840	jgi|Claba1|137073|Z519_12810T0	KAI9717903.1
OG0003840	jgi|Claba1|137073|Z519_12810T0	KAI9704921.1
OG0003840	jgi|Claba1|137073|Z519_12810T0	jgi|Acastr1|120342|AST1_007010-RA
OG0003840	jgi|Claba1|137073|Z519_12810T0	KAI9747606.1
OG0003840	jgi|Claba1|137073|Z519_12810T0	jgi|Altal1|942621|e_gw1.19.323.1
OG0003840	jgi|Claba1|137073|Z519_12810T0	coassemb378_010407-T1
OG0003840	jgi|Claba1|137073|Z519_12810T0	KAI4099892.1
OG0003840	jgi|Claba1|137073|Z519_12810T0	jgi|Dibbae1|12007|DIBA_005691-RA, jgi|Dibbae1|12008|DIBA_005692-RA
OG0003840	jgi|Claba1|137073|Z519_12810T0	XP_008710554.1, XP_008721554.1
OG0003840	jgi|Claba1|137073|Z519_12810T0	XP_008710554.1, XP_008721554.1
OG0003885	jgi|Claba1|129339|Z519_07642T0	jgi|Acastr1|126374|AST1_002463-RA
OG0003966	jgi|Claba1|138771|Z519_05302T0	jgi|Sclsc1|1104|SS1G_07560T0
OG0003966	jgi|Claba1|138771|Z519_05302T0	jgi|PseVKM4520_1|5605|transcript_KFZ11153
OG0003966	jgi|Claba1|138771|Z519_05302T0	jgi|Fusgr1|5800|FGSG_04983T0
OG0003966	jgi|Claba1|138771|Z519_05302T0	jgi|Podan3|210361|mRNA_9189
OG0003966	jgi|Claba1|138771|Z519_05302T0	jgi|Neucr_trp3_1|6456|Neucr2.NCU06968T0
OG0003978	jgi|Claba1|129175|Z519_07476T0	CAF9943228.1
OG0004032	jgi|Claba1|139576|Z519_06108T0	jgi|Umbpus1|101987|LPUS_08764T0
OG0004124	jgi|Claba1|127709|Z519_00089T0	jgi|Grascr1|7304|GST1_010154-RA
OG0004250	jgi|Claba1|128934|Z519_07234T0, jgi|Claba1|128933|Z519_07233T0	jgi|Monha1|1644|H072_1644m.01
OG0004250	jgi|Claba1|128932|Z519_07232T0	KAI9832802.1
OG0004250	jgi|Claba1|128932|Z519_07232T0	KAI9657519.1
OG0004250	jgi|Claba1|128932|Z519_07232T0	jgi|Umbpus1|101221|LPUS_07943T0
OG0004250	jgi|Claba1|128932|Z519_07232T0	jgi|Acastr1|127109|AST1_003945-RA
OG0004250	jgi|Claba1|128932|Z519_07232T0	jgi|Dibbae1|2719|DIBA_006864-RA
OG0004250	jgi|Claba1|128932|Z519_07232T0	KAI9750079.1
OG0004250	jgi|Claba1|128932|Z519_07232T0	KAI9827475.1
OG0004250	jgi|Claba1|128932|Z519_07232T0	jgi|Sclsc1|3955|SS1G_10411T0
OG0004250	jgi|Claba1|128932|Z519_07232T0	jgi|PseVKM4520_1|7343|transcript_KFZ08458
OG0004250	jgi|Claba1|128932|Z519_07232T0	coassemb376_006292-T1
OG0004250	jgi|Claba1|128932|Z519_07232T0	jgi|Clagr3|3157|CLAGR_003253-RA
OG0004250	jgi|Claba1|128932|Z519_07232T0	CAF9906760.1
OG0004250	jgi|Claba1|128932|Z519_07232T0	KAI4223032.1
OG0004250	jgi|Claba1|128932|Z519_07232T0	GTX0494b19_003531-T1
OG0004250	jgi|Claba1|128932|Z519_07232T0	FUN_002683_T1_FUN_002683
OG0004250	jgi|Claba1|128932|Z519_07232T0	KAI4223463.1
OG0004250	jgi|Claba1|128932|Z519_07232T0	KAI4111640.1
OG0004250	jgi|Claba1|128932|Z519_07232T0	KAI4110131.1
OG0004250	jgi|Claba1|128932|Z519_07232T0	KAI4289903.1
OG0004250	jgi|Claba1|128932|Z519_07232T0	GTX0486b100_006972-T1
OG0004250	jgi|Claba1|128932|Z519_07232T0	KAI9827474.1
OG0004250	jgi|Claba1|128932|Z519_07232T0	jgi|Monha1|1644|H072_1644m.01
OG0004250	jgi|Claba1|128932|Z519_07232T0	KAI9827474.1
OG0004250	jgi|Claba1|128932|Z519_07232T0	jgi|Monha1|1644|H072_1644m.01
OG0004250	jgi|Claba1|128932|Z519_07232T0	KAI9697629.1
OG0004250	jgi|Claba1|128932|Z519_07232T0	coassemb76_008673-T1
OG0004264	jgi|Claba1|128845|Z519_07145T0	coassemb378_011412-T1
OG0004318	jgi|Claba1|139758|Z519_06290T0	jgi|PseVKM4520_1|3541|transcript_KFZ14981
OG0004369	jgi|Claba1|136109|Z519_12632T0	jgi|Morco1|534707|fgenesh1_kg.17_#_43_#_Locus16834v1rpkm0.80
OG0004375	jgi|Claba1|129532|Z519_07837T0	GTX0466b15_006757-T1
OG0004419	jgi|Claba1|139132|Z519_05664T0	jgi|Acastr1|121195|AST1_003133-RA
OG0004435	jgi|Claba1|130254|Z519_08561T0	GTX0486b100_006750-T1
OG0004500	jgi|Claba1|128420|Z519_00803T0	jgi|Umbpus1|99363|LPUS_05933T0
OG0004527	jgi|Claba1|138055|Z519_04581T0	KAI9652523.1
OG0004596	jgi|Claba1|132593|Z519_01071T0	jgi|Podan3|203261|mRNA_2089
OG0004631	jgi|Claba1|139833|Z519_06365T0	KAI9700672.1
OG0004739	jgi|Claba1|131992|Z519_10310T0	jgi|Umbpus1|101492|LPUS_08193T0
OG0004760	jgi|Claba1|133121|Z519_01599T0	jgi|Artol1|5540|AOL_s00079g314m.01
OG0004778	jgi|Claba1|135693|Z519_02556T0	coassemb378_004240-T1
OG0004795	jgi|Claba1|139160|Z519_05692T0	KAI9702033.1
OG0004795	jgi|Claba1|139160|Z519_05692T0	KAI9722619.1
OG0004795	jgi|Claba1|139160|Z519_05692T0	GTX0486b100_004725-T1
OG0004795	jgi|Claba1|139160|Z519_05692T0	KAI9835002.1
OG0004795	jgi|Claba1|139160|Z519_05692T0	KAI9722431.1
OG0004795	jgi|Claba1|139160|Z519_05692T0	jgi|Aurpu_var_mel1|16928|gw1.11.200.1
OG0004795	jgi|Claba1|139160|Z519_05692T0	KAI9670181.1
OG0004795	jgi|Claba1|139160|Z519_05692T0	jgi|Grascr1|11901|GST1_005281-RA
OG0004795	jgi|Claba1|139160|Z519_05692T0	jgi|Podan3|205644|mRNA_4472
OG0004795	jgi|Claba1|139160|Z519_05692T0	jgi|Altal1|1017335|fgenesh1_kg.4_#_135_#_Locus3298v1rpkm43.79
OG0004795	jgi|Claba1|139160|Z519_05692T0	jgi|Fusgr1|12102|FGSG_10467T0
OG0004795	jgi|Claba1|139160|Z519_05692T0	coassemb378_009560-T1
OG0004795	jgi|Claba1|139160|Z519_05692T0	coassemb376_007936-T1
OG0004795	jgi|Claba1|139160|Z519_05692T0	jgi|Sclsc1|5501|SS1G_12284T0
OG0004795	jgi|Claba1|139160|Z519_05692T0	jgi|Neucr_trp3_1|5364|Neucr2.NCU04913T0
OG0004795	jgi|Claba1|139160|Z519_05692T0	KAI4104922.1
OG0004795	jgi|Claba1|139160|Z519_05692T0	jgi|Dibbae1|6168|DIBA_008361-RA
OG0004795	jgi|Claba1|139160|Z519_05692T0	jgi|Aspni_DSM_1|159869|An05g01490m.01
OG0004795	jgi|Claba1|139160|Z519_05692T0	jgi|Monha1|5026|H072_5132m.01
OG0004795	jgi|Claba1|139160|Z519_05692T0	jgi|Artol1|4786|AOL_s00078g172m.01
OG0004907	jgi|Claba1|132390|Z519_10709T0	jgi|Umbpus1|102915|LPUS_09505T0
OG0004951	jgi|Claba1|133712|Z519_11112T0	jgi|Acastr1|127638|AST1_004262-RA
OG0004993	jgi|Claba1|127760|Z519_00141T0	jgi|Aspni_DSM_1|160798|An07g05740m.01
OG0005015	jgi|Claba1|136934|Z519_03468T0	GTX0466b15_000133-T1
OG0005075	jgi|Claba1|139290|Z519_05822T0	jgi|Grascr1|10864|GST1_000957-RA
OG0005152	jgi|Claba1|137790|Z519_04317T0	jgi|Podan3|206814|mRNA_5642
OG0005152	jgi|Claba1|137790|Z519_04317T0	XP_008716112.1
OG0005177	jgi|Claba1|135892|Z519_02755T0	jgi|Grascr1|8130|GST1_003831-RA
OG0005227	jgi|Claba1|135389|Z519_02251T0	jgi|Dibbae1|5833|DIBA_008034-RA
OG0005228	jgi|Claba1|128577|Z519_00960T0	jgi|Monha1|8323|H072_8618m.01
OG0005288	jgi|Claba1|129525|Z519_07830T0	KAJ9656546.1
OG0005312	jgi|Claba1|133323|Z519_01801T0	jgi|Altal1|957071|estExt_Genewise1.C_4_t30029
OG0005342	jgi|Claba1|133993|Z519_11394T0	jgi|Fusgr1|1869|FGSG_11980T0
OG0005343	jgi|Claba1|137967|Z519_04493T0	coassemb376_004507-T1
OG0005352	jgi|Claba1|140066|Z519_06599T0	KAJ9650446.1
OG0005366	jgi|Claba1|128287|Z519_00670T0	KAI4231955.1
OG0005391	jgi|Claba1|137590|Z519_04117T0	jgi|Aspni_DSM_1|155726|An01g06850m.01
OG0005404	jgi|Claba1|131318|Z519_09632T0	FUN_003800_T1_FUN_003800
OG0005404	jgi|Claba1|131318|Z519_09632T0	GTX0486b100_003784-T1
OG0005415	jgi|Claba1|138994|Z519_05526T0	GTX0486b100_003618-T1
OG0005425	jgi|Claba1|140237|Z519_06771T0	jgi|Phach1|1154|rna1153
OG0005427	jgi|Claba1|137245|Z519_03771T0	KAI9814970.1
OG0005505	jgi|Claba1|129886|Z519_08193T0	jgi|Acastr1|123637|AST1_009027-RA
OG0005622	jgi|Claba1|140289|Z519_06823T0, jgi|Claba1|130097|Z519_08404T0	KAI4101797.1
OG0005622	jgi|Claba1|140289|Z519_06823T0, jgi|Claba1|130097|Z519_08404T0	jgi|Clagr3|8862|CLAGR_008842-RA, jgi|Clagr3|9792|CLAGR_010128-RA, jgi|Clagr3|6488|CLAGR_006593-RA
OG0005642	jgi|Claba1|132225|Z519_10544T0	jgi|Grascr1|5566|GST1_001888-RA
OG0005657	jgi|Claba1|134197|Z519_11599T0, jgi|Claba1|139708|Z519_06240T0, jgi|Claba1|137389|Z519_03915T0, jgi|Claba1|137357|Z519_03883T0, jgi|Claba1|139709|Z519_06241T0, jgi|Claba1|129816|Z519_08123T0, jgi|Claba1|137826|Z519_04352T0	jgi|Dibbae1|10027|DIBA_002947-RA
OG0005657	jgi|Claba1|134197|Z519_11599T0, jgi|Claba1|139708|Z519_06240T0, jgi|Claba1|137389|Z519_03915T0, jgi|Claba1|137357|Z519_03883T0, jgi|Claba1|139709|Z519_06241T0, jgi|Claba1|129816|Z519_08123T0, jgi|Claba1|137826|Z519_04352T0	jgi|Clagr3|11138|CLAGR_010750-RA
OG0005657	jgi|Claba1|134197|Z519_11599T0, jgi|Claba1|139708|Z519_06240T0, jgi|Claba1|137389|Z519_03915T0, jgi|Claba1|137357|Z519_03883T0, jgi|Claba1|139709|Z519_06241T0, jgi|Claba1|129816|Z519_08123T0, jgi|Claba1|137826|Z519_04352T0	jgi|Monha1|5041|H072_5147m.01
OG0005662	jgi|Claba1|129189|Z519_07490T0	KAI9719829.1
OG0005662	jgi|Claba1|129189|Z519_07490T0	jgi|Grascr1|2591|GST1_006896-RA
OG0005662	jgi|Claba1|129189|Z519_07490T0	CAF9941370.1
OG0005682	jgi|Claba1|135406|Z519_02268T0	jgi|Dibbae1|11879|DIBA_001053-RA
OG0005703	jgi|Claba1|131273|Z519_09587T0, jgi|Claba1|138673|Z519_05204T0	jgi|Neucr_trp3_1|5771|Neucr2.NCU07660T0
OG0005703	jgi|Claba1|131273|Z519_09587T0, jgi|Claba1|138673|Z519_05204T0	jgi|Penexp1|5410|PEXP_058710T0
OG0005718	jgi|Claba1|136044|Z519_12567T0	GTX0466b15_006999-T1
OG0005816	jgi|Claba1|137399|Z519_03925T0	KAI4267027.1
OG0005825	jgi|Claba1|131126|Z519_09438T0	KAI9705914.1
OG0005850	jgi|Claba1|139002|Z519_05534T0	jgi|Clagr3|11036|CLAGR_010911-RA
OG0005867	jgi|Claba1|134601|Z519_12006T0	KAI4218542.1
OG0005888	jgi|Claba1|130796|Z519_09106T0	jgi|Altal1|1025791|fgenesh1_kg.32_#_26_#_Locus9912v1rpkm2.63
OG0005888	jgi|Claba1|130796|Z519_09106T0	jgi|Fusgr1|5687|FGSG_12647T0
OG0005888	jgi|Claba1|130796|Z519_09106T0	jgi|Aurpu_var_mel1|77973|fgenesh1_pm.24_#_2
OG0005888	jgi|Claba1|130796|Z519_09106T0	KAJ9654590.1
OG0005904	jgi|Claba1|132653|Z519_01131T0	jgi|PseVKM4520_1|5407|transcript_KFZ11491
OG0005915	jgi|Claba1|132883|Z519_01361T0	jgi|Altal1|932956|e_gw1.8.890.1
OG0005921	jgi|Claba1|134789|Z519_12195T0	jgi|Grascr1|2195|GST1_001314-RA
OG0005921	jgi|Claba1|134789|Z519_12195T0	jgi|Monha1|9690|H072_10193m.01
OG0005962	jgi|Claba1|127924|Z519_00305T0	jgi|Aspni_DSM_1|156812|An02g02850m.01
OG0005978	jgi|Claba1|132699|Z519_01177T0	coassemb376_005815-T1
OG0006001	jgi|Claba1|139694|Z519_06226T0	jgi|Grascr1|7261|GST1_010884-RA
OG0006003	jgi|Claba1|137223|Z519_03749T0	coassemb378_011469-T1
OG0006137	jgi|Claba1|140185|Z519_06719T0	jgi|Grascr1|745|GST1_008999-RA
OG0006149	jgi|Claba1|135032|Z519_12439T0	jgi|Altal1|990202|estExt_Genewise1Plus.C_11_t20464
OG0006149	jgi|Claba1|135032|Z519_12439T0	jgi|Grascr1|3151|GST1_002081-RA
OG0006149	jgi|Claba1|135032|Z519_12439T0	jgi|Aurpu_var_mel1|68691|fgenesh1_pg.23_#_13
OG0006149	jgi|Claba1|135032|Z519_12439T0	KAI9665311.1
OG0006149	jgi|Claba1|135032|Z519_12439T0	KAI9718867.1
OG0006153	jgi|Claba1|130164|Z519_08471T0	jgi|Capcor1|97911|A1O1_05073T0
OG0006265	jgi|Claba1|135278|Z519_02140T0	jgi|Artol1|2364|AOL_s00043g527m.01
OG0006292	jgi|Claba1|140364|Z519_06898T0	KAI4228881.1
OG0006312	jgi|Claba1|137627|Z519_04154T0	coassemb378_011409-T1
OG0006313	jgi|Claba1|135136|Z519_01998T0	GTX0486b100_008052-T1
OG0006375	jgi|Claba1|129787|Z519_08093T0, jgi|Claba1|129786|Z519_08092T0	coassemb76_006523-T1
OG0006375	jgi|Claba1|129787|Z519_08093T0	XP_008719663.1
OG0006463	jgi|Claba1|132765|Z519_01243T0	jgi|Penexp1|10962|PEXP_021960T0
OG0006502	jgi|Claba1|133507|Z519_10906T0	jgi|Fusgr1|5160|FGSG_03039T0
OG0006532	jgi|Claba1|130129|Z519_08436T0	jgi|Altal1|1056004|gm1.239_g
OG0006532	jgi|Claba1|130129|Z519_08436T0	KAI9829584.1
OG0006532	jgi|Claba1|130129|Z519_08436T0	jgi|Ascim1|411554|fgenesh1_RNNotator_kg.7_#_27_#_Locus10949v1rpkm2.40
OG0006532	jgi|Claba1|130129|Z519_08436T0	jgi|Fusgr1|3490|FGSG_04512T0
OG0006532	jgi|Claba1|130129|Z519_08436T0	jgi|PseVKM4520_1|4317|transcript_KFZ24843
OG0006532	jgi|Claba1|130129|Z519_08436T0	jgi|Aurpu_var_mel1|48353|e_gw1.10.250.1
OG0006532	jgi|Claba1|130129|Z519_08436T0	jgi|Penexp1|2751|PEXP_109150T0
OG0006589	jgi|Claba1|133488|Z519_10886T0	jgi|Monha1|5186|H072_5294m.01, jgi|Monha1|6980|H072_7205m.01
OG0006716	jgi|Claba1|138182|Z519_04709T0	jgi|Morco1|558143|estExt_fgenesh1_pm.C_170001
OG0006758	jgi|Claba1|129876|Z519_08183T0	jgi|Artol1|5650|AOL_s00079g424m.01
OG0006759	jgi|Claba1|136293|Z519_02822T0	CAF9925470.1
OG0006860	jgi|Claba1|138937|Z519_05469T0	jgi|Penexp1|61|PEXP_021520T0
OG0006920	jgi|Claba1|135452|Z519_02314T0	coassemb378_010756-T1
OG0006950	jgi|Claba1|130050|Z519_08357T0, jgi|Claba1|136877|Z519_03411T0	jgi|Cocpo1_1|2800|XM_003067753.1
OG0006950	jgi|Claba1|130050|Z519_08357T0, jgi|Claba1|136877|Z519_03411T0	jgi|Monha1|9531|H072_10017m.01
OG0006950	jgi|Claba1|130050|Z519_08357T0, jgi|Claba1|136877|Z519_03411T0	jgi|Artol1|9070|AOL_s00170g90m.01
OG0006950	jgi|Claba1|130050|Z519_08357T0, jgi|Claba1|136877|Z519_03411T0	jgi|PseVKM4520_1|6849|transcript_KFZ09182
OG0006979	jgi|Claba1|136652|Z519_03184T0	GTX0494b19_006997-T1
OG0006979	jgi|Claba1|136652|Z519_03184T0	FUN_005397_T1_FUN_005397
OG0007057	jgi|Claba1|130057|Z519_08364T0	jgi|Neucr_trp3_1|1310622|fgenesh1_pm.88_#_4
OG0007174	jgi|Claba1|139895|Z519_06427T0	GTX0466b15_004339-T1
OG0007290	jgi|Claba1|137656|Z519_04183T0	jgi|PseVKM4520_1|1308|transcript_KFZ19197
OG0007306	jgi|Claba1|129356|Z519_07659T0	jgi|Ascim1|365017|estExt_Genemark1.C_1000002
OG0007306	jgi|Claba1|129356|Z519_07659T0	jgi|Aspni_DSM_1|166555|An15g00320m.01
OG0007306	jgi|Claba1|129356|Z519_07659T0	jgi|Penexp1|7095|PEXP_076310T0
OG0007306	jgi|Claba1|129356|Z519_07659T0	jgi|Exoaq1|11608|A1O9_07944T0
OG0007306	jgi|Claba1|129356|Z519_07659T0	jgi|Exoaq1|11608|A1O9_07944T0
OG0007306	jgi|Claba1|129356|Z519_07659T0	jgi|Aurpu_var_mel1|37040|e_gw1.1.1566.1
OG0007306	jgi|Claba1|129356|Z519_07659T0	jgi|Capcor1|99514|A1O1_06686T0
OG0007306	jgi|Claba1|129356|Z519_07659T0	jgi|Altal1|1028146|fgenesh1_pm.3_#_37
OG0007306	jgi|Claba1|129356|Z519_07659T0	jgi|Morco1|495599|e_gw1.76.6.1
OG0007306	jgi|Claba1|129356|Z519_07659T0	jgi|PseVKM4520_1|11144|transcript_KFZ23267
OG0007306	jgi|Claba1|129356|Z519_07659T0	KAJ9659601.1
OG0007306	jgi|Claba1|129356|Z519_07659T0	KAJ9659601.1
OG0007306	jgi|Claba1|129356|Z519_07659T0	jgi|Fusgr1|4874|FGSG_03288T0
OG0007306	jgi|Claba1|129356|Z519_07659T0	jgi|Aspni_DSM_1|160209|An06g02420m.01
OG0007306	jgi|Claba1|129356|Z519_07659T0	jgi|Aspni_DSM_1|160209|An06g02420m.01
OG0007306	jgi|Claba1|129356|Z519_07659T0	coassemb64_007532-T1
OG0007331	jgi|Claba1|131296|Z519_09610T0	jgi|Umbpus1|99812|LPUS_06386T0
OG0007562	jgi|Claba1|127841|Z519_00222T0	KAJ9655683.1
OG0007562	jgi|Claba1|127841|Z519_00222T0	jgi|Aspni_DSM_1|155296|An01g02420m.01
OG0007562	jgi|Claba1|127841|Z519_00222T0	jgi|Penexp1|628|PEXP_092570T0
OG0007562	jgi|Claba1|127841|Z519_00222T0	jgi|Cocpo1_1|1395|XM_003066347.1
OG0007618	jgi|Claba1|135516|Z519_02378T0	jgi|Clagr3|9866|CLAGR_010561-RA
OG0007618	jgi|Claba1|135516|Z519_02378T0	jgi|Umbpus1|101100|LPUS_07862T0
OG0007618	jgi|Claba1|135516|Z519_02378T0	jgi|Acastr1|124923|AST1_004694-RA
OG0007618	jgi|Claba1|135516|Z519_02378T0	KAI4288893.1
OG0007714	jgi|Claba1|132005|Z519_10323T0	jgi|Podan3|207866|mRNA_6694
OG0007748	jgi|Claba1|138027|Z519_04553T0	jgi|Altal1|941203|e_gw1.17.125.1
OG0007857	jgi|Claba1|132681|Z519_01159T0, jgi|Claba1|137208|Z519_03734T0	KAI4218735.1
OG0007995	jgi|Claba1|135872|Z519_02735T0	KAJ9654690.1
