Orthogroup	Clagr3_GeneCatalog_proteins_20111121.aa	Other
OG0000000	jgi|Clagr3|11012|CLAGR_010687-RA	jgi|Exoaq1|3410|A1O9_10929T0
OG0000000	jgi|Clagr3|6472|CLAGR_006578-RA	coassemb64_006271-T1
OG0000000	jgi|Clagr3|6472|CLAGR_006578-RA	KAJ9653761.1
OG0000000	jgi|Clagr3|6472|CLAGR_006578-RA	CAF9914478.1
OG0000000	jgi|Clagr3|6472|CLAGR_006578-RA	jgi|PseVKM4520_1|7117|transcript_KFZ08805
OG0000000	jgi|Clagr3|6472|CLAGR_006578-RA	jgi|Acastr1|127375|AST1_002478-RA
OG0000000	jgi|Clagr3|6472|CLAGR_006578-RA	jgi|Dibbae1|4299|DIBA_007197-RA
OG0000000	jgi|Clagr3|6472|CLAGR_006578-RA	jgi|EndpusZ1|917|EPUS_01633T0
OG0000000	jgi|Clagr3|6472|CLAGR_006578-RA	KAI9830716.1
OG0000000	jgi|Clagr3|6472|CLAGR_006578-RA	jgi|Fonmu1|971|Z520_05601T0
OG0000002	jgi|Clagr3|8891|CLAGR_008871-RA	jgi|EndpusZ1|4163|EPUS_04808T0
OG0000003	jgi|Clagr3|887|CLAGR_000876-RA	jgi|Podan3|201333|mRNA_161
OG0000004	jgi|Clagr3|5635|CLAGR_004921-RA	jgi|Exoaq1|11121|A1O9_07456T0
OG0000004	jgi|Clagr3|10759|CLAGR_010317-RA	jgi|Claba1|133761|Z519_11161T0
OG0000009	jgi|Clagr3|7027|CLAGR_006763-RA	jgi|Claba1|128724|Z519_07022T0
OG0000009	jgi|Clagr3|7027|CLAGR_006763-RA	KAJ9663857.1, KAJ9652153.1
OG0000009	jgi|Clagr3|7027|CLAGR_006763-RA	jgi|Exoaq1|5525|A1O9_03049T0
OG0000011	jgi|Clagr3|8693|CLAGR_009119-RA	jgi|EndpusZ1|5497|EPUS_00653T0
OG0000012	jgi|Clagr3|1951|CLAGR_001939-RB	XP_008720608.1
OG0000014	jgi|Clagr3|8934|CLAGR_008914-RA	jgi|Penexp1|10961|PEXP_021950T0
OG0000014	jgi|Clagr3|8934|CLAGR_008914-RA	jgi|EndpusZ1|5016|EPUS_06527T0
OG0000014	jgi|Clagr3|4587|CLAGR_003944-RA	KAI4208649.1
OG0000015	jgi|Clagr3|1786|CLAGR_001582-RA	jgi|Aspni_DSM_1|163638|An11g03940m.01, jgi|Aspni_DSM_1|166170|An14g03870m.01
OG0000015	jgi|Clagr3|10067|CLAGR_010241-RA	jgi|Monha1|7534|H072_7784m.01
OG0000016	jgi|Clagr3|940|CLAGR_000929-RA	KAI9716702.1
OG0000016	jgi|Clagr3|940|CLAGR_000929-RA	GTX0486b100_001164-T1, GTX0486b100_000790-T1, GTX0486b100_001165-T1
OG0000021	jgi|Clagr3|4344|CLAGR_004862-RA	jgi|Claba1|129751|Z519_08057T0
OG0000023	jgi|Clagr3|10665|CLAGR_010535-RA	KAI9823564.1
OG0000027	jgi|Clagr3|9566|CLAGR_009019-RA	GTX0466b15_002962-T1
OG0000028	jgi|Clagr3|2180|CLAGR_002167-RA	jgi|Neucr_trp3_1|10771|Neucr2.NCU11305T0, jgi|Neucr_trp3_1|10779|Neucr2.NCU05896T0
OG0000028	jgi|Clagr3|2180|CLAGR_002167-RA	FUN_009752_T1_FUN_009752
OG0000028	jgi|Clagr3|2180|CLAGR_002167-RA	KAI4222039.1, KAI4230725.1
OG0000028	jgi|Clagr3|2180|CLAGR_002167-RA	KAI4264921.1
OG0000028	jgi|Clagr3|4519|CLAGR_005031-RA	FUN_010538_T1_FUN_010538
OG0000028	jgi|Clagr3|10080|CLAGR_010254-RA, jgi|Clagr3|1368|CLAGR_001351-RA	CAF9908997.1
OG0000033	jgi|Clagr3|3091|CLAGR_003187-RA	jgi|Grascr1|7426|GST1_012003-RA
OG0000033	jgi|Clagr3|11089|CLAGR_010982-RA	jgi|Grascr1|7424|GST1_012001-RA
OG0000033	jgi|Clagr3|11089|CLAGR_010982-RA	coassemb378_000587-T1
OG0000034	jgi|Clagr3|11095|CLAGR_010988-RA	KAI4231867.1
OG0000037	jgi|Clagr3|1724|CLAGR_001521-RA	jgi|Aspni_DSM_1|161592|An08g03300m.01
OG0000037	jgi|Clagr3|1724|CLAGR_001521-RA	jgi|PseVKM4520_1|10891|transcript_KFZ23487
OG0000037	jgi|Clagr3|1725|CLAGR_001522-RA	jgi|Aspni_DSM_1|162551|An09g00850m.01
OG0000038	jgi|Clagr3|736|CLAGR_000726-RA	jgi|Podan3|209870|mRNA_8698
OG0000038	jgi|Clagr3|736|CLAGR_000726-RA	CAF9905151.1
OG0000038	jgi|Clagr3|736|CLAGR_000726-RA	jgi|Dibbae1|2402|DIBA_006562-RA
OG0000038	jgi|Clagr3|736|CLAGR_000726-RA	coassemb378_003435-T1
OG0000038	jgi|Clagr3|736|CLAGR_000726-RA	jgi|PseVKM4520_1|3511|transcript_KFZ15042
OG0000038	jgi|Clagr3|6714|CLAGR_007857-RA	jgi|Aspni_DSM_1|168541|An18g00910m.01
OG0000038	jgi|Clagr3|4491|CLAGR_005003-RA	jgi|Dibbae1|6222|DIBA_009290-RA
OG0000040	jgi|Clagr3|408|CLAGR_000400-RA	jgi|Capcor1|97361|A1O1_04519T0
OG0000045	jgi|Clagr3|7586|CLAGR_007129-RA	jgi|Claba1|134807|Z519_12214T0
OG0000050	jgi|Clagr3|5476|CLAGR_006271-RA, jgi|Clagr3|957|CLAGR_000946-RA	jgi|Dibbae1|10322|DIBA_012218-RA
OG0000053	jgi|Clagr3|1270|CLAGR_001255-RA	jgi|Podan3|203414|mRNA_2242
OG0000055	jgi|Clagr3|2322|CLAGR_001720-RA	GTX0486b100_004695-T1
OG0000055	jgi|Clagr3|2322|CLAGR_001720-RA	KAI9707443.1
OG0000055	jgi|Clagr3|2322|CLAGR_001720-RA	KAI9724846.1
OG0000055	jgi|Clagr3|2322|CLAGR_001720-RA	jgi|PseVKM4520_1|1852|transcript_KFZ18127
OG0000055	jgi|Clagr3|2322|CLAGR_001720-RA	jgi|Sclsc1|14274|SS1G_07303T0
OG0000055	jgi|Clagr3|2322|CLAGR_001720-RA	jgi|Neucr_trp3_1|3072|Neucr2.NCU06824T0, jgi|Neucr_trp3_1|4222|Neucr2.NCU06239T0
OG0000055	jgi|Clagr3|2322|CLAGR_001720-RA	jgi|Podan3|211294|mRNA_10122
OG0000055	jgi|Clagr3|2322|CLAGR_001720-RA	jgi|Fusgr1|8399|FGSG_07252T0
OG0000055	jgi|Clagr3|2322|CLAGR_001720-RA	coassemb378_005966-T1
OG0000055	jgi|Clagr3|2322|CLAGR_001720-RA	jgi|Ascim1|68455|CE68454_1483, jgi|Ascim1|378523|estExt_fgenesh1_pg.C_730018, jgi|Ascim1|350908|MIX13749_43_68, jgi|Ascim1|326389|gm1.6389_g, jgi|Ascim1|330757|gm1.10757_g
OG0000055	jgi|Clagr3|2322|CLAGR_001720-RA	jgi|EndpusZ1|157|EPUS_07323T0
OG0000055	jgi|Clagr3|2322|CLAGR_001720-RA	jgi|Exoaq1|4540|A1O9_02059T0
OG0000055	jgi|Clagr3|2322|CLAGR_001720-RA	coassemb64_005556-T1
OG0000057	jgi|Clagr3|9344|CLAGR_009043-RA	jgi|Podan3|204746|mRNA_3574
OG0000057	jgi|Clagr3|9344|CLAGR_009043-RA	jgi|Fusgr1|4571|FGSG_03551T0
OG0000061	jgi|Clagr3|3920|CLAGR_003743-RA	jgi|Fusgr1|13042|FGSG_11473T0, jgi|Fusgr1|12170|FGSG_10521T0
OG0000061	jgi|Clagr3|3920|CLAGR_003743-RA	coassemb64_005293-T1
OG0000061	jgi|Clagr3|3920|CLAGR_003743-RA	jgi|Capcor1|97004|A1O1_04157T0
OG0000061	jgi|Clagr3|3920|CLAGR_003743-RA	jgi|Exoaq1|11632|A1O9_07968T0
OG0000061	jgi|Clagr3|3920|CLAGR_003743-RA	jgi|PseVKM4520_1|5501|transcript_KFZ11328
OG0000066	jgi|Clagr3|11020|CLAGR_010873-RA	jgi|Phach1|1394|rna1393
OG0000067	jgi|Clagr3|634|CLAGR_000625-RA	jgi|Podan3|206798|mRNA_5626
OG0000067	jgi|Clagr3|2762|CLAGR_002730-RA	jgi|Grascr1|1098|GST1_001155-RA, jgi|Grascr1|800|GST1_008971-RA
OG0000074	jgi|Clagr3|11264|CLAGR_011075-RA	jgi|Penexp1|5556|PEXP_098000T0, jgi|Penexp1|8745|PEXP_014590T0
OG0000074	jgi|Clagr3|11264|CLAGR_011075-RA	jgi|Phach1|309|rna308
OG0000074	jgi|Clagr3|11264|CLAGR_011075-RA	coassemb376_001531-T1
OG0000074	jgi|Clagr3|11264|CLAGR_011075-RA	jgi|Grascr1|11787|GST1_005911-RA
OG0000074	jgi|Clagr3|11264|CLAGR_011075-RA	KAI4219960.1
OG0000074	jgi|Clagr3|11264|CLAGR_011075-RA	jgi|Aurpu_var_mel1|54988|e_gw1.21.117.1
OG0000074	jgi|Clagr3|11264|CLAGR_011075-RA	coassemb378_009424-T1
OG0000074	jgi|Clagr3|11264|CLAGR_011075-RA	XP_008713838.1
OG0000074	jgi|Clagr3|11264|CLAGR_011075-RA	jgi|PseVKM4520_1|11051|transcript_KFZ23354, jgi|PseVKM4520_1|7332|transcript_KFZ24697
OG0000074	jgi|Clagr3|11264|CLAGR_011075-RA	KAI9719099.1
OG0000074	jgi|Clagr3|11264|CLAGR_011075-RA	jgi|Dibbae1|7724|DIBA_010070-RA
OG0000074	jgi|Clagr3|11264|CLAGR_011075-RA	coassemb376_001531-T1
OG0000074	jgi|Clagr3|11264|CLAGR_011075-RA	KAI9717339.1, KAI9710432.1
OG0000079	jgi|Clagr3|2864|CLAGR_002832-RA	KAI4287114.1
OG0000080	jgi|Clagr3|1802|CLAGR_001598-RA	XP_008714722.1
OG0000081	jgi|Clagr3|7646|CLAGR_007510-RA	KAI4236998.1
OG0000086	jgi|Clagr3|5952|CLAGR_005872-RA	jgi|Penexp1|5865|PEXP_011740T0
OG0000086	jgi|Clagr3|5952|CLAGR_005872-RA	jgi|Aspni_DSM_1|165990|An14g02050m.01
OG0000088	jgi|Clagr3|4442|CLAGR_004634-RA	KAI4287751.1
OG0000092	jgi|Clagr3|5199|CLAGR_004539-RA	jgi|Altal1|947369|e_gw1.27.26.1
OG0000092	jgi|Clagr3|5199|CLAGR_004539-RA	jgi|Aspni_DSM_1|162573|An09g01100m.01
OG0000092	jgi|Clagr3|5199|CLAGR_004539-RA	jgi|Penexp1|4692|PEXP_048170T0
OG0000092	jgi|Clagr3|5199|CLAGR_004539-RA	jgi|Claba1|136432|Z519_02962T0
OG0000092	jgi|Clagr3|5199|CLAGR_004539-RA	jgi|Fonmu1|3778|Z520_08414T0
OG0000092	jgi|Clagr3|5199|CLAGR_004539-RA	jgi|Capcor1|93494|A1O1_00627T0
OG0000092	jgi|Clagr3|5199|CLAGR_004539-RA	jgi|Exoaq1|8590|A1O9_05127T0
OG0000092	jgi|Clagr3|5199|CLAGR_004539-RA	KAJ9662052.1
OG0000092	jgi|Clagr3|5199|CLAGR_004539-RA	coassemb64_003119-T1
OG0000092	jgi|Clagr3|5199|CLAGR_004539-RA	XP_008713305.1
OG0000092	jgi|Clagr3|5199|CLAGR_004539-RA	coassemb76_004047-T1
OG0000092	jgi|Clagr3|5199|CLAGR_004539-RA	jgi|EndpusZ1|8673|EPUS_05619T0
OG0000092	jgi|Clagr3|3637|CLAGR_003843-RA	jgi|Podan3|203432|mRNA_2260
OG0000101	jgi|Clagr3|3901|CLAGR_003724-RA	jgi|Aspni_DSM_1|165047|An12g07490m.01
OG0000101	jgi|Clagr3|3901|CLAGR_003724-RA	KAI9659590.1
OG0000102	jgi|Clagr3|8831|CLAGR_008272-RA	jgi|Dibbae1|8713|DIBA_011037-RA, jgi|Dibbae1|8716|DIBA_011040-RA, jgi|Dibbae1|6761|DIBA_002648-RA, jgi|Dibbae1|8789|DIBA_002282-RA
OG0000112	jgi|Clagr3|7967|CLAGR_007766-RA	jgi|Exoaq1|6159|A1O9_11960T0
OG0000115	jgi|Clagr3|7930|CLAGR_008371-RA	jgi|Ascim1|306858|fgenesh1_pg.38_#_64, jgi|Ascim1|328353|gm1.8353_g
OG0000115	jgi|Clagr3|7930|CLAGR_008371-RA	jgi|Exoaq1|11438|A1O9_07774T0
OG0000115	jgi|Clagr3|7930|CLAGR_008371-RA	jgi|Exoaq1|11438|A1O9_07774T0
OG0000115	jgi|Clagr3|7930|CLAGR_008371-RA	jgi|Capcor1|95989|A1O1_03132T0
OG0000115	jgi|Clagr3|7930|CLAGR_008371-RA	jgi|Claba1|130051|Z519_08358T0
OG0000115	jgi|Clagr3|7930|CLAGR_008371-RA	jgi|EndpusZ1|331|EPUS_04299T0
OG0000115	jgi|Clagr3|7930|CLAGR_008371-RA	coassemb378_010588-T1
OG0000115	jgi|Clagr3|7930|CLAGR_008371-RA	CAF9913506.1
OG0000115	jgi|Clagr3|7930|CLAGR_008371-RA	KAI9671342.1
OG0000115	jgi|Clagr3|7930|CLAGR_008371-RA	jgi|Penexp1|183|PEXP_021380T0
OG0000115	jgi|Clagr3|7930|CLAGR_008371-RA	KAI9834920.1
OG0000115	jgi|Clagr3|7930|CLAGR_008371-RA	coassemb376_004822-T1
OG0000115	jgi|Clagr3|7930|CLAGR_008371-RA	jgi|PseVKM4520_1|10407|transcript_KFZ25356
OG0000118	jgi|Clagr3|5171|CLAGR_004512-RA	jgi|EndpusZ1|1884|EPUS_03253T0
OG0000119	jgi|Clagr3|3864|CLAGR_003687-RA	jgi|Acastr1|126338|AST1_002427-RA
OG0000124	jgi|Clagr3|3224|CLAGR_003045-RA	jgi|Umbpus1|100439|LPUS_07049T0, jgi|Umbpus1|99611|LPUS_06203T0
OG0000124	jgi|Clagr3|3224|CLAGR_003045-RA	jgi|Sclsc1|8251|SS1G_13674T0
OG0000124	jgi|Clagr3|3224|CLAGR_003045-RA	jgi|Dibbae1|5406|DIBA_008556-RA
OG0000124	jgi|Clagr3|3224|CLAGR_003045-RA	KAI9701810.1
OG0000126	jgi|Clagr3|4686|CLAGR_004043-RA	coassemb76_010089-T1
OG0000131	jgi|Clagr3|5015|CLAGR_005308-RA	KAI9653286.1
OG0000131	jgi|Clagr3|5015|CLAGR_005308-RA	jgi|Aurpu_var_mel1|63718|fgenesh1_pg.4_#_55, jgi|Aurpu_var_mel1|56530|e_gw1.24.372.1
OG0000144	jgi|Clagr3|667|CLAGR_000658-RA	KAI9702329.1
OG0000144	jgi|Clagr3|667|CLAGR_000658-RA	GTX0486b100_005112-T1
OG0000144	jgi|Clagr3|667|CLAGR_000658-RA	jgi|Claba1|138947|Z519_05479T0
OG0000144	jgi|Clagr3|667|CLAGR_000658-RA	jgi|Fonmu1|6756|Z520_01966T0, jgi|Fonmu1|2033|Z520_06666T0
OG0000144	jgi|Clagr3|667|CLAGR_000658-RA	jgi|EndpusZ1|8981|EPUS_05241T0, jgi|EndpusZ1|1856|EPUS_03225T0
OG0000144	jgi|Clagr3|667|CLAGR_000658-RA	jgi|Phach1|1619|rna1618
OG0000144	jgi|Clagr3|667|CLAGR_000658-RA	jgi|Altal1|1034290|fgenesh1_pm.22_#_61, jgi|Altal1|752182|CE752181_7491, jgi|Altal1|1044107|estExt_fgenesh1_pm.C_260004
OG0000144	jgi|Clagr3|667|CLAGR_000658-RA	jgi|Fusgr1|8808|FGSG_07614T0
OG0000144	jgi|Clagr3|667|CLAGR_000658-RA	jgi|Penexp1|9578|PEXP_068830T0
OG0000144	jgi|Clagr3|667|CLAGR_000658-RA	jgi|Aurpu_var_mel1|75018|fgenesh1_pm.9_#_116
OG0000144	jgi|Clagr3|667|CLAGR_000658-RA	jgi|Dibbae1|4934|DIBA_008464-RA
OG0000144	jgi|Clagr3|667|CLAGR_000658-RA	jgi|Grascr1|812|GST1_008983-RA, jgi|Grascr1|4219|GST1_001203-RA
OG0000144	jgi|Clagr3|667|CLAGR_000658-RA	jgi|Dibbae1|4934|DIBA_008464-RA
OG0000144	jgi|Clagr3|667|CLAGR_000658-RA	jgi|Grascr1|812|GST1_008983-RA, jgi|Grascr1|4219|GST1_001203-RA
OG0000146	jgi|Clagr3|7802|CLAGR_007421-RA	jgi|Grascr1|714|GST1_007014-RA
OG0000146	jgi|Clagr3|7802|CLAGR_007421-RA	coassemb378_003750-T1
OG0000151	jgi|Clagr3|5422|CLAGR_006217-RA	jgi|PseVKM4520_1|10168|transcript_KFZ24155
OG0000151	jgi|Clagr3|5422|CLAGR_006217-RA	KAI9719401.1
OG0000152	jgi|Clagr3|10889|CLAGR_010651-RA	jgi|Exoaq1|6157|A1O9_11958T0
OG0000157	jgi|Clagr3|11248|CLAGR_011101-RA	KAI9715689.1
OG0000164	jgi|Clagr3|9008|CLAGR_008731-RA, jgi|Clagr3|11166|CLAGR_010811-RA	jgi|Podan3|206414|mRNA_5242
OG0000165	jgi|Clagr3|9276|CLAGR_009204-RA	KAI9708569.1
OG0000169	jgi|Clagr3|6449|CLAGR_006555-RA	jgi|Grascr1|9756|GST1_012147-RA, jgi|Grascr1|9105|GST1_004404-RA
OG0000169	jgi|Clagr3|6449|CLAGR_006555-RA	KAI4232071.1
OG0000170	jgi|Clagr3|2080|CLAGR_002068-RA	jgi|Penexp1|120|PEXP_020750T0
OG0000170	jgi|Clagr3|2080|CLAGR_002068-RA	jgi|Altal1|702313|CE702312_36332, jgi|Altal1|993239|estExt_Genewise1Plus.C_15_t20144
OG0000173	jgi|Clagr3|1734|CLAGR_001531-RA, jgi|Clagr3|1732|CLAGR_001529-RA	coassemb64_001760-T1
OG0000173	jgi|Clagr3|1734|CLAGR_001531-RA, jgi|Clagr3|1732|CLAGR_001529-RA	jgi|EndpusZ1|766|EPUS_01327T0, jgi|EndpusZ1|6019|EPUS_06714T0, jgi|EndpusZ1|1022|EPUS_04600T0
OG0000173	jgi|Clagr3|3318|CLAGR_003137-RA	KAI4099501.1
OG0000173	jgi|Clagr3|3318|CLAGR_003137-RA	KAI4225882.1
OG0000173	jgi|Clagr3|3318|CLAGR_003137-RA	FUN_010187_T1_FUN_010187, FUN_010188_T1_FUN_010188
OG0000173	jgi|Clagr3|3318|CLAGR_003137-RA	KAI4218961.1, KAI4218960.1
OG0000173	jgi|Clagr3|3318|CLAGR_003137-RA	GTX0494b19_006058-T1
OG0000181	jgi|Clagr3|2548|CLAGR_002519-RA	coassemb378_005990-T1
OG0000193	jgi|Clagr3|1047|CLAGR_001035-RA	jgi|Claba1|136698|Z519_03230T0
OG0000201	jgi|Clagr3|3359|CLAGR_004070-RA, jgi|Clagr3|750|CLAGR_000740-RA, jgi|Clagr3|7562|CLAGR_007963-RA	coassemb378_001789-T1
OG0000207	jgi|Clagr3|10122|CLAGR_009704-RA	jgi|Fonmu1|10749|Z520_03950T0, jgi|Fonmu1|770|Z520_00772T0
OG0000207	jgi|Clagr3|10122|CLAGR_009704-RA	jgi|Exoaq1|3329|A1O9_10846T0, jgi|Exoaq1|7938|A1O9_04471T0
OG0000207	jgi|Clagr3|10122|CLAGR_009704-RA	XP_008720092.1
OG0000207	jgi|Clagr3|10122|CLAGR_009704-RA	jgi|Sclsc1|1637|SS1G_08093T0
OG0000207	jgi|Clagr3|10122|CLAGR_009704-RA	jgi|Altal1|1020259|fgenesh1_kg.10_#_76_#_Locus13751v1rpkm0.46, jgi|Altal1|933869|e_gw1.8.79.1, jgi|Altal1|1099520|estExt_Genemark1.C_280068
OG0000216	jgi|Clagr3|6150|CLAGR_005701-RA	jgi|Cocpo1_1|6066|XM_003071019.1
OG0000228	jgi|Clagr3|7458|CLAGR_007055-RA	KAI4108699.1
OG0000228	jgi|Clagr3|7458|CLAGR_007055-RA	KAI4108699.1
OG0000228	jgi|Clagr3|7458|CLAGR_007055-RA	XP_008711173.1
OG0000228	jgi|Clagr3|7458|CLAGR_007055-RA	jgi|Acastr1|120947|AST1_005971-RA
OG0000228	jgi|Clagr3|7458|CLAGR_007055-RA	jgi|Altal1|1095603|estExt_Genemark1.C_120311
OG0000228	jgi|Clagr3|7458|CLAGR_007055-RA	KAI9722566.1
OG0000228	jgi|Clagr3|7458|CLAGR_007055-RA	KAI9668791.1
OG0000228	jgi|Clagr3|7458|CLAGR_007055-RA	jgi|Podan3|207707|mRNA_6535
OG0000228	jgi|Clagr3|7458|CLAGR_007055-RA	jgi|Dibbae1|4735|DIBA_007639-RA
OG0000228	jgi|Clagr3|7458|CLAGR_007055-RA	jgi|Grascr1|6316|GST1_010593-RA, jgi|Grascr1|1990|GST1_007519-RA, jgi|Grascr1|10869|GST1_000962-RA
OG0000235	jgi|Clagr3|189|CLAGR_000183-RA	jgi|Penexp1|8163|PEXP_075040T0
OG0000238	jgi|Clagr3|835|CLAGR_000825-RA	jgi|Fusgr1|3901|FGSG_04143T0
OG0000238	jgi|Clagr3|8253|CLAGR_007326-RA	jgi|Aurpu_var_mel1|49698|e_gw1.11.49.1
OG0000238	jgi|Clagr3|8253|CLAGR_007326-RA	jgi|Altal1|1057710|gm1.1945_g
OG0000239	jgi|Clagr3|9273|CLAGR_009201-RA	jgi|Capcor1|94518|A1O1_01656T0
OG0000249	jgi|Clagr3|11292|CLAGR_011168-RA	jgi|Cocpo1_1|2495|XM_003067448.1, jgi|Cocpo1_1|6003|XM_003070956.1
OG0000250	jgi|Clagr3|10560|CLAGR_010384-RA	KAI9712898.1
OG0000259	jgi|Clagr3|10372|CLAGR_009955-RA	jgi|Exoaq1|9275|A1O9_05702T0
OG0000262	jgi|Clagr3|10580|CLAGR_010462-RA	coassemb376_006722-T1
OG0000271	jgi|Clagr3|9912|CLAGR_009429-RA	jgi|Aspni_DSM_1|162693|An09g02330m.01
OG0000279	jgi|Clagr3|796|CLAGR_000786-RA	jgi|Neucr_trp3_1|6469|Neucr2.NCU06980T0
OG0000286	jgi|Clagr3|715|CLAGR_000706-RA	jgi|Fonmu1|5538|Z520_09351T0
OG0000293	jgi|Clagr3|7186|CLAGR_007200-RA	coassemb378_002291-T1
OG0000295	jgi|Clagr3|32|CLAGR_000031-RA	jgi|Morco1|606068|estExt_Genemark1.C_280061
OG0000295	jgi|Clagr3|32|CLAGR_000031-RA	jgi|Monha1|99|H072_99m.01, jgi|Monha1|8731|H072_9064m.01
OG0000311	jgi|Clagr3|9403|CLAGR_009348-RA	KAI9727712.1
OG0000311	jgi|Clagr3|9403|CLAGR_009348-RA	jgi|Altal1|1006091|fgenesh1_pg.4_#_286
OG0000311	jgi|Clagr3|9403|CLAGR_009348-RA	coassemb378_008244-T1
OG0000311	jgi|Clagr3|9403|CLAGR_009348-RA	GTX0466b15_005870-T1
OG0000311	jgi|Clagr3|9403|CLAGR_009348-RA	coassemb76_007674-T1
OG0000311	jgi|Clagr3|9403|CLAGR_009348-RA	KAJ9658585.1
OG0000311	jgi|Clagr3|9403|CLAGR_009348-RA	jgi|Claba1|135951|Z519_12473T0
OG0000311	jgi|Clagr3|9403|CLAGR_009348-RA	jgi|Fonmu1|5878|Z520_09691T0
OG0000313	jgi|Clagr3|10162|CLAGR_008313-RA	coassemb76_010026-T1
OG0000314	jgi|Clagr3|2002|CLAGR_001990-RA	jgi|Exoaq1|12012|A1O9_08328T0
OG0000315	jgi|Clagr3|93|CLAGR_000091-RA	jgi|Penexp1|2729|PEXP_108930T0
OG0000315	jgi|Clagr3|93|CLAGR_000091-RA	jgi|Cocpo1_1|4194|XM_003069147.1
OG0000317	jgi|Clagr3|6641|CLAGR_006353-RA	jgi|Sclsc1|1845|SS1G_08301T0
OG0000317	jgi|Clagr3|6641|CLAGR_006353-RA	GTX0486b100_006784-T1
OG0000331	jgi|Clagr3|7894|CLAGR_008336-RA	jgi|Aspni_DSM_1|165381|An12g10850m.01
OG0000342	jgi|Clagr3|3706|CLAGR_003911-RA	jgi|Ascim1|123924|CE123923_1326
OG0000360	jgi|Clagr3|5750|CLAGR_005936-RA	jgi|Dibbae1|7507|DIBA_010463-RA
OG0000372	jgi|Clagr3|2898|CLAGR_002865-RA	jgi|EndpusZ1|4056|EPUS_04249T0
OG0000372	jgi|Clagr3|2898|CLAGR_002865-RA	jgi|Penexp1|2427|PEXP_052820T0
OG0000391	jgi|Clagr3|3454|CLAGR_004164-RA, jgi|Clagr3|3595|CLAGR_003425-RA	jgi|Grascr1|5827|GST1_011412-RA
OG0000399	jgi|Clagr3|8740|CLAGR_010220-RA, jgi|Clagr3|1257|CLAGR_001242-RA	jgi|Morco1|470072|gw1.20.229.1
OG0000401	jgi|Clagr3|5389|CLAGR_004734-RA	jgi|Monha1|4268|H072_4348m.01
OG0000403	jgi|Clagr3|2885|CLAGR_002852-RA	KAI4106904.1
OG0000412	jgi|Clagr3|6254|CLAGR_005611-RA	jgi|Aspni_DSM_1|158967|An04g02770m.01
OG0000415	jgi|Clagr3|8653|CLAGR_008208-RA	coassemb378_010623-T1
OG0000428	jgi|Clagr3|4053|CLAGR_004378-RA	KAI9826689.1
OG0000458	jgi|Clagr3|609|CLAGR_000600-RA	GTX0486b100_007608-T1
OG0000458	jgi|Clagr3|609|CLAGR_000600-RA	KAI9700079.1
OG0000458	jgi|Clagr3|609|CLAGR_000600-RA	KAI9717122.1
OG0000458	jgi|Clagr3|609|CLAGR_000600-RA	CAF9927989.1
OG0000458	jgi|Clagr3|609|CLAGR_000600-RA	CAF9927989.1
OG0000458	jgi|Clagr3|609|CLAGR_000600-RA	jgi|PseVKM4520_1|8352|transcript_KFZ04431
OG0000458	jgi|Clagr3|609|CLAGR_000600-RA	jgi|Acastr1|127111|AST1_003947-RA
OG0000458	jgi|Clagr3|609|CLAGR_000600-RA	jgi|Sclsc1|10120|SS1G_03148T0
OG0000464	jgi|Clagr3|6737|CLAGR_006926-RA	jgi|EndpusZ1|2134|EPUS_00838T0
OG0000464	jgi|Clagr3|6737|CLAGR_006926-RA	KAI4233712.1
OG0000464	jgi|Clagr3|6737|CLAGR_006926-RA	GTX0466b15_004464-T1
OG0000464	jgi|Clagr3|6737|CLAGR_006926-RA	KAJ9650776.1
OG0000464	jgi|Clagr3|9550|CLAGR_009003-RA	jgi|Claba1|133389|Z519_01867T0
OG0000464	jgi|Clagr3|9550|CLAGR_009003-RA	jgi|Fonmu1|4359|Z520_01344T0
OG0000464	jgi|Clagr3|9550|CLAGR_009003-RA	jgi|EndpusZ1|5734|EPUS_08140T0
OG0000464	jgi|Clagr3|9550|CLAGR_009003-RA	GTX0466b15_008441-T1
OG0000464	jgi|Clagr3|9550|CLAGR_009003-RA	coassemb76_009338-T1
OG0000464	jgi|Clagr3|9550|CLAGR_009003-RA	KAJ9660932.1
OG0000464	jgi|Clagr3|9550|CLAGR_009003-RA	coassemb378_008744-T1
OG0000488	jgi|Clagr3|244|CLAGR_000237-RB, jgi|Clagr3|243|CLAGR_000237-RA	XP_008721379.1
OG0000500	jgi|Clagr3|8080|CLAGR_008444-RA	jgi|Altal1|1059105|gm1.3340_g, jgi|Altal1|308412|CE308411_180
OG0000523	jgi|Clagr3|7459|CLAGR_007860-RA	jgi|Claba1|132707|Z519_01185T0
OG0000525	jgi|Clagr3|9688|CLAGR_010185-RA	jgi|Dibbae1|3816|DIBA_001796-RA
OG0000525	jgi|Clagr3|1149|CLAGR_001136-RA	jgi|Altal1|986667|estExt_Genewise1Plus.C_8_t10153
OG0000525	jgi|Clagr3|1149|CLAGR_001136-RA	jgi|Penexp1|8547|PEXP_070070T0
OG0000542	jgi|Clagr3|1814|CLAGR_001610-RA	jgi|Exoaq1|7664|A1O9_04195T0
OG0000542	jgi|Clagr3|1814|CLAGR_001610-RA	jgi|EndpusZ1|3174|EPUS_07748T0, jgi|EndpusZ1|2719|EPUS_05342T0, jgi|EndpusZ1|4137|EPUS_04782T0
OG0000542	jgi|Clagr3|1814|CLAGR_001610-RA	GTX0466b15_002328-T1, GTX0466b15_005630-T1
OG0000542	jgi|Clagr3|1814|CLAGR_001610-RA	coassemb76_001412-T1, coassemb76_008021-T1, coassemb76_003128-T1, coassemb76_000890-T1
OG0000542	jgi|Clagr3|1814|CLAGR_001610-RA	coassemb64_004959-T1
OG0000542	jgi|Clagr3|1814|CLAGR_001610-RA	GTX0486b100_004411-T1
OG0000548	jgi|Clagr3|491|CLAGR_000483-RA	jgi|Dibbae1|3070|DIBA_006297-RA
OG0000570	jgi|Clagr3|4900|CLAGR_005401-RA	KAJ9664369.1
OG0000579	jgi|Clagr3|2877|CLAGR_002845-RA	jgi|Morco1|480639|e_gw1.4.340.1
OG0000636	jgi|Clagr3|6601|CLAGR_006314-RA	jgi|Fusgr1|4762|FGSG_03380T0
OG0000636	jgi|Clagr3|6601|CLAGR_006314-RA	KAI9666757.1
OG0000636	jgi|Clagr3|6601|CLAGR_006314-RA	jgi|Dibbae1|4963|DIBA_009100-RA
OG0000636	jgi|Clagr3|6601|CLAGR_006314-RA	jgi|Grascr1|3735|GST1_009760-RA
OG0000636	jgi|Clagr3|6601|CLAGR_006314-RA	coassemb378_007158-T1
OG0000636	jgi|Clagr3|6601|CLAGR_006314-RA	jgi|Umbpus1|105222|LPUS_12114T0
OG0000636	jgi|Clagr3|6601|CLAGR_006314-RA	coassemb376_001100-T1
OG0000636	jgi|Clagr3|6601|CLAGR_006314-RA	FUN_008608_T1_FUN_008608
OG0000636	jgi|Clagr3|6601|CLAGR_006314-RA	GTX0494b19_004666-T1
OG0000636	jgi|Clagr3|6601|CLAGR_006314-RA	KAI4224335.1
OG0000636	jgi|Clagr3|6601|CLAGR_006314-RA	KAI4107223.1
OG0000636	jgi|Clagr3|6601|CLAGR_006314-RA	KAI4233317.1
OG0000636	jgi|Clagr3|6601|CLAGR_006314-RA	KAI4105974.1
OG0000654	jgi|Clagr3|3805|CLAGR_003507-RA	coassemb64_005016-T1
OG0000654	jgi|Clagr3|3805|CLAGR_003507-RA	coassemb76_006623-T1
OG0000654	jgi|Clagr3|3805|CLAGR_003507-RA	jgi|Exoaq1|12309|A1O9_08604T0, jgi|Exoaq1|12818|A1O9_09103T0
OG0000688	jgi|Clagr3|7015|CLAGR_006751-RA	jgi|EndpusZ1|9016|EPUS_05276T0, jgi|EndpusZ1|3977|EPUS_08691T0
OG0000688	jgi|Clagr3|7015|CLAGR_006751-RA	jgi|Exoaq1|9555|A1O9_05985T0
OG0000688	jgi|Clagr3|7015|CLAGR_006751-RA	KAJ9655021.1
OG0000692	jgi|Clagr3|6779|CLAGR_006968-RA	XP_008718180.1
OG0000693	jgi|Clagr3|1841|CLAGR_001831-RA	KAJ9663676.1, KAJ9657228.1
OG0000696	jgi|Clagr3|9011|CLAGR_008734-RA	jgi|Altal1|1019116|fgenesh1_kg.7_#_251_#_Locus2570v1rpkm58.59
OG0000698	jgi|Clagr3|9413|CLAGR_009358-RA	jgi|Aurpu_var_mel1|68258|fgenesh1_pg.20_#_96
OG0000721	jgi|Clagr3|3620|CLAGR_003826-RA	coassemb76_005366-T1
OG0000721	jgi|Clagr3|10693|CLAGR_010801-RA	jgi|Capcor1|99788|A1O1_06963T0
OG0000721	jgi|Clagr3|10693|CLAGR_010801-RA	XP_008711650.1
OG0000721	jgi|Clagr3|10693|CLAGR_010801-RA	jgi|Fonmu1|9136|Z520_11542T0
OG0000721	jgi|Clagr3|10693|CLAGR_010801-RA	jgi|Claba1|133639|Z519_11039T0, jgi|Claba1|130308|Z519_08615T0
OG0000721	jgi|Clagr3|10693|CLAGR_010801-RA	coassemb64_000054-T1, coassemb64_004359-T1
OG0000721	jgi|Clagr3|10693|CLAGR_010801-RA	jgi|Exoaq1|10385|A1O9_06752T0
OG0000721	jgi|Clagr3|10693|CLAGR_010801-RA	coassemb76_010000-T1
OG0000742	jgi|Clagr3|608|CLAGR_000599-RA	KAJ9663078.1
OG0000770	jgi|Clagr3|2882|CLAGR_002849-RA	jgi|Aspni_DSM_1|156861|An02g03380m.01
OG0000773	jgi|Clagr3|6238|CLAGR_005595-RA	jgi|Ascim1|66125|CE66124_1416
OG0000774	jgi|Clagr3|4660|CLAGR_004017-RA	jgi|Dibbae1|1063|DIBA_004908-RA
OG0000775	jgi|Clagr3|5448|CLAGR_006243-RA	jgi|Aspni_DSM_1|166516|An14g07350m.01
OG0000780	jgi|Clagr3|3868|CLAGR_003691-RA	coassemb64_008147-T1
OG0000792	jgi|Clagr3|1705|CLAGR_001502-RA	jgi|Fusgr1|5336|FGSG_02884T0
OG0000793	jgi|Clagr3|9783|CLAGR_009666-RA	coassemb378_010898-T1
OG0000796	jgi|Clagr3|5894|CLAGR_005815-RA	coassemb376_002365-T1
OG0000796	jgi|Clagr3|5894|CLAGR_005815-RA	coassemb378_011515-T1
OG0000821	jgi|Clagr3|1136|CLAGR_001123-RA	jgi|Ascim1|41603|CE41602_3598
OG0000891	jgi|Clagr3|2242|CLAGR_001640-RA	jgi|Exoaq1|4058|A1O9_11580T0
OG0000891	jgi|Clagr3|2242|CLAGR_001640-RA	GTX0466b15_009377-T1, GTX0466b15_006137-T1
OG0000900	jgi|Clagr3|5192|CLAGR_004532-RA	jgi|Fusgr1|3783|FGSG_04250T0
OG0000909	jgi|Clagr3|4629|CLAGR_003986-RA	jgi|Penexp1|7694|PEXP_006740T0
OG0000928	jgi|Clagr3|8597|CLAGR_008653-RA	KAJ9654449.1
OG0000938	jgi|Clagr3|6064|CLAGR_005115-RA	GTX0486b100_008467-T1
OG0000956	jgi|Clagr3|1466|CLAGR_002260-RA	jgi|Grascr1|8954|GST1_003563-RA
OG0000956	jgi|Clagr3|1466|CLAGR_002260-RA	jgi|EndpusZ1|9094|EPUS_06925T0
OG0000956	jgi|Clagr3|1466|CLAGR_002260-RA	jgi|Penexp1|690|PEXP_093190T0
OG0000956	jgi|Clagr3|1466|CLAGR_002260-RA	jgi|PseVKM4520_1|10269|transcript_KFZ24077
OG0000956	jgi|Clagr3|1466|CLAGR_002260-RA	GTX0466b15_008466-T1
OG0000956	jgi|Clagr3|1466|CLAGR_002260-RA	jgi|Exoaq1|3965|A1O9_11487T0, jgi|Exoaq1|3351|A1O9_10868T0
OG0000956	jgi|Clagr3|1466|CLAGR_002260-RA	jgi|Claba1|137634|Z519_04161T0
OG0000956	jgi|Clagr3|1466|CLAGR_002260-RA	coassemb64_005231-T1, coassemb64_006188-T1, coassemb64_003727-T1
OG0000956	jgi|Clagr3|1466|CLAGR_002260-RA	jgi|Podan3|204649|mRNA_3477
OG0000964	jgi|Clagr3|9979|CLAGR_009169-RA, jgi|Clagr3|9980|CLAGR_009170-RA	GTX0486b100_001433-T1
OG0000979	jgi|Clagr3|3121|CLAGR_003217-RA	coassemb76_008435-T1
OG0000997	jgi|Clagr3|5128|CLAGR_004470-RA	jgi|Artol1|71|AOL_s00004g70m.01
OG0001006	jgi|Clagr3|11007|CLAGR_010682-RA	jgi|Monha1|9388|H072_9849m.01
OG0001008	jgi|Clagr3|4839|CLAGR_003635-RA	jgi|EndpusZ1|9085|EPUS_06916T0
OG0001008	jgi|Clagr3|4839|CLAGR_003635-RA	jgi|Podan3|204627|mRNA_3455
OG0001008	jgi|Clagr3|11238|CLAGR_011001-RA	coassemb376_007299-T1
OG0001008	jgi|Clagr3|11238|CLAGR_011001-RA	jgi|Penexp1|6297|PEXP_100670T0
OG0001008	jgi|Clagr3|11238|CLAGR_011001-RA	jgi|Aspni_DSM_1|166600|An15g00760m.01
OG0001008	jgi|Clagr3|11238|CLAGR_011001-RA	coassemb64_000154-T1
OG0001008	jgi|Clagr3|11238|CLAGR_011001-RA	jgi|Aurpu_var_mel1|56756|e_gw1.25.460.1
OG0001008	jgi|Clagr3|11238|CLAGR_011001-RA	jgi|Podan3|204627|mRNA_3455
OG0001008	jgi|Clagr3|11238|CLAGR_011001-RA	jgi|Podan3|204627|mRNA_3455
OG0001008	jgi|Clagr3|11238|CLAGR_011001-RA	jgi|EndpusZ1|9085|EPUS_06916T0
OG0001008	jgi|Clagr3|11238|CLAGR_011001-RA	jgi|EndpusZ1|9085|EPUS_06916T0
OG0001038	jgi|Clagr3|8488|CLAGR_008681-RA	GTX0466b15_000493-T1
OG0001038	jgi|Clagr3|8488|CLAGR_008681-RA	jgi|Penexp1|2724|PEXP_108880T0
OG0001045	jgi|Clagr3|9012|CLAGR_008735-RA	jgi|Aspni_DSM_1|160439|An07g02080m.01
OG0001056	jgi|Clagr3|2884|CLAGR_002851-RA	coassemb378_003300-T1
OG0001056	jgi|Clagr3|2884|CLAGR_002851-RA	jgi|Dibbae1|7276|DIBA_004015-RA
OG0001056	jgi|Clagr3|2884|CLAGR_002851-RA	KAI9811951.1
OG0001056	jgi|Clagr3|2884|CLAGR_002851-RA	KAI9716735.1
OG0001056	jgi|Clagr3|2884|CLAGR_002851-RA	jgi|Fusgr1|8935|FGSG_07723T0
OG0001077	jgi|Clagr3|9694|CLAGR_009816-RA	KAI4105648.1
OG0001077	jgi|Clagr3|9694|CLAGR_009816-RA	KAI4286386.1
OG0001077	jgi|Clagr3|9694|CLAGR_009816-RA	coassemb76_010062-T1
OG0001080	jgi|Clagr3|2686|CLAGR_002956-RA	jgi|Grascr1|8725|GST1_011777-RA
OG0001082	jgi|Clagr3|9459|CLAGR_009794-RA	jgi|Podan3|203720|mRNA_2548
OG0001082	jgi|Clagr3|9459|CLAGR_009794-RA	jgi|Neucr_trp3_1|6701|Neucr2.NCU05230T0
OG0001082	jgi|Clagr3|9459|CLAGR_009794-RA	jgi|Sclsc1|603|SS1G_00603T0
OG0001084	jgi|Clagr3|4207|CLAGR_004279-RA	jgi|Fusgr1|6893|FGSG_05944T0
OG0001085	jgi|Clagr3|6700|CLAGR_007845-RA	jgi|Fusgr1|12930|FGSG_10772T0
OG0001093	jgi|Clagr3|8059|CLAGR_008424-RA	jgi|Monha1|10095|H072_10639m.01
OG0001115	jgi|Clagr3|535|CLAGR_000527-RA	coassemb76_002847-T1, coassemb76_003966-T1
OG0001115	jgi|Clagr3|535|CLAGR_000527-RA	jgi|Dibbae1|6852|DIBA_009240-RA
OG0001116	jgi|Clagr3|5623|CLAGR_004909-RA	jgi|PseVKM4520_1|8715|transcript_KFZ04061
OG0001129	jgi|Clagr3|3220|CLAGR_003041-RA	coassemb64_000930-T1, coassemb64_007700-T1
OG0001135	jgi|Clagr3|9013|CLAGR_008468-RA	jgi|Artol1|3669|AOL_s00075g7m.01
OG0001144	jgi|Clagr3|11151|CLAGR_010924-RA	coassemb378_011564-T1
OG0001146	jgi|Clagr3|8027|CLAGR_007595-RA	jgi|Sclsc1|10347|SS1G_03376T0
OG0001149	jgi|Clagr3|2140|CLAGR_002128-RA	coassemb64_007578-T1
OG0001151	jgi|Clagr3|1182|CLAGR_001168-RA	coassemb64_003162-T1
OG0001159	jgi|Clagr3|8514|CLAGR_008746-RA	jgi|Sclsc1|11022|SS1G_04051T0
OG0001173	jgi|Clagr3|8281|CLAGR_007354-RA	FUN_003555_T1_FUN_003555
OG0001177	jgi|Clagr3|10332|CLAGR_010198-RA	coassemb76_009379-T1
OG0001179	jgi|Clagr3|3764|CLAGR_003466-RA	KAI4100284.1
OG0001181	jgi|Clagr3|6179|CLAGR_005730-RA	jgi|Fonmu1|8464|Z520_11439T0
OG0001182	jgi|Clagr3|8827|CLAGR_008268-RA	jgi|Fonmu1|10688|Z520_03889T0
OG0001184	jgi|Clagr3|6603|CLAGR_006316-RA	jgi|Exoaq1|6235|A1O9_12036T0
OG0001191	jgi|Clagr3|6512|CLAGR_006463-RA	jgi|Morco1|547704|fgenesh1_pg.43_#_83
OG0001203	jgi|Clagr3|9146|CLAGR_009773-RA	jgi|Exoaq1|4197|A1O9_11720T0
OG0001203	jgi|Clagr3|9146|CLAGR_009773-RA	coassemb64_005724-T1
OG0001203	jgi|Clagr3|9146|CLAGR_009773-RA	jgi|Fonmu1|1091|Z520_05721T0
OG0001203	jgi|Clagr3|9146|CLAGR_009773-RA	jgi|Claba1|128463|Z519_00846T0
OG0001203	jgi|Clagr3|9146|CLAGR_009773-RA	jgi|Capcor1|97260|A1O1_04416T0
OG0001203	jgi|Clagr3|9146|CLAGR_009773-RA	GTX0466b15_006512-T1
OG0001203	jgi|Clagr3|9146|CLAGR_009773-RA	coassemb76_003059-T1
OG0001203	jgi|Clagr3|9146|CLAGR_009773-RA	XP_008718120.1
OG0001203	jgi|Clagr3|9146|CLAGR_009773-RA	KAJ9660525.1
OG0001203	jgi|Clagr3|9146|CLAGR_009773-RA	jgi|EndpusZ1|4081|EPUS_04274T0
OG0001203	jgi|Clagr3|9146|CLAGR_009773-RA	jgi|Phach1|4073|rna4072
OG0001203	jgi|Clagr3|9146|CLAGR_009773-RA	KAI9756507.1
OG0001203	jgi|Clagr3|9146|CLAGR_009773-RA	KAI9824920.1
OG0001203	jgi|Clagr3|9146|CLAGR_009773-RA	jgi|Acastr1|123174|AST1_003811-RA
OG0001203	jgi|Clagr3|9146|CLAGR_009773-RA	KAI9827403.1
OG0001203	jgi|Clagr3|9146|CLAGR_009773-RA	jgi|Umbpus1|105151|LPUS_12043T0, jgi|Umbpus1|99968|LPUS_06579T0
OG0001203	jgi|Clagr3|9146|CLAGR_009773-RA	jgi|Dibbae1|12546|DIBA_007091-RA
OG0001203	jgi|Clagr3|9146|CLAGR_009773-RA	KAI4098619.1
OG0001203	jgi|Clagr3|9146|CLAGR_009773-RA	KAI4228057.1
OG0001203	jgi|Clagr3|9146|CLAGR_009773-RA	GTX0494b19_005999-T1
OG0001203	jgi|Clagr3|9146|CLAGR_009773-RA	FUN_004874_T1_FUN_004874
OG0001203	jgi|Clagr3|9146|CLAGR_009773-RA	KAI4103979.1
OG0001203	jgi|Clagr3|9146|CLAGR_009773-RA	KAI4289068.1
OG0001203	jgi|Clagr3|9146|CLAGR_009773-RA	coassemb376_000423-T1
OG0001233	jgi|Clagr3|11026|CLAGR_010879-RA	jgi|Monha1|154|H072_154m.01
OG0001235	jgi|Clagr3|11260|CLAGR_011085-RA	coassemb76_007875-T1
OG0001250	jgi|Clagr3|328|CLAGR_000320-RA	GTX0466b15_001962-T1
OG0001281	jgi|Clagr3|10654|CLAGR_010524-RA	jgi|Artol1|5|AOL_s00004g4m.01
OG0001281	jgi|Clagr3|10654|CLAGR_010524-RA	jgi|Fusgr1|13314|FGSG_11241T0, jgi|Fusgr1|10669|FGSG_09212T0
OG0001300	jgi|Clagr3|3737|CLAGR_003439-RA	jgi|Artol1|5665|AOL_s00079g439m.01
OG0001308	jgi|Clagr3|380|CLAGR_000372-RA	jgi|Grascr1|11369|GST1_005249-RA, jgi|Grascr1|11367|GST1_005247-RA
OG0001337	jgi|Clagr3|4193|CLAGR_004265-RA	coassemb376_004510-T1
OG0001365	jgi|Clagr3|1312|CLAGR_001296-RA	jgi|Podan3|208764|mRNA_7592
OG0001369	jgi|Clagr3|4865|CLAGR_003660-RA	coassemb76_001977-T1
OG0001406	jgi|Clagr3|5350|CLAGR_004696-RA	coassemb76_009080-T1
OG0001435	jgi|Clagr3|5503|CLAGR_005505-RA	KAI4287589.1
OG0001435	jgi|Clagr3|5503|CLAGR_005505-RA	coassemb376_005892-T1
OG0001452	jgi|Clagr3|4936|CLAGR_005437-RA	KAI9714973.1
OG0001473	jgi|Clagr3|5238|CLAGR_005218-RA	jgi|Fusgr1|2642|FGSG_02304T0
OG0001487	jgi|Clagr3|5440|CLAGR_006235-RA	coassemb76_009690-T1
OG0001489	jgi|Clagr3|9586|CLAGR_009971-RA	coassemb378_010712-T1
OG0001489	jgi|Clagr3|9586|CLAGR_009971-RA	coassemb376_006328-T1
OG0001499	jgi|Clagr3|1868|CLAGR_001858-RA	jgi|EndpusZ1|2781|EPUS_05882T0
OG0001512	jgi|Clagr3|3311|CLAGR_003130-RA	coassemb76_005891-T1
OG0001518	jgi|Clagr3|486|CLAGR_000478-RA	jgi|Penexp1|8657|PEXP_013540T0
OG0001522	jgi|Clagr3|2755|CLAGR_003023-RA	jgi|Aspni_DSM_1|158203|An03g01910m.01
OG0001529	jgi|Clagr3|8565|CLAGR_008621-RA, jgi|Clagr3|8566|CLAGR_008622-RA	jgi|Aspni_DSM_1|168268|An17g00540m.01
OG0001529	jgi|Clagr3|8565|CLAGR_008621-RA	coassemb64_004123-T1
OG0001536	jgi|Clagr3|6014|CLAGR_006107-RA	jgi|Podan3|211277|mRNA_10105
OG0001557	jgi|Clagr3|950|CLAGR_000939-RA	coassemb64_004441-T1
OG0001567	jgi|Clagr3|7124|CLAGR_006397-RA	coassemb76_007635-T1
OG0001572	jgi|Clagr3|3038|CLAGR_002700-RA	jgi|EndpusZ1|5482|EPUS_00638T0
OG0001572	jgi|Clagr3|3038|CLAGR_002700-RA	jgi|Phach1|2327|rna2326
OG0001572	jgi|Clagr3|3038|CLAGR_002700-RA	KAJ9664419.1
OG0001572	jgi|Clagr3|3038|CLAGR_002700-RA	coassemb64_001033-T1
OG0001572	jgi|Clagr3|3038|CLAGR_002700-RA	jgi|Exoaq1|3931|A1O9_11453T0
OG0001572	jgi|Clagr3|3038|CLAGR_002700-RA	jgi|Claba1|128081|Z519_00464T0
OG0001572	jgi|Clagr3|3038|CLAGR_002700-RA	jgi|Fonmu1|7479|Z520_10451T0
OG0001572	jgi|Clagr3|3038|CLAGR_002700-RA	jgi|Capcor1|94340|A1O1_01477T0
OG0001572	jgi|Clagr3|3038|CLAGR_002700-RA	coassemb76_000360-T1
OG0001572	jgi|Clagr3|3038|CLAGR_002700-RA	GTX0466b15_008229-T1
OG0001572	jgi|Clagr3|3038|CLAGR_002700-RA	XP_008718789.1
OG0001572	jgi|Clagr3|3038|CLAGR_002700-RA	KAI4289398.1
OG0001572	jgi|Clagr3|3038|CLAGR_002700-RA	KAI4289398.1
OG0001580	jgi|Clagr3|8536|CLAGR_008768-RA	KAI4287607.1
OG0001581	jgi|Clagr3|2469|CLAGR_002442-RA	KAI9825660.1
OG0001635	jgi|Clagr3|3065|CLAGR_002727-RA	coassemb76_009868-T1
OG0001640	jgi|Clagr3|9161|CLAGR_010389-RA	KAI4086500.1
OG0001643	jgi|Clagr3|10321|CLAGR_009865-RA	jgi|Acastr1|121205|AST1_003143-RA
OG0001643	jgi|Clagr3|10321|CLAGR_009865-RA	GTX0486b100_003144-T1
OG0001688	jgi|Clagr3|9394|CLAGR_009340-RA	KAI4208429.1
OG0001702	jgi|Clagr3|8706|CLAGR_009132-RA	GTX0486b100_005054-T1
OG0001702	jgi|Clagr3|8706|CLAGR_009132-RA	KAI9839547.1
OG0001704	jgi|Clagr3|8268|CLAGR_007341-RA	coassemb76_009440-T1
OG0001708	jgi|Clagr3|3759|CLAGR_003461-RA	KAI9834775.1
OG0001708	jgi|Clagr3|3759|CLAGR_003461-RA	KAI9720378.1
OG0001708	jgi|Clagr3|3759|CLAGR_003461-RA	KAI9698223.1
OG0001708	jgi|Clagr3|3759|CLAGR_003461-RA	GTX0486b100_000265-T1
OG0001708	jgi|Clagr3|3759|CLAGR_003461-RA	jgi|Altal1|1039917|estExt_fgenesh1_pm.C_80259
OG0001708	jgi|Clagr3|3759|CLAGR_003461-RA	CAF9943166.1
OG0001708	jgi|Clagr3|3759|CLAGR_003461-RA	coassemb376_004121-T1
OG0001708	jgi|Clagr3|3759|CLAGR_003461-RA	jgi|Acastr1|120628|AST1_002200-RA
OG0001708	jgi|Clagr3|3759|CLAGR_003461-RA	jgi|Dibbae1|9721|DIBA_003160-RA
OG0001708	jgi|Clagr3|3759|CLAGR_003461-RA	jgi|Umbpus1|100994|LPUS_07728T0
OG0001708	jgi|Clagr3|3759|CLAGR_003461-RA	KAI4209957.1
OG0001708	jgi|Clagr3|3759|CLAGR_003461-RA	FUN_001325_T1_FUN_001325
OG0001708	jgi|Clagr3|3759|CLAGR_003461-RA	KAI4099176.1
OG0001708	jgi|Clagr3|3759|CLAGR_003461-RA	GTX0494b19_002116-T1
OG0001708	jgi|Clagr3|3759|CLAGR_003461-RA	KAI4227864.1
OG0001708	jgi|Clagr3|3759|CLAGR_003461-RA	KAI4103454.1
OG0001708	jgi|Clagr3|3759|CLAGR_003461-RA	KAI4288549.1
OG0001708	jgi|Clagr3|3759|CLAGR_003461-RA	jgi|Aspni_DSM_1|168101|An16g08180m.01
OG0001708	jgi|Clagr3|3759|CLAGR_003461-RA	jgi|Grascr1|10596|GST1_012689-RA
OG0001708	jgi|Clagr3|3759|CLAGR_003461-RA	jgi|Grascr1|10596|GST1_012689-RA
OG0001711	jgi|Clagr3|1796|CLAGR_001592-RA	coassemb76_010120-T1, coassemb76_007893-T1
OG0001732	jgi|Clagr3|800|CLAGR_000790-RA	GTX0486b100_008526-T1
OG0001744	jgi|Clagr3|6528|CLAGR_006479-RA	coassemb378_008974-T1
OG0001746	jgi|Clagr3|4897|CLAGR_005398-RA	coassemb378_003258-T1
OG0001754	jgi|Clagr3|26|CLAGR_000025-RA	jgi|Erypu1|6183|transcript_POS81775
OG0001761	jgi|Clagr3|1519|CLAGR_002313-RA	jgi|Fonmu1|1328|Z520_05958T0
OG0001767	jgi|Clagr3|3444|CLAGR_004154-RA	FUN_009225_T2_FUN_009225, FUN_009225_T1_FUN_009225
OG0001767	jgi|Clagr3|3444|CLAGR_004154-RA	KAI4104620.1
OG0001768	jgi|Clagr3|4787|CLAGR_003583-RA	KAI9700457.1
OG0001770	jgi|Clagr3|1402|CLAGR_001385-RA	jgi|Fusgr1|9933|FGSG_08344T0
OG0001782	jgi|Clagr3|1360|CLAGR_001343-RA	FUN_008736_T1_FUN_008736
OG0001796	jgi|Clagr3|1078|CLAGR_001065-RA	jgi|PseVKM4520_1|2442|transcript_KFZ16962
OG0001800	jgi|Clagr3|7093|CLAGR_006367-RA	jgi|Claba1|131384|Z519_09698T0
OG0001800	jgi|Clagr3|7093|CLAGR_006367-RA	coassemb76_009563-T1
OG0001814	jgi|Clagr3|7523|CLAGR_007924-RA	coassemb76_008228-T1
OG0001827	jgi|Clagr3|9232|CLAGR_008582-RA	jgi|Erypu1|6487|transcript_POS81721
OG0001830	jgi|Clagr3|5283|CLAGR_005262-RA	coassemb76_007596-T1
OG0001834	jgi|Clagr3|10421|CLAGR_009736-RA	KAI9717546.1
OG0001845	jgi|Clagr3|7406|CLAGR_007003-RA	jgi|Claba1|131841|Z519_10158T0
OG0001845	jgi|Clagr3|7406|CLAGR_007003-RA	coassemb76_008813-T1
OG0001846	jgi|Clagr3|6227|CLAGR_005584-RA	coassemb76_009430-T1
OG0001860	jgi|Clagr3|766|CLAGR_000756-RA	jgi|Aurpu_var_mel1|70521|fgenesh1_pg.47_#_5
OG0001890	jgi|Clagr3|1450|CLAGR_002245-RA	jgi|Penexp1|1359|PEXP_026030T0
OG0001907	jgi|Clagr3|1061|CLAGR_001048-RA	jgi|Fusgr1|4937|FGSG_12482T0
OG0001924	jgi|Clagr3|9606|CLAGR_009991-RA	KAI9671338.1
OG0001932	jgi|Clagr3|9955|CLAGR_009277-RA	jgi|Neucr_trp3_1|5863|Neucr2.NCU06385T0
OG0001935	jgi|Clagr3|10885|CLAGR_010893-RA	jgi|Morco1|203785|CE203784_1176
OG0001945	jgi|Clagr3|10607|CLAGR_010424-RA	KAI9810503.1
OG0001950	jgi|Clagr3|2389|CLAGR_001787-RA	jgi|Erypu1|5784|transcript_POS81829
OG0002004	jgi|Clagr3|1058|CLAGR_001045-RA	coassemb76_000425-T1
OG0002029	jgi|Clagr3|5439|CLAGR_006234-RA	coassemb76_009689-T1
OG0002079	jgi|Clagr3|130|CLAGR_000127-RA	KAI4271278.1
OG0002081	jgi|Clagr3|1505|CLAGR_002299-RA	coassemb64_004135-T1
OG0002082	jgi|Clagr3|2130|CLAGR_002118-RA	jgi|Neucr_trp3_1|8808|Neucr2.NCU04822T0
OG0002136	jgi|Clagr3|2921|CLAGR_002585-RA	KAI9823903.1
OG0002136	jgi|Clagr3|2921|CLAGR_002585-RA	KAI9758047.1
OG0002136	jgi|Clagr3|2921|CLAGR_002585-RA	KAI9726565.1
OG0002136	jgi|Clagr3|2921|CLAGR_002585-RA	coassemb376_005640-T1
OG0002136	jgi|Clagr3|2921|CLAGR_002585-RA	KAI9655436.1
OG0002136	jgi|Clagr3|2921|CLAGR_002585-RA	KAI9706578.1
OG0002136	jgi|Clagr3|2921|CLAGR_002585-RA	KAI9724873.1
OG0002136	jgi|Clagr3|2921|CLAGR_002585-RA	GTX0486b100_001680-T1
OG0002136	jgi|Clagr3|2921|CLAGR_002585-RA	jgi|Grascr1|771|GST1_006922-RA
OG0002136	jgi|Clagr3|2921|CLAGR_002585-RA	coassemb378_011002-T1
OG0002136	jgi|Clagr3|2921|CLAGR_002585-RA	KAI9829233.1
OG0002136	jgi|Clagr3|2921|CLAGR_002585-RA	jgi|Sclsc1|14160|SS1G_07189T0
OG0002136	jgi|Clagr3|2921|CLAGR_002585-RA	jgi|Erypu1|1012|transcript_POS87386
OG0002154	jgi|Clagr3|1079|CLAGR_001066-RA	jgi|Sclsc1|8089|SS1G_13512T0
OG0002154	jgi|Clagr3|1079|CLAGR_001066-RA	coassemb76_008216-T1
OG0002184	jgi|Clagr3|8976|CLAGR_008699-RA	coassemb76_009965-T1
OG0002203	jgi|Clagr3|8731|CLAGR_009157-RA	jgi|Grascr1|5814|GST1_003548-RA
OG0002221	jgi|Clagr3|7606|CLAGR_007149-RA	jgi|EndpusZ1|176|EPUS_09319T0
OG0002226	jgi|Clagr3|6403|CLAGR_006039-RA	jgi|Fusgr1|1996|FGSG_01733T0
OG0002235	jgi|Clagr3|703|CLAGR_000694-RA	jgi|EndpusZ1|4631|EPUS_02121T0
OG0002326	jgi|Clagr3|4967|CLAGR_005468-RA	jgi|Grascr1|5606|GST1_009829-RA
OG0002329	jgi|Clagr3|9086|CLAGR_008387-RA	KAI4289628.1
OG0002329	jgi|Clagr3|9086|CLAGR_008387-RA	jgi|Dibbae1|8223|DIBA_010511-RA
OG0002342	jgi|Clagr3|8259|CLAGR_007332-RA	coassemb76_009114-T1
OG0002345	jgi|Clagr3|372|CLAGR_000364-RA	coassemb378_002074-T1
OG0002349	jgi|Clagr3|202|CLAGR_000196-RA	jgi|Acastr1|122567|AST1_006589-RA
OG0002349	jgi|Clagr3|202|CLAGR_000196-RA	jgi|Grascr1|958|GST1_006961-RA
OG0002373	jgi|Clagr3|2016|CLAGR_002004-RA	FUN_005923_T1_FUN_005923
OG0002468	jgi|Clagr3|4120|CLAGR_004192-RA	coassemb64_002119-T1
OG0002473	jgi|Clagr3|8664|CLAGR_008219-RA	coassemb76_009557-T1
OG0002532	jgi|Clagr3|3438|CLAGR_004148-RA	coassemb378_011050-T1
OG0002624	jgi|Clagr3|7569|CLAGR_007970-RA	coassemb76_009612-T1
OG0002624	jgi|Clagr3|7569|CLAGR_007970-RA	KAJ9649871.1
OG0002631	jgi|Clagr3|1020|CLAGR_001009-RA	coassemb378_011664-T1
OG0002650	jgi|Clagr3|2822|CLAGR_002790-RA	coassemb76_006781-T1
OG0002656	jgi|Clagr3|4479|CLAGR_004991-RA	jgi|Erypu1|138|transcript_POS81639
OG0002676	jgi|Clagr3|5282|CLAGR_005261-RA	coassemb76_007595-T1
OG0002704	jgi|Clagr3|6891|CLAGR_006158-RA	coassemb76_008812-T1
OG0002707	jgi|Clagr3|4907|CLAGR_005408-RA	coassemb76_008891-T1
OG0002716	jgi|Clagr3|5145|CLAGR_004487-RA	coassemb378_006947-T1
OG0002718	jgi|Clagr3|747|CLAGR_000737-RA	coassemb64_002777-T1
OG0002738	jgi|Clagr3|816|CLAGR_000806-RA	jgi|Monha1|1364|H072_1364m.01
OG0002738	jgi|Clagr3|816|CLAGR_000806-RA	jgi|Sclsc1|3554|SS1G_10010T0
OG0002760	jgi|Clagr3|444|CLAGR_000436-RA	jgi|Monha1|5677|H072_5862m.01
OG0002761	jgi|Clagr3|370|CLAGR_000362-RA	jgi|Aspni_DSM_1|155792|An01g07490m.01
OG0002764	jgi|Clagr3|5338|CLAGR_004684-RA	jgi|Ascim1|377009|estExt_fgenesh1_pg.C_420059
OG0002820	jgi|Clagr3|7629|CLAGR_007172-RA	jgi|Acastr1|119290|AST1_004379-RA
OG0002915	jgi|Clagr3|3665|CLAGR_003870-RA	jgi|Podan3|210066|mRNA_8894
OG0002915	jgi|Clagr3|3665|CLAGR_003870-RA	KAJ9653342.1
OG0002915	jgi|Clagr3|2366|CLAGR_001764-RA, jgi|Clagr3|8243|CLAGR_009111-RA	jgi|Grascr1|11245|GST1_005871-RA
OG0002915	jgi|Clagr3|2366|CLAGR_001764-RA, jgi|Clagr3|8243|CLAGR_009111-RA	jgi|Grascr1|11245|GST1_005871-RA
OG0002915	jgi|Clagr3|2366|CLAGR_001764-RA, jgi|Clagr3|8243|CLAGR_009111-RA	jgi|Altal1|1030286|fgenesh1_pm.8_#_61
OG0002915	jgi|Clagr3|2366|CLAGR_001764-RA, jgi|Clagr3|8243|CLAGR_009111-RA	KAI9652251.1
OG0002915	jgi|Clagr3|8243|CLAGR_009111-RA	jgi|Podan3|210066|mRNA_8894
OG0002915	jgi|Clagr3|8243|CLAGR_009111-RA	KAJ9653342.1
OG0002915	jgi|Clagr3|8243|CLAGR_009111-RA	jgi|Ascim1|416225|fgenesh1_RNNotator_kg.60_#_29_#_Locus9315v1rpkm4.92
OG0002915	jgi|Clagr3|8243|CLAGR_009111-RA	jgi|Aurpu_var_mel1|79469|fgenesh1_pm.46_#_1
OG0002915	jgi|Clagr3|8243|CLAGR_009111-RA	jgi|Penexp1|4622|PEXP_047470T0
OG0002915	jgi|Clagr3|8243|CLAGR_009111-RA	jgi|Podan3|210066|mRNA_8894
OG0002915	jgi|Clagr3|8243|CLAGR_009111-RA	KAJ9653342.1
OG0002915	jgi|Clagr3|2366|CLAGR_001764-RA	jgi|Podan3|210066|mRNA_8894
OG0002915	jgi|Clagr3|2366|CLAGR_001764-RA	KAJ9653342.1
OG0002915	jgi|Clagr3|2366|CLAGR_001764-RA	jgi|Ascim1|416225|fgenesh1_RNNotator_kg.60_#_29_#_Locus9315v1rpkm4.92
OG0002915	jgi|Clagr3|2366|CLAGR_001764-RA	jgi|Aurpu_var_mel1|79469|fgenesh1_pm.46_#_1
OG0002915	jgi|Clagr3|2366|CLAGR_001764-RA	jgi|Penexp1|4622|PEXP_047470T0
OG0002915	jgi|Clagr3|2366|CLAGR_001764-RA	jgi|Podan3|210066|mRNA_8894
OG0002915	jgi|Clagr3|2366|CLAGR_001764-RA	KAJ9653342.1
OG0002915	jgi|Clagr3|8243|CLAGR_009111-RA	jgi|Aspni_DSM_1|160016|An06g00430m.01
OG0002940	jgi|Clagr3|6045|CLAGR_005096-RA	coassemb64_002535-T1
OG0002973	jgi|Clagr3|8854|CLAGR_008834-RA	coassemb378_010763-T1
OG0003031	jgi|Clagr3|10910|CLAGR_010497-RA	jgi|Exoaq1|5208|A1O9_02731T0
OG0003044	jgi|Clagr3|3276|CLAGR_003096-RA	jgi|PseVKM4520_1|5317|transcript_KFZ11750
OG0003055	jgi|Clagr3|543|CLAGR_000535-RA	jgi|Grascr1|9922|GST1_003923-RA
OG0003143	jgi|Clagr3|7167|CLAGR_006439-RA	jgi|Aspni_DSM_1|163709|An11g04690m.01
OG0003232	jgi|Clagr3|1504|CLAGR_002298-RA	coassemb76_000910-T1
OG0003255	jgi|Clagr3|7509|CLAGR_007910-RA	coassemb76_009234-T1
OG0003275	jgi|Clagr3|653|CLAGR_000644-RA	coassemb76_010196-T1
OG0003398	jgi|Clagr3|2796|CLAGR_002764-RA	jgi|Cocpo1_1|5470|XM_003070423.1
OG0003467	jgi|Clagr3|7787|CLAGR_007406-RA	jgi|Dibbae1|12474|DIBA_004861-RA
OG0003472	jgi|Clagr3|7781|CLAGR_007400-RA	coassemb76_009613-T1
OG0003482	jgi|Clagr3|7214|CLAGR_007228-RA	jgi|Altal1|283663|CE283662_23
OG0003482	jgi|Clagr3|7214|CLAGR_007228-RA	coassemb76_009858-T1
OG0003488	jgi|Clagr3|6552|CLAGR_006503-RA	jgi|Neucr_trp3_1|1223006|e_gw1.223.19.1
OG0003534	jgi|Clagr3|188|CLAGR_000182-RA	KAI9724968.1
OG0003546	jgi|Clagr3|801|CLAGR_000791-RA	GTX0486b100_008525-T1
OG0003617	jgi|Clagr3|9214|CLAGR_008564-RA	jgi|Fonmu1|6707|Z520_01917T0
OG0003617	jgi|Clagr3|9214|CLAGR_008564-RA	jgi|EndpusZ1|4099|EPUS_09402T0
OG0003617	jgi|Clagr3|9214|CLAGR_008564-RA	CAF9906519.1
OG0003689	jgi|Clagr3|7431|CLAGR_007028-RA	jgi|Penexp1|6158|PEXP_055900T0
OG0003689	jgi|Clagr3|7431|CLAGR_007028-RA	jgi|Cocpo1_1|6526|XM_003071479.1
OG0003689	jgi|Clagr3|7431|CLAGR_007028-RA	jgi|Claba1|128410|Z519_00793T0
OG0003689	jgi|Clagr3|7431|CLAGR_007028-RA	jgi|Fonmu1|1030|Z520_05660T0
OG0003689	jgi|Clagr3|7431|CLAGR_007028-RA	jgi|Exoaq1|2054|A1O9_09587T0
OG0003689	jgi|Clagr3|7431|CLAGR_007028-RA	coassemb64_007483-T1
OG0003689	jgi|Clagr3|7431|CLAGR_007028-RA	jgi|Capcor1|97355|A1O1_04513T0
OG0003689	jgi|Clagr3|7431|CLAGR_007028-RA	GTX0466b15_007922-T1
OG0003689	jgi|Clagr3|7431|CLAGR_007028-RA	XP_008717949.1
OG0003689	jgi|Clagr3|7431|CLAGR_007028-RA	KAJ9661400.1
OG0003689	jgi|Clagr3|7431|CLAGR_007028-RA	jgi|Phach1|4282|rna4281
OG0003689	jgi|Clagr3|7431|CLAGR_007028-RA	KAI9717596.1
OG0003689	jgi|Clagr3|7431|CLAGR_007028-RA	jgi|EndpusZ1|5120|EPUS_01728T0
OG0003689	jgi|Clagr3|7431|CLAGR_007028-RA	jgi|Fusgr1|11728|FGSG_10133T0
OG0003689	jgi|Clagr3|7431|CLAGR_007028-RA	jgi|Neucr_trp3_1|7770|Neucr2.NCU01340T0
OG0003689	jgi|Clagr3|7431|CLAGR_007028-RA	jgi|Podan3|203971|mRNA_2799
OG0003689	jgi|Clagr3|7431|CLAGR_007028-RA	jgi|PseVKM4520_1|10102|transcript_KFZ24234
OG0003689	jgi|Clagr3|7431|CLAGR_007028-RA	jgi|Sclsc1|504|SS1G_00504T0, jgi|Sclsc1|12048|SS1G_05077T0
OG0003689	jgi|Clagr3|7431|CLAGR_007028-RA	jgi|Grascr1|1802|GST1_002645-RA
OG0003689	jgi|Clagr3|7431|CLAGR_007028-RA	coassemb378_011342-T1
OG0003689	jgi|Clagr3|7431|CLAGR_007028-RA	jgi|Dibbae1|12329|DIBA_001129-RA
OG0003689	jgi|Clagr3|7431|CLAGR_007028-RA	jgi|Aurpu_var_mel1|50190|e_gw1.12.136.1
OG0003689	jgi|Clagr3|7431|CLAGR_007028-RA	jgi|Altal1|949408|e_gw1.34.35.1
OG0003689	jgi|Clagr3|7431|CLAGR_007028-RA	jgi|Acastr1|127110|AST1_003946-RA
OG0003689	jgi|Clagr3|7431|CLAGR_007028-RA	jgi|Morco1|126249|CE126248_2406
OG0003689	jgi|Clagr3|7431|CLAGR_007028-RA	jgi|Monha1|6164|H072_6359m.01
OG0003689	jgi|Clagr3|7431|CLAGR_007028-RA	jgi|Artol1|2803|AOL_s00054g136m.01
OG0003689	jgi|Clagr3|7431|CLAGR_007028-RA	KAI9812237.1
OG0003689	jgi|Clagr3|7431|CLAGR_007028-RA	KAI9836449.1
OG0003689	jgi|Clagr3|7431|CLAGR_007028-RA	KAI9716518.1
OG0003689	jgi|Clagr3|7431|CLAGR_007028-RA	GTX0486b100_002961-T1
OG0003689	jgi|Clagr3|7431|CLAGR_007028-RA	KAI9699317.1
OG0003689	jgi|Clagr3|7431|CLAGR_007028-RA	jgi|Aspni_DSM_1|163027|An09g05700m.01
OG0003782	jgi|Clagr3|10566|CLAGR_010448-RA	coassemb76_001444-T1
OG0003794	jgi|Clagr3|862|CLAGR_000852-RA	KAI9817910.1
OG0003802	jgi|Clagr3|5345|CLAGR_004691-RA	jgi|Claba1|130454|Z519_08761T0
OG0003829	jgi|Clagr3|387|CLAGR_000379-RA	coassemb378_009065-T1
OG0003840	jgi|Clagr3|2531|CLAGR_002502-RA	jgi|Claba1|137073|Z519_12810T0
OG0003840	jgi|Clagr3|2531|CLAGR_002502-RA	XP_008710554.1, XP_008721554.1
OG0003858	jgi|Clagr3|5438|CLAGR_006233-RA	GTX0486b100_004435-T1
OG0003946	jgi|Clagr3|10930|CLAGR_011127-RA	coassemb76_009991-T1
OG0003946	jgi|Clagr3|10978|CLAGR_010969-RA	KAI9836797.1
OG0003946	jgi|Clagr3|10978|CLAGR_010969-RA	GTX0486b100_008539-T1
OG0003946	jgi|Clagr3|10978|CLAGR_010969-RA	KAI9724913.1
OG0003946	jgi|Clagr3|10978|CLAGR_010969-RA	XP_008714422.1
OG0003946	jgi|Clagr3|10978|CLAGR_010969-RA	jgi|Capcor1|100114|A1O1_07292T0
OG0003946	jgi|Clagr3|10978|CLAGR_010969-RA	coassemb64_004538-T1
OG0003946	jgi|Clagr3|10978|CLAGR_010969-RA	GTX0466b15_008031-T1
OG0003946	jgi|Clagr3|10978|CLAGR_010969-RA	coassemb76_000053-T1, coassemb76_002507-T1
OG0003946	jgi|Clagr3|10978|CLAGR_010969-RA	jgi|Acastr1|124699|AST1_002364-RA
OG0003980	jgi|Clagr3|10963|CLAGR_010583-RA	coassemb76_006176-T1
OG0004024	jgi|Clagr3|5087|CLAGR_005380-RA	FUN_008171_T1_FUN_008171
OG0004024	jgi|Clagr3|5087|CLAGR_005380-RA	jgi|Fonmu1|6334|Z520_10147T0
OG0004115	jgi|Clagr3|1238|CLAGR_001223-RA	jgi|Penexp1|7114|PEXP_076500T0
OG0004184	jgi|Clagr3|2440|CLAGR_002413-RA	FUN_008494_T1_FUN_008494
OG0004250	jgi|Clagr3|3157|CLAGR_003253-RA	jgi|Claba1|128932|Z519_07232T0
OG0004250	jgi|Clagr3|3157|CLAGR_003253-RA	jgi|Monha1|1644|H072_1644m.01
OG0004251	jgi|Clagr3|1524|CLAGR_002318-RA	jgi|Altal1|2682|CE2681_315
OG0004251	jgi|Clagr3|1524|CLAGR_002318-RA	GTX0486b100_006330-T1
OG0004251	jgi|Clagr3|1524|CLAGR_002318-RA	KAI9653454.1
OG0004251	jgi|Clagr3|1524|CLAGR_002318-RA	jgi|Ascim1|197872|gw1.20.81.1
OG0004251	jgi|Clagr3|1524|CLAGR_002318-RA	jgi|Phach1|1759|rna1758
OG0004251	jgi|Clagr3|1524|CLAGR_002318-RA	KAJ9659968.1, KAJ9655999.1, KAJ9654572.1
OG0004251	jgi|Clagr3|1524|CLAGR_002318-RA	jgi|PseVKM4520_1|581|transcript_KFZ20612, jgi|PseVKM4520_1|7932|transcript_KFZ24659
OG0004251	jgi|Clagr3|1524|CLAGR_002318-RA	jgi|Capcor1|99094|A1O1_06265T0
OG0004251	jgi|Clagr3|1524|CLAGR_002318-RA	GTX0466b15_009006-T1
OG0004251	jgi|Clagr3|1524|CLAGR_002318-RA	jgi|Penexp1|684|PEXP_093130T0
OG0004251	jgi|Clagr3|1524|CLAGR_002318-RA	KAI9722466.1
OG0004251	jgi|Clagr3|1524|CLAGR_002318-RA	jgi|Morco1|535948|fgenesh1_kg.24_#_170_#_Locus10990v3rpkm0.30_PRE
OG0004251	jgi|Clagr3|1524|CLAGR_002318-RA	jgi|Exoaq1|6274|A1O9_12075T0
OG0004251	jgi|Clagr3|1524|CLAGR_002318-RA	jgi|Exoaq1|6274|A1O9_12075T0
OG0004251	jgi|Clagr3|1524|CLAGR_002318-RA	jgi|EndpusZ1|2054|EPUS_00758T0
OG0004260	jgi|Clagr3|1605|CLAGR_001403-RA	coassemb76_009531-T1
OG0004284	jgi|Clagr3|9799|CLAGR_010135-RA	KAJ9650877.1
OG0004308	jgi|Clagr3|2268|CLAGR_001666-RA	jgi|Aspni_DSM_1|159406|An04g07230m.01
OG0004308	jgi|Clagr3|2268|CLAGR_001666-RA	jgi|Penexp1|3549|PEXP_086730T0
OG0004308	jgi|Clagr3|2268|CLAGR_001666-RA	jgi|Fusgr1|12415|FGSG_13829T0
OG0004318	jgi|Clagr3|6334|CLAGR_005970-RA, jgi|Clagr3|9999|CLAGR_009189-RA	jgi|PseVKM4520_1|3541|transcript_KFZ14981
OG0004369	jgi|Clagr3|10764|CLAGR_010322-RA	jgi|Morco1|534707|fgenesh1_kg.17_#_43_#_Locus16834v1rpkm0.80
OG0004511	jgi|Clagr3|7092|CLAGR_006366-RA	coassemb76_009565-T1
OG0004527	jgi|Clagr3|10527|CLAGR_010271-RA	KAI9652523.1
OG0004589	jgi|Clagr3|3690|CLAGR_003895-RA	KAJ9650549.1
OG0004596	jgi|Clagr3|4433|CLAGR_004625-RA	jgi|Podan3|203261|mRNA_2089
OG0004596	jgi|Clagr3|4433|CLAGR_004625-RA	jgi|Phach1|1746|rna1745
OG0004609	jgi|Clagr3|2100|CLAGR_002088-RA	FUN_009530_T1_FUN_009530
OG0004609	jgi|Clagr3|2100|CLAGR_002088-RA	GTX0494b19_005606-T1
OG0004609	jgi|Clagr3|2100|CLAGR_002088-RA	KAI4235852.1
OG0004609	jgi|Clagr3|2100|CLAGR_002088-RA	KAI4224318.1
OG0004609	jgi|Clagr3|2100|CLAGR_002088-RA	KAI4088808.1
OG0004609	jgi|Clagr3|2100|CLAGR_002088-RA	KAJ9655464.1
OG0004609	jgi|Clagr3|2100|CLAGR_002088-RA	KAI9669136.1
OG0004609	jgi|Clagr3|2100|CLAGR_002088-RA	jgi|Umbpus1|103154|LPUS_09700T0
OG0004609	jgi|Clagr3|2100|CLAGR_002088-RA	KAI9718457.1
OG0004609	jgi|Clagr3|2825|CLAGR_002793-RA	KAJ9655465.1
OG0004622	jgi|Clagr3|2324|CLAGR_001722-RA	jgi|Dibbae1|9380|DIBA_000829-RA
OG0004622	jgi|Clagr3|2324|CLAGR_001722-RA	jgi|Acastr1|123128|AST1_008806-RA
OG0004622	jgi|Clagr3|2324|CLAGR_001722-RA	GTX0486b100_007690-T1
OG0004622	jgi|Clagr3|2324|CLAGR_001722-RA	coassemb376_001603-T1
OG0004622	jgi|Clagr3|2324|CLAGR_001722-RA	KAI4288938.1
OG0004622	jgi|Clagr3|2324|CLAGR_001722-RA	KAI4095872.1
OG0004622	jgi|Clagr3|2324|CLAGR_001722-RA	FUN_002201_T1_FUN_002201
OG0004622	jgi|Clagr3|2324|CLAGR_001722-RA	GTX0494b19_000825-T1
OG0004622	jgi|Clagr3|2324|CLAGR_001722-RA	KAI4225807.1
OG0004622	jgi|Clagr3|2324|CLAGR_001722-RA	KAI4095080.1
OG0004622	jgi|Clagr3|2324|CLAGR_001722-RA	jgi|Umbpus1|105307|LPUS_12213T0
OG0004683	jgi|Clagr3|7739|CLAGR_007662-RA	jgi|Podan3|206003|mRNA_4831
OG0004749	jgi|Clagr3|6913|CLAGR_006179-RA	jgi|Aurpu_var_mel1|65965|fgenesh1_pg.10_#_51
OG0004760	jgi|Clagr3|7869|CLAGR_007488-RA	jgi|Capcor1|95013|A1O1_02152T0
OG0004760	jgi|Clagr3|7869|CLAGR_007488-RA	jgi|Artol1|5540|AOL_s00079g314m.01
OG0004766	jgi|Clagr3|2655|CLAGR_002926-RA	jgi|Erypu1|6691|transcript_POS81688
OG0004811	jgi|Clagr3|8795|CLAGR_008953-RA	jgi|Grascr1|8519|GST1_003040-RA
OG0004946	jgi|Clagr3|6612|CLAGR_006325-RA	jgi|Fonmu1|9138|Z520_11544T0
OG0004987	jgi|Clagr3|4456|CLAGR_004648-RA	GTX0486b100_008500-T1
OG0004993	jgi|Clagr3|4774|CLAGR_003570-RA	jgi|Aspni_DSM_1|160798|An07g05740m.01
OG0005177	jgi|Clagr3|4820|CLAGR_003616-RA	jgi|Grascr1|8130|GST1_003831-RA
OG0005228	jgi|Clagr3|7818|CLAGR_007437-RA	jgi|Monha1|8323|H072_8618m.01
OG0005243	jgi|Clagr3|2342|CLAGR_001740-RA	GTX0466b15_004710-T1
OG0005256	jgi|Clagr3|4687|CLAGR_004044-RA	coassemb76_010088-T1
OG0005288	jgi|Clagr3|8885|CLAGR_008865-RA	jgi|Penexp1|936|PEXP_095660T0
OG0005351	jgi|Clagr3|5111|CLAGR_004453-RA	KAJ9653021.1
OG0005366	jgi|Clagr3|7377|CLAGR_007113-RA	KAI4231955.1
OG0005391	jgi|Clagr3|6952|CLAGR_006610-RA	jgi|Fonmu1|10502|Z520_12369T0
OG0005435	jgi|Clagr3|7464|CLAGR_007865-RA	jgi|Acastr1|121105|AST1_006607-RA
OG0005478	jgi|Clagr3|10121|CLAGR_009703-RA	jgi|Penexp1|3367|PEXP_084480T0
OG0005479	jgi|Clagr3|8990|CLAGR_008713-RA	GTX0494b19_005612-T1
OG0005479	jgi|Clagr3|8990|CLAGR_008713-RA	FUN_009536_T1_FUN_009536
OG0005479	jgi|Clagr3|8990|CLAGR_008713-RA	KAI4235846.1
OG0005479	jgi|Clagr3|8990|CLAGR_008713-RA	KAI4090092.1
OG0005479	jgi|Clagr3|8990|CLAGR_008713-RA	KAI4224312.1
OG0005479	jgi|Clagr3|8990|CLAGR_008713-RA	KAI4109708.1
OG0005479	jgi|Clagr3|8990|CLAGR_008713-RA	KAI4287334.1
OG0005484	jgi|Clagr3|668|CLAGR_000659-RA, jgi|Clagr3|2839|CLAGR_002807-RA	jgi|Fonmu1|2034|Z520_06667T0
OG0005484	jgi|Clagr3|10117|CLAGR_009699-RA	jgi|Fonmu1|2034|Z520_06667T0
OG0005484	jgi|Clagr3|10117|CLAGR_009699-RA	KAI9702126.1
OG0005484	jgi|Clagr3|10117|CLAGR_009699-RA	GTX0486b100_007629-T1
OG0005484	jgi|Clagr3|10117|CLAGR_009699-RA	jgi|Fonmu1|2034|Z520_06667T0
OG0005484	jgi|Clagr3|10117|CLAGR_009699-RA	jgi|Podan3|208652|mRNA_7480
OG0005484	jgi|Clagr3|10117|CLAGR_009699-RA	coassemb76_009460-T1
OG0005499	jgi|Clagr3|6750|CLAGR_006939-RA	jgi|Exoaq1|4779|A1O9_02298T0, jgi|Exoaq1|9599|A1O9_06029T0
OG0005575	jgi|Clagr3|9374|CLAGR_009073-RA	jgi|Aspni_DSM_1|161719|An08g04560m.01
OG0005605	jgi|Clagr3|4725|CLAGR_008066-RA	coassemb64_003773-T1
OG0005605	jgi|Clagr3|4725|CLAGR_008066-RA	GTX0486b100_008523-T1
OG0005622	jgi|Clagr3|8862|CLAGR_008842-RA, jgi|Clagr3|9792|CLAGR_010128-RA, jgi|Clagr3|6488|CLAGR_006593-RA	jgi|Monha1|8768|H072_9101m.01, jgi|Monha1|8759|H072_9092m.01
OG0005622	jgi|Clagr3|8862|CLAGR_008842-RA, jgi|Clagr3|9792|CLAGR_010128-RA, jgi|Clagr3|6488|CLAGR_006593-RA	jgi|Acastr1|124503|AST1_005159-RA
OG0005622	jgi|Clagr3|8862|CLAGR_008842-RA, jgi|Clagr3|9792|CLAGR_010128-RA, jgi|Clagr3|6488|CLAGR_006593-RA	jgi|Claba1|140289|Z519_06823T0, jgi|Claba1|130097|Z519_08404T0
OG0005622	jgi|Clagr3|8862|CLAGR_008842-RA, jgi|Clagr3|9792|CLAGR_010128-RA, jgi|Clagr3|6488|CLAGR_006593-RA	coassemb378_001373-T1
OG0005622	jgi|Clagr3|8862|CLAGR_008842-RA, jgi|Clagr3|9792|CLAGR_010128-RA, jgi|Clagr3|6488|CLAGR_006593-RA	jgi|Artol1|1400|AOL_s00007g148m.01
OG0005622	jgi|Clagr3|8862|CLAGR_008842-RA, jgi|Clagr3|9792|CLAGR_010128-RA, jgi|Clagr3|6488|CLAGR_006593-RA	KAI9825592.1
OG0005622	jgi|Clagr3|8862|CLAGR_008842-RA, jgi|Clagr3|9792|CLAGR_010128-RA, jgi|Clagr3|6488|CLAGR_006593-RA	jgi|Podan3|210012|mRNA_8840
OG0005622	jgi|Clagr3|8862|CLAGR_008842-RA, jgi|Clagr3|9792|CLAGR_010128-RA, jgi|Clagr3|6488|CLAGR_006593-RA	KAI4101797.1
OG0005622	jgi|Clagr3|8862|CLAGR_008842-RA, jgi|Clagr3|9792|CLAGR_010128-RA, jgi|Clagr3|6488|CLAGR_006593-RA	jgi|Grascr1|4906|GST1_009438-RA, jgi|Grascr1|10838|GST1_000931-RA
OG0005622	jgi|Clagr3|8862|CLAGR_008842-RA, jgi|Clagr3|9792|CLAGR_010128-RA, jgi|Clagr3|6488|CLAGR_006593-RA	KAI4101797.1
OG0005622	jgi|Clagr3|6488|CLAGR_006593-RA	jgi|PseVKM4520_1|2837|transcript_KFZ16317
OG0005622	jgi|Clagr3|10791|CLAGR_011072-RA	jgi|Monha1|8769|H072_9102m.01
OG0005622	jgi|Clagr3|10791|CLAGR_011072-RA	CAF9913435.1
OG0005622	jgi|Clagr3|10791|CLAGR_011072-RA	jgi|Dibbae1|12012|DIBA_005696-RA
OG0005622	jgi|Clagr3|10791|CLAGR_011072-RA	CAF9913435.1
OG0005657	jgi|Clagr3|11138|CLAGR_010750-RA	jgi|Dibbae1|10027|DIBA_002947-RA
OG0005657	jgi|Clagr3|11138|CLAGR_010750-RA	jgi|Dibbae1|10027|DIBA_002947-RA
OG0005657	jgi|Clagr3|11138|CLAGR_010750-RA	jgi|Penexp1|2383|PEXP_052380T0
OG0005657	jgi|Clagr3|11138|CLAGR_010750-RA	jgi|Aspni_DSM_1|166039|An14g02540m.01
OG0005657	jgi|Clagr3|11138|CLAGR_010750-RA	jgi|Phach1|2290|rna2289
OG0005657	jgi|Clagr3|11138|CLAGR_010750-RA	GTX0466b15_008957-T1, GTX0466b15_001162-T1
OG0005657	jgi|Clagr3|11138|CLAGR_010750-RA	KAJ9656011.1, KAJ9655419.1
OG0005657	jgi|Clagr3|11138|CLAGR_010750-RA	jgi|Claba1|134197|Z519_11599T0, jgi|Claba1|139708|Z519_06240T0, jgi|Claba1|137389|Z519_03915T0, jgi|Claba1|137357|Z519_03883T0, jgi|Claba1|139709|Z519_06241T0, jgi|Claba1|129816|Z519_08123T0, jgi|Claba1|137826|Z519_04352T0
OG0005657	jgi|Clagr3|11138|CLAGR_010750-RA	jgi|Fonmu1|12097|Z520_05303T0, jgi|Fonmu1|9522|Z520_11929T0, jgi|Fonmu1|10495|Z520_12362T0, jgi|Fonmu1|9525|Z520_11932T0, jgi|Fonmu1|5052|Z520_08863T0
OG0005657	jgi|Clagr3|11138|CLAGR_010750-RA	jgi|Capcor1|98044|A1O1_05208T0, jgi|Capcor1|100956|A1O1_08144T0, jgi|Capcor1|100867|A1O1_08054T0
OG0005657	jgi|Clagr3|11138|CLAGR_010750-RA	jgi|Exoaq1|7631|A1O9_04162T0, jgi|Exoaq1|1898|A1O9_09430T0, jgi|Exoaq1|6956|A1O9_12758T0
OG0005657	jgi|Clagr3|11138|CLAGR_010750-RA	XP_008721238.1, XP_008713806.1, XP_008713803.1
OG0005657	jgi|Clagr3|11138|CLAGR_010750-RA	coassemb76_006039-T1
OG0005657	jgi|Clagr3|11138|CLAGR_010750-RA	jgi|Altal1|999590|estExt_Genewise1Plus.C_260209
OG0005657	jgi|Clagr3|11138|CLAGR_010750-RA	jgi|Aurpu_var_mel1|85523|gm1.5919_g, jgi|Aurpu_var_mel1|51117|e_gw1.14.587.1
OG0005657	jgi|Clagr3|11138|CLAGR_010750-RA	jgi|Monha1|10160|H072_10718m.01
OG0005657	jgi|Clagr3|11138|CLAGR_010750-RA	jgi|Artol1|3626|AOL_s00054g959m.01
OG0005682	jgi|Clagr3|2627|CLAGR_002899-RA	coassemb76_009415-T1
OG0005689	jgi|Clagr3|3767|CLAGR_003469-RA	coassemb76_009641-T1
OG0005703	jgi|Clagr3|6568|CLAGR_006519-RA	jgi|Neucr_trp3_1|5771|Neucr2.NCU07660T0
OG0005703	jgi|Clagr3|6568|CLAGR_006519-RA	jgi|Penexp1|5410|PEXP_058710T0
OG0005794	jgi|Clagr3|5100|CLAGR_004442-RA	coassemb76_008471-T1
OG0005802	jgi|Clagr3|2923|CLAGR_002587-RA	jgi|Acastr1|125594|AST1_007871-RA
OG0005850	jgi|Clagr3|11036|CLAGR_010911-RA	jgi|Acastr1|124682|AST1_006690-RA
OG0005850	jgi|Clagr3|11036|CLAGR_010911-RA	KAI9705429.1
OG0005850	jgi|Clagr3|11036|CLAGR_010911-RA	KAI9723951.1
OG0005850	jgi|Clagr3|11036|CLAGR_010911-RA	GTX0486b100_006480-T1
OG0005850	jgi|Clagr3|11036|CLAGR_010911-RA	KAI9757965.1
OG0005850	jgi|Clagr3|11036|CLAGR_010911-RA	KAI9826055.1
OG0005850	jgi|Clagr3|11036|CLAGR_010911-RA	KAI9836358.1
OG0005850	jgi|Clagr3|11036|CLAGR_010911-RA	jgi|EndpusZ1|2382|EPUS_02034T0
OG0005850	jgi|Clagr3|11036|CLAGR_010911-RA	jgi|Phach1|311|rna310
OG0005850	jgi|Clagr3|11036|CLAGR_010911-RA	GTX0466b15_000160-T1
OG0005850	jgi|Clagr3|11036|CLAGR_010911-RA	coassemb76_009762-T1
OG0005850	jgi|Clagr3|11036|CLAGR_010911-RA	XP_008716782.1
OG0005850	jgi|Clagr3|11036|CLAGR_010911-RA	jgi|Capcor1|95331|A1O1_02470T0
OG0005850	jgi|Clagr3|11036|CLAGR_010911-RA	jgi|Exoaq1|11817|A1O9_08133T0
OG0005850	jgi|Clagr3|11036|CLAGR_010911-RA	coassemb64_007553-T1
OG0005850	jgi|Clagr3|11036|CLAGR_010911-RA	jgi|Claba1|139002|Z519_05534T0
OG0005850	jgi|Clagr3|11036|CLAGR_010911-RA	jgi|Fonmu1|6806|Z520_02016T0
OG0005850	jgi|Clagr3|11036|CLAGR_010911-RA	jgi|Aspni_DSM_1|163316|An11g00630m.01
OG0005850	jgi|Clagr3|11036|CLAGR_010911-RA	jgi|Cocpo1_1|4180|XM_003069133.1
OG0005868	jgi|Clagr3|2959|CLAGR_002623-RA	jgi|Fusgr1|8425|FGSG_07275T0
OG0005868	jgi|Clagr3|2959|CLAGR_002623-RA	jgi|Neucr_trp3_1|4422|Neucr2.NCU00132T0
OG0005868	jgi|Clagr3|2959|CLAGR_002623-RA	jgi|PseVKM4520_1|5850|transcript_KFZ10766
OG0005868	jgi|Clagr3|2959|CLAGR_002623-RA	jgi|Podan3|211466|mRNA_10294
OG0005868	jgi|Clagr3|2959|CLAGR_002623-RA	KAI9815834.1
OG0005877	jgi|Clagr3|8255|CLAGR_007328-RA	jgi|PseVKM4520_1|4243|transcript_KFZ13794
OG0005931	jgi|Clagr3|2651|CLAGR_002922-RA	jgi|PseVKM4520_1|5116|transcript_KFZ12166, jgi|PseVKM4520_1|11080|transcript_KFZ23327
OG0005978	jgi|Clagr3|5766|CLAGR_005952-RA	coassemb376_005815-T1
OG0006003	jgi|Clagr3|10206|CLAGR_009361-RA	XP_008717735.1
OG0006007	jgi|Clagr3|2550|CLAGR_002521-RA	jgi|Aspni_DSM_1|164921|An12g06090m.01
OG0006022	jgi|Clagr3|11167|CLAGR_010812-RA	jgi|EndpusZ1|6271|EPUS_05121T0
OG0006025	jgi|Clagr3|7986|CLAGR_007785-RA	jgi|Penexp1|9708|PEXP_100150T0
OG0006043	jgi|Clagr3|9526|CLAGR_009466-RA	jgi|Podan3|206644|mRNA_5472
OG0006113	jgi|Clagr3|9662|CLAGR_010040-RA	jgi|Penexp1|2031|PEXP_024430T0
OG0006292	jgi|Clagr3|4893|CLAGR_005394-RA	KAI4228881.1
OG0006312	jgi|Clagr3|8278|CLAGR_007351-RA	coassemb378_011409-T1
OG0006334	jgi|Clagr3|3701|CLAGR_003906-RA	jgi|Aspni_DSM_1|164931|An12g06180m.01
OG0006382	jgi|Clagr3|9183|CLAGR_009395-RA	KAJ9659592.1
OG0006463	jgi|Clagr3|8935|CLAGR_008915-RA	jgi|Penexp1|10962|PEXP_021960T0
OG0006512	jgi|Clagr3|2202|CLAGR_002188-RA	jgi|PseVKM4520_1|4471|transcript_KFZ13388
OG0006589	jgi|Clagr3|3712|CLAGR_003917-RA, jgi|Clagr3|4068|CLAGR_004393-RA	jgi|Monha1|5186|H072_5294m.01, jgi|Monha1|6980|H072_7205m.01
OG0006589	jgi|Clagr3|1049|CLAGR_001037-RA, jgi|Clagr3|6977|CLAGR_006635-RA	jgi|Monha1|5186|H072_5294m.01
OG0006589	jgi|Clagr3|1049|CLAGR_001037-RA, jgi|Clagr3|6977|CLAGR_006635-RA	KAJ9651261.1
OG0006589	jgi|Clagr3|1049|CLAGR_001037-RA, jgi|Clagr3|6977|CLAGR_006635-RA	jgi|Altal1|1031364|fgenesh1_pm.11_#_78
OG0006589	jgi|Clagr3|1049|CLAGR_001037-RA, jgi|Clagr3|6977|CLAGR_006635-RA	jgi|Aurpu_var_mel1|55077|e_gw1.21.239.1
OG0006589	jgi|Clagr3|1049|CLAGR_001037-RA, jgi|Clagr3|6977|CLAGR_006635-RA	XP_008712493.1
OG0006589	jgi|Clagr3|1049|CLAGR_001037-RA, jgi|Clagr3|6977|CLAGR_006635-RA	jgi|Monha1|5186|H072_5294m.01
OG0006589	jgi|Clagr3|1049|CLAGR_001037-RA, jgi|Clagr3|6977|CLAGR_006635-RA	jgi|Acastr1|124677|AST1_006685-RA
OG0006589	jgi|Clagr3|1049|CLAGR_001037-RA, jgi|Clagr3|6977|CLAGR_006635-RA	jgi|Podan3|209023|mRNA_7851
OG0006606	jgi|Clagr3|1237|CLAGR_001222-RA	jgi|Monha1|1924|H072_1925m.01
OG0006638	jgi|Clagr3|6591|CLAGR_006304-RA	jgi|Dibbae1|8770|DIBA_002263-RA
OG0006638	jgi|Clagr3|6591|CLAGR_006304-RA	jgi|Dibbae1|8770|DIBA_002263-RA
OG0006638	jgi|Clagr3|6591|CLAGR_006304-RA	jgi|Sclsc1|872|SS1G_00872T0
OG0006638	jgi|Clagr3|6591|CLAGR_006304-RA	jgi|Aurpu_var_mel1|58582|e_gw1.29.242.1
OG0006638	jgi|Clagr3|6591|CLAGR_006304-RA	jgi|Umbpus1|101130|LPUS_07892T0
OG0006638	jgi|Clagr3|6591|CLAGR_006304-RA	jgi|PseVKM4520_1|5806|transcript_KFZ10838
OG0006638	jgi|Clagr3|6591|CLAGR_006304-RA	jgi|EndpusZ1|1128|EPUS_08311T0
OG0006638	jgi|Clagr3|6591|CLAGR_006304-RA	KAI9747316.1
OG0006638	jgi|Clagr3|6591|CLAGR_006304-RA	jgi|Aspni_DSM_1|158490|An03g04980m.01
OG0006638	jgi|Clagr3|6591|CLAGR_006304-RA	jgi|Acastr1|120450|AST1_008376-RA
OG0006638	jgi|Clagr3|6591|CLAGR_006304-RA	KAI9708425.1
OG0006638	jgi|Clagr3|6591|CLAGR_006304-RA	KAI9705113.1
OG0006638	jgi|Clagr3|6591|CLAGR_006304-RA	GTX0486b100_000971-T1
OG0006638	jgi|Clagr3|6591|CLAGR_006304-RA	coassemb376_000599-T1
OG0006638	jgi|Clagr3|6591|CLAGR_006304-RA	CAF9925621.1
OG0006638	jgi|Clagr3|6591|CLAGR_006304-RA	jgi|Neucr_trp3_1|7783|Neucr2.NCU01351T0
OG0006638	jgi|Clagr3|6591|CLAGR_006304-RA	jgi|Morco1|598830|MIX17928_19_49
OG0006638	jgi|Clagr3|6591|CLAGR_006304-RA	KAI4290062.1
OG0006638	jgi|Clagr3|6591|CLAGR_006304-RA	FUN_001538_T1_FUN_001538
OG0006638	jgi|Clagr3|6591|CLAGR_006304-RA	GTX0494b19_002923-T1
OG0006638	jgi|Clagr3|6591|CLAGR_006304-RA	KAI4110345.1
OG0006638	jgi|Clagr3|6591|CLAGR_006304-RA	KAI4220637.1
OG0006638	jgi|Clagr3|6591|CLAGR_006304-RA	jgi|Artol1|6195|AOL_s00081g25m.01
OG0006638	jgi|Clagr3|6591|CLAGR_006304-RA	jgi|Artol1|6195|AOL_s00081g25m.01
OG0006638	jgi|Clagr3|6591|CLAGR_006304-RA	jgi|Fonmu1|9986|Z520_03383T0
OG0006654	jgi|Clagr3|4265|CLAGR_004784-RA	jgi|Dibbae1|6525|DIBA_002660-RA
OG0006716	jgi|Clagr3|2533|CLAGR_002504-RA	jgi|Morco1|558143|estExt_fgenesh1_pm.C_170001
OG0006716	jgi|Clagr3|11302|CLAGR_011203-RA	jgi|Morco1|475460|gw1.131.15.1
OG0006828	jgi|Clagr3|1340|CLAGR_001324-RA	coassemb76_004075-T1
OG0006828	jgi|Clagr3|1340|CLAGR_001324-RA	KAJ9651555.1
OG0006842	jgi|Clagr3|4099|CLAGR_004423-RA	jgi|EndpusZ1|2241|EPUS_06577T0
OG0006890	jgi|Clagr3|8541|CLAGR_008773-RA, jgi|Clagr3|5815|CLAGR_006866-RA	jgi|Altal1|854746|CE854745_3102
OG0006890	jgi|Clagr3|5815|CLAGR_006866-RA	KAI9651535.1
OG0006890	jgi|Clagr3|5815|CLAGR_006866-RA	KAI9728925.1
OG0006890	jgi|Clagr3|5815|CLAGR_006866-RA	jgi|Penexp1|9214|PEXP_065170T0
OG0006958	jgi|Clagr3|3702|CLAGR_003907-RA	jgi|Exoaq1|2779|A1O9_10304T0
OG0006971	jgi|Clagr3|9737|CLAGR_009556-RA	KAI9672148.1, KAI9665517.1
OG0007083	jgi|Clagr3|3026|CLAGR_002688-RA	coassemb378_010436-T1
OG0007133	jgi|Clagr3|4496|CLAGR_005008-RA	coassemb64_006249-T1
OG0007209	jgi|Clagr3|1409|CLAGR_001392-RA	KAI4218697.1
OG0007215	jgi|Clagr3|3149|CLAGR_003245-RA, jgi|Clagr3|11258|CLAGR_011213-RA	jgi|Aspni_DSM_1|162669|An09g02090m.01
OG0007232	jgi|Clagr3|6942|CLAGR_006600-RA	jgi|Phach1|1760|rna1759
OG0007270	jgi|Clagr3|1808|CLAGR_001604-RA	coassemb76_005880-T1
OG0007331	jgi|Clagr3|2512|CLAGR_002483-RA	jgi|Umbpus1|99812|LPUS_06386T0
OG0007618	jgi|Clagr3|9866|CLAGR_010561-RA	jgi|Claba1|135516|Z519_02378T0
OG0007765	jgi|Clagr3|6707|CLAGR_007851-RA	jgi|Aspni_DSM_1|159443|An04g07590m.01
OG0007956	jgi|Clagr3|3886|CLAGR_003709-RA	KAI4290151.1
OG0007956	jgi|Clagr3|3886|CLAGR_003709-RA	CAF9942577.1
OG0007956	jgi|Clagr3|3886|CLAGR_003709-RA	jgi|Cocpo1_1|6662|XM_003071615.1
OG0007956	jgi|Clagr3|3886|CLAGR_003709-RA	jgi|Aspni_DSM_1|168849|An18g04060m.01
OG0007956	jgi|Clagr3|3886|CLAGR_003709-RA	jgi|Penexp1|8841|PEXP_013820T0
OG0008382	jgi|Clagr3|8778|CLAGR_008936-RA	jgi|Fusgr1|3400|FGSG_12222T0
