Orthogroup	coassembly.bin.64.proteins	Other
OG0000000	coassemb64_006837-T1	jgi|Exoaq1|3410|A1O9_10929T0
OG0000000	coassemb64_006271-T1	jgi|Clagr3|6472|CLAGR_006578-RA
OG0000003	coassemb64_002218-T1	jgi|Dibbae1|10627|DIBA_003191-RA
OG0000003	coassemb64_002218-T1	KAI4232974.1
OG0000004	coassemb64_001807-T1	KAI4106465.1
OG0000008	coassemb64_004636-T1	jgi|Fusgr1|160|FGSG_00130T0
OG0000008	coassemb64_004636-T1	jgi|Claba1|133863|Z519_11264T0
OG0000008	coassemb64_004636-T1	XP_008711048.1
OG0000008	coassemb64_004636-T1	jgi|Altal1|147672|CE147671_1520
OG0000008	coassemb64_004636-T1	coassemb378_004363-T1
OG0000008	coassemb64_004636-T1	jgi|Fonmu1|840|Z520_00842T0
OG0000008	coassemb64_004636-T1	coassemb378_004363-T1
OG0000008	coassemb64_004636-T1	jgi|Neucr_trp3_1|6246|Neucr2.NCU08019T0
OG0000009	coassemb64_001666-T1	jgi|Penexp1|3940|PEXP_030130T0
OG0000009	coassemb64_001666-T1	jgi|Exoaq1|2242|A1O9_09768T0
OG0000009	coassemb64_001666-T1	GTX0466b15_002138-T1
OG0000009	coassemb64_001666-T1	jgi|Umbpus1|107088|LPUS_05333T0
OG0000009	coassemb64_001666-T1	coassemb76_007363-T1
OG0000009	coassemb64_001666-T1	jgi|PseVKM4520_1|1174|transcript_KFZ19420
OG0000010	coassemb64_008267-T1	KAJ9654589.1
OG0000012	coassemb64_002924-T1	jgi|Altal1|936260|e_gw1.11.581.1
OG0000015	coassemb64_004312-T1	jgi|Cocpo1_1|2685|XM_003067638.1
OG0000015	coassemb64_004312-T1	jgi|Penexp1|3668|PEXP_085500T0
OG0000015	coassemb64_004312-T1	jgi|Aspni_DSM_1|162661|An09g02000m.01
OG0000015	coassemb64_002320-T1, coassemb64_007959-T1	KAI4286931.1
OG0000025	coassemb64_000427-T1, coassemb64_007401-T1	jgi|Fonmu1|9583|Z520_11990T0
OG0000025	coassemb64_000427-T1, coassemb64_007401-T1	jgi|Claba1|132263|Z519_10582T0
OG0000029	coassemb64_007229-T1	KAI4101513.1
OG0000029	coassemb64_007229-T1	KAI4237797.1
OG0000029	coassemb64_007229-T1	KAI4222129.1
OG0000029	coassemb64_007229-T1	FUN_008314_T1_FUN_008314
OG0000029	coassemb64_007229-T1	CAF9927304.1
OG0000029	coassemb64_007229-T1	jgi|EndpusZ1|7403|EPUS_01821T0
OG0000029	coassemb64_007229-T1	jgi|Acastr1|125885|AST1_008144-RA
OG0000029	coassemb64_007229-T1	KAI9839001.1
OG0000029	coassemb64_007229-T1	KAI9667171.1
OG0000029	coassemb64_007229-T1	jgi|Sclsc1|13103|SS1G_06132T0
OG0000029	coassemb64_007229-T1	coassemb376_005345-T1
OG0000029	coassemb64_007229-T1	KAI9726274.1
OG0000037	coassemb64_006744-T1, coassemb64_000973-T1	jgi|Aspni_DSM_1|162551|An09g00850m.01
OG0000037	coassemb64_008171-T1	coassemb378_006802-T1
OG0000038	coassemb64_003298-T1	jgi|Dibbae1|3651|DIBA_008332-RA, jgi|Dibbae1|3655|DIBA_008336-RA
OG0000038	coassemb64_003298-T1	jgi|Dibbae1|10385|DIBA_012139-RA
OG0000038	coassemb64_005942-T1, coassemb64_003155-T1, coassemb64_005927-T1, coassemb64_007007-T1, coassemb64_003812-T1	jgi|Dibbae1|4142|DIBA_008763-RA
OG0000045	coassemb64_004085-T1	jgi|Claba1|134807|Z519_12214T0
OG0000055	coassemb64_005556-T1	jgi|Clagr3|2322|CLAGR_001720-RA
OG0000057	coassemb64_008291-T1	CAF9904471.1
OG0000057	coassemb64_006558-T1	jgi|Podan3|204746|mRNA_3574
OG0000057	coassemb64_006558-T1	jgi|Fusgr1|4571|FGSG_03551T0
OG0000061	coassemb64_005293-T1	jgi|Clagr3|3920|CLAGR_003743-RA
OG0000073	coassemb64_008161-T1	jgi|Fusgr1|4450|FGSG_12400T0
OG0000076	coassemb64_002624-T1	jgi|Penexp1|8723|PEXP_014370T0
OG0000080	coassemb64_005049-T1	CAF9935426.1
OG0000089	coassemb64_007477-T1	jgi|Penexp1|3664|PEXP_085460T0
OG0000092	coassemb64_003119-T1	jgi|Clagr3|5199|CLAGR_004539-RA
OG0000097	coassemb64_002571-T1, coassemb64_001214-T1, coassemb64_001650-T1	jgi|Grascr1|4501|GST1_002567-RA
OG0000098	coassemb64_006252-T1	jgi|Exoaq1|44|A1O9_00044T0
OG0000098	coassemb64_006252-T1	jgi|Penexp1|3045|PEXP_104880T0
OG0000098	coassemb64_006252-T1	jgi|Exoaq1|10862|A1O9_07231T0
OG0000103	coassemb64_001529-T1	jgi|Podan3|204587|mRNA_3415
OG0000106	coassemb64_001228-T1	coassemb76_008235-T1
OG0000108	coassemb64_004549-T1	jgi|Aurpu_var_mel1|48333|e_gw1.10.583.1
OG0000108	coassemb64_004549-T1	jgi|Altal1|1015853|fgenesh1_kg.1_#_831_#_Locus8751v2rpkm2.65
OG0000108	coassemb64_004549-T1	jgi|Fusgr1|13026|FGSG_11486T0
OG0000108	coassemb64_004549-T1	jgi|EndpusZ1|6641|EPUS_07600T0
OG0000108	coassemb64_004549-T1	coassemb76_000301-T1
OG0000108	coassemb64_004549-T1	XP_008714345.1
OG0000108	coassemb64_004549-T1	jgi|Exoaq1|12850|A1O9_09135T0
OG0000108	coassemb64_004549-T1	KAJ9652681.1
OG0000126	coassemb64_001029-T1	KAI4206202.1
OG0000127	coassemb64_007910-T1	jgi|Fonmu1|10394|Z520_12261T0
OG0000137	coassemb64_005507-T1	GTX0466b15_001196-T1
OG0000143	coassemb64_002370-T1	jgi|Artol1|2365|AOL_s00043g528m.01
OG0000151	coassemb64_003322-T1	jgi|PseVKM4520_1|10168|transcript_KFZ24155
OG0000153	coassemb64_000077-T1	jgi|Grascr1|4402|GST1_009774-RA
OG0000164	coassemb64_008280-T1	jgi|Podan3|206414|mRNA_5242
OG0000165	coassemb64_004002-T1	KAI9708568.1
OG0000170	coassemb64_003016-T1	jgi|Penexp1|120|PEXP_020750T0
OG0000170	coassemb64_003016-T1	jgi|Altal1|702313|CE702312_36332, jgi|Altal1|993239|estExt_Genewise1Plus.C_15_t20144
OG0000173	coassemb64_001760-T1	jgi|EndpusZ1|766|EPUS_01327T0, jgi|EndpusZ1|6019|EPUS_06714T0, jgi|EndpusZ1|1022|EPUS_04600T0
OG0000173	coassemb64_001760-T1	KAI9652568.1
OG0000173	coassemb64_001760-T1	XP_008714137.1
OG0000173	coassemb64_001760-T1	jgi|Grascr1|12301|GST1_006698-RA, jgi|Grascr1|11089|GST1_012435-RA
OG0000173	coassemb64_001760-T1	jgi|Acastr1|125147|AST1_003667-RA
OG0000173	coassemb64_001760-T1	KAI9810423.1
OG0000173	coassemb64_001760-T1	jgi|Umbpus1|101783|LPUS_08524T0
OG0000173	coassemb64_001760-T1	jgi|Clagr3|1734|CLAGR_001531-RA, jgi|Clagr3|1732|CLAGR_001529-RA
OG0000173	coassemb64_001760-T1	CAF9920614.1, CAF9913595.1
OG0000173	coassemb64_001760-T1	coassemb376_004187-T1
OG0000173	coassemb64_001760-T1	jgi|EndpusZ1|766|EPUS_01327T0, jgi|EndpusZ1|6019|EPUS_06714T0, jgi|EndpusZ1|1022|EPUS_04600T0
OG0000200	coassemb64_003186-T1	jgi|Fusgr1|3068|FGSG_02688T0, jgi|Fusgr1|4515|FGSG_12409T0
OG0000200	coassemb64_007368-T1	jgi|Grascr1|8319|GST1_012131-RA
OG0000201	coassemb64_004694-T1	coassemb378_001789-T1
OG0000202	coassemb64_004221-T1	jgi|Fusgr1|8832|FGSG_07636T0
OG0000206	coassemb64_001728-T1	jgi|Penexp1|3673|PEXP_041520T0
OG0000209	coassemb64_005276-T1	jgi|Acastr1|123098|AST1_004223-RA
OG0000209	coassemb64_005276-T1	KAI9714216.1
OG0000214	coassemb64_006200-T1	jgi|Fusgr1|4397|FGSG_03711T0
OG0000216	coassemb64_004326-T1	jgi|Cocpo1_1|6066|XM_003071019.1
OG0000222	coassemb64_007458-T1	jgi|Altal1|407888|CE407887_5688
OG0000222	coassemb64_007458-T1	jgi|PseVKM4520_1|4735|transcript_KFZ12869
OG0000222	coassemb64_007458-T1	jgi|Sclsc1|884|SS1G_00884T0
OG0000222	coassemb64_007458-T1	KAI9825664.1
OG0000222	coassemb64_007458-T1	KAI9756863.1
OG0000222	coassemb64_007458-T1	jgi|Erypu1|6172|transcript_POS81778
OG0000222	coassemb64_007458-T1	coassemb378_009429-T1
OG0000222	coassemb64_007458-T1	KAI9706059.1
OG0000222	coassemb64_004438-T1	jgi|Sclsc1|2679|SS1G_09135T0
OG0000222	coassemb64_004438-T1	coassemb76_005374-T1
OG0000225	coassemb64_001699-T1	KAI4288535.1
OG0000235	coassemb64_007838-T1, coassemb64_002527-T1, coassemb64_005219-T1	jgi|Penexp1|8163|PEXP_075040T0
OG0000238	coassemb64_003989-T1	jgi|Altal1|1057710|gm1.1945_g
OG0000238	coassemb64_003989-T1	KAI4109259.1
OG0000238	coassemb64_003989-T1	jgi|Aurpu_var_mel1|49698|e_gw1.11.49.1
OG0000253	coassemb64_000923-T1	KAI9720759.1
OG0000253	coassemb64_000923-T1	jgi|Grascr1|4901|GST1_009616-RA
OG0000253	coassemb64_000923-T1	coassemb378_008716-T1
OG0000253	coassemb64_000923-T1	jgi|Aspni_DSM_1|165557|An13g01690m.01
OG0000253	coassemb64_000923-T1	FUN_001682_T1_FUN_001682
OG0000253	coassemb64_000923-T1	KAI4221032.1
OG0000253	coassemb64_000923-T1	KAI4288879.1
OG0000262	coassemb64_006437-T1	jgi|Grascr1|8251|GST1_003162-RA
OG0000262	coassemb64_006437-T1	FUN_003188_T1_FUN_003188
OG0000262	coassemb64_006437-T1	GTX0494b19_003427-T1, GTX0494b19_006318-T1
OG0000262	coassemb64_006437-T1	KAI4224030.1
OG0000262	coassemb64_006437-T1	KAI4096095.1, KAI4102238.1
OG0000262	coassemb64_006437-T1	KAI4232154.1
OG0000262	coassemb64_006437-T1	jgi|Aspni_DSM_1|160049|An06g00760m.01, jgi|Aspni_DSM_1|160486|An07g02570m.01, jgi|Aspni_DSM_1|159527|An04g08440m.01
OG0000262	coassemb64_006437-T1	KAI9757420.1
OG0000262	coassemb64_006437-T1	KAI4101554.1
OG0000262	coassemb64_006437-T1	jgi|Dibbae1|200|DIBA_005350-RA, jgi|Dibbae1|280|DIBA_005162-RA
OG0000262	coassemb64_006437-T1	jgi|Umbpus1|100984|LPUS_07717T0, jgi|Umbpus1|102735|LPUS_09330T0
OG0000262	coassemb64_006437-T1	jgi|Penexp1|8706|PEXP_014200T0
OG0000262	coassemb64_006437-T1	coassemb376_004014-T1
OG0000262	coassemb64_006437-T1	jgi|Altal1|1034223|fgenesh1_pm.21_#_214
OG0000262	coassemb64_006437-T1	KAI9653790.1
OG0000262	coassemb64_006437-T1	KAI9725117.1
OG0000264	coassemb64_001092-T1	jgi|Grascr1|467|GST1_006106-RA
OG0000279	coassemb64_004403-T1	jgi|Neucr_trp3_1|6469|Neucr2.NCU06980T0
OG0000282	coassemb64_007531-T1	KAJ9659602.1
OG0000282	coassemb64_007531-T1	XP_008713160.1
OG0000283	coassemb64_005802-T1	coassemb376_007093-T1
OG0000296	coassemb64_003087-T1	KAI4283092.1
OG0000311	coassemb64_005920-T1	jgi|Penexp1|9779|PEXP_098470T0
OG0000315	coassemb64_006682-T1, coassemb64_000834-T1, coassemb64_004519-T1, coassemb64_004682-T1	jgi|Penexp1|2729|PEXP_108930T0
OG0000315	coassemb64_006682-T1, coassemb64_000834-T1, coassemb64_004519-T1	jgi|Cocpo1_1|4194|XM_003069147.1
OG0000317	coassemb64_002824-T1	jgi|Sclsc1|1845|SS1G_08301T0
OG0000317	coassemb64_002824-T1	GTX0486b100_006784-T1
OG0000333	coassemb64_004408-T1	coassemb378_010980-T1
OG0000337	coassemb64_001600-T1	jgi|Phach1|264|rna263
OG0000337	coassemb64_001600-T1	CAF9938348.1
OG0000337	coassemb64_001600-T1	GTX0494b19_008919-T1
OG0000337	coassemb64_001600-T1	FUN_009986_T1_FUN_009986
OG0000337	coassemb64_001600-T1	KAI4105423.1
OG0000337	coassemb64_001600-T1	KAI4220196.1
OG0000337	coassemb64_001600-T1	KAI4239578.1
OG0000337	coassemb64_001600-T1	KAI4100664.1
OG0000337	coassemb64_001600-T1	KAI9666881.1
OG0000337	coassemb64_001600-T1	XP_008719770.1
OG0000337	coassemb64_001600-T1	GTX0466b15_002444-T1
OG0000337	coassemb64_001600-T1	coassemb76_006590-T1
OG0000337	coassemb64_001600-T1	jgi|Fusgr1|6728|FGSG_05797T0
OG0000337	coassemb64_001600-T1	KAJ9654601.1
OG0000337	coassemb64_001600-T1	jgi|Capcor1|101114|A1O1_08302T0
OG0000337	coassemb64_001600-T1	jgi|Capcor1|101114|A1O1_08302T0
OG0000337	coassemb64_001600-T1	jgi|Aurpu_var_mel1|72812|fgenesh1_pm.3_#_368
OG0000337	coassemb64_001600-T1	jgi|Altal1|1064811|gm1.9046_g
OG0000355	coassemb64_000572-T1	jgi|Fonmu1|4648|Z520_01635T0
OG0000355	coassemb64_000572-T1	jgi|Claba1|131948|Z519_10266T0
OG0000355	coassemb64_000572-T1	jgi|Capcor1|93643|A1O1_00776T0
OG0000355	coassemb64_000572-T1	jgi|Aspni_DSM_1|157339|An02g08200m.01
OG0000356	coassemb64_003313-T1	KAI9830031.1, KAI9830942.1
OG0000356	coassemb64_003313-T1	jgi|Dibbae1|5755|DIBA_002020-RA, jgi|Dibbae1|5791|DIBA_002056-RA
OG0000381	coassemb64_005597-T1	FUN_000190_T1_FUN_000190
OG0000399	coassemb64_006552-T1	jgi|Morco1|470072|gw1.20.229.1
OG0000416	coassemb64_004696-T1	KAI9754239.1
OG0000416	coassemb64_004696-T1	GTX0486b100_001767-T1
OG0000416	coassemb64_004696-T1	KAI9696087.1
OG0000416	coassemb64_004696-T1	KAI9714933.1
OG0000416	coassemb64_004696-T1	jgi|Umbpus1|100689|LPUS_07353T0
OG0000416	coassemb64_004696-T1	jgi|Acastr1|123555|AST1_004032-RA
OG0000416	coassemb64_004696-T1	KAI9827137.1
OG0000416	coassemb64_004696-T1	KAI9815643.1
OG0000416	coassemb64_004696-T1	jgi|Dibbae1|3464|DIBA_000334-RA
OG0000416	coassemb64_004696-T1	jgi|Aurpu_var_mel1|56942|e_gw1.25.324.1
OG0000416	coassemb64_004696-T1	KAI9708878.1
OG0000416	coassemb64_004696-T1	coassemb376_000683-T1
OG0000416	coassemb64_004696-T1	GTX0486b100_001768-T1
OG0000416	coassemb64_004696-T1	GTX0486b100_001768-T1
OG0000428	coassemb64_000351-T1	KAI9826689.1
OG0000455	coassemb64_001504-T1	jgi|Grascr1|12662|GST1_001956-RA
OG0000462	coassemb64_006225-T1	jgi|PseVKM4520_1|9164|transcript_KFZ03549
OG0000463	coassemb64_003856-T1	GTX0466b15_001346-T1
OG0000466	coassemb64_005361-T1	jgi|Grascr1|11362|GST1_005242-RA
OG0000483	coassemb64_006514-T1	KAI9685806.1
OG0000483	coassemb64_006514-T1	FUN_009084_T1_FUN_009084
OG0000528	coassemb64_004878-T1	coassemb76_003245-T1
OG0000542	coassemb64_004959-T1	jgi|Clagr3|1814|CLAGR_001610-RA
OG0000576	coassemb64_002727-T1	coassemb376_007705-T1
OG0000578	coassemb64_007141-T1	KAI4226395.1
OG0000580	coassemb64_001118-T1	jgi|Aspni_DSM_1|158126|An03g01130m.01
OG0000580	coassemb64_001118-T1	coassemb378_009052-T1
OG0000599	coassemb64_005015-T1	jgi|Claba1|133694|Z519_11094T0
OG0000599	coassemb64_005015-T1	jgi|Exoaq1|7285|A1O9_03815T0
OG0000605	coassemb64_007527-T1	coassemb76_010119-T1
OG0000605	coassemb64_007527-T1	jgi|Altal1|165104|CE165103_9292
OG0000605	coassemb64_007527-T1	jgi|Fusgr1|1810|FGSG_01569T0
OG0000605	coassemb64_007527-T1	jgi|Neucr_trp3_1|2904|Neucr2.NCU03355T0
OG0000605	coassemb64_007527-T1	jgi|Podan3|206051|mRNA_4879
OG0000609	coassemb64_003077-T1	jgi|Artol1|4636|AOL_s00078g22m.01
OG0000615	coassemb64_000536-T1	CAF9926602.1
OG0000635	coassemb64_000656-T1	coassemb76_002157-T1
OG0000654	coassemb64_005016-T1	KAI9729029.1
OG0000654	coassemb64_005016-T1	jgi|Umbpus1|106300|LPUS_04434T0
OG0000654	coassemb64_005016-T1	CAF9925568.1
OG0000654	coassemb64_005016-T1	jgi|Clagr3|3805|CLAGR_003507-RA
OG0000654	coassemb64_005016-T1	FUN_008892_T1_FUN_008892
OG0000654	coassemb64_005016-T1	KAI4208437.1
OG0000654	coassemb64_005016-T1	KAI4224203.1
OG0000654	coassemb64_005016-T1	GTX0494b19_005029-T1
OG0000654	coassemb64_005016-T1	KAI4266466.1
OG0000654	coassemb64_005016-T1	jgi|Neucr_trp3_1|8590|Neucr2.NCU12069T0
OG0000654	coassemb64_005016-T1	coassemb378_008743-T1
OG0000654	coassemb64_005016-T1	jgi|PseVKM4520_1|6117|transcript_KFZ10315
OG0000654	coassemb64_005016-T1	jgi|Sclsc1|3736|SS1G_10192T0
OG0000654	coassemb64_005016-T1	coassemb76_006623-T1
OG0000654	coassemb64_005016-T1	coassemb76_006623-T1
OG0000660	coassemb64_005119-T1	jgi|Artol1|1003|AOL_s00006g343m.01
OG0000684	coassemb64_000333-T1	jgi|Sclsc1|10766|SS1G_03795T0
OG0000698	coassemb64_008172-T1	GTX0466b15_001449-T1
OG0000703	coassemb64_007766-T1	jgi|Altal1|1099843|estExt_Genemark1.C_310035
OG0000708	coassemb64_000528-T1	jgi|Exoaq1|1826|A1O9_01832T0
OG0000713	coassemb64_005211-T1	coassemb378_007793-T1
OG0000713	coassemb64_005211-T1	coassemb376_002469-T1
OG0000721	coassemb64_000054-T1, coassemb64_004359-T1	jgi|Clagr3|10693|CLAGR_010801-RA
OG0000721	coassemb64_008384-T1	jgi|Penexp1|937|PEXP_095670T0
OG0000740	coassemb64_003552-T1	KAJ9656401.1
OG0000742	coassemb64_002462-T1	CAF9912950.1
OG0000748	coassemb64_000733-T1	coassemb378_006069-T1
OG0000749	coassemb64_000569-T1	jgi|Aurpu_var_mel1|85019|gm1.5415_g
OG0000767	coassemb64_000890-T1	jgi|Monha1|6877|H072_7096m.01
OG0000767	coassemb64_000890-T1	jgi|Artol1|3232|AOL_s00054g565m.01
OG0000767	coassemb64_000890-T1	jgi|Aurpu_var_mel1|42215|e_gw1.4.1235.1
OG0000767	coassemb64_000890-T1	jgi|PseVKM4520_1|9592|transcript_KFZ03055
OG0000767	coassemb64_000890-T1	jgi|Aspni_DSM_1|165683|An13g02980m.01
OG0000767	coassemb64_000890-T1	jgi|Penexp1|3797|PEXP_071950T0, jgi|Penexp1|3258|PEXP_107390T0
OG0000767	coassemb64_000890-T1	jgi|Phach1|209|rna208
OG0000770	coassemb64_003810-T1	jgi|Aspni_DSM_1|156861|An02g03380m.01
OG0000779	coassemb64_004354-T1	jgi|Dibbae1|4836|DIBA_009724-RA
OG0000780	coassemb64_008147-T1	GTX0494b19_002218-T1
OG0000780	coassemb64_008147-T1	KAI4238669.1
OG0000780	coassemb64_008147-T1	KAI4108398.1
OG0000780	coassemb64_008147-T1	FUN_000544_T1_FUN_000544
OG0000780	coassemb64_008147-T1	KAI4230178.1
OG0000780	coassemb64_008147-T1	KAI4107152.1
OG0000780	coassemb64_008147-T1	KAI4265242.1
OG0000780	coassemb64_008147-T1	jgi|Clagr3|3868|CLAGR_003691-RA
OG0000780	coassemb64_008147-T1	CAF9915938.1
OG0000780	coassemb64_008147-T1	coassemb376_003267-T1
OG0000780	coassemb64_008147-T1	jgi|Umbpus1|103202|LPUS_09765T0
OG0000780	coassemb64_008147-T1	coassemb378_008937-T1
OG0000780	coassemb64_008147-T1	jgi|Grascr1|4422|GST1_009550-RA
OG0000780	coassemb64_008147-T1	jgi|Dibbae1|2591|DIBA_001582-RA
OG0000780	coassemb64_003244-T1	jgi|PseVKM4520_1|10673|transcript_KFZ25328
OG0000780	coassemb64_003244-T1	KAI9718072.1
OG0000780	coassemb64_003244-T1	coassemb378_005839-T1
OG0000792	coassemb64_006578-T1	jgi|Fusgr1|5336|FGSG_02884T0
OG0000793	coassemb64_000414-T1	coassemb378_010898-T1
OG0000814	coassemb64_005638-T1, coassemb64_005278-T1	CAF9935020.1
OG0000821	coassemb64_004150-T1	jgi|Ascim1|41603|CE41602_3598
OG0000826	coassemb64_003765-T1	coassemb378_009464-T1
OG0000850	coassemb64_005783-T1	jgi|Fonmu1|2378|Z520_07012T0
OG0000850	coassemb64_005783-T1	jgi|Claba1|134719|Z519_12125T0
OG0000850	coassemb64_005783-T1	jgi|Penexp1|256|PEXP_000670T0
OG0000850	coassemb64_005783-T1	jgi|Aspni_DSM_1|169163|An19g00410m.01
OG0000850	coassemb64_005783-T1	jgi|PseVKM4520_1|3265|transcript_KFZ15511
OG0000880	coassemb64_007190-T1	FUN_003923_T1_FUN_003923
OG0000888	coassemb64_001021-T1	jgi|Fusgr1|11376|FGSG_09826T0
OG0000897	coassemb64_001335-T1	jgi|Fonmu1|6990|Z520_02200T0
OG0000897	coassemb64_001335-T1	GTX0486b100_000479-T1
OG0000909	coassemb64_001674-T1	jgi|Acastr1|121351|AST1_002291-RA
OG0000923	coassemb64_005045-T1	jgi|Penexp1|332|PEXP_056510T0
OG0000929	coassemb64_003782-T1	jgi|Sclsc1|3721|SS1G_10177T0
OG0000934	coassemb64_002485-T1	KAI9833474.1
OG0000936	coassemb64_003829-T1	jgi|EndpusZ1|7809|EPUS_03977T0
OG0000936	coassemb64_003829-T1	jgi|Altal1|1021419|fgenesh1_kg.13_#_86_#_Locus4953v4rpkm0.00_PRE, jgi|Altal1|1099830|estExt_Genemark1.C_310018
OG0000936	coassemb64_003829-T1	jgi|Aspni_DSM_1|155239|An01g01840m.01
OG0000936	coassemb64_003829-T1	jgi|Penexp1|6081|PEXP_083080T0
OG0000956	coassemb64_005231-T1, coassemb64_006188-T1, coassemb64_003727-T1	jgi|Clagr3|1466|CLAGR_002260-RA
OG0000973	coassemb64_005557-T1	jgi|Erypu1|6454|transcript_POS81727
OG0000974	coassemb64_007250-T1	jgi|Dibbae1|9218|DIBA_011494-RA
OG0000976	coassemb64_006254-T1	FUN_000406_T1_FUN_000406
OG0000976	coassemb64_006254-T1	CAF9943318.1
OG0001008	coassemb64_000154-T1	jgi|Clagr3|11238|CLAGR_011001-RA
OG0001008	coassemb64_000154-T1	jgi|EndpusZ1|9085|EPUS_06916T0
OG0001008	coassemb64_000154-T1	jgi|Podan3|204627|mRNA_3455
OG0001011	coassemb64_000530-T1	jgi|Fusgr1|3303|FGSG_04677T0
OG0001023	coassemb64_003592-T1	KAI4234030.1
OG0001034	coassemb64_004311-T1	jgi|Altal1|1015420|fgenesh1_kg.1_#_398_#_Locus12168v1rpkm0.86
OG0001034	coassemb64_004311-T1	KAI9826786.1
OG0001034	coassemb64_004311-T1	jgi|Fusgr1|66|FGSG_00049T0
OG0001034	coassemb64_004311-T1	jgi|Acastr1|122575|AST1_008451-RA
OG0001034	coassemb64_004311-T1	KAI9754741.1
OG0001046	coassemb64_003577-T1	KAI9697615.1
OG0001046	coassemb64_003577-T1	KAI9832412.1
OG0001077	coassemb64_004668-T1	KAI4105648.1
OG0001077	coassemb64_004668-T1	KAI4286386.1
OG0001084	coassemb64_001129-T1	jgi|Fusgr1|6893|FGSG_05944T0
OG0001101	coassemb64_006219-T1	coassemb76_008086-T1
OG0001115	coassemb64_004304-T1	jgi|Morco1|18387|CE18386_180
OG0001129	coassemb64_000930-T1, coassemb64_007700-T1	jgi|Clagr3|3220|CLAGR_003041-RA
OG0001129	coassemb64_000930-T1, coassemb64_007700-T1	jgi|Fusgr1|4782|FGSG_03364T0
OG0001129	coassemb64_000930-T1, coassemb64_007700-T1	jgi|Grascr1|1163|GST1_005853-RA
OG0001129	coassemb64_000930-T1, coassemb64_007700-T1	coassemb378_006438-T1
OG0001129	coassemb64_000930-T1, coassemb64_007700-T1	jgi|Aspni_DSM_1|167554|An16g02560m.01
OG0001129	coassemb64_000930-T1, coassemb64_007700-T1	KAI9826733.1
OG0001129	coassemb64_000930-T1	jgi|Umbpus1|107403|LPUS_05650T0
OG0001129	coassemb64_000930-T1	jgi|Dibbae1|4208|DIBA_007292-RA
OG0001129	coassemb64_000930-T1	CAF9943213.1, CAF9942215.1
OG0001129	coassemb64_000930-T1	KAI4105982.1
OG0001129	coassemb64_000930-T1	KAI4236530.1
OG0001129	coassemb64_000930-T1	FUN_008641_T1_FUN_008641
OG0001129	coassemb64_000930-T1	GTX0494b19_001402-T1
OG0001129	coassemb64_000930-T1	KAI4107254.1
OG0001129	coassemb64_000930-T1	KAI4227211.1
OG0001129	coassemb64_000930-T1	jgi|PseVKM4520_1|5505|transcript_KFZ11332
OG0001129	coassemb64_000930-T1	jgi|Grascr1|3461|GST1_008067-RA
OG0001129	coassemb64_000930-T1	jgi|Phach1|3157|rna3156
OG0001129	coassemb64_000930-T1	jgi|Grascr1|3461|GST1_008067-RA
OG0001135	coassemb64_000640-T1	jgi|Artol1|3669|AOL_s00075g7m.01
OG0001136	coassemb64_004037-T1	jgi|PseVKM4520_1|8458|transcript_KFZ24508, jgi|PseVKM4520_1|6258|transcript_KFZ10076
OG0001137	coassemb64_008430-T1	jgi|Umbpus1|101255|LPUS_07978T0
OG0001146	coassemb64_003601-T1	jgi|Sclsc1|10347|SS1G_03376T0
OG0001147	coassemb64_003754-T1	jgi|Podan3|203462|mRNA_2290
OG0001149	coassemb64_007578-T1	jgi|Fusgr1|11185|FGSG_09660T0
OG0001149	coassemb64_007578-T1	jgi|Podan3|210221|mRNA_9049
OG0001149	coassemb64_007578-T1	jgi|Neucr_trp3_1|5563|Neucr2.NCU06544T0
OG0001149	coassemb64_007578-T1	jgi|PseVKM4520_1|3907|transcript_KFZ14381
OG0001149	coassemb64_007578-T1	jgi|Altal1|772789|CE772788_21290
OG0001149	coassemb64_007578-T1	jgi|Sclsc1|8603|SS1G_14026T0
OG0001149	coassemb64_007578-T1	jgi|Ascim1|187467|gw1.218.13.1
OG0001149	coassemb64_007578-T1	jgi|Morco1|391983|CE391982_16967
OG0001149	coassemb64_007578-T1	jgi|Artol1|667|AOL_s00006g7m.01
OG0001149	coassemb64_007578-T1	jgi|Monha1|2716|H072_2721m.01
OG0001149	coassemb64_007578-T1	jgi|Erypu1|908|transcript_POS83857
OG0001149	coassemb64_007578-T1	jgi|Clagr3|2140|CLAGR_002128-RA
OG0001149	coassemb64_007578-T1	coassemb378_002304-T1
OG0001149	coassemb64_007578-T1	jgi|Grascr1|10136|GST1_002783-RA
OG0001149	coassemb64_007578-T1	jgi|Dibbae1|3993|DIBA_007859-RA
OG0001149	coassemb64_007578-T1	jgi|Acastr1|124223|AST1_000841-RA
OG0001151	coassemb64_003162-T1	KAI9822247.1
OG0001151	coassemb64_003162-T1	KAI9718913.1
OG0001151	coassemb64_003162-T1	KAI9697977.1
OG0001151	coassemb64_003162-T1	GTX0486b100_000323-T1
OG0001151	coassemb64_003162-T1	jgi|Acastr1|123127|AST1_007645-RA
OG0001151	coassemb64_003162-T1	KAI9832549.1
OG0001151	coassemb64_003162-T1	jgi|Altal1|259158|CE259157_7689
OG0001151	coassemb64_003162-T1	KAI9749529.1
OG0001151	coassemb64_003162-T1	jgi|Grascr1|4738|GST1_002314-RA
OG0001151	coassemb64_003162-T1	jgi|Umbpus1|102653|LPUS_09235T0
OG0001151	coassemb64_003162-T1	coassemb376_001386-T1
OG0001151	coassemb64_003162-T1	coassemb378_011558-T1
OG0001151	coassemb64_003162-T1	jgi|Dibbae1|115|DIBA_000241-RA
OG0001151	coassemb64_003162-T1	CAF9909937.1
OG0001151	coassemb64_003162-T1	jgi|Clagr3|1182|CLAGR_001168-RA
OG0001151	coassemb64_003162-T1	KAI4099481.1
OG0001151	coassemb64_003162-T1	KAI4286925.1
OG0001151	coassemb64_003162-T1	KAI4223198.1
OG0001151	coassemb64_003162-T1	KAI4107825.1
OG0001151	coassemb64_003162-T1	GTX0494b19_007284-T1
OG0001151	coassemb64_003162-T1	FUN_009641_T1_FUN_009641
OG0001151	coassemb64_003162-T1	KAI4235797.1
OG0001151	coassemb64_003162-T1	jgi|Neucr_trp3_1|7632|Neucr2.NCU01210T0
OG0001159	coassemb64_005304-T1	jgi|Sclsc1|11022|SS1G_04051T0
OG0001161	coassemb64_007330-T1	coassemb378_003837-T1
OG0001161	coassemb64_007330-T1	jgi|Grascr1|10701|GST1_003867-RA
OG0001165	coassemb64_001951-T1	jgi|PseVKM4520_1|2149|transcript_KFZ17507
OG0001173	coassemb64_005631-T1	FUN_003555_T1_FUN_003555
OG0001184	coassemb64_003872-T1	jgi|PseVKM4520_1|7830|transcript_KFZ07710
OG0001190	coassemb64_008200-T1	jgi|EndpusZ1|2424|EPUS_02076T0
OG0001190	coassemb64_008200-T1	jgi|Dibbae1|12647|DIBA_003663-RA
OG0001190	coassemb64_008200-T1	jgi|Acastr1|123660|AST1_002976-RA
OG0001190	coassemb64_008200-T1	KAI9831705.1
OG0001191	coassemb64_003715-T1	jgi|Erypu1|6359|transcript_POS81739
OG0001191	coassemb64_007889-T1	jgi|Morco1|547704|fgenesh1_pg.43_#_83
OG0001196	coassemb64_003865-T1	jgi|Acastr1|124709|AST1_002374-RA
OG0001203	coassemb64_005724-T1	jgi|Clagr3|9146|CLAGR_009773-RA
OG0001214	coassemb64_007212-T1	coassemb378_006048-T1
OG0001214	coassemb64_007212-T1	KAI9717070.1
OG0001227	coassemb64_001320-T1	jgi|Artol1|4183|AOL_s00076g279m.01
OG0001227	coassemb64_001320-T1	jgi|Aspni_DSM_1|158193|An03g01800m.01
OG0001267	coassemb64_005320-T1	coassemb76_005710-T1
OG0001270	coassemb64_003068-T1	jgi|Sclsc1|2142|SS1G_08599T0
OG0001301	coassemb64_004535-T1	jgi|Fonmu1|10383|Z520_12249T0
OG0001301	coassemb64_005538-T1	jgi|Fonmu1|9777|Z520_12184T0
OG0001329	coassemb64_004927-T1	KAI4233996.1
OG0001338	coassemb64_003324-T1	jgi|Penexp1|6519|PEXP_077590T0
OG0001338	coassemb64_003324-T1	jgi|Aspni_DSM_1|160375|An07g01430m.01
OG0001338	coassemb64_003324-T1	jgi|Phach1|1883|rna1882
OG0001338	coassemb64_003324-T1	KAJ9653146.1
OG0001362	coassemb64_003509-T1, coassemb64_001521-T1	KAI9700632.1
OG0001394	coassemb64_002137-T1, coassemb64_006936-T1	jgi|Aspni_DSM_1|156376|An01g13570m.01
OG0001435	coassemb64_007869-T1	coassemb376_005892-T1
OG0001435	coassemb64_007869-T1	KAI4287589.1
OG0001454	coassemb64_007069-T1	coassemb376_007399-T1
OG0001473	coassemb64_007053-T1	jgi|Fusgr1|2642|FGSG_02304T0
OG0001489	coassemb64_007696-T1	coassemb376_006328-T1
OG0001489	coassemb64_007696-T1	coassemb378_010712-T1
OG0001497	coassemb64_002982-T1	jgi|Sclsc1|3190|SS1G_09646T0
OG0001497	coassemb64_002982-T1	jgi|Dibbae1|9770|DIBA_012322-RA
OG0001503	coassemb64_007541-T1	CAF9926446.1, CAF9926450.1
OG0001512	coassemb64_004496-T1	jgi|Sclsc1|6419|SS1G_01919T0
OG0001518	coassemb64_003024-T1, coassemb64_003457-T1	jgi|Penexp1|8657|PEXP_013540T0
OG0001529	coassemb64_004123-T1	jgi|Aspni_DSM_1|168268|An17g00540m.01
OG0001529	coassemb64_004123-T1	jgi|Erypu1|2656|transcript_POS86897
OG0001529	coassemb64_004123-T1	jgi|Sclsc1|9308|SS1G_02723T0
OG0001529	coassemb64_004123-T1	jgi|Fusgr1|6561|FGSG_12776T0
OG0001529	coassemb64_004123-T1	jgi|Neucr_trp3_1|6494|Neucr2.NCU07002T0
OG0001529	coassemb64_004123-T1	jgi|Podan3|203617|mRNA_2445
OG0001529	coassemb64_004123-T1	jgi|Altal1|990433|estExt_Genewise1Plus.C_12_t10134
OG0001529	coassemb64_004123-T1	KAI9672058.1
OG0001529	coassemb64_004123-T1	KAI9727174.1
OG0001529	coassemb64_004123-T1	jgi|Aurpu_var_mel1|63103|fgenesh1_pg.2_#_717
OG0001529	coassemb64_004123-T1	jgi|Aspni_DSM_1|168268|An17g00540m.01
OG0001529	coassemb64_004123-T1	jgi|Grascr1|318|GST1_006874-RA
OG0001529	coassemb64_004123-T1	KAI9825089.1
OG0001529	coassemb64_004123-T1	KAI9755980.1
OG0001529	coassemb64_004123-T1	KAI9832782.1
OG0001529	coassemb64_004123-T1	jgi|Acastr1|118874|AST1_008270-RA
OG0001529	coassemb64_004123-T1	jgi|Umbpus1|101487|LPUS_02829T0
OG0001529	coassemb64_004123-T1	coassemb376_001180-T1
OG0001529	coassemb64_004123-T1	CAF9920769.1
OG0001529	coassemb64_004123-T1	KAI4101981.1
OG0001529	coassemb64_004123-T1	KAI4285077.1
OG0001529	coassemb64_004123-T1	FUN_009263_T1_FUN_009263
OG0001529	coassemb64_004123-T1	GTX0494b19_003376-T1
OG0001529	coassemb64_004123-T1	KAI4221894.1
OG0001529	coassemb64_004123-T1	KAI4109110.1
OG0001529	coassemb64_004123-T1	KAI4233356.1
OG0001529	coassemb64_004123-T1	jgi|Dibbae1|3729|DIBA_008187-RA
OG0001529	coassemb64_004123-T1	jgi|Clagr3|8565|CLAGR_008621-RA
OG0001529	coassemb64_004123-T1	coassemb378_010418-T1
OG0001547	coassemb64_006283-T1	jgi|Neucr_trp3_1|2938|Neucr2.NCU05340T0
OG0001547	coassemb64_006283-T1	jgi|Capcor1|92468|A1O1_08892T0
OG0001557	coassemb64_004441-T1	jgi|Grascr1|7454|GST1_011072-RA
OG0001557	coassemb64_004441-T1	coassemb378_003608-T1
OG0001557	coassemb64_004441-T1	CAF9903127.1
OG0001557	coassemb64_004441-T1	jgi|Clagr3|950|CLAGR_000939-RA
OG0001557	coassemb64_004441-T1	coassemb376_000503-T1
OG0001557	coassemb64_004441-T1	KAI4230314.1
OG0001557	coassemb64_004441-T1	FUN_004623_T2_FUN_004623, FUN_004623_T1_FUN_004623
OG0001557	coassemb64_004441-T1	KAI4109794.1
OG0001557	coassemb64_004441-T1	GTX0494b19_001573-T1
OG0001557	coassemb64_004441-T1	KAI4228952.1
OG0001557	coassemb64_004441-T1	KAI4107341.1
OG0001557	coassemb64_004441-T1	KAI9722668.1
OG0001557	coassemb64_004441-T1	KAI4257118.1
OG0001572	coassemb64_001033-T1	KAI4289398.1
OG0001572	coassemb64_001033-T1	jgi|Clagr3|3038|CLAGR_002700-RA
OG0001580	coassemb64_002131-T1	KAI4287607.1
OG0001581	coassemb64_005434-T1	KAI9825660.1
OG0001618	coassemb64_003055-T1	jgi|Acastr1|119091|AST1_006272-RA
OG0001624	coassemb64_001354-T1	jgi|Sclsc1|5173|SS1G_11629T0
OG0001624	coassemb64_001354-T1	jgi|PseVKM4520_1|7991|transcript_KFZ24628
OG0001629	coassemb64_006912-T1	coassemb378_011141-T1
OG0001629	coassemb64_006912-T1	coassemb376_006443-T1
OG0001640	coassemb64_002804-T1	KAI4086500.1
OG0001669	coassemb64_006409-T1	jgi|Fusgr1|12287|FGSG_10624T0
OG0001702	coassemb64_005662-T1	GTX0486b100_005054-T1
OG0001702	coassemb64_005662-T1	KAI9839547.1
OG0001744	coassemb64_008364-T1	jgi|Umbpus1|99583|LPUS_06157T0
OG0001748	coassemb64_008183-T1	jgi|Monha1|5511|H072_5647m.01
OG0001752	coassemb64_007984-T1	jgi|Grascr1|3314|GST1_008158-RA
OG0001752	coassemb64_007656-T1	GTX0466b15_004743-T1
OG0001752	coassemb64_007656-T1	coassemb76_003337-T1
OG0001752	coassemb64_007656-T1	jgi|Fonmu1|5141|Z520_08952T0
OG0001752	coassemb64_007656-T1	jgi|Claba1|129908|Z519_08215T0
OG0001752	coassemb64_007656-T1	jgi|Capcor1|99317|A1O1_06489T0
OG0001752	coassemb64_007656-T1	jgi|Grascr1|3314|GST1_008158-RA
OG0001752	coassemb64_007656-T1	jgi|Grascr1|3314|GST1_008158-RA
OG0001764	coassemb64_007161-T1	jgi|Podan3|209159|mRNA_7987, jgi|Podan3|210190|mRNA_9018
OG0001768	coassemb64_007762-T1	KAI9700457.1
OG0001782	coassemb64_000698-T1	jgi|Acastr1|119261|AST1_001460-RA
OG0001783	coassemb64_006923-T1	coassemb376_000295-T1
OG0001783	coassemb64_006923-T1	jgi|Grascr1|1951|GST1_007620-RA
OG0001785	coassemb64_006662-T1	CAF9938587.1
OG0001841	coassemb64_004336-T1	jgi|Acastr1|123786|AST1_006423-RA
OG0001860	coassemb64_001221-T1	jgi|Aurpu_var_mel1|70521|fgenesh1_pg.47_#_5
OG0001860	coassemb64_001221-T1	coassemb378_011336-T1
OG0001873	coassemb64_001425-T1	jgi|PseVKM4520_1|4677|transcript_KFZ12996
OG0001889	coassemb64_000211-T1	KAI9651668.1
OG0001892	coassemb64_007051-T1	KAI9720200.1
OG0001900	coassemb64_008104-T1	jgi|Podan3|209699|mRNA_8527, jgi|Podan3|207569|mRNA_6397
OG0001900	coassemb64_008104-T1	CAF9932967.1, CAF9938707.1, CAF9938704.1
OG0001907	coassemb64_005617-T1	coassemb378_007129-T1
OG0001907	coassemb64_005617-T1	jgi|Fusgr1|4937|FGSG_12482T0
OG0001908	coassemb64_007512-T1	coassemb378_011231-T1
OG0001909	coassemb64_005063-T1	coassemb76_006671-T1
OG0001923	coassemb64_000688-T1	jgi|Grascr1|235|GST1_000509-RA
OG0001929	coassemb64_000113-T1	jgi|Grascr1|10011|GST1_004182-RA
OG0001932	coassemb64_000636-T1	jgi|Neucr_trp3_1|5863|Neucr2.NCU06385T0
OG0001935	coassemb64_002888-T1	jgi|Morco1|203785|CE203784_1176
OG0001950	coassemb64_008194-T1	jgi|Erypu1|5784|transcript_POS81829
OG0001955	coassemb64_001247-T1	KAI9837859.1
OG0001998	coassemb64_008335-T1	GTX0466b15_008598-T1
OG0001998	coassemb64_008335-T1	coassemb76_000610-T1
OG0001998	coassemb64_008335-T1	KAJ9658221.1
OG0001998	coassemb64_008335-T1	XP_008713401.1
OG0001998	coassemb64_008335-T1	jgi|Exoaq1|1328|A1O9_01333T0
OG0001998	coassemb64_008335-T1	jgi|PseVKM4520_1|4773|transcript_KFZ12787
OG0002008	coassemb64_004168-T1	coassemb376_004075-T1
OG0002021	coassemb64_000557-T1	jgi|Umbpus1|102516|LPUS_09074T0
OG0002035	coassemb64_006914-T1	coassemb376_006802-T1
OG0002081	coassemb64_004135-T1	jgi|Cocpo1_1|4033|XM_003068986.1
OG0002081	coassemb64_004135-T1	jgi|Aspni_DSM_1|156441|An01g14310m.01
OG0002081	coassemb64_004135-T1	jgi|Penexp1|5638|PEXP_110270T0
OG0002081	coassemb64_004135-T1	KAI9831021.1
OG0002081	coassemb64_004135-T1	KAI9721718.1
OG0002081	coassemb64_004135-T1	GTX0486b100_007697-T1
OG0002081	coassemb64_004135-T1	KAI9701040.1
OG0002081	coassemb64_004135-T1	KAI9827713.1
OG0002081	coassemb64_004135-T1	jgi|Acastr1|125871|AST1_004573-RA
OG0002081	coassemb64_004135-T1	coassemb376_001955-T1
OG0002081	coassemb64_004135-T1	KAI4227035.1
OG0002081	coassemb64_004135-T1	KAI4097251.1
OG0002081	coassemb64_004135-T1	KAI4221914.1
OG0002081	coassemb64_004135-T1	GTX0494b19_007221-T1
OG0002081	coassemb64_004135-T1	FUN_000249_T1_FUN_000249, FUN_000250_T1_FUN_000250
OG0002081	coassemb64_004135-T1	KAI4105707.1
OG0002081	coassemb64_004135-T1	KAI4290326.1
OG0002081	coassemb64_004135-T1	jgi|Umbpus1|101653|LPUS_08388T0
OG0002081	coassemb64_004135-T1	jgi|Clagr3|1505|CLAGR_002299-RA
OG0002081	coassemb64_004135-T1	CAF9943641.1
OG0002081	coassemb64_004135-T1	jgi|Grascr1|1009|GST1_001066-RA
OG0002081	coassemb64_004135-T1	coassemb378_004479-T1
OG0002081	coassemb64_004135-T1	jgi|Dibbae1|3926|DIBA_008644-RA
OG0002081	coassemb64_004135-T1	KAI9726524.1
OG0002081	coassemb64_004135-T1	jgi|Aurpu_var_mel1|55168|e_gw1.21.118.1
OG0002081	coassemb64_004135-T1	jgi|Altal1|955565|estExt_Genewise1.C_3_t20236
OG0002081	coassemb64_004135-T1	jgi|Morco1|573584|gm1.4360_g
OG0002081	coassemb64_004135-T1	jgi|Ascim1|419417|fgenesh1_RNNotator_kg.212_#_4_#_Locus2644v1rpkm61.25
OG0002081	coassemb64_004135-T1	jgi|Monha1|4742|H072_4844m.01
OG0002081	coassemb64_004135-T1	jgi|Artol1|7634|AOL_s00097g450m.01
OG0002081	coassemb64_004135-T1	jgi|Erypu1|1356|transcript_POS83532
OG0002081	coassemb64_004135-T1	jgi|Fusgr1|11577|FGSG_10000T0
OG0002081	coassemb64_004135-T1	jgi|Podan3|204151|mRNA_2979
OG0002081	coassemb64_004135-T1	jgi|Neucr_trp3_1|7760|Neucr2.NCU01330T0
OG0002081	coassemb64_004135-T1	jgi|PseVKM4520_1|3566|transcript_KFZ24950
OG0002081	coassemb64_004135-T1	jgi|Sclsc1|3801|SS1G_10257T0
OG0002119	coassemb64_003804-T1, coassemb64_003712-T1	coassemb378_007820-T1
OG0002141	coassemb64_004547-T1	jgi|Aspni_DSM_1|156977|An02g04530m.01
OG0002154	coassemb64_006399-T1	jgi|Sclsc1|8089|SS1G_13512T0
OG0002156	coassemb64_001233-T1	KAI9712472.1
OG0002199	coassemb64_008007-T1	GTX0486b100_006516-T1
OG0002214	coassemb64_004842-T1	coassemb378_011679-T1
OG0002226	coassemb64_002832-T1	jgi|Fusgr1|1996|FGSG_01733T0
OG0002226	coassemb64_005395-T1	jgi|Cocpo1_1|2613|XM_003067566.1
OG0002226	coassemb64_005395-T1	jgi|Exoaq1|3864|A1O9_11385T0
OG0002226	coassemb64_005395-T1	jgi|Fusgr1|1996|FGSG_01733T0
OG0002226	coassemb64_005395-T1	jgi|Fusgr1|1996|FGSG_01733T0
OG0002226	coassemb64_005395-T1	GTX0466b15_009438-T1
OG0002226	coassemb64_005395-T1	coassemb76_008406-T1
OG0002226	coassemb64_005395-T1	jgi|Aspni_DSM_1|160277|An07g00390m.01
OG0002238	coassemb64_003113-T1	jgi|Acastr1|123805|AST1_002833-RA
OG0002279	coassemb64_001007-T1	coassemb378_006065-T1
OG0002279	coassemb64_001007-T1	KAI9715989.1
OG0002283	coassemb64_003290-T1	jgi|Sclsc1|13646|SS1G_06675T0
OG0002345	coassemb64_007122-T1	coassemb378_002074-T1
OG0002355	coassemb64_005545-T1	KAI4209376.1
OG0002367	coassemb64_000982-T1	jgi|Fusgr1|5161|FGSG_12527T0
OG0002373	coassemb64_001532-T1	FUN_005923_T1_FUN_005923
OG0002458	coassemb64_006436-T1	CAF9922504.1
OG0002468	coassemb64_002119-T1	KAI9726638.1
OG0002468	coassemb64_002119-T1	KAI9670984.1
OG0002468	coassemb64_002119-T1	jgi|Altal1|953651|estExt_Genewise1.C_1_t50282
OG0002468	coassemb64_002119-T1	jgi|Aurpu_var_mel1|53722|e_gw1.18.78.1
OG0002468	coassemb64_002119-T1	GTX0486b100_000933-T1
OG0002468	coassemb64_002119-T1	KAI9724841.1
OG0002468	coassemb64_002119-T1	KAI9707438.1
OG0002468	coassemb64_002119-T1	KAI9839127.1
OG0002468	coassemb64_002119-T1	KAI4108525.1
OG0002468	coassemb64_002119-T1	KAI4288857.1
OG0002468	coassemb64_002119-T1	KAI4225502.1
OG0002468	coassemb64_002119-T1	KAI4099822.1
OG0002468	coassemb64_002119-T1	GTX0494b19_002950-T1
OG0002468	coassemb64_002119-T1	FUN_001567_T1_FUN_001567, FUN_001567_T2_FUN_001567
OG0002468	coassemb64_002119-T1	KAI4230527.1
OG0002468	coassemb64_002119-T1	jgi|Clagr3|4120|CLAGR_004192-RA
OG0002468	coassemb64_002119-T1	CAF9919636.1
OG0002468	coassemb64_002119-T1	jgi|Umbpus1|103571|LPUS_10208T0
OG0002468	coassemb64_002119-T1	jgi|Acastr1|122032|AST1_003100-RA
OG0002468	coassemb64_002119-T1	jgi|Grascr1|1502|GST1_008530-RA
OG0002468	coassemb64_002119-T1	jgi|Dibbae1|5768|DIBA_002033-RA
OG0002468	coassemb64_002119-T1	KAI9750845.1
OG0002468	coassemb64_002119-T1	jgi|Artol1|6758|AOL_s00083g228m.01
OG0002468	coassemb64_002119-T1	jgi|Monha1|2082|H072_2086m.01
OG0002468	coassemb64_002119-T1	jgi|Ascim1|312615|fgenesh1_pg.138_#_8
OG0002468	coassemb64_002119-T1	jgi|Morco1|570520|gm1.1296_g
OG0002468	coassemb64_002119-T1	GTX0494b19_002949-T1
OG0002468	coassemb64_002119-T1	GTX0494b19_002949-T1
OG0002488	coassemb64_003175-T1	jgi|Acastr1|125060|AST1_002012-RA
OG0002553	coassemb64_007270-T1	coassemb376_006157-T1
OG0002676	coassemb64_000873-T1	KAI9831149.1
OG0002676	coassemb64_000873-T1	coassemb376_003947-T1
OG0002682	coassemb64_000510-T1	jgi|Erypu1|5639|transcript_POS81857
OG0002705	coassemb64_005332-T1	KAI4286705.1
OG0002718	coassemb64_002777-T1	jgi|PseVKM4520_1|2517|transcript_KFZ16823
OG0002718	coassemb64_002777-T1	jgi|Sclsc1|5458|SS1G_12241T0
OG0002718	coassemb64_002777-T1	jgi|Podan3|202352|mRNA_1180
OG0002718	coassemb64_002777-T1	jgi|Neucr_trp3_1|1166|Neucr2.NCU03124T0
OG0002718	coassemb64_002777-T1	jgi|Fusgr1|802|FGSG_00677T0
OG0002718	coassemb64_002777-T1	jgi|Erypu1|2284|transcript_POS82963
OG0002718	coassemb64_002777-T1	KAI9668858.1
OG0002718	coassemb64_002777-T1	KAI9723170.1
OG0002718	coassemb64_002777-T1	KAI9835710.1
OG0002718	coassemb64_002777-T1	jgi|Grascr1|1281|GST1_006664-RA
OG0002718	coassemb64_002777-T1	coassemb378_000307-T1
OG0002718	coassemb64_002777-T1	KAI9813371.1
OG0002718	coassemb64_002777-T1	jgi|Umbpus1|104145|LPUS_10843T0
OG0002718	coassemb64_002777-T1	KAI9698482.1
OG0002718	coassemb64_002777-T1	GTX0486b100_007173-T1
OG0002718	coassemb64_002777-T1	jgi|Acastr1|124832|AST1_003868-RA
OG0002718	coassemb64_002777-T1	jgi|Dibbae1|1994|DIBA_007454-RA
OG0002718	coassemb64_002777-T1	CAF9928089.1
OG0002718	coassemb64_002777-T1	jgi|Clagr3|747|CLAGR_000737-RA
OG0002718	coassemb64_002777-T1	coassemb376_000312-T1
OG0002718	coassemb64_002777-T1	KAI4286810.1
OG0002718	coassemb64_002777-T1	KAI4105862.1
OG0002718	coassemb64_002777-T1	KAI4101414.1
OG0002718	coassemb64_002777-T1	FUN_001110_T1_FUN_001110
OG0002718	coassemb64_002777-T1	KAI4232400.1
OG0002718	coassemb64_002777-T1	GTX0494b19_005125-T1
OG0002718	coassemb64_002777-T1	KAI4228105.1
OG0002718	coassemb64_002777-T1	KAI9748847.1
OG0002760	coassemb64_000787-T1	jgi|Monha1|5677|H072_5862m.01
OG0002767	coassemb64_005295-T1	coassemb378_001833-T1
OG0002769	coassemb64_008189-T1	KAI4232683.1
OG0002870	coassemb64_002925-T1	CAF9925069.1, CAF9904013.1
OG0002884	coassemb64_008411-T1	jgi|Umbpus1|99828|LPUS_06401T0
OG0002915	coassemb64_001969-T1, coassemb64_002970-T1	jgi|Podan3|210066|mRNA_8894
OG0002940	coassemb64_002535-T1	GTX0486b100_003671-T1
OG0002940	coassemb64_002535-T1	KAI9704863.1
OG0002940	coassemb64_002535-T1	KAI9720250.1
OG0002940	coassemb64_002535-T1	coassemb378_004191-T1
OG0002940	coassemb64_002535-T1	KAI4101452.1
OG0002940	coassemb64_002535-T1	jgi|Dibbae1|3179|DIBA_006505-RA
OG0002940	coassemb64_002535-T1	jgi|Clagr3|6045|CLAGR_005096-RA
OG0002940	coassemb64_002535-T1	jgi|Acastr1|122944|AST1_008080-RA
OG0002940	coassemb64_002535-T1	CAF9940487.1
OG0002940	coassemb64_002535-T1	jgi|Umbpus1|104798|LPUS_11623T0
OG0002940	coassemb64_002535-T1	KAI4110541.1
OG0002940	coassemb64_002535-T1	KAI4230462.1
OG0002940	coassemb64_002535-T1	FUN_006685_T1_FUN_006685
OG0002940	coassemb64_002535-T1	GTX0494b19_002669-T1
OG0002940	coassemb64_002535-T1	KAI4234201.1
OG0002940	coassemb64_002535-T1	KAI4265487.1
OG0002940	coassemb64_002535-T1	jgi|Acastr1|122943|AST1_008079-RA
OG0002940	coassemb64_002535-T1	jgi|Acastr1|122943|AST1_008079-RA
OG0002965	coassemb64_000056-T1	GTX0466b15_002243-T1
OG0002986	coassemb64_005294-T1	KAI9717607.1
OG0003046	coassemb64_000147-T1	jgi|Umbpus1|106843|LPUS_05054T0
OG0003218	coassemb64_001940-T1	jgi|Umbpus1|101609|LPUS_08336T0
OG0003289	coassemb64_006919-T1	coassemb76_004571-T1
OG0003398	coassemb64_005160-T1	jgi|Fusgr1|12761|FGSG_10917T0
OG0003398	coassemb64_005159-T1	jgi|Neucr_trp3_1|10102|Neucr2.NCU06117T0
OG0003398	coassemb64_005159-T1	jgi|Podan3|208877|mRNA_7705
OG0003398	coassemb64_005159-T1	jgi|Fusgr1|8080|FGSG_06990T0
OG0003398	coassemb64_005159-T1	jgi|Sclsc1|11744|SS1G_04773T0
OG0003398	coassemb64_005159-T1	jgi|Podan3|207063|mRNA_5891
OG0003398	coassemb64_005159-T1	jgi|Podan3|207063|mRNA_5891
OG0003398	coassemb64_005159-T1	jgi|Dibbae1|1747|DIBA_006330-RA
OG0003398	coassemb64_005159-T1	jgi|Acastr1|126383|AST1_002472-RA
OG0003398	coassemb64_005159-T1	jgi|Grascr1|2263|GST1_007038-RA
OG0003398	coassemb64_005159-T1	KAI4260686.1
OG0003398	coassemb64_005159-T1	jgi|Aspni_DSM_1|156369|An01g13500m.01, jgi|Aspni_DSM_1|162237|An08g09830m.01, jgi|Aspni_DSM_1|157579|An02g10630m.01
OG0003398	coassemb64_005159-T1	jgi|Altal1|1014888|fgenesh1_pg.45_#_2
OG0003422	coassemb64_006408-T1	jgi|Grascr1|6991|GST1_002829-RA
OG0003465	coassemb64_003213-T1	jgi|Grascr1|8572|GST1_003093-RA
OG0003465	coassemb64_003213-T1	jgi|Acastr1|126311|AST1_007276-RA
OG0003488	coassemb64_006878-T1	jgi|Neucr_trp3_1|1223006|e_gw1.223.19.1
OG0003493	coassemb64_004541-T1	coassemb376_007882-T1
OG0003534	coassemb64_004582-T1	KAI9724968.1
OG0003578	coassemb64_007099-T1	jgi|Fusgr1|5216|FGSG_02990T0
OG0003689	coassemb64_007483-T1	jgi|Clagr3|7431|CLAGR_007028-RA
OG0003750	coassemb64_005232-T1	jgi|Umbpus1|101693|LPUS_08431T0
OG0003752	coassemb64_006050-T1	jgi|Umbpus1|101274|LPUS_08013T0
OG0003775	coassemb64_003441-T1	jgi|Umbpus1|102243|LPUS_08996T0
OG0003794	coassemb64_002801-T1	KAI9817910.1
OG0003880	coassemb64_000022-T1	jgi|Umbpus1|105574|LPUS_12582T0
OG0003885	coassemb64_008014-T1	jgi|Acastr1|126374|AST1_002463-RA
OG0003946	coassemb64_004538-T1	jgi|Clagr3|10978|CLAGR_010969-RA
OG0004124	coassemb64_002543-T1	jgi|Grascr1|7304|GST1_010154-RA
OG0004264	coassemb64_001864-T1	coassemb378_011412-T1
OG0004369	coassemb64_005073-T1	jgi|Morco1|534707|fgenesh1_kg.17_#_43_#_Locus16834v1rpkm0.80
OG0004419	coassemb64_003759-T1	jgi|Acastr1|121195|AST1_003133-RA
OG0004435	coassemb64_002990-T1	GTX0486b100_006750-T1
OG0004527	coassemb64_005414-T1, coassemb64_008352-T1	KAI9652523.1
OG0004648	coassemb64_005715-T1	jgi|Fonmu1|3939|Z520_08576T0
OG0004739	coassemb64_004055-T1	jgi|Umbpus1|101492|LPUS_08193T0
OG0004760	coassemb64_007859-T1	jgi|Artol1|5540|AOL_s00079g314m.01
OG0004778	coassemb64_005030-T1	coassemb378_004240-T1
OG0004883	coassemb64_000259-T1	jgi|Umbpus1|100491|LPUS_07141T0, jgi|Umbpus1|105761|LPUS_00196T0
OG0004883	coassemb64_000259-T1	jgi|Phach1|2614|rna2613
OG0004883	coassemb64_000259-T1	KAI9659214.1
OG0004883	coassemb64_000259-T1	jgi|Altal1|913477|gw1.15.768.1
OG0004907	coassemb64_005021-T1	jgi|Umbpus1|102915|LPUS_09505T0
OG0004951	coassemb64_001966-T1	jgi|Acastr1|127638|AST1_004262-RA
OG0005015	coassemb64_003011-T1	GTX0466b15_000133-T1
OG0005075	coassemb64_007044-T1	jgi|Grascr1|10864|GST1_000957-RA
OG0005228	coassemb64_007530-T1	jgi|Monha1|8323|H072_8618m.01
OG0005312	coassemb64_002979-T1	jgi|Altal1|957071|estExt_Genewise1.C_4_t30029
OG0005312	coassemb64_007542-T1	jgi|Altal1|1062038|gm1.6273_g
OG0005342	coassemb64_008010-T1, coassemb64_008517-T1, coassemb64_007896-T1	jgi|Fusgr1|1869|FGSG_11980T0
OG0005343	coassemb64_004512-T1	coassemb376_004507-T1
OG0005352	coassemb64_005839-T1	KAJ9650446.1
OG0005366	coassemb64_003932-T1	KAI4231955.1
OG0005391	coassemb64_007576-T1	jgi|Aspni_DSM_1|155726|An01g06850m.01
OG0005425	coassemb64_004960-T1	jgi|Phach1|1154|rna1153
OG0005427	coassemb64_004691-T1	KAI9814970.1
OG0005485	coassemb64_007365-T1	coassemb76_008192-T1
OG0005485	coassemb64_007365-T1	jgi|Exoaq1|4650|A1O9_02169T0
OG0005485	coassemb64_007365-T1	KAI4224289.1
OG0005485	coassemb64_007365-T1	FUN_002540_T1_FUN_002540
OG0005485	coassemb64_007365-T1	KAI4221159.1
OG0005485	coassemb64_007365-T1	GTX0494b19_003568-T1
OG0005485	coassemb64_007365-T1	KAI4097006.1
OG0005485	coassemb64_007365-T1	jgi|Fusgr1|9025|FGSG_07797T0
OG0005485	coassemb64_007365-T1	XP_008719450.1, XP_008721102.1
OG0005485	coassemb64_007365-T1	jgi|Exoaq1|4650|A1O9_02169T0
OG0005505	coassemb64_000292-T1	jgi|Acastr1|123637|AST1_009027-RA
OG0005605	coassemb64_003773-T1	GTX0486b100_008523-T1
OG0005605	coassemb64_003773-T1	jgi|Acastr1|127680|AST1_003414-RA
OG0005605	coassemb64_003773-T1	jgi|Clagr3|4725|CLAGR_008066-RA
OG0005605	coassemb64_003773-T1	jgi|Dibbae1|9935|DIBA_002365-RA
OG0005605	coassemb64_003773-T1	KAI4222406.1
OG0005605	coassemb64_003773-T1	KAI4095417.1
OG0005605	coassemb64_003773-T1	KAI4235247.1
OG0005605	coassemb64_003773-T1	GTX0494b19_004909-T1
OG0005605	coassemb64_003773-T1	FUN_002919_T1_FUN_002919
OG0005605	coassemb64_003773-T1	KAI4288199.1
OG0005605	coassemb64_003773-T1	coassemb376_000193-T1
OG0005605	coassemb64_003773-T1	jgi|Sclsc1|7478|SS1G_12901T0
OG0005605	coassemb64_003773-T1	jgi|Grascr1|8860|GST1_010712-RA
OG0005605	coassemb64_003773-T1	coassemb378_006403-T1
OG0005605	coassemb64_003773-T1	GTX0486b100_008523-T1
OG0005605	coassemb64_003773-T1	jgi|Umbpus1|105843|LPUS_01983T0
OG0005605	coassemb64_003773-T1	CAF9928856.1
OG0005605	coassemb64_003773-T1	KAI4103696.1
OG0005642	coassemb64_008614-T1	jgi|Grascr1|5566|GST1_001888-RA
OG0005662	coassemb64_002403-T1	CAF9941370.1
OG0005662	coassemb64_002403-T1	KAI9719829.1
OG0005662	coassemb64_002403-T1	jgi|Grascr1|2591|GST1_006896-RA
OG0005703	coassemb64_001383-T1	jgi|Neucr_trp3_1|5771|Neucr2.NCU07660T0
OG0005703	coassemb64_001383-T1	jgi|Penexp1|5410|PEXP_058710T0
OG0005825	coassemb64_000421-T1	KAI9705914.1
OG0005835	coassemb64_004532-T1	jgi|Capcor1|101392|A1O1_08583T0
OG0005850	coassemb64_007553-T1	jgi|Clagr3|11036|CLAGR_010911-RA
OG0005966	coassemb64_002440-T1, coassemb64_005978-T1, coassemb64_005034-T1, coassemb64_002441-T1, coassemb64_001490-T1	jgi|Grascr1|2308|GST1_009053-RA
OG0005966	coassemb64_002440-T1, coassemb64_005978-T1, coassemb64_005034-T1	CAF9936865.1
OG0005966	coassemb64_002441-T1, coassemb64_001490-T1	CAF9933811.1
OG0005978	coassemb64_002223-T1	coassemb376_005815-T1
OG0006003	coassemb64_005363-T1	coassemb378_011469-T1
OG0006137	coassemb64_007037-T1	jgi|Grascr1|745|GST1_008999-RA
OG0006292	coassemb64_003957-T1	KAI4228881.1
OG0006309	coassemb64_004344-T1	coassemb378_008913-T1
OG0006312	coassemb64_003826-T1	coassemb378_011409-T1
OG0006313	coassemb64_003044-T1	GTX0486b100_008052-T1
OG0006502	coassemb64_002107-T1	jgi|Fusgr1|5160|FGSG_03039T0
OG0006530	coassemb64_007160-T1	jgi|Grascr1|2299|GST1_009044-RA
OG0006584	coassemb64_000676-T1	jgi|Exoaq1|9369|A1O9_05797T0, jgi|Exoaq1|7606|A1O9_04137T0
OG0006601	coassemb64_008609-T1	coassemb378_010661-T1
OG0006706	coassemb64_003206-T1	jgi|PseVKM4520_1|7958|transcript_KFZ24649
OG0006706	coassemb64_003206-T1	KAI9839473.1
OG0006706	coassemb64_003206-T1	jgi|Fonmu1|10545|Z520_03746T0
OG0006706	coassemb64_003206-T1	jgi|Fonmu1|10545|Z520_03746T0
OG0006758	coassemb64_002200-T1	jgi|Artol1|5650|AOL_s00079g424m.01
OG0006759	coassemb64_004766-T1	CAF9925470.1
OG0006766	coassemb64_000257-T1	jgi|Exoaq1|2630|A1O9_10154T0
OG0006860	coassemb64_001549-T1	jgi|Penexp1|61|PEXP_021520T0
OG0006945	coassemb64_000049-T1	GTX0466b15_003812-T1
OG0006954	coassemb64_002060-T1	jgi|Fonmu1|10251|Z520_03649T0
OG0006958	coassemb64_004257-T1	jgi|Exoaq1|2779|A1O9_10304T0
OG0007133	coassemb64_006249-T1	jgi|EndpusZ1|3573|EPUS_06847T0
OG0007133	coassemb64_006249-T1	jgi|Capcor1|95867|A1O1_03009T0
OG0007133	coassemb64_006249-T1	jgi|Aspni_DSM_1|158975|An04g02850m.01
OG0007133	coassemb64_006249-T1	jgi|Fusgr1|930|FGSG_11824T0
OG0007133	coassemb64_006249-T1	jgi|Penexp1|8297|PEXP_076000T0
OG0007133	coassemb64_006249-T1	jgi|Dibbae1|3577|DIBA_005990-RA
OG0007133	coassemb64_006249-T1	jgi|Acastr1|126180|AST1_001639-RA
OG0007133	coassemb64_006249-T1	jgi|Umbpus1|107110|LPUS_05358T0
OG0007133	coassemb64_006249-T1	jgi|Clagr3|4496|CLAGR_005008-RA
OG0007133	coassemb64_006249-T1	jgi|PseVKM4520_1|8850|transcript_KFZ03910
OG0007133	coassemb64_006249-T1	jgi|Monha1|10721|H072_11411m.01
OG0007133	coassemb64_006249-T1	jgi|Artol1|11469|AOL_s00215g916m.01
OG0007290	coassemb64_003996-T1	jgi|PseVKM4520_1|1308|transcript_KFZ19197
OG0007306	coassemb64_007532-T1	jgi|Exoaq1|11608|A1O9_07944T0
OG0007306	coassemb64_007532-T1	KAJ9659601.1
OG0007306	coassemb64_007532-T1	jgi|Aspni_DSM_1|160209|An06g02420m.01
OG0007306	coassemb64_007532-T1	jgi|Claba1|129356|Z519_07659T0
OG0007320	coassemb64_007810-T1	jgi|Podan3|202203|mRNA_1031
OG0007357	coassemb64_007954-T1	jgi|Morco1|515957|estExt_Genewise1Plus.C_3_t10073
OG0007420	coassemb64_006384-T1	jgi|PseVKM4520_1|6948|transcript_KFZ09051
OG0007449	coassemb64_005957-T1	jgi|Acastr1|124889|AST1_006981-RA
OG0007449	coassemb64_005957-T1	KAI9724608.1
OG0007449	coassemb64_005957-T1	jgi|Grascr1|6382|GST1_011702-RA
OG0007449	coassemb64_005957-T1	jgi|Penexp1|8910|PEXP_081620T0
OG0007449	coassemb64_005957-T1	jgi|Aspni_DSM_1|164286|An11g10800m.01
OG0007449	coassemb64_005957-T1	coassemb378_003591-T1
OG0007449	coassemb64_005957-T1	KAI9669334.1
OG0007449	coassemb64_005957-T1	jgi|PseVKM4520_1|4625|transcript_KFZ24816
OG0007714	coassemb64_003583-T1	jgi|Podan3|207866|mRNA_6694
OG0007763	coassemb64_004753-T1	jgi|Aspni_DSM_1|156541|An02g00160m.01
OG0007857	coassemb64_004475-T1	KAI4218735.1
OG0008350	coassemb64_000769-T1	coassemb378_005020-T1
OG0008476	coassemb64_002166-T1	jgi|Grascr1|3933|GST1_001530-RA
OG0008476	coassemb64_002166-T1	jgi|Capcor1|101389|A1O1_08580T0
OG0008476	coassemb64_002166-T1	coassemb76_007576-T1
OG0008476	coassemb64_002166-T1	GTX0466b15_001427-T1
