Orthogroup	coassembly.bin.376.proteins	Other
OG0000000	coassemb376_006530-T1, coassemb376_007778-T1	KAI4090072.1
OG0000000	coassemb376_006530-T1, coassemb376_007778-T1	jgi|EndpusZ1|3758|EPUS_07130T0
OG0000002	coassemb376_006391-T1	jgi|EndpusZ1|4163|EPUS_04808T0
OG0000004	coassemb376_002779-T1	jgi|Exoaq1|11121|A1O9_07456T0
OG0000004	coassemb376_001101-T1	jgi|Claba1|133761|Z519_11161T0
OG0000010	coassemb376_006395-T1	CAF9932876.1
OG0000014	coassemb376_007198-T1	jgi|Penexp1|10961|PEXP_021950T0
OG0000014	coassemb376_007198-T1	jgi|EndpusZ1|5016|EPUS_06527T0
OG0000015	coassemb376_002605-T1, coassemb376_004837-T1, coassemb376_000920-T1, coassemb376_006515-T1	jgi|Penexp1|3668|PEXP_085500T0
OG0000015	coassemb376_002605-T1, coassemb376_004837-T1, coassemb376_000920-T1, coassemb376_006515-T1	jgi|Aspni_DSM_1|159833|An05g01120m.01, jgi|Aspni_DSM_1|163216|An10g00660m.01, jgi|Aspni_DSM_1|162661|An09g02000m.01
OG0000015	coassemb376_002605-T1, coassemb376_004837-T1, coassemb376_000920-T1, coassemb376_006515-T1	jgi|Cocpo1_1|2685|XM_003067638.1
OG0000023	coassemb376_002442-T1, coassemb376_002570-T1	KAI9823564.1
OG0000029	coassemb376_005345-T1	coassemb64_007229-T1
OG0000033	coassemb376_006317-T1	jgi|Grascr1|7426|GST1_012003-RA
OG0000033	coassemb376_005217-T1	jgi|Grascr1|7424|GST1_012001-RA
OG0000033	coassemb376_005217-T1	coassemb378_000587-T1
OG0000037	coassemb376_004787-T1	jgi|Aspni_DSM_1|161592|An08g03300m.01
OG0000037	coassemb376_004787-T1	jgi|PseVKM4520_1|10891|transcript_KFZ23487
OG0000037	coassemb376_003261-T1	jgi|Aspni_DSM_1|162551|An09g00850m.01
OG0000038	coassemb376_006210-T1	jgi|Aspni_DSM_1|168541|An18g00910m.01
OG0000038	coassemb376_006118-T1	jgi|Dibbae1|6222|DIBA_009290-RA
OG0000056	coassemb376_001664-T1	jgi|Sclsc1|366|SS1G_00366T0
OG0000056	coassemb376_001664-T1	jgi|Aspni_DSM_1|159920|An05g02070m.01
OG0000057	coassemb376_001135-T1	jgi|Fusgr1|2767|FGSG_12134T0, jgi|Fusgr1|3417|FGSG_04581T0
OG0000057	coassemb376_001135-T1	FUN_005600_T1_FUN_005600
OG0000061	coassemb376_005542-T1	jgi|Penexp1|1729|PEXP_074030T0
OG0000066	coassemb376_005483-T1	jgi|Phach1|1394|rna1393
OG0000072	coassemb376_004115-T1, coassemb376_001156-T1	jgi|Aspni_DSM_1|167721|An16g04250m.01
OG0000074	coassemb376_001531-T1	jgi|Penexp1|5556|PEXP_098000T0, jgi|Penexp1|8745|PEXP_014590T0
OG0000074	coassemb376_001531-T1	jgi|Phach1|309|rna308
OG0000074	coassemb376_001531-T1	KAI9717339.1, KAI9710432.1
OG0000074	coassemb376_001531-T1	jgi|Clagr3|11264|CLAGR_011075-RA
OG0000074	coassemb376_001531-T1	jgi|Clagr3|11264|CLAGR_011075-RA
OG0000074	coassemb376_001531-T1	jgi|Grascr1|11787|GST1_005911-RA
OG0000074	coassemb376_001531-T1	KAI4219960.1
OG0000074	coassemb376_001531-T1	jgi|Aurpu_var_mel1|54988|e_gw1.21.117.1
OG0000074	coassemb376_001531-T1	coassemb378_009424-T1
OG0000074	coassemb376_001531-T1	XP_008713838.1
OG0000074	coassemb376_001531-T1	jgi|PseVKM4520_1|11051|transcript_KFZ23354, jgi|PseVKM4520_1|7332|transcript_KFZ24697
OG0000074	coassemb376_001531-T1	KAI9719099.1
OG0000074	coassemb376_001531-T1	jgi|Dibbae1|7724|DIBA_010070-RA
OG0000081	coassemb376_006338-T1	KAI4236998.1
OG0000086	coassemb376_002026-T1	jgi|Penexp1|5865|PEXP_011740T0
OG0000086	coassemb376_002026-T1	jgi|Aspni_DSM_1|165990|An14g02050m.01
OG0000089	coassemb376_001997-T1	jgi|Exoaq1|3473|A1O9_10992T0
OG0000091	coassemb376_005999-T1, coassemb376_003112-T1	coassemb76_008068-T1
OG0000092	coassemb376_007055-T1, coassemb376_002249-T1	jgi|Podan3|203432|mRNA_2260
OG0000093	coassemb376_000159-T1, coassemb376_005536-T1	jgi|Dibbae1|3763|DIBA_009047-RA
OG0000100	coassemb376_007318-T1	jgi|Phach1|1069|rna1068
OG0000100	coassemb376_007318-T1	jgi|Exoaq1|13082|A1O9_09368T0
OG0000100	coassemb376_007318-T1	jgi|Fonmu1|11485|Z520_04690T0
OG0000100	coassemb376_007318-T1	jgi|Claba1|132506|Z519_10826T0
OG0000101	coassemb376_004011-T1, coassemb376_001871-T1	jgi|Aspni_DSM_1|165047|An12g07490m.01
OG0000101	coassemb376_004011-T1, coassemb376_001871-T1	KAI9659590.1
OG0000112	coassemb376_001693-T1	jgi|Exoaq1|6159|A1O9_11960T0
OG0000115	coassemb376_004822-T1	jgi|Exoaq1|11438|A1O9_07774T0
OG0000115	coassemb376_004822-T1	jgi|Clagr3|7930|CLAGR_008371-RA
OG0000117	coassemb376_003880-T1	jgi|Aurpu_var_mel1|14799|gw1.4.622.1
OG0000117	coassemb376_003880-T1	jgi|Aspni_DSM_1|155502|An01g04560m.01
OG0000117	coassemb376_003880-T1	jgi|Penexp1|4762|PEXP_048880T0
OG0000117	coassemb376_003880-T1	CAF9927162.1
OG0000117	coassemb376_003880-T1	jgi|Phach1|6815|rna6814
OG0000118	coassemb376_001023-T1, coassemb376_002821-T1	jgi|EndpusZ1|1884|EPUS_03253T0
OG0000119	coassemb376_003264-T1	jgi|Acastr1|126338|AST1_002427-RA
OG0000125	coassemb376_001759-T1	jgi|Dibbae1|6490|DIBA_008349-RA
OG0000126	coassemb376_003660-T1	coassemb76_010089-T1
OG0000126	coassemb376_003660-T1	jgi|Grascr1|3178|GST1_002108-RA
OG0000127	coassemb376_002939-T1	jgi|Dibbae1|590|DIBA_005828-RA
OG0000127	coassemb376_002939-T1	jgi|Grascr1|8304|GST1_003215-RA
OG0000127	coassemb376_002939-T1	GTX0466b15_001191-T1
OG0000127	coassemb376_002939-T1	jgi|Acastr1|123378|AST1_006642-RA
OG0000131	coassemb376_001038-T1	KAI9653286.1
OG0000131	coassemb376_001038-T1	jgi|Aurpu_var_mel1|63718|fgenesh1_pg.4_#_55, jgi|Aurpu_var_mel1|56530|e_gw1.24.372.1
OG0000151	coassemb376_002954-T1	jgi|PseVKM4520_1|10168|transcript_KFZ24155
OG0000151	coassemb376_002954-T1	KAI9719401.1
OG0000157	coassemb376_005668-T1	KAI9715689.1
OG0000165	coassemb376_002455-T1	KAI9708569.1
OG0000169	coassemb376_003211-T1	KAI4232071.1
OG0000173	coassemb376_004187-T1	coassemb64_001760-T1
OG0000173	coassemb376_004187-T1	jgi|EndpusZ1|766|EPUS_01327T0, jgi|EndpusZ1|6019|EPUS_06714T0, jgi|EndpusZ1|1022|EPUS_04600T0
OG0000177	coassemb376_005520-T1	jgi|Aurpu_var_mel1|88715|gm1.9111_g
OG0000181	coassemb376_000637-T1	CAF9937712.1
OG0000181	coassemb376_000637-T1	jgi|Fonmu1|11781|Z520_04986T0
OG0000200	coassemb376_003842-T1	jgi|Fusgr1|3068|FGSG_02688T0, jgi|Fusgr1|4515|FGSG_12409T0
OG0000201	coassemb376_003668-T1, coassemb376_003726-T1	coassemb378_001789-T1
OG0000213	coassemb376_003910-T1	jgi|Claba1|136825|Z519_03359T0
OG0000217	coassemb376_006830-T1	jgi|Grascr1|9385|GST1_011897-RA
OG0000238	coassemb376_004624-T1	jgi|Aurpu_var_mel1|49698|e_gw1.11.49.1
OG0000238	coassemb376_004624-T1	jgi|Altal1|1057710|gm1.1945_g
OG0000239	coassemb376_005335-T1	jgi|Capcor1|94518|A1O1_01656T0
OG0000250	coassemb376_004632-T1	KAI9712898.1
OG0000253	coassemb376_001157-T1, coassemb376_005221-T1	GTX0466b15_004827-T1
OG0000253	coassemb376_005221-T1	XP_008717279.1
OG0000262	coassemb376_004014-T1	coassemb64_006437-T1
OG0000262	coassemb376_006722-T1	jgi|Cocpo1_1|6468|XM_003071421.1
OG0000262	coassemb376_006722-T1	jgi|Fonmu1|2351|Z520_06984T0, jgi|Fonmu1|3005|Z520_07641T0
OG0000262	coassemb376_006722-T1	jgi|Claba1|134333|Z519_11735T0
OG0000262	coassemb376_006722-T1	CAF9934213.1
OG0000262	coassemb376_006722-T1	jgi|Clagr3|10580|CLAGR_010462-RA
OG0000262	coassemb376_006722-T1	jgi|Sclsc1|14151|SS1G_07180T0
OG0000279	coassemb376_001062-T1, coassemb376_006614-T1	jgi|Neucr_trp3_1|6469|Neucr2.NCU06980T0
OG0000283	coassemb376_007093-T1	jgi|Phach1|5307|rna5306
OG0000283	coassemb376_007093-T1	jgi|Exoaq1|3680|A1O9_11200T0
OG0000283	coassemb376_007093-T1	jgi|Capcor1|99333|A1O1_06505T0
OG0000283	coassemb376_007093-T1	jgi|Claba1|137317|Z519_03843T0
OG0000283	coassemb376_007093-T1	jgi|Fonmu1|8323|Z520_11298T0
OG0000283	coassemb376_007093-T1	GTX0466b15_005967-T1
OG0000283	coassemb376_007093-T1	XP_008712409.1
OG0000283	coassemb376_007093-T1	KAJ9658966.1
OG0000283	coassemb376_007093-T1	jgi|EndpusZ1|5791|EPUS_05980T0
OG0000283	coassemb376_007093-T1	coassemb64_005802-T1
OG0000283	coassemb376_007093-T1	coassemb378_010211-T1
OG0000286	coassemb376_007063-T1	jgi|Fonmu1|5538|Z520_09351T0
OG0000293	coassemb376_005717-T1	coassemb378_002291-T1
OG0000308	coassemb376_007308-T1	jgi|Capcor1|93137|A1O1_00267T0
OG0000313	coassemb376_002696-T1	coassemb76_010026-T1
OG0000315	coassemb376_001921-T1	jgi|Penexp1|2729|PEXP_108930T0
OG0000315	coassemb376_001921-T1	jgi|Cocpo1_1|4194|XM_003069147.1
OG0000317	coassemb376_002077-T1	jgi|Sclsc1|1845|SS1G_08301T0
OG0000317	coassemb376_002077-T1	GTX0486b100_006784-T1
OG0000325	coassemb376_005444-T1	coassemb76_006608-T1
OG0000333	coassemb376_007324-T1	coassemb378_010980-T1
OG0000342	coassemb376_001244-T1	jgi|Ascim1|123924|CE123923_1326
OG0000345	coassemb376_002136-T1	jgi|Morco1|486361|e_gw1.19.285.1
OG0000360	coassemb376_005871-T1, coassemb376_005872-T1	jgi|Dibbae1|7507|DIBA_010463-RA
OG0000360	coassemb376_005871-T1	jgi|Phach1|2992|rna2991
OG0000360	coassemb376_005871-T1	jgi|Sclsc1|10229|SS1G_03258T0
OG0000360	coassemb376_005871-T1	jgi|Amamu1|796067|CE594830_218
OG0000360	coassemb376_005871-T1	jgi|Aspni_DSM_1|157629|An02g11130m.01
OG0000372	coassemb376_006232-T1	jgi|EndpusZ1|4056|EPUS_04249T0
OG0000372	coassemb376_006232-T1	jgi|Penexp1|2427|PEXP_052820T0
OG0000385	coassemb376_006589-T1	KAI9671078.1
OG0000391	coassemb376_001495-T1	jgi|Grascr1|5827|GST1_011412-RA
OG0000401	coassemb376_002655-T1	jgi|Monha1|4268|H072_4348m.01
OG0000415	coassemb376_002639-T1	coassemb378_010623-T1
OG0000416	coassemb376_000683-T1	coassemb64_004696-T1
OG0000416	coassemb376_000683-T1	GTX0486b100_001768-T1
OG0000462	coassemb376_002717-T1	jgi|PseVKM4520_1|9164|transcript_KFZ03549
OG0000466	coassemb376_007144-T1	jgi|Grascr1|11362|GST1_005242-RA
OG0000470	coassemb376_003359-T1	jgi|Phach1|2717|rna2716
OG0000470	coassemb376_003359-T1	CAF9915761.1
OG0000488	coassemb376_003891-T1	XP_008721379.1
OG0000500	coassemb376_000971-T1	jgi|Altal1|1059105|gm1.3340_g, jgi|Altal1|308412|CE308411_180
OG0000521	coassemb376_004776-T1	jgi|EndpusZ1|4157|EPUS_04802T0
OG0000523	coassemb376_000677-T1	jgi|Claba1|132707|Z519_01185T0
OG0000528	coassemb376_004931-T1	coassemb76_003245-T1
OG0000570	coassemb376_002440-T1	KAJ9664369.1
OG0000576	coassemb376_007705-T1	jgi|Neucr_trp3_1|5329|Neucr2.NCU04882T0
OG0000576	coassemb376_007705-T1	jgi|Altal1|934552|e_gw1.9.282.1
OG0000576	coassemb376_007705-T1	coassemb64_002727-T1
OG0000576	coassemb376_007705-T1	KAI4289072.1
OG0000576	coassemb376_007705-T1	jgi|Erypu1|745|transcript_POS83972
OG0000576	coassemb376_007705-T1	KAI9698459.1
OG0000599	coassemb376_000436-T1	jgi|Claba1|133694|Z519_11094T0
OG0000599	coassemb376_000436-T1	jgi|Exoaq1|7285|A1O9_03815T0
OG0000609	coassemb376_005989-T1	jgi|Artol1|4636|AOL_s00078g22m.01
OG0000615	coassemb376_003921-T1	CAF9926602.1
OG0000620	coassemb376_002221-T1	CAF9924105.1
OG0000620	coassemb376_002221-T1	GTX0494b19_000293-T1
OG0000620	coassemb376_002221-T1	FUN_004052_T1_FUN_004052
OG0000620	coassemb376_002221-T1	KAI4221012.1
OG0000620	coassemb376_002221-T1	KAI4227495.1
OG0000620	coassemb376_002221-T1	KAI4094332.1
OG0000620	coassemb376_002221-T1	KAI4288469.1
OG0000620	coassemb376_002221-T1	KAI9716725.1
OG0000620	coassemb376_002221-T1	KAI4094177.1
OG0000620	coassemb376_002221-T1	CAF9924105.1
OG0000620	coassemb376_002221-T1	jgi|Aspni_DSM_1|163229|An10g00820m.01
OG0000620	coassemb376_002221-T1	jgi|Penexp1|6433|PEXP_101220T0
OG0000620	coassemb376_002221-T1	jgi|Dibbae1|6025|DIBA_000067-RA
OG0000620	coassemb376_002221-T1	jgi|Sclsc1|1762|SS1G_08218T0
OG0000620	coassemb376_002221-T1	KAI9662100.1
OG0000620	coassemb376_002221-T1	jgi|Grascr1|8905|GST1_012282-RA
OG0000620	coassemb376_002221-T1	jgi|Acastr1|126465|AST1_001160-RA, jgi|Acastr1|124645|AST1_004202-RA
OG0000621	coassemb376_001196-T1	CAF9904326.1
OG0000636	coassemb376_001100-T1	jgi|Clagr3|6601|CLAGR_006314-RA
OG0000654	coassemb376_004863-T1	jgi|Exoaq1|12818|A1O9_09103T0
OG0000660	coassemb376_004432-T1	jgi|Artol1|1003|AOL_s00006g343m.01
OG0000664	coassemb376_007369-T1	KAI9832298.1
OG0000664	coassemb376_007369-T1	GTX0486b100_005280-T1
OG0000664	coassemb376_007369-T1	KAI9703754.1
OG0000664	coassemb376_007369-T1	KAI9716641.1
OG0000664	coassemb376_007369-T1	KAI9828136.1
OG0000664	coassemb376_007369-T1	jgi|Umbpus1|99446|LPUS_06039T0
OG0000664	coassemb376_007369-T1	jgi|Acastr1|122125|AST1_005104-RA
OG0000673	coassemb376_006255-T1	jgi|Exoaq1|4173|A1O9_11696T0
OG0000673	coassemb376_006255-T1	GTX0466b15_001598-T1
OG0000691	coassemb376_007412-T1	coassemb378_007181-T1
OG0000696	coassemb376_007639-T1	jgi|Altal1|1019116|fgenesh1_kg.7_#_251_#_Locus2570v1rpkm58.59
OG0000703	coassemb376_007335-T1	jgi|Altal1|1099843|estExt_Genemark1.C_310035
OG0000713	coassemb376_002469-T1	coassemb378_007793-T1
OG0000713	coassemb376_002469-T1	coassemb378_007793-T1
OG0000713	coassemb376_002469-T1	KAI9724470.1
OG0000713	coassemb376_002469-T1	CAF9921443.1
OG0000713	coassemb376_002469-T1	jgi|Neucr_trp3_1|3590|Neucr2.NCU08717T0
OG0000713	coassemb376_002469-T1	jgi|Altal1|1050014|estExt_fgenesh1_pg.C_100091
OG0000713	coassemb376_002469-T1	XP_008718466.1
OG0000713	coassemb376_002469-T1	jgi|Capcor1|93311|A1O1_00442T0
OG0000713	coassemb376_002469-T1	jgi|Claba1|136582|Z519_03113T0
OG0000713	coassemb376_002469-T1	jgi|Fonmu1|7866|Z520_10838T0
OG0000713	coassemb376_002469-T1	coassemb64_005211-T1
OG0000713	coassemb376_002469-T1	jgi|Exoaq1|1458|A1O9_01464T0
OG0000713	coassemb376_002469-T1	KAJ9655710.1
OG0000713	coassemb376_002469-T1	GTX0466b15_007915-T1
OG0000713	coassemb376_002469-T1	coassemb76_010202-T1
OG0000721	coassemb376_005417-T1	coassemb76_005366-T1
OG0000742	coassemb376_007668-T1	KAJ9663078.1
OG0000746	coassemb376_004142-T1	KAI9712186.1
OG0000746	coassemb376_004142-T1	jgi|Aurpu_var_mel1|51785|e_gw1.15.13.1
OG0000770	coassemb376_007914-T1	jgi|Aspni_DSM_1|156861|An02g03380m.01
OG0000772	coassemb376_004625-T1	jgi|Exoaq1|7458|A1O9_03989T0
OG0000774	coassemb376_001002-T1	jgi|Dibbae1|1063|DIBA_004908-RA
OG0000775	coassemb376_004339-T1	jgi|Aspni_DSM_1|166516|An14g07350m.01
OG0000780	coassemb376_003267-T1	coassemb64_008147-T1
OG0000792	coassemb376_004860-T1	jgi|Fusgr1|5336|FGSG_02884T0
OG0000793	coassemb376_002684-T1	coassemb378_010898-T1
OG0000796	coassemb376_002365-T1	jgi|Clagr3|5894|CLAGR_005815-RA
OG0000796	coassemb376_002365-T1	CAF9939831.1
OG0000796	coassemb376_002365-T1	KAI4090334.1
OG0000796	coassemb376_002365-T1	KAI4290294.1
OG0000796	coassemb376_002365-T1	KAI4101928.1
OG0000796	coassemb376_002365-T1	KAI4229733.1
OG0000796	coassemb376_002365-T1	FUN_009369_T1_FUN_009369
OG0000796	coassemb376_002365-T1	GTX0494b19_004562-T1
OG0000796	coassemb376_002365-T1	KAI4237273.1
OG0000796	coassemb376_002365-T1	KAJ9660351.1
OG0000796	coassemb376_002365-T1	coassemb378_011515-T1
OG0000796	coassemb376_002365-T1	coassemb378_011515-T1
OG0000823	coassemb376_002968-T1	coassemb76_009583-T1
OG0000880	coassemb376_000859-T1	FUN_003923_T1_FUN_003923
OG0000902	coassemb376_006818-T1	FUN_000975_T1_FUN_000975
OG0000909	coassemb376_004558-T1	jgi|Penexp1|7694|PEXP_006740T0
OG0000931	coassemb376_000944-T1	jgi|Penexp1|7856|PEXP_008370T0
OG0000938	coassemb376_001396-T1	GTX0486b100_008467-T1
OG0000946	coassemb376_007823-T1	jgi|Fusgr1|9079|FGSG_07845T0
OG0000946	coassemb376_007823-T1	jgi|Sclsc1|7347|SS1G_12770T0
OG0000964	coassemb376_000372-T1	GTX0486b100_001433-T1
OG0000976	coassemb376_005912-T1	FUN_000406_T1_FUN_000406
OG0000976	coassemb376_005912-T1	CAF9943318.1
OG0000978	coassemb376_005110-T1	KAJ9663328.1
OG0000978	coassemb376_005110-T1	GTX0486b100_008487-T1
OG0000979	coassemb376_006183-T1	coassemb76_008435-T1
OG0000993	coassemb376_005092-T1	coassemb378_001917-T1
OG0001006	coassemb376_002852-T1	jgi|Monha1|9388|H072_9849m.01
OG0001008	coassemb376_007299-T1	jgi|Clagr3|11238|CLAGR_011001-RA
OG0001008	coassemb376_007299-T1	jgi|EndpusZ1|9085|EPUS_06916T0
OG0001008	coassemb376_007299-T1	jgi|Podan3|204627|mRNA_3455
OG0001035	coassemb376_005963-T1	CAF9933149.1
OG0001038	coassemb376_002578-T1	GTX0466b15_000493-T1
OG0001038	coassemb376_002578-T1	jgi|Penexp1|2724|PEXP_108880T0
OG0001045	coassemb376_002503-T1	jgi|Aspni_DSM_1|160439|An07g02080m.01
OG0001047	coassemb376_007257-T1	jgi|Altal1|1091087|estExt_Genemark1.C_2_t20134
OG0001077	coassemb376_004157-T1	KAI4105648.1
OG0001077	coassemb376_004157-T1	KAI4286386.1
OG0001077	coassemb376_004157-T1	coassemb76_010062-T1
OG0001082	coassemb376_004564-T1	jgi|Podan3|203720|mRNA_2548
OG0001082	coassemb376_004564-T1	jgi|Neucr_trp3_1|6701|Neucr2.NCU05230T0
OG0001082	coassemb376_004564-T1	jgi|Sclsc1|603|SS1G_00603T0
OG0001084	coassemb376_002388-T1	jgi|Fusgr1|6893|FGSG_05944T0
OG0001087	coassemb376_002274-T1	jgi|Morco1|500789|estExt_Genewise1.C_60143
OG0001087	coassemb376_002274-T1	jgi|Altal1|1021078|fgenesh1_kg.12_#_109_#_Locus2403v2rpkm22.26
OG0001087	coassemb376_002274-T1	jgi|Aurpu_var_mel1|72183|fgenesh1_pm.2_#_394
OG0001087	coassemb376_002274-T1	KAI9661978.1
OG0001087	coassemb376_002274-T1	jgi|Umbpus1|106918|LPUS_00437T0
OG0001087	coassemb376_002274-T1	jgi|Artol1|4196|AOL_s00076g292m.01
OG0001087	coassemb376_002274-T1	jgi|Umbpus1|106918|LPUS_00437T0
OG0001100	coassemb376_006851-T1	CAF9903761.1
OG0001133	coassemb376_007075-T1	jgi|Exoaq1|7366|A1O9_03896T0
OG0001135	coassemb376_005282-T1	jgi|Artol1|3669|AOL_s00075g7m.01
OG0001144	coassemb376_002000-T1	coassemb378_005320-T1
OG0001144	coassemb376_005447-T1	coassemb378_011564-T1
OG0001150	coassemb376_005449-T1	jgi|Fusgr1|11434|FGSG_13666T0
OG0001151	coassemb376_001386-T1	coassemb64_003162-T1
OG0001173	coassemb376_006266-T1	FUN_003555_T1_FUN_003555
OG0001177	coassemb376_005090-T1	jgi|PseVKM4520_1|2876|transcript_KFZ16243
OG0001177	coassemb376_005089-T1	coassemb76_009379-T1
OG0001179	coassemb376_004853-T1, coassemb376_005948-T1	KAI4100284.1
OG0001182	coassemb376_003723-T1	jgi|Fonmu1|10688|Z520_03889T0
OG0001184	coassemb376_000391-T1	jgi|Exoaq1|6235|A1O9_12036T0
OG0001191	coassemb376_001962-T1	jgi|Erypu1|6359|transcript_POS81739
OG0001191	coassemb376_002813-T1	jgi|Morco1|547704|fgenesh1_pg.43_#_83
OG0001203	coassemb376_000423-T1	jgi|Clagr3|9146|CLAGR_009773-RA
OG0001206	coassemb376_007330-T1	KAI9702425.1
OG0001212	coassemb376_004006-T1	jgi|Artol1|170|AOL_s00004g169m.01
OG0001214	coassemb376_003251-T1, coassemb376_004900-T1	coassemb378_006048-T1
OG0001214	coassemb376_003251-T1, coassemb376_004900-T1	KAI9717070.1
OG0001227	coassemb376_000497-T1	jgi|Artol1|4183|AOL_s00076g279m.01
OG0001227	coassemb376_000497-T1	jgi|Aspni_DSM_1|158193|An03g01800m.01
OG0001235	coassemb376_004465-T1	coassemb76_007875-T1
OG0001250	coassemb376_002484-T1	GTX0466b15_001962-T1
OG0001270	coassemb376_006770-T1	jgi|Sclsc1|2142|SS1G_08599T0
OG0001274	coassemb376_006966-T1	CAF9937968.1
OG0001274	coassemb376_006966-T1	KAI9700617.1
OG0001281	coassemb376_004033-T1	jgi|Artol1|5|AOL_s00004g4m.01
OG0001281	coassemb376_004033-T1	jgi|Fusgr1|13314|FGSG_11241T0, jgi|Fusgr1|10669|FGSG_09212T0
OG0001300	coassemb376_006780-T1	jgi|Artol1|5666|AOL_s00079g440m.01
OG0001308	coassemb376_004272-T1	jgi|Grascr1|11369|GST1_005249-RA
OG0001329	coassemb376_005564-T1	KAI4233996.1
OG0001337	coassemb376_004510-T1	jgi|Umbpus1|107265|LPUS_05478T0
OG0001337	coassemb376_004510-T1	jgi|Clagr3|4193|CLAGR_004265-RA
OG0001337	coassemb376_004510-T1	CAF9918771.1
OG0001337	coassemb376_004510-T1	jgi|SacceM3707_1|30508|fgenesh1_kg.1_#_370_#_NP_010290.1
OG0001365	coassemb376_000164-T1	jgi|Podan3|208764|mRNA_7592
OG0001369	coassemb376_000297-T1	coassemb76_001977-T1
OG0001394	coassemb376_002983-T1, coassemb376_000214-T1	jgi|Aspni_DSM_1|156376|An01g13570m.01
OG0001406	coassemb376_003170-T1	coassemb76_009080-T1
OG0001435	coassemb376_005892-T1, coassemb376_005891-T1	KAJ9658662.1
OG0001435	coassemb376_005892-T1, coassemb376_005891-T1	XP_008710970.1
OG0001435	coassemb376_005892-T1, coassemb376_005891-T1	jgi|Aspni_DSM_1|155340|An01g02900m.01
OG0001435	coassemb376_005892-T1, coassemb376_005891-T1	jgi|PseVKM4520_1|9740|transcript_KFZ02899
OG0001435	coassemb376_005892-T1	KAI9671681.1
OG0001435	coassemb376_005892-T1	jgi|Fusgr1|2239|FGSG_01955T0
OG0001435	coassemb376_005892-T1	jgi|Penexp1|11011|PEXP_020120T0
OG0001435	coassemb376_005892-T1	jgi|Podan3|205845|mRNA_4673
OG0001435	coassemb376_005892-T1	jgi|Aurpu_var_mel1|75145|fgenesh1_pm.9_#_243
OG0001435	coassemb376_005892-T1	jgi|Altal1|1032084|fgenesh1_pm.13_#_119
OG0001435	coassemb376_005892-T1	coassemb76_000124-T1
OG0001435	coassemb376_005892-T1	GTX0466b15_007182-T1
OG0001435	coassemb376_005892-T1	jgi|Cocpo1_1|6354|XM_003071307.1
OG0001435	coassemb376_005892-T1	jgi|Phach1|6698|rna6697
OG0001435	coassemb376_005892-T1	jgi|Fonmu1|1743|Z520_06376T0
OG0001435	coassemb376_005892-T1	jgi|Claba1|138256|Z519_04783T0
OG0001435	coassemb376_005892-T1	jgi|Capcor1|96772|A1O1_03923T0
OG0001435	coassemb376_005892-T1	coassemb64_007869-T1
OG0001435	coassemb376_005892-T1	jgi|Exoaq1|9348|A1O9_05776T0
OG0001435	coassemb376_005892-T1	jgi|Grascr1|10914|GST1_003704-RA
OG0001435	coassemb376_005892-T1	jgi|Dibbae1|4311|DIBA_008487-RA
OG0001435	coassemb376_005892-T1	coassemb378_002718-T1
OG0001435	coassemb376_005892-T1	jgi|Sclsc1|6374|SS1G_01874T0
OG0001435	coassemb376_005892-T1	jgi|Erypu1|5176|transcript_POS85523
OG0001435	coassemb376_005892-T1	FUN_001804_T1_FUN_001804
OG0001435	coassemb376_005892-T1	GTX0494b19_001274-T1
OG0001435	coassemb376_005892-T1	KAI4105179.1
OG0001435	coassemb376_005892-T1	KAI4229073.1
OG0001435	coassemb376_005892-T1	KAI4239543.1
OG0001435	coassemb376_005892-T1	KAI9747089.1
OG0001435	coassemb376_005892-T1	KAI9696827.1
OG0001435	coassemb376_005892-T1	GTX0486b100_001328-T1
OG0001435	coassemb376_005892-T1	KAI9718565.1
OG0001435	coassemb376_005892-T1	KAI4287589.1
OG0001435	coassemb376_005892-T1	KAI4287589.1
OG0001435	coassemb376_005892-T1	KAI9824418.1
OG0001435	coassemb376_005892-T1	jgi|Clagr3|5503|CLAGR_005505-RA
OG0001435	coassemb376_005892-T1	KAI4110036.1
OG0001435	coassemb376_005892-T1	jgi|Acastr1|127073|AST1_001785-RA
OG0001435	coassemb376_005892-T1	CAF9925284.1
OG0001435	coassemb376_005892-T1	jgi|Umbpus1|105787|LPUS_03821T0
OG0001435	coassemb376_005892-T1	jgi|EndpusZ1|238|EPUS_07092T0
OG0001454	coassemb376_007399-T1	jgi|Phach1|696|rna695
OG0001454	coassemb376_007399-T1	jgi|EndpusZ1|1729|EPUS_08953T0
OG0001454	coassemb376_007399-T1	jgi|Exoaq1|11283|A1O9_07619T0
OG0001454	coassemb376_007399-T1	jgi|Fonmu1|6052|Z520_09865T0
OG0001454	coassemb376_007399-T1	jgi|Claba1|137153|Z519_03679T0
OG0001454	coassemb376_007399-T1	jgi|Capcor1|99267|A1O1_06438T0
OG0001454	coassemb376_007399-T1	coassemb76_002140-T1
OG0001454	coassemb376_007399-T1	GTX0466b15_002085-T1
OG0001454	coassemb376_007399-T1	XP_008711832.1
OG0001454	coassemb376_007399-T1	KAJ9660405.1
OG0001454	coassemb376_007399-T1	coassemb64_007069-T1
OG0001473	coassemb376_005613-T1	jgi|Fusgr1|2642|FGSG_02304T0
OG0001487	coassemb376_000452-T1	coassemb76_009690-T1
OG0001489	coassemb376_006328-T1	KAI4225679.1
OG0001489	coassemb376_006328-T1	KAI4106867.1
OG0001489	coassemb376_006328-T1	GTX0494b19_004182-T1
OG0001489	coassemb376_006328-T1	FUN_007031_T1_FUN_007031
OG0001489	coassemb376_006328-T1	KAI4234971.1
OG0001489	coassemb376_006328-T1	KAI4107428.1
OG0001489	coassemb376_006328-T1	KAI4287892.1
OG0001489	coassemb376_006328-T1	jgi|Clagr3|9586|CLAGR_009971-RA
OG0001489	coassemb376_006328-T1	CAF9925941.1
OG0001489	coassemb376_006328-T1	jgi|Umbpus1|106583|LPUS_04772T0
OG0001489	coassemb376_006328-T1	coassemb378_010712-T1
OG0001489	coassemb376_006328-T1	jgi|Amamu1|19480|gm1.13490_g
OG0001489	coassemb376_006328-T1	coassemb64_007696-T1
OG0001489	coassemb376_006328-T1	coassemb378_010712-T1
OG0001499	coassemb376_002145-T1	jgi|EndpusZ1|2781|EPUS_05882T0
OG0001512	coassemb376_000541-T1	coassemb76_005891-T1
OG0001529	coassemb376_001180-T1	jgi|Aspni_DSM_1|168268|An17g00540m.01
OG0001529	coassemb376_001180-T1	coassemb64_004123-T1
OG0001536	coassemb376_002491-T1	jgi|Podan3|211277|mRNA_10105
OG0001557	coassemb376_000503-T1	coassemb64_004441-T1
OG0001567	coassemb376_000466-T1	coassemb76_007635-T1
OG0001581	coassemb376_006474-T1	KAI9825660.1
OG0001597	coassemb376_007508-T1	FUN_006156_T2_FUN_006156
OG0001627	coassemb376_004123-T1	jgi|Grascr1|3705|GST1_008284-RA
OG0001627	coassemb376_004123-T1	KAI9753711.1
OG0001627	coassemb376_004123-T1	jgi|Acastr1|123450|AST1_005022-RA
OG0001627	coassemb376_004123-T1	jgi|Umbpus1|101012|LPUS_07748T0
OG0001629	coassemb376_006443-T1	jgi|Grascr1|12308|GST1_006705-RA
OG0001629	coassemb376_006443-T1	jgi|Aspni_DSM_1|156336|An01g13170m.01
OG0001629	coassemb376_006443-T1	jgi|Penexp1|3867|PEXP_071210T0
OG0001629	coassemb376_006443-T1	jgi|Cocpo1_1|3866|XM_003068819.1
OG0001629	coassemb376_006443-T1	coassemb378_011141-T1
OG0001629	coassemb376_006443-T1	coassemb378_011141-T1
OG0001629	coassemb376_006443-T1	coassemb64_006912-T1
OG0001629	coassemb376_006443-T1	coassemb76_008322-T1
OG0001635	coassemb376_002231-T1	coassemb76_009868-T1
OG0001668	coassemb376_003644-T1	coassemb76_009897-T1
OG0001702	coassemb376_004284-T1	GTX0486b100_005054-T1
OG0001702	coassemb376_004284-T1	KAI9839547.1
OG0001704	coassemb376_002423-T1	coassemb76_009440-T1
OG0001708	coassemb376_004121-T1	jgi|Clagr3|3759|CLAGR_003461-RA
OG0001708	coassemb376_004121-T1	jgi|Grascr1|10596|GST1_012689-RA
OG0001711	coassemb376_006951-T1	coassemb76_010120-T1
OG0001744	coassemb376_000737-T1	coassemb378_008974-T1
OG0001754	coassemb376_006673-T1	jgi|Erypu1|6183|transcript_POS81775
OG0001761	coassemb376_006372-T1	jgi|Fonmu1|1328|Z520_05958T0
OG0001768	coassemb376_002507-T1	KAI9700457.1
OG0001770	coassemb376_002271-T1	jgi|Fusgr1|9933|FGSG_08344T0
OG0001782	coassemb376_004735-T1	jgi|Acastr1|119261|AST1_001460-RA
OG0001783	coassemb376_000295-T1	jgi|Phach1|5652|rna5651
OG0001783	coassemb376_000295-T1	jgi|EndpusZ1|7814|EPUS_03982T0
OG0001783	coassemb376_000295-T1	XP_008717511.1
OG0001783	coassemb376_000295-T1	GTX0466b15_000962-T1
OG0001783	coassemb376_000295-T1	jgi|Grascr1|1951|GST1_007620-RA
OG0001783	coassemb376_000295-T1	coassemb64_006923-T1
OG0001783	coassemb376_000295-T1	coassemb76_009464-T1
OG0001783	coassemb376_000295-T1	jgi|Grascr1|1951|GST1_007620-RA
OG0001800	coassemb376_003692-T1	jgi|Claba1|131384|Z519_09698T0
OG0001800	coassemb376_003692-T1	coassemb76_009563-T1
OG0001814	coassemb376_000004-T1	coassemb76_008228-T1
OG0001824	coassemb376_000559-T1	KAI9825842.1
OG0001824	coassemb376_000559-T1	KAI9715239.1
OG0001824	coassemb376_000559-T1	KAI9706720.1
OG0001824	coassemb376_000559-T1	GTX0486b100_008435-T1
OG0001827	coassemb376_004741-T1	jgi|Erypu1|6487|transcript_POS81721
OG0001830	coassemb376_003945-T1	coassemb76_007596-T1
OG0001834	coassemb376_003396-T1	KAI9717546.1
OG0001846	coassemb376_005934-T1	coassemb76_009430-T1
OG0001860	coassemb376_003832-T1	jgi|Aurpu_var_mel1|70521|fgenesh1_pg.47_#_5
OG0001890	coassemb376_007857-T1	GTX0466b15_002312-T1
OG0001900	coassemb376_002860-T1	jgi|Podan3|209699|mRNA_8527, jgi|Podan3|207569|mRNA_6397
OG0001900	coassemb376_002860-T1	CAF9932967.1, CAF9938707.1, CAF9938704.1, CAF9927524.1
OG0001907	coassemb376_005471-T1	jgi|Fusgr1|4937|FGSG_12482T0
OG0001950	coassemb376_005253-T1	jgi|Erypu1|5784|transcript_POS81829
OG0002000	coassemb376_002347-T1	KAI4279879.1
OG0002004	coassemb376_006441-T1	coassemb76_000425-T1
OG0002008	coassemb376_004075-T1	coassemb378_004102-T1
OG0002008	coassemb376_004075-T1	jgi|Umbpus1|102349|LPUS_03065T0
OG0002008	coassemb376_004075-T1	jgi|Phach1|6027|rna6026
OG0002008	coassemb376_004075-T1	KAJ9653220.1
OG0002008	coassemb376_004075-T1	jgi|Fonmu1|11534|Z520_04739T0
OG0002008	coassemb376_004075-T1	jgi|Claba1|140345|Z519_06879T0
OG0002008	coassemb376_004075-T1	jgi|Capcor1|94563|A1O1_01701T0
OG0002008	coassemb376_004075-T1	jgi|Exoaq1|6841|A1O9_12643T0
OG0002008	coassemb376_004075-T1	coassemb64_004168-T1
OG0002008	coassemb376_004075-T1	coassemb76_006865-T1
OG0002008	coassemb376_004075-T1	GTX0466b15_008644-T1
OG0002008	coassemb376_004075-T1	XP_008713683.1
OG0002008	coassemb376_004075-T1	jgi|EndpusZ1|706|EPUS_01267T0
OG0002008	coassemb376_004075-T1	jgi|Penexp1|9131|PEXP_064340T0
OG0002008	coassemb376_004075-T1	jgi|Aspni_DSM_1|161225|An07g10050m.01
OG0002008	coassemb376_004075-T1	jgi|Cocpo1_1|6242|XM_003071195.1
OG0002008	coassemb376_004075-T1	KAI4218119.1
OG0002008	coassemb376_004075-T1	KAI4228375.1
OG0002008	coassemb376_004075-T1	KAI4103243.1
OG0002008	coassemb376_004075-T1	GTX0494b19_004623-T1
OG0002008	coassemb376_004075-T1	FUN_005157_T1_FUN_005157
OG0002008	coassemb376_004075-T1	KAI4288309.1
OG0002008	coassemb376_004075-T1	KAI4092945.1
OG0002008	coassemb376_004075-T1	jgi|Dibbae1|3882|DIBA_008093-RA
OG0002008	coassemb376_004075-T1	jgi|Acastr1|121950|AST1_001794-RA
OG0002008	coassemb376_004075-T1	KAI9823317.1
OG0002008	coassemb376_004075-T1	KAI9836244.1
OG0002008	coassemb376_004075-T1	KAI9669901.1
OG0002008	coassemb376_004075-T1	KAI9724721.1
OG0002008	coassemb376_004075-T1	jgi|Aurpu_var_mel1|73279|fgenesh1_pm.4_#_319
OG0002008	coassemb376_004075-T1	KAI9749100.1
OG0002008	coassemb376_004075-T1	GTX0486b100_001475-T1
OG0002008	coassemb376_004075-T1	KAI9716534.1
OG0002008	coassemb376_004075-T1	KAI9699286.1
OG0002008	coassemb376_004075-T1	jgi|Grascr1|6823|GST1_002057-RA
OG0002020	coassemb376_007349-T1	jgi|Aurpu_var_mel1|56083|e_gw1.23.418.1
OG0002020	coassemb376_007349-T1	jgi|Grascr1|12393|GST1_005003-RA
OG0002020	coassemb376_007349-T1	KAI9720528.1
OG0002020	coassemb376_007349-T1	KAI9666928.1
OG0002020	coassemb376_007349-T1	GTX0466b15_002759-T1
OG0002020	coassemb376_007349-T1	jgi|EndpusZ1|3880|EPUS_02607T0
OG0002022	coassemb376_000787-T1	CAF9938633.1
OG0002025	coassemb376_003564-T1	jgi|Fusgr1|278|FGSG_00225T0
OG0002035	coassemb376_006802-T1	jgi|Phach1|5796|rna5795
OG0002035	coassemb376_006802-T1	jgi|EndpusZ1|7010|EPUS_03575T0
OG0002035	coassemb376_006802-T1	KAJ9662796.1
OG0002035	coassemb376_006802-T1	coassemb76_000785-T1, coassemb76_001697-T1
OG0002035	coassemb376_006802-T1	jgi|Capcor1|100053|A1O1_07230T0
OG0002035	coassemb376_006802-T1	jgi|Exoaq1|3205|A1O9_10723T0
OG0002035	coassemb376_006802-T1	coassemb64_006914-T1
OG0002035	coassemb376_006802-T1	jgi|Fonmu1|7305|Z520_02515T0
OG0002035	coassemb376_006802-T1	jgi|Claba1|133782|Z519_11182T0
OG0002035	coassemb376_006802-T1	GTX0466b15_006736-T1
OG0002035	coassemb376_006802-T1	XP_008714643.1
OG0002081	coassemb376_001955-T1	coassemb64_004135-T1
OG0002082	coassemb376_003573-T1	jgi|Neucr_trp3_1|8808|Neucr2.NCU04822T0
OG0002136	coassemb376_005640-T1	jgi|Clagr3|2921|CLAGR_002585-RA
OG0002154	coassemb376_004889-T1	jgi|Sclsc1|8089|SS1G_13512T0
OG0002154	coassemb376_004889-T1	coassemb76_008216-T1
OG0002184	coassemb376_004005-T1	coassemb76_009965-T1
OG0002196	coassemb376_000190-T1	coassemb378_007075-T1
OG0002199	coassemb376_007223-T1	GTX0486b100_006516-T1
OG0002203	coassemb376_002937-T1	jgi|Grascr1|5814|GST1_003548-RA
OG0002221	coassemb376_004705-T1	jgi|EndpusZ1|176|EPUS_09319T0
OG0002226	coassemb376_005419-T1	jgi|Fusgr1|1996|FGSG_01733T0
OG0002235	coassemb376_000585-T1	jgi|EndpusZ1|4631|EPUS_02121T0
OG0002473	coassemb376_007249-T1	coassemb76_009557-T1
OG0002532	coassemb376_007033-T1	coassemb378_011050-T1
OG0002553	coassemb376_006157-T1	KAI4107560.1
OG0002553	coassemb376_006157-T1	jgi|Cocpo1_1|4382|XM_003069335.1
OG0002553	coassemb376_006157-T1	KAI4289572.1
OG0002553	coassemb376_006157-T1	GTX0494b19_000565-T1
OG0002553	coassemb376_006157-T1	KAI4229864.1
OG0002553	coassemb376_006157-T1	KAI4238327.1
OG0002553	coassemb376_006157-T1	FUN_007775_T1_FUN_007775
OG0002553	coassemb376_006157-T1	XP_008717249.1
OG0002553	coassemb376_006157-T1	jgi|Capcor1|97298|A1O1_04456T0
OG0002553	coassemb376_006157-T1	jgi|Fonmu1|2842|Z520_07478T0
OG0002553	coassemb376_006157-T1	jgi|Claba1|135927|Z519_02790T0
OG0002553	coassemb376_006157-T1	coassemb76_002201-T1
OG0002553	coassemb376_006157-T1	jgi|Exoaq1|5149|A1O9_02672T0
OG0002553	coassemb376_006157-T1	coassemb64_007270-T1
OG0002553	coassemb376_006157-T1	jgi|EndpusZ1|6781|EPUS_00280T0
OG0002553	coassemb376_006157-T1	KAI9754032.1
OG0002624	coassemb376_000269-T1	coassemb76_009612-T1
OG0002624	coassemb376_000269-T1	KAJ9649871.1
OG0002650	coassemb376_005689-T1	coassemb76_006781-T1
OG0002656	coassemb376_006844-T1	jgi|Erypu1|138|transcript_POS81639
OG0002676	coassemb376_003947-T1	jgi|Aspni_DSM_1|159061|An04g03720m.01
OG0002676	coassemb376_003947-T1	jgi|Penexp1|7231|PEXP_004240T0
OG0002676	coassemb376_003947-T1	jgi|Cocpo1_1|95|XM_003065046.1
OG0002676	coassemb376_003947-T1	jgi|EndpusZ1|9236|EPUS_05867T0
OG0002676	coassemb376_003947-T1	KAJ9654619.1
OG0002676	coassemb376_003947-T1	jgi|Capcor1|94211|A1O1_01348T0
OG0002676	coassemb376_003947-T1	jgi|Fonmu1|2058|Z520_06691T0
OG0002676	coassemb376_003947-T1	jgi|Claba1|137955|Z519_04481T0
OG0002676	coassemb376_003947-T1	jgi|Exoaq1|990|A1O9_00993T0
OG0002676	coassemb376_003947-T1	coassemb64_000873-T1
OG0002676	coassemb376_003947-T1	XP_008719437.1
OG0002676	coassemb376_003947-T1	GTX0466b15_007787-T1
OG0002676	coassemb376_003947-T1	coassemb76_005480-T1
OG0002676	coassemb376_003947-T1	KAI9666867.1
OG0002676	coassemb376_003947-T1	KAI9726817.1
OG0002676	coassemb376_003947-T1	KAI9831149.1
OG0002676	coassemb376_003947-T1	KAI9831149.1
OG0002676	coassemb376_003946-T1	coassemb76_007595-T1
OG0002693	coassemb376_007173-T1	jgi|Penexp1|10511|PEXP_008990T0
OG0002693	coassemb376_007173-T1	jgi|Aspni_DSM_1|162283|An08g10340m.01
OG0002693	coassemb376_007173-T1	jgi|Cocpo1_1|587|XM_003065539.1
OG0002693	coassemb376_007173-T1	jgi|EndpusZ1|1580|EPUS_04864T0
OG0002693	coassemb376_007173-T1	jgi|Altal1|1020535|fgenesh1_kg.10_#_352_#_Locus3174v1rpkm45.76
OG0002693	coassemb376_007173-T1	KAI9747210.1
OG0002693	coassemb376_007173-T1	KAI9825443.1
OG0002693	coassemb376_007173-T1	KAJ9653479.1
OG0002693	coassemb376_007173-T1	KAI9725919.1
OG0002693	coassemb376_007173-T1	jgi|Aurpu_var_mel1|59514|e_gw1.33.87.1
OG0002704	coassemb376_001841-T1	coassemb76_008812-T1
OG0002705	coassemb376_005348-T1, coassemb376_005833-T1	KAI4286705.1
OG0002705	coassemb376_005348-T1, coassemb376_005833-T1	KAJ9651166.1
OG0002707	coassemb376_000682-T1	coassemb76_008891-T1
OG0002716	coassemb376_001620-T1	coassemb378_006947-T1
OG0002718	coassemb376_000312-T1	coassemb64_002777-T1
OG0002738	coassemb376_004658-T1	jgi|Monha1|1364|H072_1364m.01
OG0002738	coassemb376_004658-T1	jgi|Sclsc1|3554|SS1G_10010T0
OG0002760	coassemb376_003953-T1	jgi|Monha1|5677|H072_5862m.01
OG0002761	coassemb376_004578-T1	jgi|Aspni_DSM_1|155792|An01g07490m.01
OG0002761	coassemb376_004577-T1	jgi|Umbpus1|101591|LPUS_08313T0
OG0002761	coassemb376_004577-T1	jgi|Acastr1|118701|AST1_008488-RA
OG0002761	coassemb376_004577-T1	KAI9716445.1
OG0002761	coassemb376_004577-T1	KAI9696585.1
OG0002761	coassemb376_004577-T1	GTX0486b100_005193-T1
OG0002761	coassemb376_004577-T1	KAI9840048.1
OG0002761	coassemb376_004577-T1	jgi|Altal1|752394|CE752393_1212
OG0002761	coassemb376_004577-T1	jgi|Aspni_DSM_1|155792|An01g07490m.01
OG0002761	coassemb376_004577-T1	jgi|Aurpu_var_mel1|55873|e_gw1.23.206.1
OG0002761	coassemb376_004577-T1	jgi|Morco1|28845|CE28844_897
OG0002761	coassemb376_004577-T1	jgi|Aspni_DSM_1|155792|An01g07490m.01
OG0002764	coassemb376_007206-T1	jgi|Ascim1|377009|estExt_fgenesh1_pg.C_420059
OG0002915	coassemb376_003464-T1	jgi|Podan3|210066|mRNA_8894
OG0002915	coassemb376_003464-T1	KAJ9653342.1
OG0002965	coassemb376_003024-T1	GTX0466b15_002243-T1
OG0003022	coassemb376_000975-T1	coassemb378_004555-T1
OG0003031	coassemb376_001076-T1	jgi|Exoaq1|5208|A1O9_02731T0
OG0003033	coassemb376_000483-T1	CAF9937230.1
OG0003033	coassemb376_000483-T1	jgi|Penexp1|7045|PEXP_082060T0
OG0003033	coassemb376_000483-T1	jgi|Aspni_DSM_1|162009|An08g07480m.01
OG0003033	coassemb376_000483-T1	jgi|Morco1|567485|estExt_fgenesh1_pg.C_510040
OG0003033	coassemb376_000483-T1	CAF9937230.1
OG0003033	coassemb376_000483-T1	jgi|Monha1|10872|H072_11563m.01
OG0003033	coassemb376_000483-T1	jgi|Artol1|11351|AOL_s00215g798m.01
OG0003033	coassemb376_000483-T1	coassemb378_000885-T1
OG0003033	coassemb376_000483-T1	jgi|Grascr1|398|GST1_005762-RA
OG0003033	coassemb376_000483-T1	jgi|Umbpus1|106211|LPUS_04293T0
OG0003033	coassemb376_000483-T1	jgi|Ascim1|119920|CE119919_7692
OG0003044	coassemb376_000245-T1	jgi|PseVKM4520_1|5317|transcript_KFZ11750
OG0003143	coassemb376_000274-T1	jgi|Aspni_DSM_1|163709|An11g04690m.01
OG0003155	coassemb376_003388-T1	jgi|Grascr1|80|GST1_000080-RA
OG0003232	coassemb376_001956-T1	coassemb76_000910-T1
OG0003275	coassemb376_002413-T1	coassemb76_010196-T1
OG0003327	coassemb376_005332-T1	jgi|Morco1|537732|fgenesh1_kg.40_#_60_#_Locus3159v1rpkm49.35
OG0003393	coassemb376_007251-T1	jgi|Altal1|946711|e_gw1.26.88.1
OG0003393	coassemb376_007251-T1	jgi|Aurpu_var_mel1|54945|e_gw1.21.245.1
OG0003393	coassemb376_007251-T1	KAI9705989.1
OG0003393	coassemb376_007251-T1	KAI9719295.1
OG0003393	coassemb376_007251-T1	GTX0486b100_007447-T1
OG0003393	coassemb376_007251-T1	KAI9822224.1
OG0003393	coassemb376_007251-T1	jgi|PseVKM4520_1|1486|transcript_KFZ18810
OG0003393	coassemb376_007251-T1	jgi|Neucr_trp3_1|2527|Neucr2.NCU02764T0
OG0003393	coassemb376_007251-T1	jgi|Podan3|201960|mRNA_788
OG0003393	coassemb376_007251-T1	jgi|Fusgr1|1474|FGSG_01266T0
OG0003393	coassemb376_007251-T1	jgi|Erypu1|5881|transcript_POS85089
OG0003393	coassemb376_007251-T1	jgi|Sclsc1|11498|SS1G_04527T0
OG0003393	coassemb376_007251-T1	jgi|Acastr1|126683|AST1_002662-RA
OG0003398	coassemb376_001230-T1	jgi|Cocpo1_1|5470|XM_003070423.1
OG0003402	coassemb376_001305-T1	KAI9652822.1
OG0003402	coassemb376_001305-T1	KAI9720129.1
OG0003402	coassemb376_001305-T1	jgi|Erypu1|1415|transcript_POS83485
OG0003402	coassemb376_001305-T1	jgi|Podan3|206986|mRNA_5814
OG0003402	coassemb376_001305-T1	jgi|Neucr_trp3_1|8908|Neucr2.NCU05606T0
OG0003402	coassemb376_001305-T1	jgi|Fusgr1|10181|FGSG_08126T0
OG0003402	coassemb376_001305-T1	jgi|Sclsc1|7522|SS1G_12945T0
OG0003402	coassemb376_001305-T1	jgi|PseVKM4520_1|5244|transcript_KFZ11862
OG0003472	coassemb376_004198-T1	coassemb76_009613-T1
OG0003482	coassemb376_000832-T1	jgi|Dibbae1|9620|DIBA_003758-RA
OG0003482	coassemb376_000832-T1	jgi|Altal1|283663|CE283662_23
OG0003482	coassemb376_000832-T1	coassemb76_009858-T1
OG0003488	coassemb376_000716-T1	jgi|Neucr_trp3_1|1223006|e_gw1.223.19.1
OG0003493	coassemb376_007882-T1	coassemb76_004494-T1
OG0003493	coassemb376_007882-T1	jgi|Aurpu_var_mel1|73849|fgenesh1_pm.5_#_395
OG0003493	coassemb376_007882-T1	GTX0466b15_002842-T1
OG0003493	coassemb376_007882-T1	jgi|Fonmu1|1299|Z520_05929T0
OG0003493	coassemb376_007882-T1	jgi|Claba1|128554|Z519_00937T0
OG0003493	coassemb376_007882-T1	coassemb64_004541-T1
OG0003493	coassemb376_007882-T1	jgi|Exoaq1|6638|A1O9_12440T0
OG0003493	coassemb376_007882-T1	jgi|Capcor1|94703|A1O1_01841T0
OG0003534	coassemb376_003575-T1	KAI9724968.1
OG0003546	coassemb376_000662-T1	GTX0486b100_008525-T1
OG0003629	coassemb376_000939-T1	jgi|Fusgr1|532|FGSG_00436T0
OG0003629	coassemb376_000939-T1	jgi|Erypu1|1385|transcript_POS87300
OG0003629	coassemb376_000939-T1	GTX0466b15_000374-T1
OG0003629	coassemb376_000939-T1	coassemb76_006586-T1
OG0003629	coassemb376_000939-T1	jgi|Claba1|133443|Z519_01921T0
OG0003629	coassemb376_000939-T1	jgi|Fonmu1|8584|Z520_02659T0
OG0003629	coassemb376_000939-T1	jgi|Capcor1|95380|A1O1_02519T0
OG0003629	coassemb376_000939-T1	jgi|Exoaq1|2281|A1O9_09807T0
OG0003629	coassemb376_000939-T1	XP_008716754.1
OG0003629	coassemb376_000939-T1	KAJ9651477.1
OG0003629	coassemb376_000939-T1	jgi|EndpusZ1|2929|EPUS_00849T0
OG0003629	coassemb376_000939-T1	jgi|Phach1|2785|rna2784
OG0003629	coassemb376_000939-T1	jgi|Cocpo1_1|6557|XM_003071510.1
OG0003629	coassemb376_000939-T1	jgi|Penexp1|1746|PEXP_074200T0
OG0003629	coassemb376_000939-T1	jgi|Aspni_DSM_1|155597|An01g05560m.01
OG0003680	coassemb376_004593-T1	jgi|Morco1|577490|gm1.8266_g
OG0003709	coassemb376_002099-T1	jgi|Aurpu_var_mel1|57006|e_gw1.25.176.1
OG0003709	coassemb376_002099-T1	jgi|Altal1|1061131|gm1.5366_g
OG0003709	coassemb376_002099-T1	KAI9715714.1
OG0003709	coassemb376_002099-T1	KAI9657825.1
OG0003709	coassemb376_002099-T1	jgi|Sclsc1|8854|SS1G_02269T0
OG0003709	coassemb376_002099-T1	jgi|Fusgr1|9878|FGSG_08390T0
OG0003709	coassemb376_002099-T1	jgi|Podan3|207200|mRNA_6028
OG0003709	coassemb376_002099-T1	jgi|Neucr_trp3_1|8773|Neucr2.NCU10733T0
OG0003709	coassemb376_002099-T1	jgi|Erypu1|4761|transcript_POS88393
OG0003709	coassemb376_002099-T1	jgi|PseVKM4520_1|863|transcript_KFZ20034
OG0003709	coassemb376_002099-T1	KAI9702842.1
OG0003709	coassemb376_002099-T1	KAI9709651.1
OG0003709	coassemb376_002099-T1	GTX0486b100_006010-T1
OG0003709	coassemb376_002099-T1	jgi|Umbpus1|100098|LPUS_06670T0
OG0003709	coassemb376_002099-T1	jgi|Dibbae1|7992|DIBA_000455-RA
OG0003709	coassemb376_002099-T1	coassemb378_004718-T1
OG0003709	coassemb376_002099-T1	jgi|Grascr1|3669|GST1_010100-RA
OG0003709	coassemb376_002099-T1	KAI9826616.1
OG0003709	coassemb376_002099-T1	jgi|Acastr1|119442|AST1_007524-RA
OG0003770	coassemb376_001336-T1, coassemb376_001509-T1	GTX0486b100_007696-T1
OG0003770	coassemb376_001336-T1	CAF9925423.1
OG0003794	coassemb376_001164-T1	KAI9817910.1
OG0003802	coassemb376_002536-T1	jgi|Claba1|130454|Z519_08761T0
OG0003828	coassemb376_003811-T1	FUN_005187_T1_FUN_005187
OG0003829	coassemb376_002091-T1	coassemb378_009065-T1
OG0003840	coassemb376_003098-T1	jgi|Claba1|137073|Z519_12810T0
OG0003840	coassemb376_003098-T1	XP_008710554.1, XP_008721554.1
OG0003858	coassemb376_000450-T1	GTX0486b100_004435-T1
OG0003859	coassemb376_000451-T1	coassemb76_009691-T1
OG0003946	coassemb376_004334-T1	coassemb76_009991-T1
OG0004009	coassemb376_003178-T1	jgi|Exoaq1|6089|A1O9_11889T0
OG0004184	coassemb376_006406-T1	FUN_008494_T1_FUN_008494
OG0004250	coassemb376_006292-T1	jgi|Claba1|128932|Z519_07232T0
OG0004250	coassemb376_006292-T1	jgi|Monha1|1644|H072_1644m.01
OG0004308	coassemb376_006519-T1	jgi|Fusgr1|12415|FGSG_13829T0
OG0004308	coassemb376_006519-T1	jgi|Sclsc1|64|SS1G_00064T0
OG0004318	coassemb376_001283-T1	jgi|PseVKM4520_1|3541|transcript_KFZ14981
OG0004369	coassemb376_007820-T1, coassemb376_007821-T1	jgi|Morco1|534707|fgenesh1_kg.17_#_43_#_Locus16834v1rpkm0.80
OG0004411	coassemb376_000758-T1	jgi|Capcor1|101072|A1O1_08260T0
OG0004487	coassemb376_006342-T1	KAI9717557.1
OG0004487	coassemb376_006342-T1	KAI9695916.1
OG0004487	coassemb376_006342-T1	GTX0486b100_007850-T1
OG0004487	coassemb376_006342-T1	jgi|Aspni_DSM_1|160684|An07g04570m.01
OG0004527	coassemb376_002663-T1	KAI9652523.1
OG0004622	coassemb376_001603-T1	jgi|Clagr3|2324|CLAGR_001722-RA
OG0004664	coassemb376_002727-T1	jgi|Grascr1|678|GST1_001391-RA
OG0004683	coassemb376_001291-T1	jgi|Podan3|206003|mRNA_4831
OG0004749	coassemb376_001949-T1	jgi|Aurpu_var_mel1|65965|fgenesh1_pg.10_#_51
OG0004760	coassemb376_003995-T1	jgi|Capcor1|95013|A1O1_02152T0
OG0004760	coassemb376_003995-T1	jgi|Artol1|5540|AOL_s00079g314m.01
OG0004795	coassemb376_007936-T1	jgi|Claba1|139160|Z519_05692T0
OG0004946	coassemb376_005475-T1	jgi|Fonmu1|9138|Z520_11544T0
OG0005228	coassemb376_006534-T1	jgi|Monha1|8323|H072_8618m.01
OG0005256	coassemb376_003659-T1	coassemb76_010088-T1
OG0005311	coassemb376_007649-T1	KAI4236488.1
OG0005311	coassemb376_007649-T1	FUN_004945_T1_FUN_004945
OG0005311	coassemb376_007649-T1	KAI4103473.1
OG0005311	coassemb376_007649-T1	GTX0494b19_008795-T1
OG0005311	coassemb376_007649-T1	KAI4217985.1
OG0005311	coassemb376_007649-T1	coassemb378_008204-T1
OG0005311	coassemb376_007649-T1	jgi|Dibbae1|2776|DIBA_007473-RA
OG0005311	coassemb376_007649-T1	jgi|Sclsc1|246|SS1G_00246T0, jgi|Sclsc1|247|SS1G_00247T0
OG0005343	coassemb376_004507-T1	jgi|Phach1|2712|rna2711
OG0005343	coassemb376_004507-T1	jgi|EndpusZ1|1555|EPUS_04839T0
OG0005343	coassemb376_004507-T1	coassemb76_007037-T1
OG0005343	coassemb376_004507-T1	XP_008719335.1
OG0005343	coassemb376_004507-T1	GTX0466b15_001599-T1, GTX0466b15_001600-T1
OG0005343	coassemb376_004507-T1	coassemb64_004512-T1
OG0005343	coassemb376_004507-T1	jgi|Exoaq1|1002|A1O9_01006T0
OG0005343	coassemb376_004507-T1	jgi|Capcor1|94133|A1O1_01270T0
OG0005343	coassemb376_004507-T1	jgi|Claba1|137967|Z519_04493T0
OG0005343	coassemb376_004507-T1	jgi|Fonmu1|6567|Z520_10381T0
OG0005351	coassemb376_003724-T1	KAJ9653021.1
OG0005366	coassemb376_000328-T1	KAI4231955.1
OG0005391	coassemb376_002647-T1	jgi|Fonmu1|10502|Z520_12369T0
OG0005435	coassemb376_003291-T1	jgi|Acastr1|121105|AST1_006607-RA
OG0005499	coassemb376_004201-T1	jgi|Penexp1|2970|PEXP_089060T0
OG0005499	coassemb376_004201-T1	jgi|Exoaq1|4779|A1O9_02298T0, jgi|Exoaq1|9599|A1O9_06029T0
OG0005539	coassemb376_006380-T1	XP_008712375.1
OG0005563	coassemb376_001339-T1	jgi|Aurpu_var_mel1|77219|fgenesh1_pm.19_#_28
OG0005563	coassemb376_001339-T1	jgi|Artol1|1143|AOL_s00006g483m.01
OG0005575	coassemb376_002205-T1	jgi|Aspni_DSM_1|161719|An08g04560m.01
OG0005605	coassemb376_000193-T1	coassemb64_003773-T1
OG0005605	coassemb376_000193-T1	GTX0486b100_008523-T1
OG0005747	coassemb376_003562-T1	jgi|EndpusZ1|3287|EPUS_08556T0, jgi|EndpusZ1|3288|EPUS_08557T0
OG0005794	coassemb376_005984-T1	coassemb76_008471-T1
OG0005931	coassemb376_002995-T1	jgi|PseVKM4520_1|5116|transcript_KFZ12166, jgi|PseVKM4520_1|11080|transcript_KFZ23327
OG0005978	coassemb376_005815-T1	coassemb64_002223-T1
OG0005978	coassemb376_005815-T1	jgi|Fusgr1|6699|FGSG_05772T0
OG0005978	coassemb376_005815-T1	jgi|Dibbae1|5580|DIBA_009407-RA
OG0005978	coassemb376_005815-T1	CAF9938135.1
OG0005978	coassemb376_005815-T1	jgi|Clagr3|5766|CLAGR_005952-RA
OG0005978	coassemb376_005815-T1	jgi|Aurpu_var_mel1|65016|fgenesh1_pg.7_#_8
OG0005978	coassemb376_005815-T1	jgi|Aspni_DSM_1|167208|An15g06960m.01, jgi|Aspni_DSM_1|166951|An15g04320m.01, jgi|Aspni_DSM_1|158263|An03g02560m.01
OG0005978	coassemb376_005815-T1	jgi|Penexp1|814|PEXP_094430T0, jgi|Penexp1|8301|PEXP_076040T0
OG0005978	coassemb376_005815-T1	jgi|Fonmu1|6792|Z520_02002T0
OG0005978	coassemb376_005815-T1	GTX0466b15_007527-T1
OG0005978	coassemb376_005815-T1	jgi|Claba1|132699|Z519_01177T0
OG0005978	coassemb376_005815-T1	jgi|Exoaq1|2122|A1O9_09655T0
OG0005978	coassemb376_005815-T1	jgi|Sclsc1|5530|SS1G_12313T0
OG0005978	coassemb376_005815-T1	jgi|Grascr1|4005|GST1_009888-RA
OG0006003	coassemb376_007520-T1	XP_008717735.1
OG0006007	coassemb376_007333-T1, coassemb376_006234-T1	jgi|Aspni_DSM_1|164921|An12g06090m.01
OG0006063	coassemb376_004970-T1	jgi|Umbpus1|100783|LPUS_07473T0, jgi|Umbpus1|100322|LPUS_00725T0
OG0006091	coassemb376_005865-T1	jgi|Podan3|210152|mRNA_8980
OG0006178	coassemb376_001516-T1	jgi|Grascr1|8723|GST1_011775-RA
OG0006269	coassemb376_003856-T1	jgi|Podan3|208703|mRNA_7531
OG0006312	coassemb376_005470-T1	coassemb378_011409-T1
OG0006334	coassemb376_004757-T1, coassemb376_000538-T1, coassemb376_000537-T1	jgi|Aspni_DSM_1|164931|An12g06180m.01
OG0006382	coassemb376_002935-T1	KAJ9659592.1
OG0006476	coassemb376_001475-T1	GTX0486b100_007663-T1
OG0006586	coassemb376_007441-T1	jgi|Altal1|997246|estExt_Genewise1Plus.C_21_t20032
OG0006589	coassemb376_001266-T1	jgi|Monha1|5186|H072_5294m.01, jgi|Monha1|6980|H072_7205m.01
OG0006638	coassemb376_000599-T1	jgi|Dibbae1|8770|DIBA_002263-RA
OG0006638	coassemb376_000599-T1	jgi|Clagr3|6591|CLAGR_006304-RA
OG0006638	coassemb376_000599-T1	jgi|Artol1|6195|AOL_s00081g25m.01
OG0006654	coassemb376_007836-T1	jgi|Dibbae1|6525|DIBA_002660-RA
OG0006716	coassemb376_003932-T1	jgi|Morco1|475460|gw1.131.15.1
OG0006828	coassemb376_001986-T1	coassemb76_004075-T1
OG0006828	coassemb376_001986-T1	KAJ9651555.1
OG0006841	coassemb376_006168-T1	jgi|Exoaq1|10150|A1O9_06583T0, jgi|Exoaq1|6236|A1O9_12037T0
OG0006958	coassemb376_004759-T1	jgi|Exoaq1|2779|A1O9_10304T0
OG0006971	coassemb376_005358-T1	KAI9672148.1, KAI9665517.1
OG0006979	coassemb376_006918-T1	GTX0494b19_006997-T1
OG0006979	coassemb376_006918-T1	FUN_005397_T1_FUN_005397
OG0007121	coassemb376_006444-T1	jgi|Exoaq1|49|A1O9_00049T0
OG0007121	coassemb376_006444-T1	jgi|Artol1|9818|AOL_s00188g219m.01
OG0007121	coassemb376_006444-T1	jgi|Penexp1|320|PEXP_001310T0
OG0007121	coassemb376_006444-T1	coassemb378_000025-T1
OG0007121	coassemb376_006444-T1	jgi|Exoaq1|49|A1O9_00049T0
OG0007121	coassemb376_006444-T1	jgi|Acastr1|120406|AST1_005459-RA
OG0007121	coassemb376_006444-T1	jgi|Fusgr1|12221|FGSG_10565T0
OG0007121	coassemb376_006444-T1	jgi|Monha1|6458|H072_6667m.01, jgi|Monha1|10683|H072_11352m.01
OG0007121	coassemb376_006444-T1	jgi|Podan3|203066|mRNA_1894
OG0007156	coassemb376_006264-T1	KAI9837744.1
OG0007156	coassemb376_006264-T1	jgi|Penexp1|8270|PEXP_075730T0
OG0007156	coassemb376_006264-T1	KAI9720505.1, KAI9717937.1
OG0007156	coassemb376_006264-T1	jgi|Fusgr1|6634|FGSG_05719T0, jgi|Fusgr1|4888|FGSG_03274T0
OG0007156	coassemb376_006264-T1	KAI9696221.1
OG0007156	coassemb376_006264-T1	KAI9718522.1
OG0007156	coassemb376_006264-T1	CAF9940373.1, CAF9913631.1
OG0007156	coassemb376_006264-T1	KAI9665481.1
OG0007232	coassemb376_005955-T1	jgi|Phach1|1760|rna1759
OG0007270	coassemb376_003041-T1	coassemb76_005880-T1
