Orthogroup	coassembly.bin.378.proteins	Other
OG0000001	coassemb378_006346-T1, coassemb378_005447-T1, coassemb378_000078-T1	jgi|Podan3|208805|mRNA_7633
OG0000001	coassemb378_008205-T1	jgi|Aurpu_var_mel1|27966|gw1.18.524.1, jgi|Aurpu_var_mel1|87229|gm1.7625_g
OG0000001	coassemb378_008205-T1	jgi|Dibbae1|8392|DIBA_011301-RA
OG0000001	coassemb378_008205-T1	jgi|Phach1|228|rna227
OG0000001	coassemb378_008205-T1	jgi|PseVKM4520_1|6513|transcript_KFZ24709
OG0000002	coassemb378_006986-T1, coassemb378_008971-T1	jgi|Altal1|386662|CE386661_383
OG0000002	coassemb378_006986-T1, coassemb378_008971-T1	CAF9928005.1
OG0000002	coassemb378_006986-T1, coassemb378_008971-T1	jgi|Fonmu1|4178|Z520_01163T0
OG0000002	coassemb378_006986-T1, coassemb378_008971-T1	coassemb76_006528-T1
OG0000002	coassemb378_006986-T1, coassemb378_008971-T1	XP_008712453.1
OG0000002	coassemb378_000154-T1	jgi|EndpusZ1|6101|EPUS_02368T0
OG0000003	coassemb378_008949-T1	jgi|Dibbae1|10627|DIBA_003191-RA
OG0000003	coassemb378_008949-T1	KAI4232974.1
OG0000003	coassemb378_005398-T1	jgi|Podan3|201333|mRNA_161
OG0000004	coassemb378_010375-T1, coassemb378_009385-T1	jgi|Exoaq1|11121|A1O9_07456T0
OG0000004	coassemb378_002463-T1	jgi|Claba1|133761|Z519_11161T0
OG0000004	coassemb378_002494-T1	jgi|Aurpu_var_mel1|43137|e_gw1.4.1257.1
OG0000004	coassemb378_002494-T1	jgi|Artol1|3393|AOL_s00054g726m.01
OG0000004	coassemb378_002494-T1	jgi|Monha1|3743|H072_3772m.01
OG0000004	coassemb378_002494-T1	jgi|Altal1|1060656|gm1.4891_g
OG0000004	coassemb378_002494-T1	jgi|Fusgr1|5352|FGSG_02869T0
OG0000004	coassemb378_002494-T1	jgi|Neucr_trp3_1|8938|Neucr2.NCU05580T0
OG0000004	coassemb378_002494-T1	jgi|Podan3|207015|mRNA_5843
OG0000004	coassemb378_002494-T1	jgi|Penexp1|1342|PEXP_025860T0
OG0000004	coassemb378_002494-T1	jgi|Claba1|137689|Z519_04216T0
OG0000004	coassemb378_002494-T1	jgi|PseVKM4520_1|740|transcript_KFZ20204, jgi|PseVKM4520_1|9519|transcript_KFZ03137
OG0000004	coassemb378_002494-T1	KAI9659761.1
OG0000004	coassemb378_002494-T1	jgi|Fonmu1|7809|Z520_10781T0
OG0000008	coassemb378_005289-T1	jgi|Exoaq1|1432|A1O9_01438T0
OG0000008	coassemb378_005289-T1	jgi|Claba1|136256|Z519_12779T0
OG0000008	coassemb378_005289-T1	jgi|Fonmu1|3884|Z520_08521T0
OG0000008	coassemb378_005289-T1	jgi|Neucr_trp3_1|8718|Neucr2.NCU04748T0
OG0000008	coassemb378_005289-T1	jgi|Fusgr1|4442|FGSG_03669T0
OG0000008	coassemb378_005289-T1	jgi|Podan3|202905|mRNA_1733
OG0000008	coassemb378_005289-T1	jgi|Altal1|901442|gw1.11.894.1
OG0000008	coassemb378_004363-T1	jgi|Fusgr1|160|FGSG_00130T0
OG0000008	coassemb378_004363-T1	jgi|Claba1|133863|Z519_11264T0
OG0000008	coassemb378_004363-T1	XP_008711048.1
OG0000008	coassemb378_004363-T1	jgi|Altal1|147672|CE147671_1520
OG0000008	coassemb378_004363-T1	jgi|Neucr_trp3_1|6246|Neucr2.NCU08019T0
OG0000008	coassemb378_004363-T1	coassemb64_004636-T1
OG0000008	coassemb378_004363-T1	coassemb64_004636-T1
OG0000008	coassemb378_004363-T1	jgi|Fonmu1|840|Z520_00842T0
OG0000009	coassemb378_004974-T1, coassemb378_008543-T1	jgi|Claba1|128724|Z519_07022T0
OG0000009	coassemb378_004974-T1, coassemb378_008543-T1	KAJ9663857.1, KAJ9652153.1
OG0000009	coassemb378_004974-T1, coassemb378_008543-T1	jgi|Exoaq1|5525|A1O9_03049T0
OG0000012	coassemb378_010565-T1	jgi|Altal1|936260|e_gw1.11.581.1
OG0000014	coassemb378_000794-T1	KAI4208758.1
OG0000015	coassemb378_010925-T1, coassemb378_004074-T1, coassemb378_007953-T1	jgi|Penexp1|3668|PEXP_085500T0
OG0000015	coassemb378_010925-T1, coassemb378_004074-T1, coassemb378_007953-T1	jgi|Aspni_DSM_1|159833|An05g01120m.01, jgi|Aspni_DSM_1|163216|An10g00660m.01, jgi|Aspni_DSM_1|162661|An09g02000m.01
OG0000015	coassemb378_010925-T1, coassemb378_004074-T1, coassemb378_007953-T1	jgi|Cocpo1_1|2685|XM_003067638.1
OG0000015	coassemb378_004383-T1	jgi|Aspni_DSM_1|163638|An11g03940m.01, jgi|Aspni_DSM_1|166170|An14g03870m.01
OG0000020	coassemb378_001579-T1, coassemb378_000700-T1	jgi|Ascim1|415003|fgenesh1_RNNotator_kg.38_#_71_#_Locus7932v1rpkm9.47
OG0000021	coassemb378_010472-T1	coassemb76_007353-T1
OG0000028	coassemb378_011135-T1	FUN_010538_T1_FUN_010538
OG0000033	coassemb378_000587-T1	jgi|Grascr1|7424|GST1_012001-RA
OG0000033	coassemb378_000587-T1	jgi|Grascr1|7424|GST1_012001-RA
OG0000033	coassemb378_000587-T1	coassemb376_005217-T1
OG0000033	coassemb378_000587-T1	GTX0466b15_003848-T1, GTX0466b15_003852-T1
OG0000033	coassemb378_000587-T1	jgi|PseVKM4520_1|8387|transcript_KFZ04397
OG0000033	coassemb378_000587-T1	jgi|Clagr3|11089|CLAGR_010982-RA
OG0000033	coassemb378_000587-T1	CAF9929393.1
OG0000033	coassemb378_000587-T1	jgi|Fusgr1|2422|FGSG_02117T0, jgi|Fusgr1|10648|FGSG_09195T0
OG0000034	coassemb378_008807-T1	jgi|Exoaq1|10859|A1O9_07228T0
OG0000037	coassemb378_008964-T1	jgi|Aspni_DSM_1|162551|An09g00850m.01
OG0000037	coassemb378_006802-T1	KAJ9659731.1
OG0000037	coassemb378_006802-T1	XP_008713221.1
OG0000037	coassemb378_006802-T1	GTX0466b15_003007-T1
OG0000037	coassemb378_006802-T1	jgi|Claba1|139909|Z519_06441T0
OG0000037	coassemb378_006802-T1	jgi|Fonmu1|11922|Z520_05127T0
OG0000037	coassemb378_006802-T1	jgi|Capcor1|95105|A1O1_02244T0
OG0000037	coassemb378_006802-T1	jgi|Exoaq1|1644|A1O9_01650T0
OG0000037	coassemb378_006802-T1	coassemb64_008171-T1
OG0000038	coassemb378_003435-T1	jgi|Clagr3|736|CLAGR_000726-RA
OG0000048	coassemb378_010195-T1	KAJ9660456.1, KAJ9651860.1, KAJ9664322.1
OG0000055	coassemb378_005966-T1	jgi|Clagr3|2322|CLAGR_001720-RA
OG0000056	coassemb378_000040-T1	jgi|Sclsc1|366|SS1G_00366T0
OG0000056	coassemb378_000040-T1	jgi|Aspni_DSM_1|159920|An05g02070m.01
OG0000057	coassemb378_004412-T1	jgi|Exoaq1|5750|A1O9_03277T0
OG0000057	coassemb378_001181-T1	jgi|Podan3|204746|mRNA_3574
OG0000057	coassemb378_001181-T1	jgi|Fusgr1|4571|FGSG_03551T0
OG0000061	coassemb378_011708-T1, coassemb378_010755-T1	jgi|Penexp1|1729|PEXP_074030T0
OG0000061	coassemb378_010755-T1	jgi|Phach1|5485|rna5484
OG0000061	coassemb378_010755-T1	XP_008712670.1
OG0000061	coassemb378_010755-T1	jgi|Claba1|135451|Z519_02313T0
OG0000061	coassemb378_010755-T1	jgi|Fonmu1|1396|Z520_06026T0
OG0000061	coassemb378_010755-T1	jgi|Exoaq1|10177|A1O9_06610T0
OG0000066	coassemb378_001818-T1	jgi|Phach1|1394|rna1393
OG0000067	coassemb378_005973-T1	jgi|Grascr1|1098|GST1_001155-RA, jgi|Grascr1|800|GST1_008971-RA
OG0000069	coassemb378_005892-T1, coassemb378_010164-T1	jgi|Grascr1|1601|GST1_007646-RA
OG0000074	coassemb378_008734-T1	jgi|Ascim1|369667|estExt_fgenesh1_pm.C_310019
OG0000074	coassemb378_008734-T1	jgi|Morco1|562348|estExt_fgenesh1_pg.C_50128
OG0000074	coassemb378_008734-T1	jgi|Podan3|201798|mRNA_626
OG0000074	coassemb378_008734-T1	jgi|Neucr_trp3_1|1922|Neucr2.NCU00788T0
OG0000074	coassemb378_008734-T1	jgi|Fusgr1|6637|FGSG_05721T0
OG0000074	coassemb378_009424-T1	jgi|Clagr3|11264|CLAGR_011075-RA
OG0000074	coassemb378_009424-T1	coassemb376_001531-T1
OG0000076	coassemb378_010731-T1	jgi|Penexp1|8723|PEXP_014370T0
OG0000079	coassemb378_008429-T1	KAI4287114.1
OG0000088	coassemb378_005264-T1	KAI4287751.1
OG0000089	coassemb378_010327-T1	jgi|Penexp1|3664|PEXP_085460T0
OG0000091	coassemb378_001698-T1	coassemb76_008068-T1
OG0000094	coassemb378_010250-T1	jgi|Aspni_DSM_1|158241|An03g02320m.01
OG0000098	coassemb378_009633-T1, coassemb378_010526-T1	jgi|Exoaq1|44|A1O9_00044T0
OG0000098	coassemb378_009633-T1, coassemb378_010526-T1	jgi|Penexp1|3045|PEXP_104880T0
OG0000098	coassemb378_010526-T1	jgi|Exoaq1|10862|A1O9_07231T0
OG0000101	coassemb378_002332-T1	jgi|Aurpu_var_mel1|70638|fgenesh1_pg.57_#_3
OG0000101	coassemb378_009243-T1	CAF9918053.1
OG0000104	coassemb378_009368-T1	CAF9921432.1
OG0000112	coassemb378_004140-T1	jgi|Exoaq1|6159|A1O9_11960T0
OG0000115	coassemb378_010588-T1	jgi|Exoaq1|11438|A1O9_07774T0
OG0000115	coassemb378_010588-T1	jgi|Clagr3|7930|CLAGR_008371-RA
OG0000118	coassemb378_007005-T1, coassemb378_009584-T1	jgi|Exoaq1|7783|A1O9_04314T0
OG0000118	coassemb378_001182-T1	jgi|EndpusZ1|1884|EPUS_03253T0
OG0000122	coassemb378_003445-T1	jgi|Morco1|522045|estExt_Genewise1Plus.C_200116
OG0000125	coassemb378_000043-T1	jgi|Dibbae1|6490|DIBA_008349-RA
OG0000126	coassemb378_008521-T1	coassemb76_010089-T1
OG0000126	coassemb378_009111-T1	KAI4206202.1
OG0000131	coassemb378_008570-T1	KAI9653286.1
OG0000131	coassemb378_008570-T1	jgi|Aurpu_var_mel1|63718|fgenesh1_pg.4_#_55, jgi|Aurpu_var_mel1|56530|e_gw1.24.372.1
OG0000146	coassemb378_003750-T1	jgi|Grascr1|714|GST1_007014-RA
OG0000146	coassemb378_003750-T1	jgi|Claba1|138791|Z519_05323T0
OG0000146	coassemb378_003750-T1	jgi|Fonmu1|2901|Z520_07537T0
OG0000146	coassemb378_003750-T1	jgi|Grascr1|714|GST1_007014-RA
OG0000146	coassemb378_003750-T1	jgi|Clagr3|7802|CLAGR_007421-RA
OG0000146	coassemb378_003750-T1	GTX0494b19_003801-T1
OG0000146	coassemb378_003750-T1	FUN_000685_T1_FUN_000685
OG0000146	coassemb378_003750-T1	KAI4230241.1
OG0000146	coassemb378_003750-T1	KAI4096589.1
OG0000146	coassemb378_003750-T1	KAI4288517.1
OG0000146	coassemb378_003750-T1	KAI4209047.1
OG0000146	coassemb378_003750-T1	CAF9919343.1, CAF9911781.1
OG0000146	coassemb378_003750-T1	jgi|Umbpus1|101102|LPUS_07863T0
OG0000146	coassemb378_003750-T1	jgi|Aspni_DSM_1|168056|An16g07720m.01, jgi|Aspni_DSM_1|159887|An05g01710m.01
OG0000146	coassemb378_003750-T1	jgi|Sclsc1|7042|SS1G_12465T0
OG0000151	coassemb378_003651-T1	jgi|PseVKM4520_1|10168|transcript_KFZ24155
OG0000153	coassemb378_007305-T1	jgi|Grascr1|4402|GST1_009774-RA
OG0000164	coassemb378_005734-T1	jgi|Podan3|206414|mRNA_5242
OG0000165	coassemb378_001028-T1	KAI9708569.1, KAI9708568.1
OG0000171	coassemb378_009396-T1	jgi|Exoaq1|8178|A1O9_04713T0
OG0000171	coassemb378_009396-T1	coassemb76_007072-T1
OG0000172	coassemb378_008273-T1	XP_008716838.1
OG0000176	coassemb378_002349-T1	KAJ9653578.1
OG0000176	coassemb378_002349-T1	XP_008713361.1
OG0000176	coassemb378_002349-T1	jgi|Exoaq1|11622|A1O9_07958T0
OG0000181	coassemb378_009033-T1	CAF9937712.1
OG0000181	coassemb378_009033-T1	jgi|Fonmu1|11781|Z520_04986T0
OG0000181	coassemb378_005990-T1	jgi|Altal1|1022771|fgenesh1_kg.17_#_161_#_Locus2948v1rpkm49.88
OG0000181	coassemb378_005990-T1	jgi|Aurpu_var_mel1|41327|e_gw1.3.1429.1
OG0000181	coassemb378_005990-T1	GTX0486b100_005334-T1
OG0000181	coassemb378_005990-T1	jgi|Umbpus1|106325|LPUS_04468T0
OG0000181	coassemb378_005990-T1	jgi|Clagr3|2548|CLAGR_002519-RA
OG0000181	coassemb378_005990-T1	CAF9940809.1
OG0000181	coassemb378_005990-T1	KAJ9664732.1
OG0000181	coassemb378_005990-T1	coassemb76_003304-T1
OG0000181	coassemb378_005990-T1	GTX0466b15_002606-T1
OG0000181	coassemb378_005990-T1	jgi|Exoaq1|10324|A1O9_06690T0
OG0000181	coassemb378_005990-T1	jgi|Fonmu1|9189|Z520_11595T0, jgi|Fonmu1|6595|Z520_01804T0
OG0000181	coassemb378_005990-T1	jgi|Claba1|133561|Z519_10961T0
OG0000181	coassemb378_005990-T1	jgi|Capcor1|99805|A1O1_06980T0
OG0000181	coassemb378_005990-T1	XP_008711896.1
OG0000181	coassemb378_005990-T1	jgi|Phach1|3960|rna3959
OG0000181	coassemb378_005990-T1	jgi|Sclsc1|3147|SS1G_09603T0
OG0000181	coassemb378_005990-T1	jgi|PseVKM4520_1|8127|transcript_KFZ04866
OG0000189	coassemb378_007229-T1	KAI4109235.1
OG0000196	coassemb378_008220-T1	jgi|Cocpo1_1|3633|XM_003068586.1
OG0000200	coassemb378_001191-T1	jgi|Fusgr1|3068|FGSG_02688T0, jgi|Fusgr1|4515|FGSG_12409T0
OG0000201	coassemb378_001789-T1	KAI9835285.1
OG0000201	coassemb378_001789-T1	jgi|Umbpus1|107169|LPUS_05423T0, jgi|Umbpus1|104190|LPUS_10930T0, jgi|Umbpus1|99409|LPUS_05992T0
OG0000201	coassemb378_001789-T1	KAJ9661403.1
OG0000201	coassemb378_001789-T1	coassemb76_005173-T1, coassemb76_002960-T1
OG0000201	coassemb378_001789-T1	GTX0466b15_009363-T1, GTX0466b15_000408-T1
OG0000201	coassemb378_001789-T1	XP_008713333.1, XP_008717952.1, XP_008716436.1
OG0000201	coassemb378_001789-T1	jgi|Claba1|128337|Z519_00720T0, jgi|Claba1|132927|Z519_01405T0
OG0000201	coassemb378_001789-T1	jgi|Fonmu1|964|Z520_05594T0, jgi|Fonmu1|6677|Z520_01887T0
OG0000201	coassemb378_001789-T1	jgi|Capcor1|97352|A1O1_04510T0, jgi|Capcor1|95589|A1O1_02729T0
OG0000201	coassemb378_001789-T1	jgi|Exoaq1|8711|A1O9_12966T0, jgi|Exoaq1|2022|A1O9_09554T0, jgi|Exoaq1|3275|A1O9_10791T0
OG0000201	coassemb378_001789-T1	jgi|EndpusZ1|5122|EPUS_01730T0, jgi|EndpusZ1|5360|EPUS_00516T0
OG0000201	coassemb378_001789-T1	jgi|Cocpo1_1|1037|XM_003065989.1
OG0000201	coassemb378_001789-T1	jgi|Phach1|3591|rna3590, jgi|Phach1|5366|rna5365
OG0000201	coassemb378_001789-T1	jgi|Penexp1|8065|PEXP_103080T0
OG0000201	coassemb378_001789-T1	jgi|Aspni_DSM_1|167904|An16g06140m.01, jgi|Aspni_DSM_1|163419|An11g01660m.01
OG0000201	coassemb378_001789-T1	FUN_004823_T1_FUN_004823, FUN_005416_T1_FUN_005416, FUN_001127_T1_FUN_001127
OG0000201	coassemb378_001789-T1	GTX0494b19_001058-T1, GTX0494b19_004006-T1, GTX0494b19_005111-T1
OG0000201	coassemb378_001789-T1	KAI4110978.1, KAI4096057.1, KAI4101402.1
OG0000201	coassemb378_001789-T1	KAI4283671.1, KAI4286609.1, KAI4289076.1
OG0000201	coassemb378_001789-T1	KAI4101201.1, KAI4096211.1, KAI4105850.1
OG0000201	coassemb378_001789-T1	coassemb376_003668-T1, coassemb376_003726-T1
OG0000201	coassemb378_001789-T1	jgi|Erypu1|4880|transcript_POS85717, jgi|Erypu1|6086|transcript_POS84953
OG0000201	coassemb378_001789-T1	jgi|PseVKM4520_1|10449|transcript_KFZ25355, jgi|PseVKM4520_1|5518|transcript_KFZ11290, jgi|PseVKM4520_1|9326|transcript_KFZ03363
OG0000201	coassemb378_001789-T1	jgi|Sclsc1|5761|SS1G_01262T0, jgi|Sclsc1|7494|SS1G_12917T0
OG0000201	coassemb378_001789-T1	jgi|Acastr1|126527|AST1_005748-RA
OG0000201	coassemb378_001789-T1	KAI9701835.1
OG0000201	coassemb378_001789-T1	GTX0486b100_001532-T1
OG0000201	coassemb378_001789-T1	KAI9720635.1
OG0000201	coassemb378_001789-T1	jgi|Clagr3|3359|CLAGR_004070-RA, jgi|Clagr3|750|CLAGR_000740-RA, jgi|Clagr3|7562|CLAGR_007963-RA
OG0000201	coassemb378_001789-T1	CAF9916273.1, CAF9928067.1
OG0000201	coassemb378_001789-T1	KAI4219661.1, KAI4235109.1
OG0000201	coassemb378_001789-T1	KAI4219872.1, KAI4228118.1
OG0000201	coassemb378_001789-T1	jgi|Neucr_trp3_1|3299|Neucr2.NCU01720T0
OG0000201	coassemb378_001789-T1	jgi|Podan3|206074|mRNA_4902
OG0000201	coassemb378_001789-T1	jgi|Fusgr1|391|FGSG_00314T0
OG0000201	coassemb378_001789-T1	jgi|Aurpu_var_mel1|17740|gw1.25.120.1, jgi|Aurpu_var_mel1|33973|gw1.27.404.1, jgi|Aurpu_var_mel1|17184|gw1.3.656.1
OG0000201	coassemb378_001789-T1	coassemb64_004694-T1
OG0000201	coassemb378_001789-T1	KAI9725146.1
OG0000201	coassemb378_001789-T1	jgi|Altal1|1023820|fgenesh1_kg.21_#_38_#_Locus451v1rpkm349.58
OG0000202	coassemb378_004819-T1	jgi|Fusgr1|8832|FGSG_07636T0
OG0000206	coassemb378_000127-T1	jgi|Penexp1|3673|PEXP_041520T0
OG0000222	coassemb378_009429-T1	coassemb64_007458-T1
OG0000225	coassemb378_000138-T1	KAI4288535.1
OG0000235	coassemb378_002556-T1	jgi|Penexp1|8796|PEXP_015100T0, jgi|Penexp1|8163|PEXP_075040T0
OG0000238	coassemb378_007912-T1	jgi|Fusgr1|3901|FGSG_04143T0
OG0000238	coassemb378_002584-T1, coassemb378_003469-T1	jgi|Altal1|2778|CE2777_3532
OG0000238	coassemb378_003469-T1	jgi|Artol1|7140|AOL_s00091g31m.01
OG0000249	coassemb378_009242-T1, coassemb378_011131-T1, coassemb378_003993-T1, coassemb378_003992-T1, coassemb378_010806-T1, coassemb378_009756-T1	jgi|Cocpo1_1|2495|XM_003067448.1, jgi|Cocpo1_1|6003|XM_003070956.1
OG0000250	coassemb378_010366-T1	KAI9712898.1
OG0000250	coassemb378_000710-T1	jgi|Fonmu1|3815|Z520_08452T0
OG0000253	coassemb378_008716-T1	coassemb64_000923-T1
OG0000264	coassemb378_006769-T1	jgi|Exoaq1|3970|A1O9_11492T0
OG0000264	coassemb378_006769-T1	jgi|Grascr1|467|GST1_006106-RA
OG0000269	coassemb378_001140-T1	jgi|Exoaq1|288|A1O9_00288T0
OG0000279	coassemb378_008712-T1	jgi|Neucr_trp3_1|6469|Neucr2.NCU06980T0
OG0000283	coassemb378_010211-T1	coassemb376_007093-T1
OG0000289	coassemb378_008345-T1	jgi|Sclsc1|4475|SS1G_10931T0
OG0000293	coassemb378_002291-T1	coassemb376_005717-T1
OG0000293	coassemb378_002291-T1	jgi|Clagr3|7186|CLAGR_007200-RA
OG0000293	coassemb378_002291-T1	CAF9918893.1
OG0000293	coassemb378_002291-T1	KAI4288765.1
OG0000293	coassemb378_002291-T1	KAI4105306.1
OG0000293	coassemb378_002291-T1	GTX0494b19_001126-T1, GTX0494b19_003636-T1
OG0000293	coassemb378_002291-T1	FUN_007609_T1_FUN_007609
OG0000293	coassemb378_002291-T1	KAI4224682.1
OG0000293	coassemb378_002291-T1	KAI4239446.1
OG0000293	coassemb378_002291-T1	KAI4103066.1
OG0000295	coassemb378_007442-T1	jgi|Morco1|606068|estExt_Genemark1.C_280061
OG0000295	coassemb378_007442-T1	jgi|Monha1|99|H072_99m.01, jgi|Monha1|8731|H072_9064m.01
OG0000299	coassemb378_007009-T1, coassemb378_010535-T1	jgi|Aurpu_var_mel1|15858|gw1.2.827.1
OG0000311	coassemb378_001438-T1	jgi|Penexp1|9779|PEXP_098470T0
OG0000311	coassemb378_008244-T1	jgi|Clagr3|9403|CLAGR_009348-RA
OG0000313	coassemb378_008821-T1	coassemb76_010026-T1
OG0000314	coassemb378_006733-T1	jgi|Artol1|4397|AOL_s00076g494m.01
OG0000314	coassemb378_006733-T1	jgi|Monha1|5185|H072_5293m.01
OG0000314	coassemb378_006733-T1	jgi|Neucr_trp3_1|9326|Neucr2.NCU06009T0
OG0000314	coassemb378_006733-T1	jgi|Podan3|207014|mRNA_5842
OG0000314	coassemb378_006733-T1	jgi|Fusgr1|10249|FGSG_08065T0
OG0000315	coassemb378_002251-T1	jgi|Penexp1|2729|PEXP_108930T0
OG0000315	coassemb378_002251-T1	jgi|Cocpo1_1|4194|XM_003069147.1
OG0000317	coassemb378_004245-T1	jgi|Sclsc1|1845|SS1G_08301T0
OG0000333	coassemb378_010980-T1	jgi|Aspni_DSM_1|168307|An17g00930m.01
OG0000333	coassemb378_010980-T1	jgi|Fonmu1|110|Z520_00111T0
OG0000333	coassemb378_010980-T1	jgi|Claba1|132571|Z519_01049T0
OG0000333	coassemb378_010980-T1	jgi|Exoaq1|8783|A1O9_05207T0
OG0000333	coassemb378_010980-T1	coassemb64_004408-T1
OG0000333	coassemb378_010980-T1	jgi|Dibbae1|925|DIBA_001027-RA
OG0000333	coassemb378_010980-T1	jgi|PseVKM4520_1|8102|transcript_KFZ05048
OG0000333	coassemb378_010980-T1	jgi|Aurpu_var_mel1|64581|fgenesh1_pg.5_#_443
OG0000333	coassemb378_010980-T1	coassemb376_007324-T1
OG0000333	coassemb378_010980-T1	jgi|EndpusZ1|2890|EPUS_09285T0
OG0000333	coassemb378_010980-T1	KAI4274765.1
OG0000333	coassemb378_010980-T1	KAI9709854.1
OG0000342	coassemb378_011711-T1	jgi|Ascim1|123924|CE123923_1326
OG0000345	coassemb378_002704-T1	jgi|Morco1|486361|e_gw1.19.285.1
OG0000358	coassemb378_004060-T1	CAF9942250.1
OG0000360	coassemb378_002925-T1	jgi|Penexp1|5287|PEXP_046120T0
OG0000399	coassemb378_010874-T1	jgi|Cocpo1_1|2934|XM_003067887.1
OG0000399	coassemb378_010874-T1	jgi|Exoaq1|3000|A1O9_10522T0
OG0000401	coassemb378_005721-T1	jgi|Monha1|4268|H072_4348m.01
OG0000415	coassemb378_010623-T1	KAI9747104.1
OG0000415	coassemb378_010623-T1	KAI9830924.1
OG0000415	coassemb378_010623-T1	jgi|Umbpus1|103162|LPUS_09708T0
OG0000415	coassemb378_010623-T1	CAF9941181.1
OG0000415	coassemb378_010623-T1	jgi|Clagr3|8653|CLAGR_008208-RA
OG0000415	coassemb378_010623-T1	KAI4093709.1
OG0000415	coassemb378_010623-T1	coassemb376_002639-T1
OG0000415	coassemb378_010623-T1	jgi|Dibbae1|1440|DIBA_005262-RA
OG0000415	coassemb378_010623-T1	jgi|Acastr1|121024|AST1_001924-RA
OG0000415	coassemb378_010623-T1	KAI9718558.1
OG0000415	coassemb378_010623-T1	GTX0486b100_001317-T1
OG0000415	coassemb378_010623-T1	KAI9696836.1
OG0000415	coassemb378_010623-T1	jgi|Sclsc1|3338|SS1G_09794T0
OG0000415	coassemb378_010623-T1	jgi|Podan3|203685|mRNA_2513
OG0000415	coassemb378_010623-T1	jgi|Neucr_trp3_1|6735|Neucr2.NCU05201T0
OG0000415	coassemb378_010623-T1	jgi|PseVKM4520_1|41|transcript_KFZ22862
OG0000415	coassemb378_010623-T1	KAI9824392.1
OG0000417	coassemb378_004779-T1	jgi|Podan3|207916|mRNA_6744, jgi|Podan3|203446|mRNA_2274
OG0000428	coassemb378_005616-T1	KAI9826689.1
OG0000464	coassemb378_008744-T1	jgi|Clagr3|9550|CLAGR_009003-RA
OG0000466	coassemb378_009785-T1	jgi|Grascr1|11362|GST1_005242-RA
OG0000470	coassemb378_000568-T1, coassemb378_007097-T1	CAF9915761.1
OG0000470	coassemb378_007097-T1	jgi|Phach1|2717|rna2716
OG0000483	coassemb378_004244-T1	KAI9685806.1
OG0000483	coassemb378_004244-T1	FUN_009084_T1_FUN_009084
OG0000485	coassemb378_004764-T1	jgi|Penexp1|3620|PEXP_086100T0
OG0000494	coassemb378_011477-T1	KAI4283754.1
OG0000521	coassemb378_011444-T1	jgi|EndpusZ1|4157|EPUS_04802T0
OG0000525	coassemb378_000184-T1, coassemb378_006471-T1	jgi|Altal1|986667|estExt_Genewise1Plus.C_8_t10153
OG0000525	coassemb378_000184-T1, coassemb378_006471-T1	jgi|Penexp1|8547|PEXP_070070T0
OG0000528	coassemb378_007682-T1	coassemb76_003245-T1
OG0000555	coassemb378_005036-T1	coassemb76_003908-T1
OG0000578	coassemb378_000903-T1	KAI4226395.1
OG0000580	coassemb378_009052-T1	jgi|Umbpus1|101863|LPUS_08616T0
OG0000580	coassemb378_009052-T1	jgi|Aspni_DSM_1|158126|An03g01130m.01
OG0000580	coassemb378_009052-T1	jgi|Aspni_DSM_1|158126|An03g01130m.01
OG0000580	coassemb378_009052-T1	jgi|Capcor1|92323|A1O1_08746T0
OG0000580	coassemb378_009052-T1	jgi|Fonmu1|9500|Z520_11907T0
OG0000580	coassemb378_009052-T1	jgi|Claba1|133998|Z519_11399T0
OG0000580	coassemb378_009052-T1	coassemb64_001118-T1
OG0000580	coassemb378_009052-T1	jgi|Exoaq1|3066|A1O9_10588T0
OG0000580	coassemb378_009052-T1	KAJ9656624.1
OG0000580	coassemb378_009052-T1	jgi|Altal1|1052419|estExt_fgenesh1_pg.C_180030
OG0000580	coassemb378_009052-T1	jgi|Neucr_trp3_1|1839|Neucr2.NCU00866T0
OG0000580	coassemb378_009052-T1	jgi|Podan3|202853|mRNA_1681
OG0000580	coassemb378_009052-T1	jgi|Fusgr1|927|FGSG_00788T0, jgi|Fusgr1|12540|FGSG_11114T0
OG0000590	coassemb378_008024-T1	jgi|Capcor1|98166|A1O1_05330T0
OG0000590	coassemb378_008024-T1	jgi|Claba1|128692|Z519_06990T0
OG0000590	coassemb378_008024-T1	jgi|Fonmu1|12015|Z520_05221T0
OG0000590	coassemb378_008024-T1	jgi|Phach1|5340|rna5339
OG0000590	coassemb378_008024-T1	coassemb76_007242-T1, coassemb76_000880-T1
OG0000590	coassemb378_008024-T1	GTX0466b15_007150-T1, GTX0466b15_009159-T1
OG0000590	coassemb378_008024-T1	KAI9835766.1
OG0000590	coassemb378_008024-T1	XP_008717550.1
OG0000590	coassemb378_008024-T1	jgi|Exoaq1|10474|A1O9_06842T0
OG0000590	coassemb378_008024-T1	jgi|EndpusZ1|6023|EPUS_06718T0
OG0000590	coassemb378_008024-T1	KAJ9650450.1
OG0000590	coassemb378_008024-T1	jgi|Altal1|937546|e_gw1.12.47.1
OG0000615	coassemb378_005527-T1	CAF9926602.1
OG0000636	coassemb378_007158-T1	jgi|Clagr3|6601|CLAGR_006314-RA
OG0000648	coassemb378_011428-T1	coassemb76_003566-T1
OG0000654	coassemb378_008743-T1	coassemb64_005016-T1
OG0000654	coassemb378_008743-T1	coassemb76_006623-T1
OG0000656	coassemb378_005954-T1	jgi|Aspni_DSM_1|160253|An07g00150m.01
OG0000656	coassemb378_005954-T1	jgi|PseVKM4520_1|8113|transcript_KFZ24584
OG0000656	coassemb378_005954-T1	jgi|Aurpu_var_mel1|58168|e_gw1.28.62.1
OG0000656	coassemb378_005954-T1	jgi|Altal1|1095209|estExt_Genemark1.C_110311
OG0000656	coassemb378_005954-T1	jgi|Dibbae1|4268|DIBA_008731-RA
OG0000656	coassemb378_005954-T1	jgi|Dibbae1|4268|DIBA_008731-RA
OG0000656	coassemb378_005954-T1	jgi|Podan3|209731|mRNA_8559
OG0000656	coassemb378_005954-T1	jgi|Fusgr1|3766|FGSG_04267T0
OG0000684	coassemb378_003965-T1	jgi|Sclsc1|10766|SS1G_03795T0
OG0000688	coassemb378_001950-T1	jgi|EndpusZ1|9016|EPUS_05276T0, jgi|EndpusZ1|3977|EPUS_08691T0
OG0000688	coassemb378_001950-T1	jgi|Exoaq1|9555|A1O9_05985T0
OG0000688	coassemb378_001950-T1	KAJ9655021.1
OG0000691	coassemb378_007181-T1	jgi|Phach1|328|rna327
OG0000691	coassemb378_007181-T1	jgi|EndpusZ1|7493|EPUS_01912T0
OG0000691	coassemb378_007181-T1	jgi|Capcor1|96360|A1O1_03507T0
OG0000691	coassemb378_007181-T1	jgi|Exoaq1|7487|A1O9_04018T0
OG0000691	coassemb378_007181-T1	jgi|Claba1|137693|Z519_04220T0
OG0000691	coassemb378_007181-T1	jgi|Fonmu1|4806|Z520_08617T0
OG0000691	coassemb378_007181-T1	XP_008714667.1
OG0000691	coassemb378_007181-T1	coassemb76_003844-T1
OG0000691	coassemb378_007181-T1	GTX0466b15_003129-T1
OG0000691	coassemb378_007181-T1	jgi|Umbpus1|102729|LPUS_09319T0
OG0000691	coassemb378_007181-T1	KAJ9648657.1
OG0000691	coassemb378_007181-T1	jgi|Aspni_DSM_1|155072|An01g00050m.01
OG0000691	coassemb378_007181-T1	coassemb376_007412-T1
OG0000693	coassemb378_004613-T1	KAJ9663676.1, KAJ9657228.1
OG0000696	coassemb378_004602-T1	jgi|Altal1|1019116|fgenesh1_kg.7_#_251_#_Locus2570v1rpkm58.59
OG0000703	coassemb378_001098-T1	jgi|Altal1|1099843|estExt_Genemark1.C_310035
OG0000708	coassemb378_004716-T1	jgi|Exoaq1|1826|A1O9_01832T0
OG0000713	coassemb378_007793-T1	KAI9724470.1
OG0000713	coassemb378_007793-T1	CAF9921443.1
OG0000713	coassemb378_007793-T1	jgi|Neucr_trp3_1|3590|Neucr2.NCU08717T0
OG0000713	coassemb378_007793-T1	jgi|Altal1|1050014|estExt_fgenesh1_pg.C_100091
OG0000713	coassemb378_007793-T1	XP_008718466.1
OG0000713	coassemb378_007793-T1	jgi|Capcor1|93311|A1O1_00442T0
OG0000713	coassemb378_007793-T1	jgi|Claba1|136582|Z519_03113T0
OG0000713	coassemb378_007793-T1	jgi|Fonmu1|7866|Z520_10838T0
OG0000713	coassemb378_007793-T1	coassemb64_005211-T1
OG0000713	coassemb378_007793-T1	jgi|Exoaq1|1458|A1O9_01464T0
OG0000713	coassemb378_007793-T1	KAJ9655710.1
OG0000713	coassemb378_007793-T1	GTX0466b15_007915-T1
OG0000713	coassemb378_007793-T1	coassemb76_010202-T1
OG0000713	coassemb378_007793-T1	coassemb376_002469-T1
OG0000713	coassemb378_007793-T1	coassemb376_002469-T1
OG0000716	coassemb378_005324-T1	KAI9836191.1
OG0000716	coassemb378_005324-T1	KAI9713366.1
OG0000716	coassemb378_005324-T1	KAI9699340.1
OG0000716	coassemb378_005324-T1	GTX0486b100_001478-T1
OG0000716	coassemb378_005324-T1	jgi|Umbpus1|103584|LPUS_10225T0
OG0000716	coassemb378_005324-T1	jgi|Acastr1|121988|AST1_001832-RA
OG0000738	coassemb378_003944-T1	jgi|Fusgr1|9627|FGSG_08611T0
OG0000745	coassemb378_006473-T1	jgi|Penexp1|3667|PEXP_085490T0
OG0000745	coassemb378_006473-T1	jgi|Aspni_DSM_1|162662|An09g02010m.01
OG0000746	coassemb378_010706-T1	KAI9712186.1
OG0000746	coassemb378_010706-T1	jgi|Aurpu_var_mel1|51785|e_gw1.15.13.1
OG0000748	coassemb378_006069-T1	jgi|Cocpo1_1|7078|XM_003072031.1
OG0000748	coassemb378_006069-T1	jgi|Penexp1|5880|PEXP_011890T0
OG0000748	coassemb378_006069-T1	jgi|Aspni_DSM_1|166701|An15g01780m.01
OG0000748	coassemb378_006069-T1	coassemb64_000733-T1
OG0000748	coassemb378_006069-T1	jgi|Exoaq1|5966|A1O9_03496T0
OG0000748	coassemb378_006069-T1	jgi|Claba1|135261|Z519_02123T0
OG0000748	coassemb378_006069-T1	jgi|Fonmu1|7657|Z520_10629T0
OG0000748	coassemb378_006069-T1	jgi|Capcor1|101156|A1O1_08344T0
OG0000748	coassemb378_006069-T1	XP_008716830.1
OG0000748	coassemb378_006069-T1	coassemb76_005769-T1
OG0000748	coassemb378_006069-T1	GTX0466b15_004061-T1
OG0000748	coassemb378_006069-T1	jgi|EndpusZ1|1945|EPUS_04933T0
OG0000748	coassemb378_006069-T1	jgi|Phach1|2465|rna2464
OG0000748	coassemb378_006069-T1	jgi|Altal1|1027764|fgenesh1_pm.2_#_124
OG0000748	coassemb378_006069-T1	jgi|Aurpu_var_mel1|74569|fgenesh1_pm.7_#_295
OG0000748	coassemb378_006069-T1	KAI9722577.1
OG0000748	coassemb378_006069-T1	KAI9654291.1
OG0000780	coassemb378_008937-T1	coassemb64_008147-T1
OG0000780	coassemb378_005839-T1	KAI9837246.1
OG0000780	coassemb378_005839-T1	KAI9718071.1
OG0000780	coassemb378_005839-T1	GTX0486b100_000154-T1
OG0000780	coassemb378_005839-T1	KAI9698750.1
OG0000780	coassemb378_005839-T1	jgi|Acastr1|120099|AST1_008980-RA
OG0000780	coassemb378_005839-T1	jgi|Erypu1|5023|transcript_POS85621
OG0000780	coassemb378_005839-T1	jgi|Neucr_trp3_1|7350|Neucr2.NCU03779T0
OG0000780	coassemb378_005839-T1	jgi|Podan3|205087|mRNA_3915
OG0000780	coassemb378_005839-T1	jgi|Fusgr1|8112|FGSG_07017T0
OG0000780	coassemb378_005839-T1	jgi|Sclsc1|10226|SS1G_03255T0
OG0000780	coassemb378_005839-T1	jgi|PseVKM4520_1|164|transcript_KFZ22746
OG0000780	coassemb378_005839-T1	jgi|Aspni_DSM_1|166432|An14g06500m.01
OG0000780	coassemb378_005839-T1	jgi|Penexp1|2758|PEXP_109220T0
OG0000780	coassemb378_005839-T1	jgi|Cocpo1_1|2233|XM_003067186.1
OG0000780	coassemb378_005839-T1	KAJ9656814.1, KAJ9651481.1
OG0000780	coassemb378_005839-T1	coassemb64_003244-T1
OG0000780	coassemb378_005839-T1	jgi|Exoaq1|11873|A1O9_08189T0
OG0000780	coassemb378_005839-T1	jgi|Fonmu1|542|Z520_00543T0
OG0000780	coassemb378_005839-T1	jgi|Claba1|130190|Z519_08497T0
OG0000780	coassemb378_005839-T1	jgi|Capcor1|95508|A1O1_02647T0
OG0000780	coassemb378_005839-T1	jgi|EndpusZ1|5321|EPUS_00477T0
OG0000780	coassemb378_005839-T1	XP_008716264.1
OG0000780	coassemb378_005839-T1	GTX0466b15_000517-T1
OG0000780	coassemb378_005839-T1	jgi|Phach1|4024|rna4023
OG0000780	coassemb378_005839-T1	jgi|PseVKM4520_1|10673|transcript_KFZ25328
OG0000780	coassemb378_005839-T1	jgi|PseVKM4520_1|10673|transcript_KFZ25328
OG0000780	coassemb378_005839-T1	coassemb76_008347-T1
OG0000780	coassemb378_005839-T1	KAI9718072.1
OG0000780	coassemb378_005839-T1	KAI9718072.1
OG0000792	coassemb378_000347-T1	jgi|Fusgr1|5336|FGSG_02884T0
OG0000793	coassemb378_010898-T1	jgi|Podan3|201452|mRNA_280
OG0000793	coassemb378_010898-T1	jgi|Neucr_trp3_1|2084|Neucr2.NCU00643T0
OG0000793	coassemb378_010898-T1	jgi|Fusgr1|776|FGSG_00655T0
OG0000793	coassemb378_010898-T1	jgi|Sclsc1|12930|SS1G_05959T0
OG0000793	coassemb378_010898-T1	KAI9820092.1
OG0000793	coassemb378_010898-T1	jgi|PseVKM4520_1|8761|transcript_KFZ04006
OG0000793	coassemb378_010898-T1	jgi|Aurpu_var_mel1|55089|e_gw1.21.144.1
OG0000793	coassemb378_010898-T1	jgi|Altal1|947634|e_gw1.28.141.1
OG0000793	coassemb378_010898-T1	KAI9837075.1
OG0000793	coassemb378_010898-T1	KAI9714587.1
OG0000793	coassemb378_010898-T1	GTX0486b100_004825-T1
OG0000793	coassemb378_010898-T1	KAI9705866.1
OG0000793	coassemb378_010898-T1	jgi|Penexp1|3861|PEXP_071150T0
OG0000793	coassemb378_010898-T1	jgi|Aspni_DSM_1|156127|An01g10920m.01
OG0000793	coassemb378_010898-T1	GTX0466b15_004446-T1
OG0000793	coassemb378_010898-T1	coassemb76_000162-T1
OG0000793	coassemb378_010898-T1	XP_008711150.1
OG0000793	coassemb378_010898-T1	KAJ9661914.1
OG0000793	coassemb378_010898-T1	jgi|Fonmu1|7069|Z520_02279T0
OG0000793	coassemb378_010898-T1	jgi|Claba1|131120|Z519_09432T0
OG0000793	coassemb378_010898-T1	coassemb64_000414-T1
OG0000793	coassemb378_010898-T1	jgi|Exoaq1|10605|A1O9_06974T0
OG0000793	coassemb378_010898-T1	jgi|Capcor1|97100|A1O1_04255T0
OG0000793	coassemb378_010898-T1	jgi|Phach1|5738|rna5737
OG0000793	coassemb378_010898-T1	jgi|Umbpus1|104013|LPUS_10704T0
OG0000793	coassemb378_010898-T1	jgi|Dibbae1|168|DIBA_001305-RA
OG0000793	coassemb378_010898-T1	KAI4093523.1, KAI4093326.1
OG0000793	coassemb378_010898-T1	FUN_009120_T1_FUN_009120, FUN_005059_T1_FUN_005059
OG0000793	coassemb378_010898-T1	GTX0494b19_002456-T1, GTX0494b19_006610-T1
OG0000793	coassemb378_010898-T1	KAI4220581.1, KAI4228024.1
OG0000793	coassemb378_010898-T1	KAI4237393.1, KAI4231114.1
OG0000793	coassemb378_010898-T1	KAI4289288.1, KAI4289463.1
OG0000793	coassemb378_010898-T1	KAI4102964.1, KAI4098146.1
OG0000793	coassemb378_010898-T1	coassemb376_002684-T1
OG0000793	coassemb378_010898-T1	jgi|Acastr1|121911|AST1_000684-RA
OG0000793	coassemb378_010898-T1	jgi|Clagr3|9783|CLAGR_009666-RA
OG0000793	coassemb378_010898-T1	CAF9911075.1
OG0000796	coassemb378_011515-T1	jgi|Clagr3|5894|CLAGR_005815-RA
OG0000796	coassemb378_011515-T1	CAF9939831.1
OG0000796	coassemb378_011515-T1	KAI4090334.1
OG0000796	coassemb378_011515-T1	KAI4290294.1
OG0000796	coassemb378_011515-T1	KAI4101928.1
OG0000796	coassemb378_011515-T1	KAI4229733.1
OG0000796	coassemb378_011515-T1	FUN_009369_T1_FUN_009369
OG0000796	coassemb378_011515-T1	GTX0494b19_004562-T1
OG0000796	coassemb378_011515-T1	KAI4237273.1
OG0000796	coassemb378_011515-T1	coassemb376_002365-T1
OG0000796	coassemb378_011515-T1	coassemb376_002365-T1
OG0000796	coassemb378_011515-T1	KAJ9660351.1
OG0000797	coassemb378_005664-T1	jgi|Monha1|8780|H072_9122m.01
OG0000811	coassemb378_005426-T1	jgi|EndpusZ1|5260|EPUS_05586T0
OG0000821	coassemb378_011333-T1	jgi|Ascim1|41603|CE41602_3598
OG0000823	coassemb378_008768-T1	coassemb76_009583-T1
OG0000826	coassemb378_009464-T1	jgi|Aspni_DSM_1|167286|An15g07800m.01
OG0000826	coassemb378_009464-T1	jgi|Penexp1|10417|PEXP_060950T0
OG0000826	coassemb378_009464-T1	jgi|Phach1|6763|rna6762
OG0000826	coassemb378_009464-T1	jgi|Erypu1|6810|transcript_POS81669
OG0000826	coassemb378_009464-T1	jgi|EndpusZ1|4153|EPUS_04798T0
OG0000826	coassemb378_009464-T1	KAJ9655420.1
OG0000826	coassemb378_009464-T1	coassemb64_003765-T1
OG0000826	coassemb378_009464-T1	jgi|Exoaq1|9339|A1O9_05767T0
OG0000897	coassemb378_007981-T1	jgi|Fonmu1|6990|Z520_02200T0
OG0000897	coassemb378_007981-T1	GTX0486b100_000479-T1
OG0000900	coassemb378_000038-T1	jgi|Fusgr1|3783|FGSG_04250T0
OG0000902	coassemb378_002193-T1	FUN_000975_T1_FUN_000975
OG0000909	coassemb378_000343-T1	jgi|Penexp1|7694|PEXP_006740T0
OG0000928	coassemb378_007178-T1	CAF9924993.1
OG0000929	coassemb378_009341-T1	jgi|Sclsc1|3721|SS1G_10177T0
OG0000929	coassemb378_009341-T1	jgi|Fusgr1|5566|FGSG_04782T0, jgi|Fusgr1|12527|FGSG_11124T0, jgi|Fusgr1|7534|FGSG_06516T0
OG0000931	coassemb378_009304-T1	jgi|Penexp1|7856|PEXP_008370T0
OG0000946	coassemb378_006682-T1	jgi|Fusgr1|9079|FGSG_07845T0
OG0000946	coassemb378_006682-T1	jgi|Sclsc1|7347|SS1G_12770T0
OG0000979	coassemb378_000207-T1	coassemb76_008435-T1
OG0000993	coassemb378_001917-T1	KAI9828140.1
OG0000993	coassemb378_001917-T1	KAI9753791.1
OG0000993	coassemb378_001917-T1	jgi|Capcor1|95819|A1O1_02961T0
OG0000993	coassemb378_001917-T1	jgi|Fonmu1|872|Z520_00874T0
OG0000993	coassemb378_001917-T1	jgi|Claba1|134127|Z519_11529T0
OG0000993	coassemb378_001917-T1	jgi|Exoaq1|12064|A1O9_08380T0
OG0000993	coassemb378_001917-T1	KAJ9663718.1
OG0000993	coassemb378_001917-T1	GTX0466b15_000029-T1
OG0000993	coassemb378_001917-T1	coassemb76_009736-T1
OG0000993	coassemb378_001917-T1	XP_008712609.1
OG0000993	coassemb378_001917-T1	jgi|Phach1|6873|rna6872
OG0000993	coassemb378_001917-T1	jgi|Cocpo1_1|2130|XM_003067083.1
OG0000993	coassemb378_001917-T1	jgi|Penexp1|8364|PEXP_036750T0
OG0000993	coassemb378_001917-T1	jgi|Aspni_DSM_1|168757|An18g03120m.01
OG0000993	coassemb378_001917-T1	jgi|EndpusZ1|8932|EPUS_02771T0
OG0000993	coassemb378_001917-T1	jgi|Amamu1|169479|fgenesh1_kg.97_#_39_#_Locus13903v5rpkm0.59, jgi|Amamu1|1068383|MIX49462_290_62, jgi|Amamu1|38787|gw1.100.45.1
OG0000993	coassemb378_001917-T1	coassemb376_005092-T1
OG0000993	coassemb378_001917-T1	jgi|Acastr1|119902|AST1_001219-RA, jgi|Acastr1|119900|AST1_001217-RA
OG0000993	coassemb378_001917-T1	jgi|Fusgr1|9332|FGSG_08869T0, jgi|Fusgr1|12113|FGSG_13764T0
OG0000997	coassemb378_001086-T1	jgi|Artol1|71|AOL_s00004g70m.01
OG0001008	coassemb378_009803-T1	jgi|EndpusZ1|9085|EPUS_06916T0
OG0001014	coassemb378_002393-T1	jgi|Fonmu1|4494|Z520_01480T0
OG0001038	coassemb378_002049-T1	GTX0466b15_000493-T1
OG0001038	coassemb378_002049-T1	jgi|Penexp1|2724|PEXP_108880T0
OG0001056	coassemb378_003300-T1	jgi|Clagr3|2884|CLAGR_002851-RA
OG0001084	coassemb378_010093-T1	jgi|Fusgr1|6893|FGSG_05944T0
OG0001115	coassemb378_008433-T1	coassemb76_002847-T1, coassemb76_003966-T1
OG0001129	coassemb378_006438-T1	coassemb64_000930-T1, coassemb64_007700-T1
OG0001133	coassemb378_009686-T1	jgi|Exoaq1|7366|A1O9_03896T0
OG0001135	coassemb378_005173-T1	jgi|Artol1|3669|AOL_s00075g7m.01
OG0001144	coassemb378_005320-T1, coassemb378_011564-T1	KAI9756133.1
OG0001144	coassemb378_005320-T1, coassemb378_011564-T1	KAI9823196.1
OG0001144	coassemb378_005320-T1, coassemb378_011564-T1	KAI9719025.1
OG0001144	coassemb378_005320-T1, coassemb378_011564-T1	KAI9699707.1
OG0001144	coassemb378_005320-T1, coassemb378_011564-T1	GTX0486b100_006164-T1
OG0001144	coassemb378_005320-T1, coassemb378_011564-T1	jgi|Acastr1|122881|AST1_000997-RA
OG0001144	coassemb378_005320-T1, coassemb378_011564-T1	jgi|Dibbae1|3796|DIBA_001776-RA
OG0001144	coassemb378_005320-T1, coassemb378_011564-T1	jgi|Umbpus1|99253|LPUS_05793T0
OG0001144	coassemb378_005320-T1, coassemb378_011564-T1	KAI4233795.1
OG0001144	coassemb378_005320-T1, coassemb378_011564-T1	KAI4226324.1
OG0001144	coassemb378_005320-T1, coassemb378_011564-T1	FUN_003334_T1_FUN_003334
OG0001144	coassemb378_005320-T1, coassemb378_011564-T1	GTX0494b19_006026-T1
OG0001144	coassemb378_005320-T1, coassemb378_011564-T1	KAI4106132.1
OG0001144	coassemb378_005320-T1, coassemb378_011564-T1	KAI4094733.1
OG0001144	coassemb378_005320-T1, coassemb378_011564-T1	KAI4287681.1
OG0001144	coassemb378_005320-T1, coassemb378_011564-T1	CAF9938711.1
OG0001144	coassemb378_005320-T1	coassemb376_002000-T1
OG0001144	coassemb378_011564-T1	jgi|Clagr3|11151|CLAGR_010924-RA
OG0001144	coassemb378_011564-T1	coassemb376_005447-T1
OG0001146	coassemb378_001427-T1	jgi|Sclsc1|10347|SS1G_03376T0
OG0001149	coassemb378_002304-T1	coassemb64_007578-T1
OG0001150	coassemb378_007887-T1	jgi|Fusgr1|11434|FGSG_13666T0
OG0001151	coassemb378_011558-T1	coassemb64_003162-T1
OG0001159	coassemb378_007205-T1	jgi|Sclsc1|11022|SS1G_04051T0
OG0001161	coassemb378_003837-T1	jgi|Sclsc1|9439|SS1G_02854T0
OG0001161	coassemb378_003837-T1	jgi|Aurpu_var_mel1|11195|gw1.3.187.1
OG0001161	coassemb378_003837-T1	jgi|Fusgr1|9003|FGSG_07777T0
OG0001161	coassemb378_003837-T1	jgi|Podan3|207032|mRNA_5860
OG0001161	coassemb378_003837-T1	jgi|Altal1|455471|CE455470_2591
OG0001161	coassemb378_003837-T1	jgi|PseVKM4520_1|5982|transcript_KFZ10532, jgi|PseVKM4520_1|9796|transcript_KFZ02836
OG0001161	coassemb378_003837-T1	jgi|EndpusZ1|243|EPUS_09322T0
OG0001161	coassemb378_003837-T1	jgi|Capcor1|96899|A1O1_04052T0
OG0001161	coassemb378_003837-T1	coassemb64_007330-T1
OG0001161	coassemb378_003837-T1	jgi|Grascr1|10701|GST1_003867-RA
OG0001161	coassemb378_003837-T1	jgi|Grascr1|10701|GST1_003867-RA
OG0001164	coassemb378_007717-T1	KAJ9656002.1
OG0001176	coassemb378_001407-T1	jgi|Phach1|894|rna893
OG0001176	coassemb378_001407-T1	jgi|Capcor1|92548|A1O1_08972T0
OG0001177	coassemb378_002482-T1	coassemb76_009379-T1
OG0001182	coassemb378_000195-T1, coassemb378_009524-T1, coassemb378_010699-T1, coassemb378_009523-T1, coassemb378_009522-T1	jgi|Fonmu1|10688|Z520_03889T0
OG0001191	coassemb378_004325-T1	jgi|Erypu1|6359|transcript_POS81739
OG0001191	coassemb378_004325-T1	jgi|Morco1|547704|fgenesh1_pg.43_#_83
OG0001204	coassemb378_003306-T1	coassemb76_010163-T1
OG0001206	coassemb378_008689-T1	KAI9702425.1
OG0001214	coassemb378_006048-T1	jgi|Capcor1|98840|A1O1_06008T0
OG0001214	coassemb378_006048-T1	GTX0466b15_006919-T1, GTX0466b15_006920-T1
OG0001214	coassemb378_006048-T1	coassemb76_000584-T1
OG0001214	coassemb378_006048-T1	jgi|Exoaq1|9095|A1O9_05520T0
OG0001214	coassemb378_006048-T1	coassemb64_007212-T1
OG0001214	coassemb378_006048-T1	coassemb376_003251-T1, coassemb376_004900-T1
OG0001214	coassemb378_006048-T1	jgi|Neucr_trp3_1|3101|Neucr2.NCU06787T0
OG0001214	coassemb378_006048-T1	jgi|Sclsc1|9914|SS1G_14339T0, jgi|Sclsc1|9915|SS1G_14340T0
OG0001214	coassemb378_006048-T1	KAI9717070.1
OG0001214	coassemb378_006048-T1	KAI9717070.1
OG0001214	coassemb378_006048-T1	jgi|EndpusZ1|8796|EPUS_03780T0
OG0001227	coassemb378_003698-T1	jgi|Artol1|4183|AOL_s00076g279m.01
OG0001227	coassemb378_003698-T1	jgi|Aspni_DSM_1|158193|An03g01800m.01
OG0001235	coassemb378_006707-T1	coassemb76_007875-T1
OG0001235	coassemb378_005647-T1	jgi|Monha1|9471|H072_9938m.01
OG0001250	coassemb378_011589-T1	GTX0466b15_001962-T1
OG0001270	coassemb378_004799-T1	jgi|Sclsc1|2142|SS1G_08599T0
OG0001300	coassemb378_004986-T1	jgi|Artol1|5665|AOL_s00079g439m.01
OG0001305	coassemb378_004583-T1	CAF9922516.1
OG0001362	coassemb378_004023-T1	KAI9700632.1
OG0001365	coassemb378_003830-T1	jgi|Podan3|208764|mRNA_7592
OG0001369	coassemb378_008413-T1	coassemb76_001977-T1
OG0001406	coassemb378_002377-T1	coassemb76_009080-T1
OG0001435	coassemb378_002718-T1	coassemb376_005892-T1
OG0001435	coassemb378_002718-T1	KAI4287589.1
OG0001452	coassemb378_002630-T1	KAI9714973.1
OG0001473	coassemb378_008385-T1	jgi|Fusgr1|2642|FGSG_02304T0
OG0001487	coassemb378_010664-T1	coassemb76_009690-T1
OG0001489	coassemb378_010712-T1	KAI4225679.1
OG0001489	coassemb378_010712-T1	KAI4106867.1
OG0001489	coassemb378_010712-T1	GTX0494b19_004182-T1
OG0001489	coassemb378_010712-T1	FUN_007031_T1_FUN_007031
OG0001489	coassemb378_010712-T1	KAI4234971.1
OG0001489	coassemb378_010712-T1	KAI4107428.1
OG0001489	coassemb378_010712-T1	KAI4287892.1
OG0001489	coassemb378_010712-T1	jgi|Clagr3|9586|CLAGR_009971-RA
OG0001489	coassemb378_010712-T1	CAF9925941.1
OG0001489	coassemb378_010712-T1	jgi|Umbpus1|106583|LPUS_04772T0
OG0001489	coassemb378_010712-T1	coassemb376_006328-T1
OG0001489	coassemb378_010712-T1	coassemb376_006328-T1
OG0001489	coassemb378_010712-T1	jgi|Amamu1|19480|gm1.13490_g
OG0001489	coassemb378_010712-T1	coassemb64_007696-T1
OG0001499	coassemb378_005888-T1	jgi|EndpusZ1|2781|EPUS_05882T0
OG0001512	coassemb378_005292-T1	coassemb76_005891-T1
OG0001522	coassemb378_010760-T1	jgi|Aspni_DSM_1|158203|An03g01910m.01
OG0001525	coassemb378_008842-T1	FUN_009223_T1_FUN_009223
OG0001529	coassemb378_009626-T1, coassemb378_010418-T1	jgi|Aspni_DSM_1|168268|An17g00540m.01
OG0001529	coassemb378_010418-T1	coassemb64_004123-T1
OG0001536	coassemb378_009379-T1	jgi|Podan3|211277|mRNA_10105
OG0001538	coassemb378_005206-T1	jgi|Fusgr1|4823|FGSG_03328T0
OG0001557	coassemb378_003608-T1	coassemb64_004441-T1
OG0001563	coassemb378_011340-T1	KAI9660210.1
OG0001581	coassemb378_011165-T1	KAI9825660.1
OG0001597	coassemb378_006580-T1	FUN_006156_T2_FUN_006156
OG0001610	coassemb378_000865-T1	jgi|EndpusZ1|9217|EPUS_05848T0
OG0001629	coassemb378_011141-T1	jgi|Grascr1|12308|GST1_006705-RA
OG0001629	coassemb378_011141-T1	jgi|Aspni_DSM_1|156336|An01g13170m.01
OG0001629	coassemb378_011141-T1	jgi|Penexp1|3867|PEXP_071210T0
OG0001629	coassemb378_011141-T1	jgi|Cocpo1_1|3866|XM_003068819.1
OG0001629	coassemb378_011141-T1	coassemb376_006443-T1
OG0001629	coassemb378_011141-T1	coassemb64_006912-T1
OG0001629	coassemb378_011141-T1	coassemb76_008322-T1
OG0001629	coassemb378_011141-T1	coassemb376_006443-T1
OG0001635	coassemb378_000645-T1	coassemb76_009868-T1
OG0001640	coassemb378_000495-T1	KAI4086500.1
OG0001668	coassemb378_001375-T1	coassemb76_009897-T1
OG0001702	coassemb378_010074-T1	GTX0486b100_005054-T1
OG0001702	coassemb378_010074-T1	KAI9839547.1
OG0001704	coassemb378_003443-T1	KAI9715680.1
OG0001711	coassemb378_010395-T1	coassemb76_010120-T1
OG0001744	coassemb378_008974-T1	jgi|Aurpu_var_mel1|80382|gm1.778_g
OG0001744	coassemb378_008974-T1	jgi|Clagr3|6528|CLAGR_006479-RA
OG0001744	coassemb378_008974-T1	CAF9912784.1
OG0001744	coassemb378_008974-T1	coassemb376_000737-T1
OG0001744	coassemb378_008974-T1	KAI4288783.1
OG0001744	coassemb378_008974-T1	FUN_007489_T1_FUN_007489
OG0001744	coassemb378_008974-T1	GTX0494b19_006097-T1
OG0001744	coassemb378_008974-T1	KAI4238084.1
OG0001744	coassemb378_008974-T1	KAI4109575.1
OG0001744	coassemb378_008974-T1	KAI4228358.1
OG0001744	coassemb378_008974-T1	KAI4106222.1
OG0001744	coassemb378_008974-T1	jgi|Acastr1|123533|AST1_004010-RA
OG0001744	coassemb378_008974-T1	jgi|Umbpus1|107368|LPUS_05591T0
OG0001744	coassemb378_008974-T1	jgi|Dibbae1|369|DIBA_005096-RA
OG0001744	coassemb378_008974-T1	KAI9830837.1
OG0001744	coassemb378_008974-T1	GTX0486b100_001772-T1
OG0001744	coassemb378_008974-T1	KAI9710863.1
OG0001744	coassemb378_008974-T1	KAI9696109.1
OG0001744	coassemb378_008974-T1	KAI9815641.1
OG0001744	coassemb378_008974-T1	KAI9748748.1
OG0001746	coassemb378_003258-T1	KAI4286320.1
OG0001746	coassemb378_003258-T1	FUN_007398_T1_FUN_007398
OG0001746	coassemb378_003258-T1	GTX0494b19_005517-T1
OG0001746	coassemb378_003258-T1	KAI4226467.1
OG0001746	coassemb378_003258-T1	KAI4223255.1
OG0001746	coassemb378_003258-T1	KAI4108932.1
OG0001746	coassemb378_003258-T1	KAI4096827.1
OG0001746	coassemb378_003258-T1	jgi|Clagr3|4897|CLAGR_005398-RA
OG0001746	coassemb378_003258-T1	CAF9914326.1
OG0001746	coassemb378_003258-T1	jgi|Umbpus1|101057|LPUS_07809T0
OG0001754	coassemb378_011725-T1	jgi|Erypu1|6183|transcript_POS81775
OG0001757	coassemb378_000418-T1	CAF9931211.1
OG0001770	coassemb378_000397-T1	jgi|Fusgr1|9933|FGSG_08344T0
OG0001776	coassemb378_005773-T1	jgi|Artol1|8416|AOL_s00112g35m.01
OG0001776	coassemb378_005773-T1	jgi|Monha1|8193|H072_8480m.01
OG0001776	coassemb378_005773-T1	KAI9814333.1
OG0001776	coassemb378_005773-T1	KAI9672770.1
OG0001776	coassemb378_005773-T1	jgi|Morco1|301419|CE301418_3992
OG0001796	coassemb378_003217-T1	jgi|PseVKM4520_1|2442|transcript_KFZ16962
OG0001796	coassemb378_003217-T1	KAI9755857.1
OG0001800	coassemb378_002344-T1	coassemb76_009563-T1
OG0001800	coassemb378_002344-T1	jgi|Claba1|131384|Z519_09698T0
OG0001827	coassemb378_007963-T1	jgi|Erypu1|6487|transcript_POS81721
OG0001832	coassemb378_002595-T1	GTX0486b100_004044-T1
OG0001834	coassemb378_010887-T1	KAI9717546.1
OG0001845	coassemb378_000435-T1	jgi|Claba1|131841|Z519_10158T0
OG0001845	coassemb378_000435-T1	coassemb76_008813-T1
OG0001846	coassemb378_003889-T1	coassemb76_009430-T1
OG0001849	coassemb378_007782-T1	KAI9726210.1
OG0001860	coassemb378_009948-T1	jgi|Aurpu_var_mel1|70521|fgenesh1_pg.47_#_5
OG0001860	coassemb378_011336-T1	jgi|EndpusZ1|2170|EPUS_03899T0
OG0001860	coassemb378_011336-T1	jgi|Phach1|760|rna759
OG0001860	coassemb378_011336-T1	KAJ9660825.1
OG0001860	coassemb378_011336-T1	coassemb76_008920-T1
OG0001860	coassemb378_011336-T1	GTX0466b15_005627-T1
OG0001860	coassemb378_011336-T1	XP_008720802.1
OG0001860	coassemb378_011336-T1	jgi|Fonmu1|33|Z520_00034T0
OG0001860	coassemb378_011336-T1	jgi|Claba1|128777|Z519_07077T0
OG0001860	coassemb378_011336-T1	jgi|Capcor1|97936|A1O1_05098T0
OG0001860	coassemb378_011336-T1	jgi|Exoaq1|8030|A1O9_04563T0
OG0001860	coassemb378_011336-T1	jgi|Aurpu_var_mel1|70521|fgenesh1_pg.47_#_5
OG0001860	coassemb378_011336-T1	jgi|Aurpu_var_mel1|70521|fgenesh1_pg.47_#_5
OG0001860	coassemb378_011336-T1	coassemb64_001221-T1
OG0001890	coassemb378_000697-T1	jgi|Penexp1|1359|PEXP_026030T0
OG0001901	coassemb378_005915-T1	KAI4286564.1
OG0001907	coassemb378_010739-T1	jgi|Fusgr1|4937|FGSG_12482T0
OG0001907	coassemb378_007129-T1	coassemb64_005617-T1
OG0001907	coassemb378_007129-T1	jgi|Grascr1|3092|GST1_008816-RA, jgi|Grascr1|5550|GST1_001872-RA
OG0001907	coassemb378_007129-T1	jgi|Capcor1|99136|A1O1_06307T0, jgi|Capcor1|95151|A1O1_02290T0
OG0001907	coassemb378_007129-T1	jgi|Fusgr1|4937|FGSG_12482T0
OG0001907	coassemb378_007129-T1	jgi|Fusgr1|4937|FGSG_12482T0
OG0001907	coassemb378_007129-T1	jgi|EndpusZ1|1990|EPUS_00694T0
OG0001908	coassemb378_011231-T1	jgi|Phach1|4040|rna4039
OG0001908	coassemb378_011231-T1	jgi|EndpusZ1|568|EPUS_01480T0
OG0001908	coassemb378_011231-T1	KAJ9658191.1
OG0001908	coassemb378_011231-T1	GTX0466b15_006476-T1
OG0001908	coassemb378_011231-T1	XP_008711070.1
OG0001908	coassemb378_011231-T1	jgi|Exoaq1|11367|A1O9_07703T0
OG0001908	coassemb378_011231-T1	jgi|Capcor1|100539|A1O1_07723T0
OG0001908	coassemb378_011231-T1	jgi|Fonmu1|5152|Z520_08963T0
OG0001908	coassemb378_011231-T1	jgi|Claba1|129918|Z519_08225T0
OG0001908	coassemb378_011231-T1	coassemb64_007512-T1
OG0001908	coassemb378_011231-T1	coassemb76_010048-T1
OG0001914	coassemb378_009316-T1	jgi|PseVKM4520_1|6452|transcript_KFZ09768
OG0001914	coassemb378_009316-T1	KAI9824886.1
OG0001914	coassemb378_009316-T1	jgi|Erypu1|5155|transcript_POS85537
OG0001914	coassemb378_009316-T1	jgi|Sclsc1|6381|SS1G_01881T0
OG0001924	coassemb378_007328-T1	KAI9671338.1
OG0001932	coassemb378_003506-T1	jgi|Neucr_trp3_1|5863|Neucr2.NCU06385T0
OG0001935	coassemb378_008165-T1	jgi|Morco1|203785|CE203784_1176
OG0001950	coassemb378_006240-T1	jgi|Erypu1|5784|transcript_POS81829
OG0001999	coassemb378_008534-T1	KAI9713631.1
OG0002004	coassemb378_006746-T1	coassemb76_000425-T1
OG0002008	coassemb378_004102-T1	coassemb376_004075-T1
OG0002015	coassemb378_003548-T1	coassemb76_009535-T1
OG0002022	coassemb378_001993-T1	CAF9938633.1
OG0002029	coassemb378_001249-T1	coassemb76_009689-T1
OG0002060	coassemb378_002165-T1	KAI9755613.1
OG0002060	coassemb378_002165-T1	KAI9653929.1
OG0002060	coassemb378_002165-T1	jgi|Ascim1|202605|e_gw1.2.361.1
OG0002060	coassemb378_002165-T1	KAI9729075.1
OG0002081	coassemb378_004479-T1	coassemb64_004135-T1
OG0002082	coassemb378_004733-T1	jgi|Neucr_trp3_1|8808|Neucr2.NCU04822T0
OG0002119	coassemb378_007820-T1	jgi|EndpusZ1|7855|EPUS_04024T0
OG0002119	coassemb378_007820-T1	GTX0466b15_000785-T1
OG0002119	coassemb378_007820-T1	coassemb76_002861-T1
OG0002119	coassemb378_007820-T1	XP_008717104.1
OG0002119	coassemb378_007820-T1	coassemb64_003804-T1, coassemb64_003712-T1
OG0002119	coassemb378_007820-T1	jgi|Claba1|135898|Z519_02761T0
OG0002119	coassemb378_007820-T1	jgi|Fonmu1|2871|Z520_07507T0
OG0002119	coassemb378_007820-T1	jgi|Capcor1|100187|A1O1_07367T0
OG0002119	coassemb378_007820-T1	jgi|Exoaq1|5513|A1O9_03037T0
OG0002136	coassemb378_011002-T1	jgi|Clagr3|2921|CLAGR_002585-RA
OG0002154	coassemb378_005423-T1, coassemb378_010809-T1	jgi|Sclsc1|8089|SS1G_13512T0
OG0002154	coassemb378_010809-T1	coassemb76_008216-T1
OG0002154	coassemb378_005423-T1	jgi|Umbpus1|101356|LPUS_02733T0
OG0002154	coassemb378_005423-T1	jgi|Dibbae1|7983|DIBA_000446-RA
OG0002154	coassemb378_005423-T1	jgi|Grascr1|7024|GST1_002862-RA
OG0002154	coassemb378_005423-T1	coassemb76_008216-T1
OG0002154	coassemb378_005423-T1	jgi|Fusgr1|9632|FGSG_08608T0
OG0002154	coassemb378_005423-T1	coassemb76_008216-T1
OG0002184	coassemb378_008945-T1	coassemb76_009965-T1
OG0002196	coassemb378_007075-T1	coassemb376_000190-T1
OG0002196	coassemb378_007075-T1	KAI4288195.1
OG0002196	coassemb378_007075-T1	KAI4103699.1
OG0002196	coassemb378_007075-T1	KAI4235245.1
OG0002196	coassemb378_007075-T1	KAI4095419.1
OG0002196	coassemb378_007075-T1	KAI4222404.1
OG0002196	coassemb378_007075-T1	FUN_002921_T1_FUN_002921
OG0002196	coassemb378_007075-T1	GTX0494b19_004911-T1
OG0002214	coassemb378_011679-T1	KAJ9655785.1
OG0002214	coassemb378_011679-T1	jgi|Capcor1|100630|A1O1_07814T0
OG0002214	coassemb378_011679-T1	jgi|Fonmu1|3396|Z520_08032T0
OG0002214	coassemb378_011679-T1	jgi|Claba1|139592|Z519_06124T0
OG0002214	coassemb378_011679-T1	jgi|Exoaq1|12672|A1O9_08969T0
OG0002214	coassemb378_011679-T1	coassemb64_004842-T1
OG0002214	coassemb378_011679-T1	GTX0466b15_005363-T1
OG0002214	coassemb378_011679-T1	coassemb76_001539-T1
OG0002214	coassemb378_011679-T1	XP_008720137.1
OG0002226	coassemb378_011453-T1	jgi|Fusgr1|1996|FGSG_01733T0
OG0002235	coassemb378_002994-T1	jgi|EndpusZ1|4631|EPUS_02121T0
OG0002279	coassemb378_006065-T1	GTX0466b15_002802-T1
OG0002279	coassemb378_006065-T1	XP_008710962.1
OG0002279	coassemb378_006065-T1	jgi|Claba1|137412|Z519_03938T0
OG0002279	coassemb378_006065-T1	jgi|Fonmu1|4949|Z520_08760T0
OG0002279	coassemb378_006065-T1	jgi|Capcor1|99112|A1O1_06283T0
OG0002279	coassemb378_006065-T1	jgi|Exoaq1|11417|A1O9_07753T0
OG0002279	coassemb378_006065-T1	jgi|EndpusZ1|459|EPUS_01370T0
OG0002279	coassemb378_006065-T1	jgi|Phach1|5378|rna5377
OG0002279	coassemb378_006065-T1	KAI9715989.1
OG0002279	coassemb378_006065-T1	coassemb64_001007-T1
OG0002279	coassemb378_006065-T1	jgi|Ascim1|414545|fgenesh1_RNNotator_kg.32_#_67_#_Locus3306v1rpkm47.86
OG0002279	coassemb378_006065-T1	coassemb76_008671-T1
OG0002279	coassemb378_006065-T1	KAI9715989.1
OG0002342	coassemb378_002357-T1	coassemb76_009114-T1
OG0002345	coassemb378_002074-T1	KAI9816423.1
OG0002345	coassemb378_002074-T1	jgi|Altal1|932612|e_gw1.7.247.1
OG0002345	coassemb378_002074-T1	KAI9728660.1
OG0002345	coassemb378_002074-T1	jgi|Aurpu_var_mel1|76159|fgenesh1_pm.13_#_208
OG0002345	coassemb378_002074-T1	jgi|EndpusZ1|598|EPUS_01510T0
OG0002345	coassemb378_002074-T1	jgi|Phach1|4684|rna4683
OG0002345	coassemb378_002074-T1	jgi|Fonmu1|5067|Z520_08878T0
OG0002345	coassemb378_002074-T1	jgi|Claba1|129833|Z519_08140T0
OG0002345	coassemb378_002074-T1	jgi|Capcor1|100925|A1O1_08112T0
OG0002345	coassemb378_002074-T1	coassemb64_007122-T1
OG0002345	coassemb378_002074-T1	jgi|Exoaq1|6967|A1O9_12769T0, jgi|Exoaq1|6966|A1O9_12768T0
OG0002345	coassemb378_002074-T1	KAJ9653439.1
OG0002345	coassemb378_002074-T1	GTX0466b15_005991-T1
OG0002345	coassemb378_002074-T1	coassemb76_000208-T1
OG0002345	coassemb378_002074-T1	XP_008712119.1
OG0002345	coassemb378_002074-T1	jgi|Penexp1|6727|PEXP_079670T0
OG0002345	coassemb378_002074-T1	jgi|Aspni_DSM_1|155790|An01g07470m.01
OG0002345	coassemb378_002074-T1	jgi|Cocpo1_1|7169|XM_003072122.1
OG0002345	coassemb378_002074-T1	KAI9840054.1
OG0002345	coassemb378_002074-T1	CAF9943647.1
OG0002345	coassemb378_002074-T1	jgi|Clagr3|372|CLAGR_000364-RA
OG0002345	coassemb378_002074-T1	KAI4221428.1
OG0002345	coassemb378_002074-T1	KAI4103891.1
OG0002345	coassemb378_002074-T1	KAI4218503.1
OG0002345	coassemb378_002074-T1	FUN_009485_T1_FUN_009485
OG0002345	coassemb378_002074-T1	GTX0494b19_005042-T1
OG0002345	coassemb378_002074-T1	jgi|Umbpus1|101590|LPUS_08311T0
OG0002345	coassemb378_002074-T1	jgi|Dibbae1|1272|DIBA_001756-RA
OG0002345	coassemb378_002074-T1	jgi|Grascr1|4599|GST1_009715-RA
OG0002345	coassemb378_002074-T1	jgi|Acastr1|118699|AST1_008486-RA
OG0002345	coassemb378_002074-T1	jgi|Sclsc1|13716|SS1G_06745T0
OG0002345	coassemb378_002074-T1	KAI9670528.1
OG0002345	coassemb378_002074-T1	jgi|Fusgr1|3180|FGSG_11633T0
OG0002373	coassemb378_002868-T1	FUN_005923_T1_FUN_005923
OG0002392	coassemb378_005477-T1	jgi|Sclsc1|11983|SS1G_05012T0
OG0002458	coassemb378_005600-T1	CAF9922504.1
OG0002458	coassemb378_005600-T1	jgi|Fonmu1|357|Z520_00358T0
OG0002532	coassemb378_011050-T1	coassemb376_007033-T1
OG0002532	coassemb378_011050-T1	KAI4110814.1
OG0002532	coassemb378_011050-T1	FUN_003074_T1_FUN_003074
OG0002532	coassemb378_011050-T1	GTX0494b19_001900-T1
OG0002532	coassemb378_011050-T1	KAI4217757.1
OG0002532	coassemb378_011050-T1	KAI4219024.1
OG0002532	coassemb378_011050-T1	KAI4287776.1
OG0002532	coassemb378_011050-T1	KAI4104048.1
OG0002532	coassemb378_011050-T1	jgi|Clagr3|3438|CLAGR_004148-RA
OG0002532	coassemb378_011050-T1	CAF9939320.1
OG0002532	coassemb378_011050-T1	jgi|Grascr1|1974|GST1_009514-RA
OG0002532	coassemb378_011050-T1	jgi|PseVKM4520_1|4204|transcript_KFZ13872
OG0002537	coassemb378_002534-T1	jgi|Aurpu_var_mel1|81946|gm1.2342_g
OG0002624	coassemb378_003609-T1	coassemb76_009612-T1
OG0002631	coassemb378_011664-T1	jgi|Aurpu_var_mel1|68490|fgenesh1_pg.21_#_143
OG0002631	coassemb378_011664-T1	jgi|Altal1|1098937|estExt_Genemark1.C_240150
OG0002631	coassemb378_011664-T1	KAI9826602.1
OG0002631	coassemb378_011664-T1	KAI9702768.1
OG0002631	coassemb378_011664-T1	KAI9714154.1
OG0002631	coassemb378_011664-T1	GTX0486b100_006108-T1
OG0002631	coassemb378_011664-T1	KAI9747574.1
OG0002631	coassemb378_011664-T1	jgi|Umbpus1|103111|LPUS_03414T0
OG0002631	coassemb378_011664-T1	jgi|Clagr3|1020|CLAGR_001009-RA
OG0002631	coassemb378_011664-T1	CAF9933426.1
OG0002631	coassemb378_011664-T1	jgi|Dibbae1|1788|DIBA_005804-RA
OG0002631	coassemb378_011664-T1	jgi|Acastr1|120571|AST1_007937-RA
OG0002631	coassemb378_011664-T1	jgi|Phach1|5246|rna5245, jgi|Phach1|3440|rna3439
OG0002650	coassemb378_004470-T1	coassemb76_006781-T1
OG0002656	coassemb378_005273-T1	jgi|Erypu1|138|transcript_POS81639
OG0002676	coassemb378_001634-T1	coassemb76_007595-T1
OG0002704	coassemb378_000436-T1	coassemb76_008812-T1
OG0002716	coassemb378_006947-T1	KAI9751091.1
OG0002716	coassemb378_006947-T1	KAI9813368.1
OG0002716	coassemb378_006947-T1	KAI9698497.1
OG0002716	coassemb378_006947-T1	KAI9714224.1
OG0002716	coassemb378_006947-T1	GTX0486b100_006496-T1
OG0002716	coassemb378_006947-T1	KAI9835745.1
OG0002716	coassemb378_006947-T1	jgi|Acastr1|119096|AST1_006277-RA
OG0002716	coassemb378_006947-T1	jgi|Umbpus1|104105|LPUS_10803T0
OG0002716	coassemb378_006947-T1	jgi|Clagr3|5145|CLAGR_004487-RA
OG0002716	coassemb378_006947-T1	CAF9940137.1
OG0002716	coassemb378_006947-T1	coassemb376_001620-T1
OG0002716	coassemb378_006947-T1	KAI4101266.1
OG0002716	coassemb378_006947-T1	FUN_001157_T1_FUN_001157
OG0002716	coassemb378_006947-T1	KAI4221436.1
OG0002716	coassemb378_006947-T1	KAI4231531.1
OG0002716	coassemb378_006947-T1	GTX0494b19_006218-T1
OG0002716	coassemb378_006947-T1	KAI4094708.1
OG0002716	coassemb378_006947-T1	KAI4289845.1
OG0002718	coassemb378_000307-T1	coassemb64_002777-T1
OG0002738	coassemb378_000842-T1	jgi|Monha1|1364|H072_1364m.01
OG0002738	coassemb378_000842-T1	jgi|Sclsc1|3554|SS1G_10010T0
OG0002760	coassemb378_008226-T1	jgi|Monha1|5677|H072_5862m.01
OG0002764	coassemb378_010315-T1	jgi|Ascim1|377009|estExt_fgenesh1_pg.C_420059
OG0002767	coassemb378_001833-T1	jgi|EndpusZ1|6645|EPUS_07604T0
OG0002767	coassemb378_001833-T1	coassemb76_001960-T1
OG0002767	coassemb378_001833-T1	GTX0466b15_003070-T1
OG0002767	coassemb378_001833-T1	XP_008721487.1
OG0002767	coassemb378_001833-T1	jgi|Fonmu1|8257|Z520_11232T0
OG0002767	coassemb378_001833-T1	jgi|Claba1|128280|Z519_00663T0
OG0002767	coassemb378_001833-T1	jgi|Capcor1|95199|A1O1_02338T0
OG0002767	coassemb378_001833-T1	jgi|Exoaq1|1434|A1O9_01440T0
OG0002767	coassemb378_001833-T1	coassemb64_005295-T1
OG0002909	coassemb378_005012-T1	GTX0494b19_005790-T1
OG0002915	coassemb378_006391-T1	jgi|Podan3|210066|mRNA_8894
OG0002915	coassemb378_006391-T1	KAJ9653342.1
OG0002940	coassemb378_004191-T1	coassemb64_002535-T1
OG0002973	coassemb378_010763-T1	CAF9932603.1
OG0002973	coassemb378_010763-T1	jgi|Clagr3|8854|CLAGR_008834-RA
OG0002973	coassemb378_010763-T1	KAI4277779.1
OG0002973	coassemb378_010763-T1	KAI4106850.1
OG0002973	coassemb378_010763-T1	KAI4223625.1
OG0002973	coassemb378_010763-T1	GTX0494b19_004200-T1
OG0002973	coassemb378_010763-T1	FUN_007012_T1_FUN_007012
OG0002973	coassemb378_010763-T1	KAI4218476.1
OG0002973	coassemb378_010763-T1	jgi|Acastr1|119033|AST1_006353-RA
OG0002973	coassemb378_010763-T1	jgi|Umbpus1|105552|LPUS_12552T0
OG0002973	coassemb378_010763-T1	KAI4107419.1
OG0003022	coassemb378_004555-T1	coassemb376_000975-T1
OG0003022	coassemb378_004555-T1	KAI4099219.1
OG0003022	coassemb378_004555-T1	FUN_001391_T1_FUN_001391
OG0003022	coassemb378_004555-T1	KAI4220687.1
OG0003022	coassemb378_004555-T1	KAI4096598.1
OG0003022	coassemb378_004555-T1	KAI4287070.1
OG0003022	coassemb378_004555-T1	KAI9749997.1
OG0003022	coassemb378_004555-T1	KAI4219453.1
OG0003022	coassemb378_004555-T1	jgi|Umbpus1|102429|LPUS_03149T0
OG0003033	coassemb378_000885-T1	CAF9937230.1
OG0003033	coassemb378_000885-T1	coassemb376_000483-T1
OG0003044	coassemb378_010570-T1	jgi|PseVKM4520_1|5317|transcript_KFZ11750
OG0003255	coassemb378_011073-T1	coassemb76_009234-T1
OG0003275	coassemb378_010376-T1	coassemb76_010196-T1
OG0003327	coassemb378_008581-T1, coassemb378_001968-T1	CAF9905266.1
OG0003437	coassemb378_011328-T1	jgi|Sclsc1|7617|SS1G_13040T0
OG0003437	coassemb378_011328-T1	jgi|Neucr_trp3_1|449|Neucr2.NCU01991T0
OG0003437	coassemb378_011328-T1	jgi|Podan3|203306|mRNA_2134
OG0003437	coassemb378_011328-T1	jgi|Erypu1|2807|transcript_POS82678
OG0003437	coassemb378_011328-T1	jgi|PseVKM4520_1|2893|transcript_KFZ16192
OG0003437	coassemb378_011328-T1	jgi|Artol1|5301|AOL_s00079g75m.01
OG0003437	coassemb378_011328-T1	jgi|Monha1|8601|H072_8910m.01
OG0003437	coassemb378_011328-T1	jgi|Cocpo1_1|1614|XM_003066566.1
OG0003437	coassemb378_011328-T1	jgi|Altal1|1078352|MIX10250_332_21
OG0003437	coassemb378_011328-T1	jgi|Aspni_DSM_1|157888|An02g13680m.01
OG0003437	coassemb378_011328-T1	jgi|Penexp1|1605|PEXP_072790T0
OG0003472	coassemb378_001338-T1	coassemb76_009613-T1
OG0003481	coassemb378_002930-T1	KAI4261678.1
OG0003482	coassemb378_010575-T1	jgi|Dibbae1|9620|DIBA_003758-RA
OG0003482	coassemb378_010575-T1	jgi|Altal1|283663|CE283662_23
OG0003482	coassemb378_010575-T1	coassemb76_009858-T1
OG0003488	coassemb378_004215-T1	jgi|Neucr_trp3_1|1223006|e_gw1.223.19.1
OG0003534	coassemb378_004975-T1	KAI9724968.1
OG0003617	coassemb378_006899-T1	jgi|Fonmu1|6707|Z520_01917T0
OG0003617	coassemb378_006899-T1	jgi|EndpusZ1|4099|EPUS_09402T0
OG0003617	coassemb378_006899-T1	CAF9906519.1
OG0003680	coassemb378_006395-T1	jgi|Morco1|577490|gm1.8266_g
OG0003689	coassemb378_011342-T1	jgi|Clagr3|7431|CLAGR_007028-RA
OG0003709	coassemb378_004718-T1	coassemb376_002099-T1
OG0003794	coassemb378_003516-T1	KAI9817910.1
OG0003802	coassemb378_004994-T1	jgi|Claba1|130454|Z519_08761T0
OG0003829	coassemb378_009065-T1	jgi|PseVKM4520_1|3185|transcript_KFZ15647
OG0003829	coassemb378_009065-T1	jgi|Phach1|4491|rna4490
OG0003829	coassemb378_009065-T1	KAI4223019.1
OG0003829	coassemb378_009065-T1	KAI4106505.1
OG0003829	coassemb378_009065-T1	KAI4236390.1
OG0003829	coassemb378_009065-T1	GTX0494b19_008049-T1
OG0003829	coassemb378_009065-T1	FUN_008908_T1_FUN_008908
OG0003829	coassemb378_009065-T1	KAI4096602.1
OG0003829	coassemb378_009065-T1	KAI4286657.1
OG0003829	coassemb378_009065-T1	jgi|Clagr3|387|CLAGR_000379-RA
OG0003829	coassemb378_009065-T1	CAF9939391.1
OG0003829	coassemb378_009065-T1	coassemb376_002091-T1
OG0003840	coassemb378_010407-T1	jgi|Claba1|137073|Z519_12810T0
OG0003840	coassemb378_010407-T1	XP_008710554.1, XP_008721554.1
OG0003987	coassemb378_007072-T1	jgi|Dibbae1|11444|DIBA_003947-RA
OG0004024	coassemb378_002070-T1	FUN_008171_T1_FUN_008171
OG0004024	coassemb378_002070-T1	jgi|Fonmu1|6334|Z520_10147T0
OG0004115	coassemb378_006795-T1	jgi|Penexp1|7114|PEXP_076500T0
OG0004250	coassemb378_001540-T1	jgi|Monha1|1644|H072_1644m.01
OG0004264	coassemb378_011412-T1	jgi|Phach1|3868|rna3867
OG0004264	coassemb378_011412-T1	jgi|EndpusZ1|1055|EPUS_08674T0
OG0004264	coassemb378_011412-T1	KAJ9652628.1
OG0004264	coassemb378_011412-T1	jgi|Fonmu1|80|Z520_00081T0
OG0004264	coassemb378_011412-T1	jgi|Claba1|128845|Z519_07145T0
OG0004264	coassemb378_011412-T1	jgi|Capcor1|97444|A1O1_04602T0
OG0004264	coassemb378_011412-T1	coassemb64_001864-T1
OG0004264	coassemb378_011412-T1	jgi|Exoaq1|4950|A1O9_02472T0
OG0004264	coassemb378_011412-T1	XP_008710915.1
OG0004264	coassemb378_011412-T1	coassemb76_000172-T1
OG0004308	coassemb378_008157-T1	jgi|Fusgr1|12415|FGSG_13829T0
OG0004308	coassemb378_008157-T1	jgi|Sclsc1|64|SS1G_00064T0
OG0004318	coassemb378_002474-T1	jgi|PseVKM4520_1|3541|transcript_KFZ14981
OG0004435	coassemb378_010050-T1	GTX0486b100_006750-T1
OG0004435	coassemb378_004319-T1	KAI9832263.1
OG0004435	coassemb378_004319-T1	jgi|PseVKM4520_1|7363|transcript_KFZ08423
OG0004435	coassemb378_004319-T1	jgi|Altal1|772869|CE772868_22712
OG0004435	coassemb378_004319-T1	jgi|Erypu1|636|transcript_POS84054
OG0004511	coassemb378_002343-T1	coassemb76_009565-T1
OG0004527	coassemb378_004286-T1	KAI9652523.1
OG0004596	coassemb378_002643-T1	jgi|Podan3|203261|mRNA_2089
OG0004596	coassemb378_002643-T1	jgi|Phach1|1746|rna1745
OG0004640	coassemb378_003346-T1	KAI9710051.1
OG0004683	coassemb378_000407-T1	jgi|Podan3|206003|mRNA_4831
OG0004749	coassemb378_008633-T1	jgi|Aurpu_var_mel1|65965|fgenesh1_pg.10_#_51
OG0004760	coassemb378_008277-T1	jgi|Capcor1|95013|A1O1_02152T0
OG0004760	coassemb378_008277-T1	jgi|Artol1|5540|AOL_s00079g314m.01
OG0004778	coassemb378_004240-T1	jgi|EndpusZ1|2851|EPUS_05524T0
OG0004778	coassemb378_004240-T1	jgi|Fonmu1|1670|Z520_06302T0
OG0004778	coassemb378_004240-T1	jgi|Claba1|135693|Z519_02556T0
OG0004778	coassemb378_004240-T1	coassemb64_005030-T1
OG0004778	coassemb378_004240-T1	jgi|Exoaq1|5299|A1O9_02822T0
OG0004778	coassemb378_004240-T1	jgi|Capcor1|100214|A1O1_07395T0
OG0004778	coassemb378_004240-T1	coassemb76_004916-T1
OG0004778	coassemb378_004240-T1	GTX0466b15_001090-T1
OG0004778	coassemb378_004240-T1	XP_008717602.1
OG0004778	coassemb378_004240-T1	KAJ9652586.1
OG0004795	coassemb378_009560-T1	jgi|Claba1|139160|Z519_05692T0
OG0004811	coassemb378_008474-T1	jgi|Grascr1|8519|GST1_003040-RA
OG0004946	coassemb378_010210-T1	jgi|Fonmu1|9138|Z520_11544T0
OG0004966	coassemb378_011168-T1	KAI9721353.1
OG0004966	coassemb378_011168-T1	KAI9659187.1
OG0004966	coassemb378_011168-T1	jgi|Altal1|945911|e_gw1.24.457.1
OG0004966	coassemb378_011168-T1	jgi|Aurpu_var_mel1|67052|fgenesh1_pg.14_#_72
OG0004966	coassemb378_011168-T1	jgi|PseVKM4520_1|3467|transcript_KFZ15187
OG0004966	coassemb378_011168-T1	jgi|Fusgr1|12850|FGSG_10841T0
OG0004966	coassemb378_011168-T1	jgi|Podan3|206284|mRNA_5112
OG0004966	coassemb378_011168-T1	jgi|Sclsc1|12966|SS1G_05995T0
OG0004966	coassemb378_011168-T1	jgi|Monha1|5105|H072_5212m.01
OG0004966	coassemb378_011168-T1	jgi|Artol1|4832|AOL_s00078g218m.01
OG0004993	coassemb378_000392-T1	jgi|Aspni_DSM_1|160798|An07g05740m.01
OG0005177	coassemb378_003911-T1	jgi|Grascr1|8130|GST1_003831-RA
OG0005212	coassemb378_004751-T1	jgi|Sclsc1|572|SS1G_00572T0
OG0005228	coassemb378_010789-T1	jgi|Monha1|8323|H072_8618m.01
OG0005243	coassemb378_006084-T1	GTX0466b15_004710-T1
OG0005256	coassemb378_005536-T1	coassemb76_010088-T1
OG0005311	coassemb378_008204-T1	coassemb376_007649-T1
OG0005313	coassemb378_005996-T1	jgi|Acastr1|126870|AST1_004047-RA
OG0005351	coassemb378_006113-T1	KAJ9653021.1
OG0005352	coassemb378_011768-T1	KAJ9650446.1
OG0005432	coassemb378_005041-T1	KAI9696739.1
OG0005432	coassemb378_005041-T1	KAI9715570.1
OG0005432	coassemb378_005041-T1	KAI9669307.1
OG0005432	coassemb378_005041-T1	KAI9710824.1
OG0005432	coassemb378_005041-T1	jgi|Aurpu_var_mel1|60142|e_gw1.36.80.1
OG0005432	coassemb378_005041-T1	jgi|Cocpo1_1|6615|XM_003071568.1
OG0005432	coassemb378_005041-T1	jgi|Fusgr1|13227|FGSG_11317T0
OG0005435	coassemb378_007579-T1	jgi|Acastr1|121105|AST1_006607-RA
OG0005484	coassemb378_006690-T1	jgi|Fonmu1|2034|Z520_06667T0
OG0005488	coassemb378_008813-T1, coassemb378_002511-T1	jgi|Morco1|578739|gm1.9515_g, jgi|Morco1|524214|estExt_Genewise1Plus.C_310004
OG0005499	coassemb378_001808-T1	jgi|Exoaq1|4779|A1O9_02298T0, jgi|Exoaq1|9599|A1O9_06029T0
OG0005563	coassemb378_005003-T1	jgi|Aurpu_var_mel1|77219|fgenesh1_pm.19_#_28
OG0005563	coassemb378_005003-T1	jgi|Artol1|1143|AOL_s00006g483m.01
OG0005563	coassemb378_005003-T1	KAI9706645.1
OG0005589	coassemb378_004017-T1	KAJ9651492.1
OG0005605	coassemb378_006403-T1	coassemb64_003773-T1
OG0005605	coassemb378_006403-T1	GTX0486b100_008523-T1
OG0005622	coassemb378_001373-T1	KAI4101797.1
OG0005622	coassemb378_001373-T1	jgi|Clagr3|8862|CLAGR_008842-RA, jgi|Clagr3|9792|CLAGR_010128-RA, jgi|Clagr3|6488|CLAGR_006593-RA
OG0005653	coassemb378_007498-T1, coassemb378_007499-T1	jgi|Dibbae1|4153|DIBA_006608-RA
OG0005662	coassemb378_004344-T1	KAI9719829.1
OG0005662	coassemb378_004344-T1	jgi|Grascr1|2591|GST1_006896-RA
OG0005662	coassemb378_004344-T1	CAF9941370.1
OG0005689	coassemb378_003821-T1	coassemb76_009641-T1
OG0005921	coassemb378_003780-T1	jgi|Monha1|9690|H072_10193m.01
OG0005946	coassemb378_005089-T1	KAI9712133.1
OG0005946	coassemb378_005089-T1	GTX0486b100_006306-T1
OG0005946	coassemb378_005089-T1	KAI9706558.1
OG0005946	coassemb378_005089-T1	jgi|Ascim1|65852|CE65851_713
OG0005946	coassemb378_005089-T1	KAI9826728.1
OG0005966	coassemb378_004699-T1	jgi|Grascr1|2308|GST1_009053-RA
OG0005966	coassemb378_004699-T1	CAF9936865.1, CAF9933811.1
OG0006003	coassemb378_010404-T1	XP_008717735.1
OG0006003	coassemb378_011469-T1	jgi|Exoaq1|11713|A1O9_08049T0
OG0006003	coassemb378_011469-T1	coassemb64_005363-T1
OG0006003	coassemb378_011469-T1	jgi|Claba1|137223|Z519_03749T0
OG0006003	coassemb378_011469-T1	jgi|Fonmu1|5989|Z520_09802T0, jgi|Fonmu1|7311|Z520_02521T0
OG0006003	coassemb378_011469-T1	jgi|Capcor1|99274|A1O1_06445T0
OG0006003	coassemb378_011469-T1	XP_008713480.1
OG0006003	coassemb378_011469-T1	KAJ9659384.1
OG0006003	coassemb378_011469-T1	coassemb76_003355-T1
OG0006043	coassemb378_003599-T1	jgi|Podan3|206644|mRNA_5472
OG0006059	coassemb378_010607-T1	KAI4239100.1
OG0006265	coassemb378_002492-T1, coassemb378_009016-T1	jgi|Artol1|2364|AOL_s00043g527m.01
OG0006292	coassemb378_005116-T1	KAI4228881.1
OG0006309	coassemb378_008913-T1	jgi|PseVKM4520_1|8266|transcript_KFZ04519
OG0006309	coassemb378_008913-T1	coassemb76_000836-T1
OG0006309	coassemb378_008913-T1	XP_008718892.1
OG0006309	coassemb378_008913-T1	coassemb64_004344-T1
OG0006312	coassemb378_011409-T1	jgi|Cocpo1_1|877|XM_003065829.1
OG0006312	coassemb378_011409-T1	jgi|Aurpu_var_mel1|69183|fgenesh1_pg.25_#_169
OG0006312	coassemb378_011409-T1	jgi|EndpusZ1|4635|EPUS_02125T0
OG0006312	coassemb378_011409-T1	jgi|Aspni_DSM_1|163470|An11g02190m.01
OG0006312	coassemb378_011409-T1	jgi|Penexp1|3374|PEXP_084550T0
OG0006312	coassemb378_011409-T1	jgi|Altal1|1045358|estExt_fgenesh1_pm.C_430021
OG0006312	coassemb378_011409-T1	jgi|Fonmu1|10304|Z520_03702T0
OG0006312	coassemb378_011409-T1	jgi|Claba1|137627|Z519_04154T0
OG0006312	coassemb378_011409-T1	coassemb64_003826-T1
OG0006312	coassemb378_011409-T1	jgi|Exoaq1|8019|A1O9_04552T0
OG0006312	coassemb378_011409-T1	GTX0466b15_008851-T1
OG0006312	coassemb378_011409-T1	coassemb76_004906-T1
OG0006312	coassemb378_011409-T1	XP_008719212.1
OG0006312	coassemb378_011409-T1	KAJ9652635.1
OG0006312	coassemb378_011409-T1	coassemb376_005470-T1
OG0006312	coassemb378_011409-T1	jgi|Clagr3|8278|CLAGR_007351-RA
OG0006312	coassemb378_011409-T1	jgi|PseVKM4520_1|5546|transcript_KFZ11233
OG0006351	coassemb378_008669-T1, coassemb378_003689-T1	jgi|EndpusZ1|1562|EPUS_04846T0
OG0006351	coassemb378_008669-T1, coassemb378_003689-T1	XP_008711163.1
OG0006351	coassemb378_008669-T1, coassemb378_003689-T1	jgi|Phach1|1872|rna1871
OG0006351	coassemb378_008669-T1, coassemb378_003689-T1	jgi|Cocpo1_1|1499|XM_003066451.1, jgi|Cocpo1_1|1942|XM_003066894.1, jgi|Cocpo1_1|5498|XM_003070451.1, jgi|Cocpo1_1|7055|XM_003072008.1, jgi|Cocpo1_1|4943|XM_003069896.1, jgi|Cocpo1_1|6908|XM_003071861.1, jgi|Cocpo1_1|2475|XM_003067428.1
OG0006351	coassemb378_008669-T1, coassemb378_003689-T1	jgi|Penexp1|2582|PEXP_054050T0
OG0006351	coassemb378_008669-T1, coassemb378_003689-T1	GTX0494b19_006438-T1
OG0006351	coassemb378_008669-T1, coassemb378_003689-T1	KAI4207993.1
OG0006351	coassemb378_008669-T1, coassemb378_003689-T1	KAI4287116.1
OG0006351	coassemb378_008669-T1, coassemb378_003689-T1	KAI4098393.1
OG0006351	coassemb378_008669-T1, coassemb378_003689-T1	FUN_010449_T1_FUN_010449
OG0006351	coassemb378_008669-T1, coassemb378_003689-T1	KAI4220151.1
OG0006351	coassemb378_008669-T1, coassemb378_003689-T1	jgi|PseVKM4520_1|10467|transcript_KFZ23897
OG0006351	coassemb378_008669-T1, coassemb378_003689-T1	jgi|Sclsc1|8318|SS1G_13741T0
OG0006351	coassemb378_008669-T1, coassemb378_003689-T1	jgi|Neucr_trp3_1|9533|Neucr2.NCU05071T0
OG0006351	coassemb378_008669-T1, coassemb378_003689-T1	jgi|Fusgr1|9995|FGSG_08289T0
OG0006351	coassemb378_008669-T1, coassemb378_003689-T1	jgi|Grascr1|1412|GST1_002470-RA
OG0006351	coassemb378_008669-T1, coassemb378_003689-T1	jgi|Aurpu_var_mel1|65813|fgenesh1_pg.9_#_202
OG0006351	coassemb378_008669-T1, coassemb378_003689-T1	jgi|Altal1|1083045|MIX14943_2_14
OG0006502	coassemb378_005300-T1	jgi|Fusgr1|5160|FGSG_03039T0
OG0006530	coassemb378_008589-T1	jgi|Altal1|1017390|fgenesh1_kg.4_#_190_#_Locus2228v1rpkm69.13
OG0006601	coassemb378_010661-T1	XP_008714450.1, XP_008715321.1
OG0006601	coassemb378_010661-T1	coassemb76_004270-T1
OG0006601	coassemb378_010661-T1	GTX0466b15_003340-T1
OG0006601	coassemb378_010661-T1	coassemb64_008609-T1
OG0006601	coassemb378_010661-T1	jgi|Exoaq1|6549|A1O9_12351T0, jgi|Exoaq1|895|A1O9_00897T0
OG0006601	coassemb378_010661-T1	GTX0486b100_003879-T1
OG0006601	coassemb378_010661-T1	jgi|Phach1|3825|rna3824
OG0006601	coassemb378_010661-T1	jgi|Fusgr1|11393|FGSG_09841T0
OG0006601	coassemb378_010661-T1	jgi|Exoaq1|6891|A1O9_12693T0
OG0006601	coassemb378_010661-T1	jgi|Altal1|436249|CE436248_44
OG0006601	coassemb378_010661-T1	jgi|Exoaq1|6891|A1O9_12693T0
OG0006601	coassemb378_010661-T1	jgi|Aurpu_var_mel1|51309|e_gw1.14.640.1
OG0006606	coassemb378_005064-T1	jgi|Monha1|1924|H072_1925m.01
OG0006654	coassemb378_006357-T1	jgi|Dibbae1|6525|DIBA_002660-RA
OG0006806	coassemb378_001580-T1	jgi|Podan3|203501|mRNA_2329
OG0006806	coassemb378_001580-T1	jgi|Neucr_trp3_1|620|Neucr2.NCU09976T0
OG0006806	coassemb378_001580-T1	jgi|Fusgr1|5650|FGSG_04848T0
OG0006806	coassemb378_001580-T1	jgi|Morco1|400075|CE400074_283, jgi|Morco1|532191|fgenesh1_kg.4_#_157_#_Locus10027v1rpkm4.36
OG0006806	coassemb378_001580-T1	jgi|PseVKM4520_1|6264|transcript_KFZ24724
OG0006835	coassemb378_003079-T1	jgi|Penexp1|6419|PEXP_101080T0
OG0006835	coassemb378_003079-T1	jgi|Neucr_trp3_1|1263439|estExt_Genewise1Plus.C_1130012
OG0006835	coassemb378_003079-T1	KAJ9650692.1
OG0006835	coassemb378_003079-T1	jgi|Altal1|975162|estExt_Genewise1.C_310261
OG0006835	coassemb378_003079-T1	jgi|Ascim1|227121|estExt_Genewise1.C_500051
OG0006835	coassemb378_003079-T1	jgi|Podan3|204603|mRNA_3431
OG0006835	coassemb378_003079-T1	jgi|PseVKM4520_1|1722|transcript_KFZ18286
OG0006840	coassemb378_011151-T1	jgi|Ascim1|317128|fgenesh1_pm.7_#_18
OG0006841	coassemb378_003009-T1	jgi|Exoaq1|10150|A1O9_06583T0, jgi|Exoaq1|6236|A1O9_12037T0
OG0006886	coassemb378_000963-T1	CAF9936313.1
OG0006920	coassemb378_010756-T1	GTX0466b15_004419-T1
OG0006920	coassemb378_010756-T1	coassemb76_006944-T1
OG0006920	coassemb378_010756-T1	jgi|PseVKM4520_1|10772|transcript_KFZ23602
OG0006920	coassemb378_010756-T1	jgi|Grascr1|8247|GST1_012969-RA
OG0006920	coassemb378_010756-T1	XP_008712669.1
OG0006920	coassemb378_010756-T1	jgi|Claba1|135452|Z519_02314T0
OG0006920	coassemb378_010756-T1	jgi|Exoaq1|10176|A1O9_06609T0
OG0007011	coassemb378_004265-T1	jgi|Exoaq1|4101|A1O9_11624T0
OG0007038	coassemb378_009082-T1	KAI9717207.1
OG0007038	coassemb378_009082-T1	KAJ9659347.1
OG0007057	coassemb378_008341-T1	jgi|Neucr_trp3_1|1310622|fgenesh1_pm.88_#_4
OG0007083	coassemb378_010436-T1	jgi|Aspni_DSM_1|160019|An06g00470m.01
OG0007083	coassemb378_010436-T1	GTX0494b19_008877-T1
OG0007083	coassemb378_010436-T1	KAI4230239.1
OG0007083	coassemb378_010436-T1	FUN_000687_T1_FUN_000687
OG0007083	coassemb378_010436-T1	KAI4218700.1
OG0007083	coassemb378_010436-T1	KAI9716956.1
OG0007083	coassemb378_010436-T1	jgi|Clagr3|3026|CLAGR_002688-RA
OG0007083	coassemb378_010436-T1	KAI4258346.1
OG0007083	coassemb378_010436-T1	jgi|Dibbae1|11370|DIBA_000605-RA, jgi|Dibbae1|9233|DIBA_010631-RA, jgi|Dibbae1|3477|DIBA_000347-RA
OG0007083	coassemb378_010436-T1	KAJ9649144.1
OG0007121	coassemb378_000025-T1	coassemb376_006444-T1
OG0007121	coassemb378_000025-T1	jgi|Exoaq1|49|A1O9_00049T0
OG0007215	coassemb378_007660-T1	jgi|Aspni_DSM_1|162669|An09g02090m.01
OG0007320	coassemb378_003248-T1	jgi|Podan3|202203|mRNA_1031
OG0007357	coassemb378_002252-T1	jgi|Morco1|515957|estExt_Genewise1Plus.C_3_t10073
OG0007449	coassemb378_003591-T1	coassemb64_005957-T1
OG0008199	coassemb378_005957-T1	KAI9715847.1
OG0008350	coassemb378_005020-T1	jgi|Fusgr1|12718|FGSG_13883T0
OG0008350	coassemb378_005020-T1	XP_008717670.1
OG0008350	coassemb378_005020-T1	jgi|Altal1|1061819|gm1.6054_g
OG0008350	coassemb378_005020-T1	coassemb64_000769-T1
