Orthogroup	coassembly.bin.76.proteins	Other
OG0000002	coassemb76_006528-T1	coassemb378_006986-T1, coassemb378_008971-T1
OG0000003	coassemb76_010185-T1	jgi|Penexp1|9403|PEXP_067070T0
OG0000004	coassemb76_010056-T1	KAI4106465.1
OG0000008	coassemb76_008184-T1	jgi|Fonmu1|5786|Z520_09599T0
OG0000009	coassemb76_003044-T1	jgi|Exoaq1|5525|A1O9_03049T0
OG0000009	coassemb76_003044-T1	KAJ9663857.1, KAJ9652153.1
OG0000009	coassemb76_003044-T1	jgi|Claba1|128724|Z519_07022T0
OG0000009	coassemb76_007363-T1	coassemb64_001666-T1
OG0000021	coassemb76_007353-T1	jgi|Sclsc1|10725|SS1G_03754T0
OG0000021	coassemb76_007353-T1	jgi|Dibbae1|9652|DIBA_011960-RA
OG0000021	coassemb76_007353-T1	coassemb378_010472-T1
OG0000021	coassemb76_007353-T1	jgi|Podan3|205459|mRNA_4287
OG0000038	coassemb76_007162-T1, coassemb76_006808-T1, coassemb76_000609-T1, coassemb76_009147-T1, coassemb76_004244-T1, coassemb76_002548-T1, coassemb76_009945-T1	jgi|Dibbae1|4142|DIBA_008763-RA
OG0000039	coassemb76_008359-T1	jgi|Exoaq1|12011|A1O9_08327T0
OG0000048	coassemb76_005968-T1	jgi|Grascr1|8616|GST1_011569-RA
OG0000048	coassemb76_005968-T1	jgi|Claba1|139754|Z519_06286T0, jgi|Claba1|129934|Z519_08241T0
OG0000048	coassemb76_005968-T1	jgi|Fonmu1|4665|Z520_01652T0
OG0000048	coassemb76_005968-T1	CAF9941448.1
OG0000048	coassemb76_005968-T1	jgi|Podan3|208535|mRNA_7363
OG0000057	coassemb76_002751-T1	jgi|Exoaq1|5750|A1O9_03277T0
OG0000057	coassemb76_006709-T1, coassemb76_006455-T1	CAF9904471.1
OG0000064	coassemb76_009611-T1	KAI9747835.1
OG0000064	coassemb76_009611-T1	KAI9811554.1
OG0000064	coassemb76_009611-T1	KAI9725409.1
OG0000064	coassemb76_009611-T1	KAI9663316.1
OG0000064	coassemb76_009611-T1	jgi|Altal1|385926|CE385925_16877
OG0000064	coassemb76_009611-T1	jgi|Aurpu_var_mel1|51124|e_gw1.14.163.1
OG0000066	coassemb76_008320-T1	jgi|Dibbae1|4642|DIBA_001639-RA
OG0000067	coassemb76_000861-T1	jgi|Podan3|206798|mRNA_5626
OG0000079	coassemb76_008715-T1, coassemb76_005746-T1	KAI4287114.1
OG0000080	coassemb76_002910-T1	jgi|Fusgr1|10666|FGSG_09210T0, jgi|Fusgr1|3485|FGSG_04517T0
OG0000080	coassemb76_002707-T1	CAF9935426.1
OG0000080	coassemb76_002707-T1	jgi|Fonmu1|6290|Z520_10103T0
OG0000091	coassemb76_008068-T1	jgi|Ascim1|411799|fgenesh1_RNNotator_kg.8_#_142_#_Locus13956v1rpkm1.00
OG0000091	coassemb76_008068-T1	jgi|EndpusZ1|372|EPUS_04340T0
OG0000091	coassemb76_008068-T1	jgi|Phach1|1659|rna1658
OG0000091	coassemb76_008068-T1	jgi|Sclsc1|1824|SS1G_08280T0
OG0000091	coassemb76_008068-T1	jgi|Altal1|974676|estExt_Genewise1.C_300063
OG0000091	coassemb76_008068-T1	jgi|Cocpo1_1|2873|XM_003067826.1
OG0000091	coassemb76_008068-T1	jgi|Dibbae1|5637|DIBA_008235-RA, jgi|Dibbae1|2653|DIBA_006577-RA
OG0000091	coassemb76_008068-T1	coassemb376_005999-T1, coassemb376_003112-T1
OG0000091	coassemb76_008068-T1	KAI4092827.1, KAI4104577.1
OG0000091	coassemb76_008068-T1	KAI4226958.1, KAI4222786.1
OG0000091	coassemb76_008068-T1	FUN_004685_T1_FUN_004685, FUN_003112_T1_FUN_003112
OG0000091	coassemb76_008068-T1	KAI4098182.1, KAI4110849.1
OG0000091	coassemb76_008068-T1	GTX0494b19_007010-T1, GTX0494b19_003949-T1
OG0000091	coassemb76_008068-T1	KAI4239759.1, KAI4237775.1
OG0000091	coassemb76_008068-T1	KAI4286828.1, KAI4283964.1
OG0000091	coassemb76_008068-T1	coassemb378_001698-T1
OG0000091	coassemb76_008068-T1	jgi|Grascr1|1721|GST1_008606-RA
OG0000092	coassemb76_004047-T1	jgi|Clagr3|5199|CLAGR_004539-RA
OG0000097	coassemb76_003006-T1	jgi|Grascr1|4501|GST1_002567-RA
OG0000101	coassemb76_003857-T1	jgi|Aurpu_var_mel1|70638|fgenesh1_pg.57_#_3
OG0000101	coassemb76_004063-T1	jgi|Exoaq1|5205|A1O9_02728T0
OG0000106	coassemb76_008235-T1	jgi|Aurpu_var_mel1|73818|fgenesh1_pm.5_#_364
OG0000106	coassemb76_008235-T1	coassemb64_001228-T1
OG0000108	coassemb76_000301-T1	coassemb64_004549-T1
OG0000115	coassemb76_009166-T1	jgi|EndpusZ1|5818|EPUS_06007T0
OG0000120	coassemb76_003599-T1, coassemb76_004460-T1	jgi|Fonmu1|10481|Z520_12348T0
OG0000126	coassemb76_010089-T1	KAI9818685.1
OG0000126	coassemb76_010089-T1	jgi|EndpusZ1|7517|EPUS_01936T0
OG0000126	coassemb76_010089-T1	KAI9700627.1
OG0000126	coassemb76_010089-T1	KAI9721011.1
OG0000126	coassemb76_010089-T1	GTX0486b100_003708-T1
OG0000126	coassemb76_010089-T1	jgi|Acastr1|119232|AST1_008458-RA
OG0000126	coassemb76_010089-T1	KAI9836111.1
OG0000126	coassemb76_010089-T1	jgi|Umbpus1|102103|LPUS_08864T0
OG0000126	coassemb76_010089-T1	coassemb378_008521-T1
OG0000126	coassemb76_010089-T1	jgi|Grascr1|3176|GST1_002106-RA
OG0000126	coassemb76_010089-T1	jgi|Clagr3|4686|CLAGR_004043-RA
OG0000126	coassemb76_010089-T1	jgi|Dibbae1|2371|DIBA_006346-RA
OG0000126	coassemb76_010089-T1	coassemb376_003660-T1
OG0000126	coassemb76_010089-T1	KAI4108423.1
OG0000126	coassemb76_010089-T1	KAI4265792.1
OG0000126	coassemb76_010089-T1	KAI4098323.1
OG0000126	coassemb76_010089-T1	KAI4220737.1
OG0000126	coassemb76_010089-T1	KAI4226604.1
OG0000126	coassemb76_010089-T1	GTX0494b19_002857-T1
OG0000126	coassemb76_010089-T1	FUN_007107_T1_FUN_007107
OG0000126	coassemb76_010089-T1	jgi|Grascr1|3178|GST1_002108-RA
OG0000126	coassemb76_010089-T1	jgi|Grascr1|3178|GST1_002108-RA
OG0000127	coassemb76_004097-T1	jgi|Fonmu1|10971|Z520_04172T0
OG0000127	coassemb76_004097-T1	jgi|Claba1|136692|Z519_03224T0
OG0000127	coassemb76_004097-T1	KAI9839136.1
OG0000127	coassemb76_004097-T1	jgi|Capcor1|100341|A1O1_07524T0
OG0000127	coassemb76_004097-T1	jgi|Exoaq1|2938|A1O9_10460T0
OG0000127	coassemb76_009015-T1	jgi|Exoaq1|5162|A1O9_02685T0
OG0000153	coassemb76_008788-T1	jgi|Grascr1|4402|GST1_009774-RA
OG0000154	coassemb76_009407-T1, coassemb76_000331-T1	jgi|Dibbae1|7779|DIBA_003252-RA
OG0000164	coassemb76_009848-T1, coassemb76_009350-T1	jgi|Podan3|206414|mRNA_5242
OG0000165	coassemb76_005593-T1	KAI9708569.1
OG0000165	coassemb76_005594-T1	KAI9708568.1
OG0000171	coassemb76_007072-T1	jgi|Grascr1|7942|GST1_003744-RA
OG0000171	coassemb76_007072-T1	coassemb378_009396-T1
OG0000171	coassemb76_007072-T1	jgi|Dibbae1|12575|DIBA_004251-RA
OG0000171	coassemb76_007072-T1	KAI4105718.1
OG0000171	coassemb76_007072-T1	KAI4223099.1
OG0000171	coassemb76_007072-T1	KAI4235091.1
OG0000171	coassemb76_007072-T1	GTX0494b19_007491-T1
OG0000171	coassemb76_007072-T1	FUN_001975_T1_FUN_001975
OG0000171	coassemb76_007072-T1	jgi|Podan3|208705|mRNA_7533
OG0000171	coassemb76_007072-T1	jgi|Acastr1|124946|AST1_006829-RA
OG0000171	coassemb76_007072-T1	jgi|Neucr_trp3_1|10589|Neucr2.NCU08173T0
OG0000171	coassemb76_007072-T1	jgi|Exoaq1|8178|A1O9_04713T0
OG0000171	coassemb76_007072-T1	jgi|Altal1|1081957|MIX13855_236_19, jgi|Altal1|1055789|gm1.24_g
OG0000171	coassemb76_007072-T1	KAI9727719.1
OG0000171	coassemb76_007072-T1	jgi|Exoaq1|8178|A1O9_04713T0
OG0000181	coassemb76_003304-T1	coassemb378_005990-T1
OG0000192	coassemb76_003293-T1	jgi|Aspni_DSM_1|159911|An05g01960m.01
OG0000192	coassemb76_003293-T1	XP_008715063.1, XP_008721146.1, XP_008716705.1
OG0000193	coassemb76_005598-T1	jgi|Aurpu_var_mel1|86688|gm1.7084_g
OG0000200	coassemb76_003469-T1	jgi|Grascr1|8319|GST1_012131-RA
OG0000201	coassemb76_005173-T1, coassemb76_002960-T1	coassemb378_001789-T1
OG0000202	coassemb76_003082-T1	jgi|Fusgr1|8832|FGSG_07636T0
OG0000206	coassemb76_009157-T1	jgi|Penexp1|3673|PEXP_041520T0
OG0000214	coassemb76_004472-T1	jgi|Fusgr1|4397|FGSG_03711T0
OG0000216	coassemb76_003581-T1	jgi|Cocpo1_1|6066|XM_003071019.1
OG0000222	coassemb76_005374-T1, coassemb76_001641-T1	jgi|Sclsc1|2679|SS1G_09135T0
OG0000222	coassemb76_005374-T1	jgi|Capcor1|99225|A1O1_06396T0
OG0000222	coassemb76_005374-T1	coassemb64_004438-T1
OG0000222	coassemb76_005374-T1	jgi|Exoaq1|7793|A1O9_04324T0
OG0000222	coassemb76_005374-T1	KAJ9663884.1
OG0000225	coassemb76_004317-T1	KAI4288535.1
OG0000228	coassemb76_007629-T1	KAI4108699.1
OG0000235	coassemb76_009461-T1	jgi|Penexp1|8163|PEXP_075040T0
OG0000249	coassemb76_003709-T1	jgi|Cocpo1_1|2495|XM_003067448.1, jgi|Cocpo1_1|6003|XM_003070956.1
OG0000258	coassemb76_002032-T1	jgi|Aspni_DSM_1|160399|An07g01670m.01, jgi|Aspni_DSM_1|166512|An14g07310m.01, jgi|Aspni_DSM_1|168482|An18g00280m.01, jgi|Aspni_DSM_1|160266|An07g00280m.01, jgi|Aspni_DSM_1|155805|An01g07630m.01
OG0000279	coassemb76_000283-T1	jgi|Neucr_trp3_1|6469|Neucr2.NCU06980T0
OG0000282	coassemb76_003702-T1	KAJ9652262.1
OG0000282	coassemb76_004088-T1	KAJ9659602.1
OG0000282	coassemb76_004088-T1	XP_008713160.1
OG0000296	coassemb76_009716-T1	KAI4283092.1
OG0000310	coassemb76_009478-T1	GTX0486b100_008067-T1
OG0000311	coassemb76_003597-T1	jgi|Penexp1|9779|PEXP_098470T0
OG0000311	coassemb76_007674-T1	jgi|Clagr3|9403|CLAGR_009348-RA
OG0000313	coassemb76_010026-T1	KAI4232068.1
OG0000313	coassemb76_010026-T1	FUN_008136_T1_FUN_008136
OG0000313	coassemb76_010026-T1	KAI4104088.1
OG0000313	coassemb76_010026-T1	KAI4225466.1
OG0000313	coassemb76_010026-T1	GTX0494b19_005686-T1
OG0000313	coassemb76_010026-T1	KAI4102417.1
OG0000313	coassemb76_010026-T1	coassemb376_002696-T1
OG0000313	coassemb76_010026-T1	CAF9919496.1
OG0000313	coassemb76_010026-T1	jgi|Clagr3|10162|CLAGR_008313-RA
OG0000313	coassemb76_010026-T1	jgi|Dibbae1|4911|DIBA_000724-RA
OG0000313	coassemb76_010026-T1	coassemb378_008821-T1
OG0000313	coassemb76_010026-T1	jgi|Grascr1|11950|GST1_005373-RA
OG0000313	coassemb76_010026-T1	KAI9829741.1
OG0000313	coassemb76_010026-T1	KAI9829020.1
OG0000313	coassemb76_010026-T1	KAI9697006.1
OG0000313	coassemb76_010026-T1	KAI9715981.1
OG0000313	coassemb76_010026-T1	GTX0486b100_007067-T1
OG0000313	coassemb76_010026-T1	jgi|Acastr1|125395|AST1_002072-RA
OG0000313	coassemb76_010026-T1	jgi|Umbpus1|104881|LPUS_11710T0
OG0000315	coassemb76_007003-T1	jgi|Penexp1|2729|PEXP_108930T0
OG0000315	coassemb76_007003-T1	jgi|Cocpo1_1|4194|XM_003069147.1
OG0000317	coassemb76_007953-T1, coassemb76_003438-T1	jgi|Sclsc1|1845|SS1G_08301T0
OG0000317	coassemb76_007953-T1, coassemb76_003438-T1	GTX0486b100_006784-T1
OG0000325	coassemb76_006608-T1	jgi|Aurpu_var_mel1|59780|e_gw1.34.207.1, jgi|Aurpu_var_mel1|81102|gm1.1498_g
OG0000325	coassemb76_006608-T1	jgi|Penexp1|2631|PEXP_107950T0
OG0000325	coassemb76_006608-T1	jgi|Capcor1|94874|A1O1_02012T0
OG0000325	coassemb76_006608-T1	jgi|Grascr1|8051|GST1_011608-RA, jgi|Grascr1|4793|GST1_009069-RA
OG0000325	coassemb76_006608-T1	jgi|Altal1|1093177|estExt_Genemark1.C_6_t10359
OG0000325	coassemb76_006608-T1	FUN_007353_T1_FUN_007353
OG0000325	coassemb76_006608-T1	KAI4212767.1, KAI4218568.1
OG0000325	coassemb76_006608-T1	KAI4218015.1
OG0000325	coassemb76_006608-T1	GTX0494b19_007912-T1
OG0000325	coassemb76_006608-T1	KAI4108894.1
OG0000325	coassemb76_006608-T1	jgi|Neucr_trp3_1|9050|Neucr2.NCU17105T0, jgi|Neucr_trp3_1|5166|Neucr2.NCU08753T0, jgi|Neucr_trp3_1|1354|Neucr2.NCU16394T0
OG0000325	coassemb76_006608-T1	coassemb376_005444-T1
OG0000325	coassemb76_006608-T1	CAF9936107.1
OG0000325	coassemb76_006608-T1	KAI9702344.1
OG0000325	coassemb76_006608-T1	GTX0486b100_005204-T1
OG0000325	coassemb76_006608-T1	KAI9715458.1
OG0000331	coassemb76_003014-T1	jgi|Exoaq1|2100|A1O9_09633T0
OG0000332	coassemb76_000237-T1, coassemb76_000243-T1	GTX0486b100_005093-T1
OG0000337	coassemb76_006590-T1	coassemb64_001600-T1
OG0000337	coassemb76_006590-T1	jgi|Capcor1|101114|A1O1_08302T0
OG0000360	coassemb76_002265-T1	jgi|Penexp1|5287|PEXP_046120T0
OG0000361	coassemb76_000789-T1	jgi|Fusgr1|9924|FGSG_08350T0
OG0000378	coassemb76_007973-T1, coassemb76_000244-T1	GTX0486b100_005092-T1
OG0000381	coassemb76_007968-T1	FUN_000190_T1_FUN_000190
OG0000391	coassemb76_003831-T1	jgi|Grascr1|5827|GST1_011412-RA
OG0000399	coassemb76_005772-T1, coassemb76_004470-T1	jgi|Morco1|470072|gw1.20.229.1
OG0000417	coassemb76_010184-T1	jgi|Podan3|207916|mRNA_6744, jgi|Podan3|203446|mRNA_2274
OG0000421	coassemb76_002596-T1	jgi|Capcor1|96917|A1O1_04070T0
OG0000428	coassemb76_002386-T1	KAI9826689.1
OG0000434	coassemb76_009646-T1	jgi|Claba1|132284|Z519_10603T0
OG0000455	coassemb76_004413-T1	jgi|Grascr1|12662|GST1_001956-RA
OG0000462	coassemb76_005699-T1	KAI9665583.1
OG0000462	coassemb76_005699-T1	jgi|Grascr1|3241|GST1_007462-RA, jgi|Grascr1|7092|GST1_011687-RA
OG0000462	coassemb76_005699-T1	jgi|Sclsc1|12647|SS1G_05676T0
OG0000462	coassemb76_005699-T1	KAI4237400.1
OG0000462	coassemb76_005699-T1	KAI4101707.1
OG0000462	coassemb76_005699-T1	jgi|Podan3|210426|mRNA_9254
OG0000462	coassemb76_005699-T1	jgi|Phach1|3895|rna3894
OG0000464	coassemb76_009338-T1	jgi|Clagr3|9550|CLAGR_009003-RA
OG0000466	coassemb76_003357-T1	jgi|Grascr1|11362|GST1_005242-RA
OG0000483	coassemb76_002739-T1	FUN_009084_T1_FUN_009084
OG0000485	coassemb76_007172-T1	KAI9826477.1
OG0000485	coassemb76_007172-T1	jgi|Fusgr1|5084|FGSG_03103T0
OG0000485	coassemb76_008032-T1	jgi|Podan3|211754|mRNA_10582
OG0000528	coassemb76_003245-T1	jgi|Erypu1|4210|transcript_POS86139
OG0000528	coassemb76_003245-T1	jgi|PseVKM4520_1|2423|transcript_KFZ17011
OG0000528	coassemb76_003245-T1	coassemb378_007682-T1
OG0000528	coassemb76_003245-T1	jgi|Cocpo1_1|3379|XM_003068332.1
OG0000528	coassemb76_003245-T1	KAJ9655629.1
OG0000528	coassemb76_003245-T1	jgi|Fusgr1|6826|FGSG_05882T0
OG0000528	coassemb76_003245-T1	jgi|Aurpu_var_mel1|31563|gw1.6.927.1
OG0000528	coassemb76_003245-T1	jgi|Podan3|204593|mRNA_3421
OG0000528	coassemb76_003245-T1	jgi|Neucr_trp3_1|7651|Neucr2.NCU01231T0
OG0000528	coassemb76_003245-T1	jgi|Aspni_DSM_1|167982|An16g06950m.01
OG0000528	coassemb76_003245-T1	jgi|Penexp1|10706|PEXP_090450T0
OG0000528	coassemb76_003245-T1	jgi|Altal1|283675|CE283674_28888
OG0000528	coassemb76_003245-T1	jgi|Phach1|3547|rna3546
OG0000528	coassemb76_003245-T1	GTX0494b19_004354-T1
OG0000528	coassemb76_003245-T1	FUN_002474_T1_FUN_002474
OG0000528	coassemb76_003245-T1	KAI4218557.1
OG0000528	coassemb76_003245-T1	KAI4220037.1
OG0000528	coassemb76_003245-T1	KAI4093899.1
OG0000528	coassemb76_003245-T1	KAI4286665.1
OG0000528	coassemb76_003245-T1	jgi|Exoaq1|5655|A1O9_03181T0
OG0000528	coassemb76_003245-T1	XP_008717275.1
OG0000528	coassemb76_003245-T1	GTX0466b15_003886-T1
OG0000528	coassemb76_003245-T1	coassemb64_004878-T1
OG0000528	coassemb76_003245-T1	coassemb376_004931-T1
OG0000542	coassemb76_001412-T1, coassemb76_008021-T1, coassemb76_003128-T1, coassemb76_000890-T1	jgi|Clagr3|1814|CLAGR_001610-RA
OG0000555	coassemb76_003908-T1	jgi|Capcor1|93963|A1O1_01099T0
OG0000555	coassemb76_003908-T1	jgi|PseVKM4520_1|6478|transcript_KFZ09721
OG0000555	coassemb76_003908-T1	jgi|Aspni_DSM_1|163865|An11g06330m.01, jgi|Aspni_DSM_1|157631|An02g11150m.01
OG0000555	coassemb76_003908-T1	jgi|Morco1|480144|e_gw1.3.77.1, jgi|Morco1|533110|fgenesh1_kg.8_#_199_#_Locus11197v1rpkm2.91, jgi|Morco1|580189|gm1.10965_g, jgi|Morco1|497079|e_gw1.127.27.1
OG0000555	coassemb76_003908-T1	jgi|Artol1|10066|AOL_s00193g104m.01
OG0000555	coassemb76_003908-T1	jgi|Monha1|4303|H072_4395m.01
OG0000555	coassemb76_003908-T1	jgi|Ascim1|413771|fgenesh1_RNNotator_kg.24_#_5_#_Locus1295v1rpkm123.77
OG0000555	coassemb76_003908-T1	jgi|Altal1|1029668|fgenesh1_pm.6_#_214
OG0000555	coassemb76_003908-T1	coassemb378_005036-T1
OG0000555	coassemb76_003908-T1	jgi|Podan3|208720|mRNA_7548
OG0000555	coassemb76_003908-T1	jgi|Aurpu_var_mel1|87783|gm1.8179_g
OG0000555	coassemb76_003908-T1	jgi|Grascr1|7239|GST1_010697-RA
OG0000578	coassemb76_006329-T1	KAI4226395.1
OG0000590	coassemb76_007242-T1, coassemb76_000880-T1	coassemb378_008024-T1
OG0000605	coassemb76_010119-T1	coassemb64_007527-T1
OG0000609	coassemb76_005865-T1, coassemb76_009951-T1	jgi|Artol1|4636|AOL_s00078g22m.01
OG0000615	coassemb76_002592-T1	CAF9926602.1
OG0000621	coassemb76_008636-T1	CAF9904326.1
OG0000635	coassemb76_005142-T1, coassemb76_002157-T1	KAI4093645.1
OG0000635	coassemb76_005142-T1, coassemb76_002157-T1	CAF9943021.1
OG0000635	coassemb76_005142-T1, coassemb76_002157-T1	jgi|Altal1|718771|CE718770_1137
OG0000635	coassemb76_005142-T1, coassemb76_002157-T1	jgi|Grascr1|9664|GST1_012242-RA, jgi|Grascr1|7482|GST1_011173-RA
OG0000635	coassemb76_005142-T1, coassemb76_002157-T1	KAJ9650384.1
OG0000635	coassemb76_005142-T1	jgi|Fonmu1|989|Z520_05619T0
OG0000635	coassemb76_005142-T1	jgi|Claba1|128362|Z519_00745T0
OG0000635	coassemb76_005142-T1	jgi|Exoaq1|2043|A1O9_09575T0
OG0000635	coassemb76_005142-T1	XP_008718334.1, XP_008718330.1
OG0000635	coassemb76_002157-T1	XP_008714806.1
OG0000635	coassemb76_002157-T1	jgi|Fonmu1|10955|Z520_04156T0, jgi|Fonmu1|4123|Z520_01108T0
OG0000635	coassemb76_002157-T1	jgi|Claba1|136709|Z519_03241T0, jgi|Claba1|131250|Z519_09563T0
OG0000635	coassemb76_002157-T1	jgi|Capcor1|93148|A1O1_00278T0
OG0000635	coassemb76_002157-T1	jgi|Exoaq1|1485|A1O9_01491T0, jgi|Exoaq1|8562|A1O9_05099T0
OG0000635	coassemb76_002157-T1	coassemb64_000656-T1
OG0000648	coassemb76_003566-T1	jgi|Aurpu_var_mel1|81866|gm1.2262_g
OG0000648	coassemb76_003566-T1	jgi|PseVKM4520_1|1396|transcript_KFZ19020
OG0000648	coassemb76_003566-T1	jgi|Sclsc1|5240|SS1G_11697T0
OG0000648	coassemb76_003566-T1	KAI9702334.1
OG0000648	coassemb76_003566-T1	KAI9715467.1
OG0000648	coassemb76_003566-T1	GTX0486b100_007792-T1
OG0000648	coassemb76_003566-T1	jgi|Acastr1|118843|AST1_005353-RA
OG0000648	coassemb76_003566-T1	CAF9942271.1, CAF9919367.1
OG0000648	coassemb76_003566-T1	coassemb378_011428-T1
OG0000648	coassemb76_003566-T1	jgi|Grascr1|4287|GST1_008861-RA
OG0000654	coassemb76_006623-T1	KAI9729029.1
OG0000654	coassemb76_006623-T1	jgi|Umbpus1|106300|LPUS_04434T0
OG0000654	coassemb76_006623-T1	CAF9925568.1
OG0000654	coassemb76_006623-T1	jgi|Clagr3|3805|CLAGR_003507-RA
OG0000654	coassemb76_006623-T1	FUN_008892_T1_FUN_008892
OG0000654	coassemb76_006623-T1	KAI4208437.1
OG0000654	coassemb76_006623-T1	KAI4224203.1
OG0000654	coassemb76_006623-T1	GTX0494b19_005029-T1
OG0000654	coassemb76_006623-T1	KAI4266466.1
OG0000654	coassemb76_006623-T1	jgi|Neucr_trp3_1|8590|Neucr2.NCU12069T0
OG0000654	coassemb76_006623-T1	coassemb378_008743-T1
OG0000654	coassemb76_006623-T1	jgi|PseVKM4520_1|6117|transcript_KFZ10315
OG0000654	coassemb76_006623-T1	jgi|Sclsc1|3736|SS1G_10192T0
OG0000654	coassemb76_006623-T1	coassemb64_005016-T1
OG0000654	coassemb76_006623-T1	coassemb64_005016-T1
OG0000660	coassemb76_000461-T1	jgi|Artol1|1003|AOL_s00006g343m.01
OG0000691	coassemb76_003844-T1	coassemb378_007181-T1
OG0000703	coassemb76_009034-T1	jgi|Altal1|1099843|estExt_Genemark1.C_310035
OG0000713	coassemb76_010202-T1	coassemb378_007793-T1
OG0000713	coassemb76_010202-T1	coassemb376_002469-T1
OG0000721	coassemb76_005366-T1	KAI4108240.1
OG0000721	coassemb76_005366-T1	KAI4092208.1
OG0000721	coassemb76_005366-T1	KAI4213157.1
OG0000721	coassemb76_005366-T1	FUN_006703_T1_FUN_006703
OG0000721	coassemb76_005366-T1	GTX0494b19_002685-T1
OG0000721	coassemb76_005366-T1	KAI4220517.1
OG0000721	coassemb76_005366-T1	coassemb376_005417-T1
OG0000721	coassemb76_005366-T1	CAF9942363.1
OG0000721	coassemb76_005366-T1	jgi|Clagr3|3620|CLAGR_003826-RA
OG0000721	coassemb76_005366-T1	KAI4251603.1
OG0000721	coassemb76_005366-T1	jgi|PseVKM4520_1|6677|transcript_KFZ09438
OG0000721	coassemb76_010000-T1	jgi|Clagr3|10693|CLAGR_010801-RA
OG0000721	coassemb76_008084-T1	jgi|Penexp1|937|PEXP_095670T0
OG0000723	coassemb76_004995-T1	XP_008712563.1
OG0000742	coassemb76_007524-T1	CAF9912950.1
OG0000748	coassemb76_005769-T1	coassemb378_006069-T1
OG0000749	coassemb76_009073-T1	jgi|Aurpu_var_mel1|85019|gm1.5415_g
OG0000779	coassemb76_000703-T1	jgi|Dibbae1|4836|DIBA_009724-RA
OG0000780	coassemb76_008347-T1	jgi|PseVKM4520_1|10673|transcript_KFZ25328
OG0000780	coassemb76_008347-T1	KAI9718072.1
OG0000780	coassemb76_008347-T1	coassemb378_005839-T1
OG0000792	coassemb76_003673-T1	jgi|Fusgr1|5336|FGSG_02884T0
OG0000793	coassemb76_000162-T1	coassemb378_010898-T1
OG0000814	coassemb76_008954-T1	CAF9935020.1
OG0000823	coassemb76_009583-T1	KAI9826570.1
OG0000823	coassemb76_009583-T1	KAI9752168.1
OG0000823	coassemb76_009583-T1	KAI9706547.1
OG0000823	coassemb76_009583-T1	KAI9714146.1
OG0000823	coassemb76_009583-T1	GTX0486b100_005833-T1
OG0000823	coassemb76_009583-T1	jgi|Acastr1|118953|AST1_002554-RA
OG0000823	coassemb76_009583-T1	coassemb378_008768-T1
OG0000823	coassemb76_009583-T1	jgi|Dibbae1|4495|DIBA_008924-RA
OG0000823	coassemb76_009583-T1	jgi|Grascr1|94|GST1_000094-RA
OG0000823	coassemb76_009583-T1	coassemb376_002968-T1
OG0000823	coassemb76_009583-T1	CAF9926212.1
OG0000823	coassemb76_009583-T1	jgi|Umbpus1|103119|LPUS_03422T0
OG0000823	coassemb76_009583-T1	KAI4101762.1
OG0000823	coassemb76_009583-T1	KAI4286595.1
OG0000823	coassemb76_009583-T1	GTX0494b19_007855-T1
OG0000823	coassemb76_009583-T1	FUN_004483_T1_FUN_004483
OG0000823	coassemb76_009583-T1	KAI4235645.1
OG0000823	coassemb76_009583-T1	KAI4220684.1
OG0000823	coassemb76_009583-T1	KAI4099395.1
OG0000880	coassemb76_009134-T1	FUN_003923_T1_FUN_003923
OG0000909	coassemb76_009713-T1	jgi|Acastr1|121351|AST1_002291-RA
OG0000913	coassemb76_000917-T1	jgi|Acastr1|122178|AST1_005884-RA
OG0000923	coassemb76_004357-T1	jgi|Penexp1|332|PEXP_056510T0
OG0000928	coassemb76_002519-T1, coassemb76_002518-T1	CAF9924993.1
OG0000934	coassemb76_006341-T1	KAI9833474.1
OG0000973	coassemb76_006517-T1	jgi|Erypu1|6454|transcript_POS81727
OG0000976	coassemb76_003570-T1	FUN_000406_T1_FUN_000406
OG0000976	coassemb76_003570-T1	CAF9943318.1
OG0000979	coassemb76_008435-T1	jgi|Grascr1|9332|GST1_003973-RA
OG0000979	coassemb76_008435-T1	coassemb378_000207-T1
OG0000979	coassemb76_008435-T1	KAI9831814.1
OG0000979	coassemb76_008435-T1	jgi|Dibbae1|12074|DIBA_002912-RA
OG0000979	coassemb76_008435-T1	jgi|Clagr3|3121|CLAGR_003217-RA
OG0000979	coassemb76_008435-T1	CAF9930941.1
OG0000979	coassemb76_008435-T1	KAI9706674.1
OG0000979	coassemb76_008435-T1	GTX0486b100_003193-T1
OG0000979	coassemb76_008435-T1	KAI9715278.1
OG0000979	coassemb76_008435-T1	jgi|Umbpus1|105675|LPUS_03688T0
OG0000979	coassemb76_008435-T1	KAI4288921.1
OG0000979	coassemb76_008435-T1	KAI4100212.1
OG0000979	coassemb76_008435-T1	KAI4219820.1
OG0000979	coassemb76_008435-T1	KAI4097673.1
OG0000979	coassemb76_008435-T1	KAI4219199.1
OG0000979	coassemb76_008435-T1	GTX0494b19_008227-T1
OG0000979	coassemb76_008435-T1	FUN_002497_T1_FUN_002497, FUN_002497_T2_FUN_002497
OG0000979	coassemb76_008435-T1	jgi|EndpusZ1|1366|EPUS_00178T0
OG0000979	coassemb76_008435-T1	jgi|Acastr1|122087|AST1_007504-RA
OG0000979	coassemb76_008435-T1	jgi|Phach1|2329|rna2328
OG0000979	coassemb76_008435-T1	coassemb376_006183-T1
OG0000979	coassemb76_008435-T1	KAI9750392.1
OG0000991	coassemb76_005663-T1	KAI9698579.1
OG0000993	coassemb76_009736-T1	coassemb378_001917-T1
OG0001006	coassemb76_009633-T1	jgi|Monha1|9388|H072_9849m.01
OG0001017	coassemb76_001892-T1	jgi|Altal1|938817|e_gw1.14.419.1
OG0001023	coassemb76_007380-T1	KAI4234030.1
OG0001034	coassemb76_007904-T1	jgi|Altal1|1015420|fgenesh1_kg.1_#_398_#_Locus12168v1rpkm0.86
OG0001046	coassemb76_002806-T1	KAI9832412.1
OG0001046	coassemb76_002806-T1	KAI9697615.1
OG0001060	coassemb76_002313-T1	jgi|Morco1|578177|gm1.8953_g, jgi|Morco1|578182|gm1.8958_g, jgi|Morco1|578180|gm1.8956_g, jgi|Morco1|493985|e_gw1.58.72.1
OG0001077	coassemb76_004467-T1	KAI4105648.1
OG0001077	coassemb76_004467-T1	KAI4286386.1
OG0001077	coassemb76_010062-T1	jgi|Grascr1|588|GST1_007194-RA
OG0001077	coassemb76_010062-T1	jgi|Dibbae1|7597|DIBA_010689-RA
OG0001077	coassemb76_010062-T1	coassemb376_004157-T1
OG0001077	coassemb76_010062-T1	jgi|Clagr3|9694|CLAGR_009816-RA
OG0001077	coassemb76_010062-T1	CAF9929550.1
OG0001077	coassemb76_010062-T1	KAI4105648.1
OG0001077	coassemb76_010062-T1	KAI4105648.1
OG0001077	coassemb76_010062-T1	KAI4286386.1
OG0001077	coassemb76_010062-T1	KAI4286386.1
OG0001077	coassemb76_010062-T1	FUN_010065_T1_FUN_010065
OG0001077	coassemb76_010062-T1	GTX0494b19_002522-T1
OG0001077	coassemb76_010062-T1	KAI4100984.1
OG0001077	coassemb76_010062-T1	KAI4224578.1
OG0001077	coassemb76_010062-T1	KAI4230565.1
OG0001100	coassemb76_008012-T1	CAF9903761.1
OG0001101	coassemb76_008086-T1	jgi|Exoaq1|12510|A1O9_08807T0
OG0001101	coassemb76_008086-T1	jgi|Fonmu1|6373|Z520_10186T0
OG0001101	coassemb76_008086-T1	jgi|Claba1|134516|Z519_11921T0
OG0001101	coassemb76_008086-T1	coassemb64_006219-T1
OG0001101	coassemb76_008086-T1	jgi|Acastr1|124066|AST1_004485-RA
OG0001115	coassemb76_002847-T1, coassemb76_003966-T1	jgi|Morco1|536281|fgenesh1_kg.28_#_39_#_Locus985v2rpkm4.72_PRE
OG0001115	coassemb76_002847-T1, coassemb76_003966-T1	jgi|Ascim1|366922|estExt_Genemark1.C_1910023
OG0001115	coassemb76_002847-T1, coassemb76_003966-T1	coassemb378_008433-T1
OG0001115	coassemb76_002847-T1, coassemb76_003966-T1	jgi|Erypu1|6765|transcript_POS87611
OG0001115	coassemb76_002847-T1, coassemb76_003966-T1	jgi|Sclsc1|9430|SS1G_02845T0
OG0001115	coassemb76_002847-T1, coassemb76_003966-T1	KAI9827454.1
OG0001115	coassemb76_002847-T1, coassemb76_003966-T1	jgi|Neucr_trp3_1|2014|Neucr2.NCU00704T0, jgi|Neucr_trp3_1|2286|Neucr2.NCU03013T1
OG0001115	coassemb76_002847-T1, coassemb76_003966-T1	jgi|Podan3|201854|mRNA_682, jgi|Podan3|202306|mRNA_1134
OG0001115	coassemb76_002847-T1, coassemb76_003966-T1	jgi|Fusgr1|690|FGSG_00576T0
OG0001115	coassemb76_002847-T1, coassemb76_003966-T1	jgi|Aurpu_var_mel1|59075|e_gw1.31.204.1
OG0001115	coassemb76_002847-T1, coassemb76_003966-T1	KAI9839845.1
OG0001115	coassemb76_002847-T1, coassemb76_003966-T1	KAI9752074.1
OG0001115	coassemb76_002847-T1, coassemb76_003966-T1	jgi|Acastr1|121731|AST1_005618-RA
OG0001115	coassemb76_002847-T1, coassemb76_003966-T1	CAF9940866.1
OG0001115	coassemb76_002847-T1, coassemb76_003966-T1	jgi|Clagr3|535|CLAGR_000527-RA
OG0001115	coassemb76_002847-T1, coassemb76_003966-T1	KAI9699127.1
OG0001115	coassemb76_002847-T1, coassemb76_003966-T1	GTX0486b100_004278-T1
OG0001115	coassemb76_002847-T1, coassemb76_003966-T1	KAI4290561.1
OG0001115	coassemb76_002847-T1, coassemb76_003966-T1	KAI4237933.1
OG0001115	coassemb76_002847-T1, coassemb76_003966-T1	GTX0494b19_008161-T1
OG0001115	coassemb76_002847-T1, coassemb76_003966-T1	KAI4100910.1
OG0001115	coassemb76_002847-T1, coassemb76_003966-T1	KAI4227602.1
OG0001115	coassemb76_002847-T1, coassemb76_003966-T1	KAI4091052.1
OG0001115	coassemb76_002847-T1, coassemb76_003966-T1	jgi|Umbpus1|100787|LPUS_07478T0
OG0001115	coassemb76_002847-T1, coassemb76_003966-T1	jgi|EndpusZ1|1147|EPUS_06979T0
OG0001115	coassemb76_002847-T1, coassemb76_003966-T1	jgi|Phach1|115|rna114
OG0001115	coassemb76_002847-T1, coassemb76_003966-T1	jgi|Cocpo1_1|5168|XM_003070121.1
OG0001115	coassemb76_002847-T1, coassemb76_003966-T1	jgi|Dibbae1|11850|DIBA_005128-RA
OG0001115	coassemb76_002847-T1, coassemb76_003966-T1	jgi|Grascr1|4478|GST1_002544-RA
OG0001115	coassemb76_002847-T1, coassemb76_003966-T1	jgi|Altal1|905830|gw1.5.441.1
OG0001115	coassemb76_002847-T1, coassemb76_003966-T1	KAI9726029.1
OG0001115	coassemb76_008056-T1	jgi|Morco1|18387|CE18386_180
OG0001133	coassemb76_008128-T1	jgi|Exoaq1|7366|A1O9_03896T0
OG0001135	coassemb76_009382-T1	jgi|Artol1|3669|AOL_s00075g7m.01
OG0001136	coassemb76_001894-T1	jgi|PseVKM4520_1|8458|transcript_KFZ24508, jgi|PseVKM4520_1|6258|transcript_KFZ10076
OG0001150	coassemb76_001308-T1	jgi|Fusgr1|11434|FGSG_13666T0
OG0001159	coassemb76_002766-T1	jgi|Sclsc1|11022|SS1G_04051T0
OG0001177	coassemb76_009379-T1	KAI9837323.1
OG0001177	coassemb76_009379-T1	KAI9716245.1
OG0001177	coassemb76_009379-T1	GTX0486b100_001605-T1
OG0001177	coassemb76_009379-T1	coassemb378_002482-T1
OG0001177	coassemb76_009379-T1	jgi|Grascr1|7045|GST1_010575-RA
OG0001177	coassemb76_009379-T1	jgi|Dibbae1|10824|DIBA_012051-RA
OG0001177	coassemb76_009379-T1	jgi|Clagr3|10332|CLAGR_010198-RA
OG0001177	coassemb76_009379-T1	CAF9904439.1
OG0001177	coassemb76_009379-T1	jgi|Umbpus1|105367|LPUS_12286T0
OG0001177	coassemb76_009379-T1	KAI4099106.1
OG0001177	coassemb76_009379-T1	coassemb376_005089-T1
OG0001177	coassemb76_009379-T1	KAI4228493.1
OG0001177	coassemb76_009379-T1	KAI4089824.1
OG0001177	coassemb76_009379-T1	FUN_001690_T1_FUN_001690
OG0001177	coassemb76_009379-T1	GTX0494b19_006170-T1
OG0001177	coassemb76_009379-T1	KAI4217904.1
OG0001177	coassemb76_009379-T1	jgi|Aspni_DSM_1|166215|An14g04320m.01
OG0001177	coassemb76_009379-T1	jgi|Penexp1|2657|PEXP_108210T0
OG0001177	coassemb76_009379-T1	jgi|Altal1|1092772|estExt_Genemark1.C_5_t10472
OG0001177	coassemb76_009379-T1	jgi|Aurpu_var_mel1|82864|gm1.3260_g
OG0001177	coassemb76_009379-T1	KAI9671357.1
OG0001177	coassemb76_009379-T1	KAI9721166.1
OG0001184	coassemb76_001803-T1	jgi|PseVKM4520_1|7830|transcript_KFZ07710
OG0001196	coassemb76_001343-T1, coassemb76_008053-T1	jgi|Acastr1|124709|AST1_002374-RA
OG0001203	coassemb76_003059-T1	jgi|Clagr3|9146|CLAGR_009773-RA
OG0001204	coassemb76_010163-T1	jgi|Podan3|210915|mRNA_9743
OG0001204	coassemb76_010163-T1	jgi|Neucr_trp3_1|4674|Neucr2.NCU00358T0
OG0001204	coassemb76_010163-T1	jgi|Fusgr1|7787|FGSG_06735T0
OG0001204	coassemb76_010163-T1	coassemb378_003306-T1
OG0001204	coassemb76_010163-T1	jgi|Altal1|1021963|fgenesh1_kg.14_#_303_#_Locus5922v1rpkm17.06
OG0001204	coassemb76_010163-T1	jgi|Grascr1|10685|GST1_003851-RA
OG0001204	coassemb76_010163-T1	jgi|Aurpu_var_mel1|43184|e_gw1.4.1.1
OG0001212	coassemb76_002246-T1	jgi|Artol1|170|AOL_s00004g169m.01
OG0001214	coassemb76_000584-T1	coassemb378_006048-T1
OG0001214	coassemb76_000584-T1	KAI9717070.1
OG0001227	coassemb76_005231-T1	jgi|Artol1|4183|AOL_s00076g279m.01
OG0001227	coassemb76_005231-T1	jgi|Aspni_DSM_1|158193|An03g01800m.01
OG0001235	coassemb76_007875-T1	jgi|Umbpus1|101562|LPUS_08281T0
OG0001235	coassemb76_007875-T1	jgi|Clagr3|11260|CLAGR_011085-RA
OG0001235	coassemb76_007875-T1	CAF9905212.1
OG0001235	coassemb76_007875-T1	KAI4287086.1
OG0001235	coassemb76_007875-T1	KAI4086955.1
OG0001235	coassemb76_007875-T1	KAI4225775.1
OG0001235	coassemb76_007875-T1	KAI4230765.1
OG0001235	coassemb76_007875-T1	GTX0494b19_007683-T1
OG0001235	coassemb76_007875-T1	FUN_006962_T1_FUN_006962
OG0001235	coassemb76_007875-T1	coassemb378_006707-T1
OG0001235	coassemb76_007875-T1	coassemb376_004465-T1
OG0001235	coassemb76_007875-T1	jgi|Acastr1|126366|AST1_002455-RA
OG0001251	coassemb76_007234-T1	jgi|Fonmu1|619|Z520_00621T0
OG0001267	coassemb76_005710-T1	jgi|Claba1|133110|Z519_01588T0
OG0001267	coassemb76_005710-T1	jgi|Fonmu1|8425|Z520_11400T0
OG0001267	coassemb76_005710-T1	coassemb64_005320-T1
OG0001267	coassemb76_005710-T1	jgi|Exoaq1|2197|A1O9_09723T0
OG0001270	coassemb76_001029-T1	jgi|Sclsc1|2142|SS1G_08599T0
OG0001281	coassemb76_008710-T1, coassemb76_002382-T1	jgi|Artol1|5|AOL_s00004g4m.01
OG0001281	coassemb76_008710-T1, coassemb76_002382-T1	jgi|Fusgr1|13314|FGSG_11241T0, jgi|Fusgr1|10669|FGSG_09212T0
OG0001329	coassemb76_007216-T1	KAI4233996.1
OG0001362	coassemb76_002887-T1	KAI9700632.1
OG0001365	coassemb76_009708-T1	jgi|Podan3|208764|mRNA_7592
OG0001369	coassemb76_001977-T1	coassemb376_000297-T1
OG0001369	coassemb76_001977-T1	CAF9914111.1
OG0001369	coassemb76_001977-T1	jgi|Clagr3|4865|CLAGR_003660-RA
OG0001369	coassemb76_001977-T1	jgi|Grascr1|7777|GST1_002707-RA
OG0001369	coassemb76_001977-T1	jgi|Acastr1|121997|AST1_008704-RA
OG0001369	coassemb76_001977-T1	jgi|Umbpus1|102816|LPUS_09410T0
OG0001369	coassemb76_001977-T1	jgi|Dibbae1|10667|DIBA_012422-RA
OG0001369	coassemb76_001977-T1	KAI4104820.1
OG0001369	coassemb76_001977-T1	GTX0494b19_000577-T1
OG0001369	coassemb76_001977-T1	FUN_007761_T1_FUN_007761
OG0001369	coassemb76_001977-T1	KAI4229850.1
OG0001369	coassemb76_001977-T1	KAI4217790.1
OG0001369	coassemb76_001977-T1	KAI4289937.1
OG0001369	coassemb76_001977-T1	KAI4107569.1
OG0001369	coassemb76_001977-T1	coassemb378_008413-T1
OG0001372	coassemb76_007965-T1	CAF9922714.1
OG0001406	coassemb76_009080-T1	GTX0486b100_007912-T1
OG0001406	coassemb76_009080-T1	KAI9702128.1
OG0001406	coassemb76_009080-T1	KAI9713340.1
OG0001406	coassemb76_009080-T1	KAI9815410.1
OG0001406	coassemb76_009080-T1	KAI9831912.1
OG0001406	coassemb76_009080-T1	jgi|Grascr1|224|GST1_000498-RA
OG0001406	coassemb76_009080-T1	coassemb378_002377-T1
OG0001406	coassemb76_009080-T1	jgi|Dibbae1|12050|DIBA_004238-RA
OG0001406	coassemb76_009080-T1	jgi|Umbpus1|104769|LPUS_11588T0
OG0001406	coassemb76_009080-T1	coassemb376_003170-T1
OG0001406	coassemb76_009080-T1	jgi|Acastr1|125561|AST1_002791-RA
OG0001406	coassemb76_009080-T1	jgi|Clagr3|5350|CLAGR_004696-RA
OG0001406	coassemb76_009080-T1	CAF9904127.1
OG0001406	coassemb76_009080-T1	KAI4099797.1
OG0001406	coassemb76_009080-T1	KAI4286480.1
OG0001406	coassemb76_009080-T1	KAI4101529.1
OG0001406	coassemb76_009080-T1	KAI4236098.1
OG0001406	coassemb76_009080-T1	GTX0494b19_006593-T1
OG0001406	coassemb76_009080-T1	FUN_008332_T1_FUN_008332
OG0001406	coassemb76_009080-T1	KAI4221772.1
OG0001428	coassemb76_004026-T1	jgi|Grascr1|4396|GST1_010145-RA
OG0001435	coassemb76_000124-T1	coassemb376_005892-T1
OG0001435	coassemb76_000124-T1	KAI4287589.1
OG0001446	coassemb76_009718-T1	KAI9835452.1
OG0001446	coassemb76_009718-T1	KAI9705992.1
OG0001446	coassemb76_009718-T1	KAI9719293.1
OG0001446	coassemb76_009718-T1	GTX0486b100_007449-T1
OG0001446	coassemb76_009718-T1	jgi|Cocpo1_1|7165|XM_003072118.1
OG0001446	coassemb76_009718-T1	jgi|Phach1|2386|rna2385
OG0001454	coassemb76_002140-T1	coassemb376_007399-T1
OG0001459	coassemb76_003138-T1	jgi|Claba1|139479|Z519_06011T0
OG0001473	coassemb76_003881-T1	jgi|Fusgr1|2642|FGSG_02304T0
OG0001487	coassemb76_009690-T1	jgi|Umbpus1|99932|LPUS_06530T0
OG0001487	coassemb76_009690-T1	jgi|Dibbae1|12701|DIBA_005379-RA
OG0001487	coassemb76_009690-T1	jgi|Grascr1|12698|GST1_006428-RA
OG0001487	coassemb76_009690-T1	coassemb378_010664-T1
OG0001487	coassemb76_009690-T1	CAF9941300.1
OG0001487	coassemb76_009690-T1	jgi|Clagr3|5440|CLAGR_006235-RA
OG0001487	coassemb76_009690-T1	coassemb376_000452-T1
OG0001487	coassemb76_009690-T1	KAI4287953.1
OG0001487	coassemb76_009690-T1	KAI4103151.1
OG0001487	coassemb76_009690-T1	KAI4104698.1
OG0001487	coassemb76_009690-T1	KAI4234602.1
OG0001487	coassemb76_009690-T1	GTX0494b19_001365-T1
OG0001487	coassemb76_009690-T1	FUN_008562_T1_FUN_008562
OG0001487	coassemb76_009690-T1	KAI4224614.1
OG0001497	coassemb76_004513-T1, coassemb76_004511-T1	jgi|Sclsc1|3190|SS1G_09646T0
OG0001497	coassemb76_004513-T1, coassemb76_004511-T1	jgi|Dibbae1|9770|DIBA_012322-RA
OG0001497	coassemb76_006836-T1, coassemb76_002998-T1	jgi|Aspni_DSM_1|165170|An12g08700m.01
OG0001497	coassemb76_006836-T1, coassemb76_002998-T1	jgi|Dibbae1|9770|DIBA_012322-RA
OG0001497	coassemb76_006836-T1, coassemb76_002998-T1	jgi|Dibbae1|9770|DIBA_012322-RA
OG0001497	coassemb76_006836-T1, coassemb76_002998-T1	jgi|Phach1|5440|rna5439
OG0001497	coassemb76_006836-T1, coassemb76_002998-T1	CAF9905592.1
OG0001497	coassemb76_006836-T1	jgi|Sclsc1|3190|SS1G_09646T0
OG0001497	coassemb76_006836-T1	jgi|Sclsc1|3190|SS1G_09646T0
OG0001512	coassemb76_004310-T1	jgi|Sclsc1|6419|SS1G_01919T0
OG0001512	coassemb76_005891-T1	jgi|Fusgr1|5900|FGSG_05072T0
OG0001512	coassemb76_005891-T1	jgi|Neucr_trp3_1|6192|Neucr2.NCU04337T0
OG0001512	coassemb76_005891-T1	jgi|Podan3|205749|mRNA_4577
OG0001512	coassemb76_005891-T1	jgi|PseVKM4520_1|6543|transcript_KFZ09659
OG0001512	coassemb76_005891-T1	jgi|Erypu1|2265|transcript_POS82974
OG0001512	coassemb76_005891-T1	jgi|Sclsc1|2040|SS1G_08496T0
OG0001512	coassemb76_005891-T1	KAI9836367.1
OG0001512	coassemb76_005891-T1	KAI9826065.1
OG0001512	coassemb76_005891-T1	KAI9721961.1
OG0001512	coassemb76_005891-T1	KAI9703866.1
OG0001512	coassemb76_005891-T1	GTX0486b100_004177-T1
OG0001512	coassemb76_005891-T1	KAI9757951.1
OG0001512	coassemb76_005891-T1	KAI4222884.1
OG0001512	coassemb76_005891-T1	KAI4239861.1
OG0001512	coassemb76_005891-T1	GTX0494b19_000047-T1
OG0001512	coassemb76_005891-T1	FUN_004260_T1_FUN_004260, FUN_004260_T2_FUN_004260
OG0001512	coassemb76_005891-T1	KAI4103756.1
OG0001512	coassemb76_005891-T1	KAI4109690.1
OG0001512	coassemb76_005891-T1	jgi|Umbpus1|99472|LPUS_06064T0
OG0001512	coassemb76_005891-T1	CAF9910781.1
OG0001512	coassemb76_005891-T1	jgi|Clagr3|3311|CLAGR_003130-RA
OG0001512	coassemb76_005891-T1	jgi|Acastr1|121945|AST1_008917-RA
OG0001512	coassemb76_005891-T1	coassemb378_005292-T1
OG0001512	coassemb76_005891-T1	jgi|Dibbae1|5887|DIBA_009183-RA
OG0001512	coassemb76_005891-T1	coassemb376_000541-T1
OG0001536	coassemb76_003396-T1	jgi|Podan3|211277|mRNA_10105
OG0001567	coassemb76_007635-T1	jgi|Umbpus1|103936|LPUS_10612T0
OG0001567	coassemb76_007635-T1	jgi|Clagr3|7124|CLAGR_006397-RA
OG0001567	coassemb76_007635-T1	CAF9902996.1
OG0001567	coassemb76_007635-T1	coassemb376_000466-T1
OG0001567	coassemb76_007635-T1	KAI4230329.1
OG0001567	coassemb76_007635-T1	KAI4109807.1
OG0001567	coassemb76_007635-T1	KAI4234876.1
OG0001567	coassemb76_007635-T1	GTX0494b19_001559-T1
OG0001567	coassemb76_007635-T1	FUN_004609_T1_FUN_004609
OG0001567	coassemb76_007635-T1	KAI4284898.1
OG0001567	coassemb76_007635-T1	KAI4092980.1
OG0001567	coassemb76_007635-T1	jgi|Acastr1|124867|AST1_009073-RA
OG0001567	coassemb76_007635-T1	KAI9702969.1
OG0001567	coassemb76_007635-T1	KAI9709424.1
OG0001567	coassemb76_007635-T1	GTX0486b100_007124-T1
OG0001572	coassemb76_000360-T1	KAI4289398.1
OG0001572	coassemb76_000360-T1	jgi|Clagr3|3038|CLAGR_002700-RA
OG0001580	coassemb76_003750-T1	KAI4287607.1
OG0001581	coassemb76_001639-T1	KAI9825660.1
OG0001583	coassemb76_002648-T1, coassemb76_002060-T1	KAI9724241.1
OG0001583	coassemb76_002648-T1, coassemb76_002060-T1	KAI9670281.1
OG0001583	coassemb76_002648-T1, coassemb76_002060-T1	jgi|Altal1|271061|CE271060_66569
OG0001583	coassemb76_002648-T1, coassemb76_002060-T1	jgi|Aurpu_var_mel1|40575|e_gw1.3.646.1
OG0001618	coassemb76_002832-T1	jgi|Acastr1|119091|AST1_006272-RA
OG0001629	coassemb76_008322-T1	coassemb378_011141-T1
OG0001629	coassemb76_008322-T1	coassemb376_006443-T1
OG0001635	coassemb76_009868-T1	KAI9754276.1
OG0001635	coassemb76_009868-T1	KAI9822746.1
OG0001635	coassemb76_009868-T1	KAI9835558.1
OG0001635	coassemb76_009868-T1	KAI9709190.1
OG0001635	coassemb76_009868-T1	GTX0486b100_006738-T1, GTX0486b100_005122-T1
OG0001635	coassemb76_009868-T1	KAI9701552.1
OG0001635	coassemb76_009868-T1	jgi|Acastr1|119506|AST1_004509-RA
OG0001635	coassemb76_009868-T1	jgi|Dibbae1|6400|DIBA_009843-RA
OG0001635	coassemb76_009868-T1	coassemb378_000645-T1
OG0001635	coassemb76_009868-T1	jgi|Grascr1|1537|GST1_006145-RA
OG0001635	coassemb76_009868-T1	jgi|Umbpus1|104640|LPUS_11449T0
OG0001635	coassemb76_009868-T1	coassemb376_002231-T1
OG0001635	coassemb76_009868-T1	jgi|Clagr3|3065|CLAGR_002727-RA
OG0001635	coassemb76_009868-T1	CAF9941249.1
OG0001635	coassemb76_009868-T1	KAI4107711.1
OG0001635	coassemb76_009868-T1	KAI4289371.1
OG0001635	coassemb76_009868-T1	KAI4236519.1
OG0001635	coassemb76_009868-T1	FUN_008228_T1_FUN_008228
OG0001635	coassemb76_009868-T1	GTX0494b19_002269-T1
OG0001635	coassemb76_009868-T1	KAI4099270.1
OG0001635	coassemb76_009868-T1	KAI4228991.1
OG0001640	coassemb76_008375-T1	KAI4086500.1
OG0001668	coassemb76_009897-T1	KAI9721414.1
OG0001668	coassemb76_009897-T1	jgi|Cocpo1_1|217|XM_003065168.1
OG0001668	coassemb76_009897-T1	jgi|Fonmu1|4137|Z520_01122T0
OG0001668	coassemb76_009897-T1	jgi|EndpusZ1|4148|EPUS_04793T0
OG0001668	coassemb76_009897-T1	jgi|Claba1|132026|Z519_10344T0
OG0001668	coassemb76_009897-T1	jgi|Grascr1|4598|GST1_009714-RA
OG0001668	coassemb76_009897-T1	jgi|Fusgr1|11099|FGSG_09577T0
OG0001668	coassemb76_009897-T1	jgi|Dibbae1|8338|DIBA_002313-RA
OG0001668	coassemb76_009897-T1	coassemb376_003644-T1
OG0001668	coassemb76_009897-T1	KAI9838873.1
OG0001668	coassemb76_009897-T1	jgi|Acastr1|120269|AST1_000076-RA
OG0001668	coassemb76_009897-T1	coassemb378_001375-T1
OG0001668	coassemb76_009897-T1	KAI4269647.1
OG0001668	coassemb76_009897-T1	GTX0494b19_003324-T1
OG0001668	coassemb76_009897-T1	FUN_001071_T1_FUN_001071
OG0001668	coassemb76_009897-T1	KAI4223871.1
OG0001668	coassemb76_009897-T1	KAI4208335.1
OG0001668	coassemb76_009897-T1	KAI4102589.1
OG0001669	coassemb76_004970-T1	jgi|Fusgr1|12287|FGSG_10624T0
OG0001702	coassemb76_009608-T1	GTX0486b100_005054-T1
OG0001702	coassemb76_009608-T1	KAI9839547.1
OG0001704	coassemb76_009440-T1	KAI9815158.1
OG0001704	coassemb76_009440-T1	KAI9707183.1
OG0001704	coassemb76_009440-T1	KAI9723641.1
OG0001704	coassemb76_009440-T1	GTX0486b100_002941-T1
OG0001704	coassemb76_009440-T1	jgi|Dibbae1|10938|DIBA_003507-RA
OG0001704	coassemb76_009440-T1	jgi|Acastr1|121156|AST1_003259-RA
OG0001704	coassemb76_009440-T1	coassemb376_002423-T1
OG0001704	coassemb76_009440-T1	jgi|Clagr3|8268|CLAGR_007341-RA
OG0001704	coassemb76_009440-T1	KAI4109933.1
OG0001704	coassemb76_009440-T1	KAI4290606.1
OG0001704	coassemb76_009440-T1	KAI4105492.1
OG0001704	coassemb76_009440-T1	GTX0494b19_001510-T1
OG0001704	coassemb76_009440-T1	KAI4236881.1
OG0001704	coassemb76_009440-T1	FUN_003544_T1_FUN_003544
OG0001704	coassemb76_009440-T1	KAI4221510.1
OG0001704	coassemb76_002054-T1	KAI9715680.1
OG0001711	coassemb76_010120-T1, coassemb76_007893-T1	jgi|Acastr1|126718|AST1_007993-RA
OG0001711	coassemb76_010120-T1, coassemb76_007893-T1	GTX0486b100_005000-T1
OG0001711	coassemb76_010120-T1, coassemb76_007893-T1	KAI9721211.1
OG0001711	coassemb76_010120-T1, coassemb76_007893-T1	KAI9701149.1
OG0001711	coassemb76_010120-T1, coassemb76_007893-T1	KAI9838061.1
OG0001711	coassemb76_010120-T1, coassemb76_007893-T1	KAI9747909.1
OG0001711	coassemb76_010120-T1, coassemb76_007893-T1	KAI9811688.1
OG0001711	coassemb76_010120-T1, coassemb76_007893-T1	jgi|Umbpus1|105436|LPUS_12371T0
OG0001711	coassemb76_010120-T1, coassemb76_007893-T1	CAF9942189.1
OG0001711	coassemb76_010120-T1, coassemb76_007893-T1	jgi|Clagr3|1796|CLAGR_001592-RA
OG0001711	coassemb76_010120-T1, coassemb76_007893-T1	jgi|Dibbae1|592|DIBA_005830-RA
OG0001711	coassemb76_010120-T1, coassemb76_007893-T1	jgi|Grascr1|1071|GST1_001128-RA
OG0001711	coassemb76_010120-T1	coassemb378_010395-T1
OG0001711	coassemb76_010120-T1	KAI4264267.1
OG0001711	coassemb76_010120-T1	coassemb376_006951-T1
OG0001711	coassemb76_007893-T1	KAI4234021.1
OG0001711	coassemb76_007893-T1	GTX0494b19_008643-T1
OG0001711	coassemb76_007893-T1	FUN_000394_T1_FUN_000394
OG0001711	coassemb76_007893-T1	KAI4112100.1
OG0001711	coassemb76_007893-T1	KAI4221722.1
OG0001711	coassemb76_007893-T1	KAI4107921.1
OG0001711	coassemb76_007893-T1	KAI4270492.1
OG0001744	coassemb76_002900-T1	jgi|Umbpus1|99583|LPUS_06157T0
OG0001748	coassemb76_004743-T1	jgi|Monha1|5511|H072_5647m.01
OG0001752	coassemb76_003337-T1	jgi|Grascr1|3314|GST1_008158-RA
OG0001752	coassemb76_003337-T1	coassemb64_007656-T1
OG0001764	coassemb76_002844-T1	jgi|Podan3|209159|mRNA_7987, jgi|Podan3|210190|mRNA_9018
OG0001782	coassemb76_006402-T1	FUN_008736_T1_FUN_008736
OG0001783	coassemb76_009464-T1	coassemb376_000295-T1
OG0001783	coassemb76_009464-T1	jgi|Grascr1|1951|GST1_007620-RA
OG0001796	coassemb76_007882-T1	jgi|PseVKM4520_1|2442|transcript_KFZ16962
OG0001800	coassemb76_009563-T1	coassemb378_002344-T1
OG0001800	coassemb76_009563-T1	jgi|Grascr1|11900|GST1_005280-RA
OG0001800	coassemb76_009563-T1	jgi|Sclsc1|9467|SS1G_02882T0
OG0001800	coassemb76_009563-T1	jgi|Erypu1|340|transcript_POS84268
OG0001800	coassemb76_009563-T1	jgi|Neucr_trp3_1|5317|Neucr2.NCU04874T0, jgi|Neucr_trp3_1|5454|Neucr2.NCU07953T0
OG0001800	coassemb76_009563-T1	jgi|Podan3|205550|mRNA_4378
OG0001800	coassemb76_009563-T1	jgi|Fusgr1|1560|FGSG_01342T0
OG0001800	coassemb76_009563-T1	jgi|Claba1|131384|Z519_09698T0
OG0001800	coassemb76_009563-T1	jgi|Claba1|131384|Z519_09698T0
OG0001800	coassemb76_009563-T1	KAI9701880.1
OG0001800	coassemb76_009563-T1	KAI9720566.1
OG0001800	coassemb76_009563-T1	GTX0486b100_004885-T1
OG0001800	coassemb76_009563-T1	KAI9758024.1
OG0001800	coassemb76_009563-T1	jgi|Umbpus1|103947|LPUS_10623T0
OG0001800	coassemb76_009563-T1	KAI9834954.1
OG0001800	coassemb76_009563-T1	KAI9823584.1
OG0001800	coassemb76_009563-T1	jgi|Dibbae1|7958|DIBA_000421-RA
OG0001800	coassemb76_009563-T1	jgi|Acastr1|124096|AST1_005711-RA
OG0001800	coassemb76_009563-T1	FUN_004748_T1_FUN_004748
OG0001800	coassemb76_009563-T1	KAI4110915.1
OG0001800	coassemb76_009563-T1	KAI4227268.1
OG0001800	coassemb76_009563-T1	GTX0494b19_001121-T1
OG0001800	coassemb76_009563-T1	KAI4237471.1
OG0001800	coassemb76_009563-T1	KAI4286635.1
OG0001800	coassemb76_009563-T1	KAI4102532.1
OG0001800	coassemb76_009563-T1	coassemb376_003692-T1
OG0001800	coassemb76_009563-T1	CAF9902929.1
OG0001800	coassemb76_009563-T1	jgi|Clagr3|7093|CLAGR_006367-RA
OG0001800	coassemb76_009563-T1	jgi|Phach1|6822|rna6821
OG0001814	coassemb76_008228-T1	jgi|Acastr1|118863|AST1_008330-RA
OG0001814	coassemb76_008228-T1	coassemb376_000004-T1
OG0001814	coassemb76_008228-T1	jgi|Clagr3|7523|CLAGR_007924-RA
OG0001814	coassemb76_008228-T1	KAI4229596.1
OG0001814	coassemb76_008228-T1	KAI4110962.1
OG0001814	coassemb76_008228-T1	GTX0494b19_001075-T1
OG0001814	coassemb76_008228-T1	FUN_004803_T1_FUN_004803
OG0001814	coassemb76_008228-T1	KAI4217376.1
OG0001814	coassemb76_008228-T1	KAI4104032.1
OG0001814	coassemb76_008228-T1	CAF9926040.1
OG0001830	coassemb76_007596-T1	KAI9818712.1
OG0001830	coassemb76_007596-T1	jgi|Sclsc1|9372|SS1G_02787T0
OG0001830	coassemb76_007596-T1	jgi|PseVKM4520_1|2810|transcript_KFZ24986
OG0001830	coassemb76_007596-T1	jgi|Grascr1|11554|GST1_001776-RA, jgi|Grascr1|1202|GST1_006172-RA
OG0001830	coassemb76_007596-T1	jgi|Podan3|201600|mRNA_428
OG0001830	coassemb76_007596-T1	jgi|Neucr_trp3_1|2501|Neucr2.NCU02788T0
OG0001830	coassemb76_007596-T1	jgi|Fusgr1|1748|FGSG_01511T0
OG0001830	coassemb76_007596-T1	jgi|Erypu1|3113|transcript_POS86708
OG0001830	coassemb76_007596-T1	KAI9831147.1
OG0001830	coassemb76_007596-T1	jgi|Acastr1|127404|AST1_002507-RA
OG0001830	coassemb76_007596-T1	KAI9715453.1
OG0001830	coassemb76_007596-T1	GTX0486b100_005105-T1
OG0001830	coassemb76_007596-T1	KAI9706495.1
OG0001830	coassemb76_007596-T1	KAI9748338.1
OG0001830	coassemb76_007596-T1	KAI4234546.1
OG0001830	coassemb76_007596-T1	KAI4226024.1
OG0001830	coassemb76_007596-T1	FUN_002808_T1_FUN_002808
OG0001830	coassemb76_007596-T1	KAI4105031.1
OG0001830	coassemb76_007596-T1	GTX0494b19_000919-T1
OG0001830	coassemb76_007596-T1	KAI4110162.1
OG0001830	coassemb76_007596-T1	KAI4290252.1
OG0001830	coassemb76_007596-T1	coassemb376_003945-T1
OG0001830	coassemb76_007596-T1	CAF9910372.1
OG0001830	coassemb76_007596-T1	jgi|Clagr3|5283|CLAGR_005262-RA
OG0001830	coassemb76_007596-T1	jgi|Umbpus1|99718|LPUS_02363T0
OG0001830	coassemb76_007596-T1	jgi|Dibbae1|1596|DIBA_000760-RA
OG0001830	coassemb76_007596-T1	jgi|Aspni_DSM_1|159060|An04g03710m.01
OG0001830	coassemb76_007596-T1	jgi|Penexp1|7230|PEXP_004230T0
OG0001830	coassemb76_007596-T1	jgi|Cocpo1_1|96|XM_003065047.1
OG0001841	coassemb76_008386-T1	jgi|Acastr1|123786|AST1_006423-RA
OG0001845	coassemb76_008813-T1	jgi|Claba1|131841|Z519_10158T0
OG0001845	coassemb76_008813-T1	jgi|Neucr_trp3_1|3473|Neucr2.NCU01514T0
OG0001845	coassemb76_008813-T1	jgi|Podan3|206365|mRNA_5193
OG0001845	coassemb76_008813-T1	jgi|Fusgr1|1682|FGSG_01448T0
OG0001845	coassemb76_008813-T1	jgi|Claba1|131841|Z519_10158T0
OG0001845	coassemb76_008813-T1	KAI9720500.1
OG0001845	coassemb76_008813-T1	KAI9658156.1
OG0001845	coassemb76_008813-T1	jgi|Altal1|1005078|fgenesh1_pg.2_#_500
OG0001845	coassemb76_008813-T1	KAI9823842.1
OG0001845	coassemb76_008813-T1	jgi|Sclsc1|12326|SS1G_05355T0
OG0001845	coassemb76_008813-T1	jgi|PseVKM4520_1|4759|transcript_KFZ12804
OG0001845	coassemb76_008813-T1	jgi|Grascr1|2672|GST1_008624-RA
OG0001845	coassemb76_008813-T1	coassemb378_000435-T1
OG0001845	coassemb76_008813-T1	KAI9758333.1
OG0001845	coassemb76_008813-T1	KAI9819438.1
OG0001845	coassemb76_008813-T1	KAI9718275.1
OG0001845	coassemb76_008813-T1	jgi|Acastr1|125613|AST1_005132-RA
OG0001845	coassemb76_008813-T1	jgi|Dibbae1|12429|DIBA_005078-RA
OG0001845	coassemb76_008813-T1	KAI4237747.1
OG0001845	coassemb76_008813-T1	KAI4229486.1
OG0001845	coassemb76_008813-T1	KAI4104306.1
OG0001845	coassemb76_008813-T1	FUN_006175_T2_FUN_006175, FUN_006175_T1_FUN_006175
OG0001845	coassemb76_008813-T1	GTX0494b19_002758-T1
OG0001845	coassemb76_008813-T1	KAI4286909.1
OG0001845	coassemb76_008813-T1	jgi|Umbpus1|107041|LPUS_05267T0
OG0001845	coassemb76_008813-T1	CAF9942780.1
OG0001845	coassemb76_008813-T1	jgi|Clagr3|7406|CLAGR_007003-RA
OG0001845	coassemb76_008813-T1	GTX0486b100_007861-T1
OG0001845	coassemb76_008813-T1	KAI9697190.1
OG0001845	coassemb76_008813-T1	jgi|Erypu1|3774|transcript_POS86393
OG0001845	coassemb76_008813-T1	jgi|Cocpo1_1|6261|XM_003071214.1
OG0001845	coassemb76_008813-T1	jgi|Penexp1|9083|PEXP_063860T0
OG0001845	coassemb76_008813-T1	jgi|Aspni_DSM_1|156701|An02g01730m.01
OG0001845	coassemb76_008813-T1	jgi|Phach1|1686|rna1685
OG0001845	coassemb76_008813-T1	KAI4105116.1
OG0001845	coassemb76_008813-T1	jgi|Aurpu_var_mel1|86210|gm1.6606_g
OG0001846	coassemb76_009430-T1	jgi|Grascr1|12417|GST1_006525-RA
OG0001846	coassemb76_009430-T1	coassemb378_003889-T1
OG0001846	coassemb76_009430-T1	KAI4231574.1
OG0001846	coassemb76_009430-T1	KAI4101248.1
OG0001846	coassemb76_009430-T1	KAI4227686.1
OG0001846	coassemb76_009430-T1	GTX0494b19_000743-T1
OG0001846	coassemb76_009430-T1	FUN_002294_T3_FUN_002294, FUN_002294_T1_FUN_002294, FUN_002294_T2_FUN_002294
OG0001846	coassemb76_009430-T1	KAI4101151.1
OG0001846	coassemb76_009430-T1	KAI4287252.1
OG0001846	coassemb76_009430-T1	coassemb376_005934-T1
OG0001846	coassemb76_009430-T1	jgi|Clagr3|6227|CLAGR_005584-RA
OG0001846	coassemb76_009430-T1	CAF9903672.1
OG0001846	coassemb76_009430-T1	jgi|Umbpus1|103800|LPUS_10471T0
OG0001846	coassemb76_009430-T1	jgi|Dibbae1|9406|DIBA_000855-RA
OG0001846	coassemb76_009430-T1	KAI9672663.1
OG0001846	coassemb76_009430-T1	KAI9715319.1
OG0001860	coassemb76_008920-T1	jgi|Aurpu_var_mel1|70521|fgenesh1_pg.47_#_5
OG0001860	coassemb76_008920-T1	coassemb378_011336-T1
OG0001873	coassemb76_009463-T1, coassemb76_005763-T1	jgi|PseVKM4520_1|4677|transcript_KFZ12996
OG0001889	coassemb76_001389-T1	KAI9651668.1
OG0001890	coassemb76_001179-T1	jgi|Penexp1|1359|PEXP_026030T0
OG0001892	coassemb76_000956-T1	KAI9720200.1
OG0001900	coassemb76_002780-T1, coassemb76_003766-T1	jgi|Podan3|209699|mRNA_8527, jgi|Podan3|207569|mRNA_6397
OG0001900	coassemb76_002780-T1, coassemb76_003766-T1	CAF9927524.1
OG0001908	coassemb76_010048-T1	coassemb378_011231-T1
OG0001909	coassemb76_006671-T1	jgi|Capcor1|96345|A1O1_03492T0
OG0001909	coassemb76_006671-T1	jgi|Fonmu1|10334|Z520_03732T0
OG0001909	coassemb76_006671-T1	jgi|Claba1|137668|Z519_04195T0
OG0001909	coassemb76_006671-T1	jgi|Exoaq1|7182|A1O9_03712T0
OG0001909	coassemb76_006671-T1	coassemb64_005063-T1
OG0001923	coassemb76_009980-T1	jgi|Grascr1|235|GST1_000509-RA
OG0001929	coassemb76_003512-T1	jgi|Grascr1|10011|GST1_004182-RA
OG0001932	coassemb76_003421-T1	jgi|Neucr_trp3_1|5863|Neucr2.NCU06385T0
OG0001935	coassemb76_005493-T1	jgi|Morco1|203785|CE203784_1176
OG0001942	coassemb76_007634-T1	KAI9718680.1
OG0001942	coassemb76_007634-T1	KAI9655469.1
OG0001942	coassemb76_007634-T1	jgi|Altal1|536615|CE536614_7044
OG0001942	coassemb76_007634-T1	jgi|Aurpu_var_mel1|44313|e_gw1.5.255.1
OG0001950	coassemb76_007427-T1, coassemb76_008264-T1	jgi|Erypu1|5784|transcript_POS81829
OG0001955	coassemb76_001590-T1	KAI9837859.1
OG0001985	coassemb76_007077-T1	jgi|Acastr1|124185|AST1_007313-RA
OG0001991	coassemb76_001942-T1	KAI4091663.1
OG0001998	coassemb76_000610-T1	coassemb64_008335-T1
OG0002004	coassemb76_000425-T1	jgi|Podan3|207237|mRNA_6065
OG0002004	coassemb76_000425-T1	jgi|Neucr_trp3_1|9127|Neucr2.NCU03908T0
OG0002004	coassemb76_000425-T1	KAI9826612.1
OG0002004	coassemb76_000425-T1	jgi|Sclsc1|3032|SS1G_09488T0
OG0002004	coassemb76_000425-T1	KAI9712465.1
OG0002004	coassemb76_000425-T1	KAI9702838.1
OG0002004	coassemb76_000425-T1	GTX0486b100_004864-T1
OG0002004	coassemb76_000425-T1	KAI9835951.1
OG0002004	coassemb76_000425-T1	KAI9726729.1
OG0002004	coassemb76_000425-T1	KAI9657834.1
OG0002004	coassemb76_000425-T1	jgi|Clagr3|1058|CLAGR_001045-RA
OG0002004	coassemb76_000425-T1	KAI4235962.1
OG0002004	coassemb76_000425-T1	KAI4225154.1
OG0002004	coassemb76_000425-T1	FUN_004724_T1_FUN_004724
OG0002004	coassemb76_000425-T1	KAI4101898.1
OG0002004	coassemb76_000425-T1	KAI4287653.1
OG0002004	coassemb76_000425-T1	CAF9907625.1
OG0002004	coassemb76_000425-T1	jgi|Dibbae1|7906|DIBA_000369-RA
OG0002004	coassemb76_000425-T1	coassemb376_006441-T1
OG0002004	coassemb76_000425-T1	coassemb378_006746-T1
OG0002004	coassemb76_000425-T1	jgi|Grascr1|4852|GST1_008866-RA
OG0002004	coassemb76_000425-T1	jgi|Altal1|950450|e_gw1.39.46.1
OG0002004	coassemb76_000425-T1	jgi|Aurpu_var_mel1|86944|gm1.7340_g
OG0002008	coassemb76_006865-T1	coassemb376_004075-T1
OG0002015	coassemb76_009535-T1	coassemb378_003548-T1
OG0002015	coassemb76_009535-T1	KAI9724697.1
OG0002015	coassemb76_009535-T1	KAI9652319.1
OG0002015	coassemb76_009535-T1	jgi|Acastr1|122670|AST1_005404-RA
OG0002021	coassemb76_005462-T1	jgi|Umbpus1|102516|LPUS_09074T0
OG0002022	coassemb76_006577-T1	CAF9938633.1
OG0002029	coassemb76_009689-T1	jgi|Dibbae1|12700|DIBA_005378-RA
OG0002029	coassemb76_009689-T1	coassemb378_001249-T1
OG0002029	coassemb76_009689-T1	jgi|Grascr1|12696|GST1_006426-RA
OG0002029	coassemb76_009689-T1	jgi|Clagr3|5439|CLAGR_006234-RA
OG0002029	coassemb76_009689-T1	KAI4287954.1
OG0002029	coassemb76_009689-T1	KAI4103152.1
OG0002029	coassemb76_009689-T1	KAI4234601.1
OG0002029	coassemb76_009689-T1	KAI4104699.1
OG0002029	coassemb76_009689-T1	KAI4224613.1
OG0002029	coassemb76_009689-T1	FUN_008563_T1_FUN_008563
OG0002029	coassemb76_009689-T1	GTX0494b19_001366-T1
OG0002035	coassemb76_000785-T1, coassemb76_001697-T1	coassemb376_006802-T1
OG0002048	coassemb76_000185-T1	CAF9927521.1
OG0002082	coassemb76_003837-T1	jgi|Neucr_trp3_1|8808|Neucr2.NCU04822T0
OG0002084	coassemb76_006874-T1, coassemb76_005195-T1	KAI4087851.1
OG0002105	coassemb76_008123-T1	KAI4108199.1
OG0002119	coassemb76_002861-T1	coassemb378_007820-T1
OG0002138	coassemb76_004178-T1	jgi|Grascr1|1555|GST1_006163-RA
OG0002154	coassemb76_006935-T1, coassemb76_008216-T1	jgi|Sclsc1|8089|SS1G_13512T0
OG0002154	coassemb76_008216-T1	GTX0494b19_005861-T1
OG0002154	coassemb76_008216-T1	FUN_004576_T1_FUN_004576
OG0002154	coassemb76_008216-T1	KAI4109836.1
OG0002154	coassemb76_008216-T1	KAI4220900.1
OG0002154	coassemb76_008216-T1	KAI4228510.1
OG0002154	coassemb76_008216-T1	KAI4099089.1
OG0002154	coassemb76_008216-T1	KAI4289291.1
OG0002154	coassemb76_008216-T1	CAF9909673.1
OG0002154	coassemb76_008216-T1	jgi|Clagr3|1079|CLAGR_001066-RA
OG0002154	coassemb76_008216-T1	coassemb376_004889-T1
OG0002154	coassemb76_008216-T1	coassemb378_010809-T1
OG0002154	coassemb76_008216-T1	jgi|Acastr1|127621|AST1_004245-RA
OG0002154	coassemb76_008216-T1	jgi|Umbpus1|101356|LPUS_02733T0
OG0002154	coassemb76_008216-T1	jgi|Dibbae1|7983|DIBA_000446-RA
OG0002154	coassemb76_008216-T1	jgi|Grascr1|7024|GST1_002862-RA
OG0002154	coassemb76_008216-T1	coassemb378_005423-T1
OG0002154	coassemb76_008216-T1	coassemb378_005423-T1
OG0002154	coassemb76_008216-T1	jgi|Fusgr1|9632|FGSG_08608T0
OG0002156	coassemb76_008026-T1	KAI9712472.1
OG0002184	coassemb76_009965-T1	jgi|Altal1|1025755|fgenesh1_kg.31_#_96_#_Locus5845v1rpkm17.60
OG0002184	coassemb76_009965-T1	jgi|Penexp1|10804|PEXP_091430T0
OG0002184	coassemb76_009965-T1	jgi|Aspni_DSM_1|159000|An04g03110m.01
OG0002184	coassemb76_009965-T1	jgi|Cocpo1_1|5629|XM_003070582.1
OG0002184	coassemb76_009965-T1	KAI9725943.1
OG0002184	coassemb76_009965-T1	KAI9659703.1
OG0002184	coassemb76_009965-T1	jgi|Aurpu_var_mel1|87891|gm1.8287_g
OG0002184	coassemb76_009965-T1	KAI9752941.1
OG0002184	coassemb76_009965-T1	KAI9713738.1
OG0002184	coassemb76_009965-T1	KAI9702367.1
OG0002184	coassemb76_009965-T1	GTX0486b100_001831-T1
OG0002184	coassemb76_009965-T1	KAI9833885.1
OG0002184	coassemb76_009965-T1	jgi|Umbpus1|106645|LPUS_04840T0
OG0002184	coassemb76_009965-T1	jgi|Acastr1|127386|AST1_002489-RA
OG0002184	coassemb76_009965-T1	KAI9825901.1
OG0002184	coassemb76_009965-T1	jgi|Grascr1|1005|GST1_007130-RA
OG0002184	coassemb76_009965-T1	coassemb376_004005-T1
OG0002184	coassemb76_009965-T1	jgi|Clagr3|8976|CLAGR_008699-RA
OG0002184	coassemb76_009965-T1	CAF9907841.1
OG0002184	coassemb76_009965-T1	jgi|Dibbae1|7003|DIBA_008392-RA
OG0002184	coassemb76_009965-T1	coassemb378_008945-T1
OG0002184	coassemb76_009965-T1	KAI4256010.1
OG0002184	coassemb76_009965-T1	KAI4110110.1
OG0002184	coassemb76_009965-T1	FUN_002704_T1_FUN_002704
OG0002184	coassemb76_009965-T1	GTX0494b19_005722-T1
OG0002184	coassemb76_009965-T1	KAI4111655.1
OG0002184	coassemb76_009965-T1	KAI4226917.1
OG0002184	coassemb76_009965-T1	KAI4218063.1
OG0002214	coassemb76_001539-T1	coassemb378_011679-T1
OG0002221	coassemb76_007828-T1	jgi|Aurpu_var_mel1|54398|e_gw1.20.209.1
OG0002226	coassemb76_008406-T1	jgi|Fusgr1|1996|FGSG_01733T0
OG0002226	coassemb76_008406-T1	coassemb64_005395-T1
OG0002238	coassemb76_009481-T1	jgi|Acastr1|123805|AST1_002833-RA
OG0002241	coassemb76_009947-T1	jgi|Aurpu_var_mel1|53740|e_gw1.18.514.1
OG0002241	coassemb76_009947-T1	KAI9709637.1
OG0002241	coassemb76_009947-T1	KAI9669962.1
OG0002241	coassemb76_009947-T1	jgi|Altal1|942049|e_gw1.18.494.1
OG0002279	coassemb76_008671-T1	coassemb378_006065-T1
OG0002279	coassemb76_008671-T1	KAI9715989.1
OG0002283	coassemb76_005723-T1	jgi|Sclsc1|13646|SS1G_06675T0
OG0002342	coassemb76_009114-T1	KAI9827624.1
OG0002342	coassemb76_009114-T1	KAI9723723.1
OG0002342	coassemb76_009114-T1	KAI9707133.1
OG0002342	coassemb76_009114-T1	GTX0486b100_001749-T1
OG0002342	coassemb76_009114-T1	KAI9822128.1
OG0002342	coassemb76_009114-T1	KAI9752022.1
OG0002342	coassemb76_009114-T1	KAI4105554.1
OG0002342	coassemb76_009114-T1	KAI4227972.1
OG0002342	coassemb76_009114-T1	FUN_003616_T1_FUN_003616
OG0002342	coassemb76_009114-T1	GTX0494b19_004579-T1
OG0002342	coassemb76_009114-T1	KAI4290217.1
OG0002342	coassemb76_009114-T1	KAI4109248.1
OG0002342	coassemb76_009114-T1	jgi|Clagr3|8259|CLAGR_007332-RA
OG0002342	coassemb76_009114-T1	CAF9943373.1
OG0002342	coassemb76_009114-T1	jgi|Dibbae1|541|DIBA_000930-RA
OG0002342	coassemb76_009114-T1	jgi|Umbpus1|100263|LPUS_06845T0
OG0002342	coassemb76_009114-T1	coassemb378_002357-T1
OG0002342	coassemb76_009114-T1	jgi|Grascr1|7007|GST1_002845-RA
OG0002342	coassemb76_009114-T1	KAI4233610.1
OG0002342	coassemb76_009114-T1	jgi|PseVKM4520_1|10722|transcript_KFZ23680
OG0002342	coassemb76_009114-T1	jgi|Acastr1|127471|AST1_000287-RA
OG0002345	coassemb76_000208-T1	coassemb378_002074-T1
OG0002349	coassemb76_004587-T1	jgi|Acastr1|122567|AST1_006589-RA
OG0002349	coassemb76_004587-T1	jgi|Grascr1|958|GST1_006961-RA
OG0002355	coassemb76_003554-T1	KAI4209376.1
OG0002373	coassemb76_008746-T1	FUN_005923_T1_FUN_005923
OG0002459	coassemb76_010128-T1	jgi|Grascr1|1927|GST1_006382-RA
OG0002473	coassemb76_009557-T1	coassemb376_007249-T1
OG0002473	coassemb76_009557-T1	jgi|Acastr1|121023|AST1_001923-RA
OG0002473	coassemb76_009557-T1	KAI9824428.1
OG0002473	coassemb76_009557-T1	jgi|Umbpus1|103164|LPUS_09710T0
OG0002473	coassemb76_009557-T1	KAI9696210.1
OG0002473	coassemb76_009557-T1	KAI9718534.1
OG0002473	coassemb76_009557-T1	GTX0486b100_007827-T1
OG0002473	coassemb76_009557-T1	jgi|Clagr3|8664|CLAGR_008219-RA
OG0002473	coassemb76_009557-T1	CAF9941183.1
OG0002473	coassemb76_009557-T1	KAI4283317.1
OG0002473	coassemb76_009557-T1	KAI4093707.1
OG0002473	coassemb76_009557-T1	KAI4221101.1
OG0002473	coassemb76_009557-T1	KAI4086292.1
OG0002473	coassemb76_009557-T1	FUN_001738_T1_FUN_001738
OG0002473	coassemb76_009557-T1	GTX0494b19_001212-T1
OG0002473	coassemb76_009557-T1	KAI4238178.1
OG0002473	coassemb76_009557-T1	KAI9830917.1
OG0002473	coassemb76_009557-T1	jgi|Dibbae1|1438|DIBA_005260-RA
OG0002473	coassemb76_009557-T1	jgi|Altal1|1021450|fgenesh1_kg.13_#_117_#_Locus1626v1rpkm95.51
OG0002473	coassemb76_009557-T1	jgi|Aurpu_var_mel1|47516|e_gw1.9.196.1
OG0002473	coassemb76_009557-T1	jgi|Sclsc1|1148|SS1G_07604T0
OG0002553	coassemb76_002201-T1	coassemb376_006157-T1
OG0002575	coassemb76_002193-T1	GTX0486b100_008436-T1
OG0002575	coassemb76_002193-T1	GTX0494b19_000543-T1
OG0002624	coassemb76_009612-T1	jgi|Sclsc1|5782|SS1G_01283T0
OG0002624	coassemb76_009612-T1	jgi|Erypu1|3367|transcript_POS86594
OG0002624	coassemb76_009612-T1	jgi|Neucr_trp3_1|1339192|MIX114_1760_98
OG0002624	coassemb76_009612-T1	jgi|Podan3|202106|mRNA_934
OG0002624	coassemb76_009612-T1	jgi|Fusgr1|608|FGSG_00506T0
OG0002624	coassemb76_009612-T1	jgi|PseVKM4520_1|9942|transcript_KFZ24362
OG0002624	coassemb76_009612-T1	jgi|Altal1|1023822|fgenesh1_kg.21_#_40_#_Locus5685v1rpkm18.72
OG0002624	coassemb76_009612-T1	KAI9838705.1
OG0002624	coassemb76_009612-T1	coassemb376_000269-T1
OG0002624	coassemb76_009612-T1	CAF9934643.1
OG0002624	coassemb76_009612-T1	jgi|Clagr3|7569|CLAGR_007970-RA
OG0002624	coassemb76_009612-T1	KAI4290058.1
OG0002624	coassemb76_009612-T1	KAI4091588.1
OG0002624	coassemb76_009612-T1	KAI4208435.1
OG0002624	coassemb76_009612-T1	GTX0494b19_006428-T1
OG0002624	coassemb76_009612-T1	FUN_004850_T1_FUN_004850
OG0002624	coassemb76_009612-T1	KAI4223896.1
OG0002624	coassemb76_009612-T1	KAI4111001.1
OG0002624	coassemb76_009612-T1	jgi|Umbpus1|106239|LPUS_04343T0
OG0002624	coassemb76_009612-T1	KAI9720657.1
OG0002624	coassemb76_009612-T1	KAI9701784.1
OG0002624	coassemb76_009612-T1	KAI9756523.1
OG0002624	coassemb76_009612-T1	jgi|Acastr1|123182|AST1_003819-RA
OG0002624	coassemb76_009612-T1	jgi|Dibbae1|5698|DIBA_009643-RA
OG0002624	coassemb76_009612-T1	coassemb378_003609-T1
OG0002624	coassemb76_009612-T1	jgi|Aurpu_var_mel1|52393|e_gw1.16.107.1
OG0002624	coassemb76_009612-T1	KAI9727291.1
OG0002624	coassemb76_009612-T1	KAI9652848.1
OG0002650	coassemb76_006781-T1	KAI9828025.1
OG0002650	coassemb76_006781-T1	KAI9751438.1
OG0002650	coassemb76_006781-T1	jgi|Acastr1|124562|AST1_007398-RA
OG0002650	coassemb76_006781-T1	KAI9833142.1
OG0002650	coassemb76_006781-T1	KAI9700821.1
OG0002650	coassemb76_006781-T1	GTX0486b100_001939-T1
OG0002650	coassemb76_006781-T1	KAI9715179.1
OG0002650	coassemb76_006781-T1	coassemb378_004470-T1
OG0002650	coassemb76_006781-T1	jgi|Grascr1|3207|GST1_002137-RA
OG0002650	coassemb76_006781-T1	jgi|Dibbae1|10982|DIBA_011998-RA
OG0002650	coassemb76_006781-T1	KAI4108438.1
OG0002650	coassemb76_006781-T1	KAI4288834.1
OG0002650	coassemb76_006781-T1	FUN_007074_T1_FUN_007074
OG0002650	coassemb76_006781-T1	GTX0494b19_004826-T1
OG0002650	coassemb76_006781-T1	KAI4237505.1
OG0002650	coassemb76_006781-T1	KAI4226502.1
OG0002650	coassemb76_006781-T1	KAI4098354.1
OG0002650	coassemb76_006781-T1	CAF9915817.1
OG0002650	coassemb76_006781-T1	jgi|Clagr3|2822|CLAGR_002790-RA
OG0002650	coassemb76_006781-T1	coassemb376_005689-T1
OG0002650	coassemb76_006781-T1	jgi|Umbpus1|101273|LPUS_08012T0
OG0002676	coassemb76_005480-T1	KAI9831149.1
OG0002676	coassemb76_005480-T1	coassemb376_003947-T1
OG0002676	coassemb76_007595-T1	KAI9748337.1
OG0002676	coassemb76_007595-T1	KAI9818713.1
OG0002676	coassemb76_007595-T1	KAI9831148.1
OG0002676	coassemb76_007595-T1	GTX0486b100_005106-T1
OG0002676	coassemb76_007595-T1	KAI9702349.1
OG0002676	coassemb76_007595-T1	KAI9715454.1
OG0002676	coassemb76_007595-T1	coassemb378_001634-T1
OG0002676	coassemb76_007595-T1	jgi|Grascr1|9057|GST1_012659-RA
OG0002676	coassemb76_007595-T1	jgi|Dibbae1|1595|DIBA_000759-RA
OG0002676	coassemb76_007595-T1	KAI4290253.1
OG0002676	coassemb76_007595-T1	KAI4234547.1
OG0002676	coassemb76_007595-T1	KAI4105030.1
OG0002676	coassemb76_007595-T1	KAI4226025.1
OG0002676	coassemb76_007595-T1	GTX0494b19_000920-T1
OG0002676	coassemb76_007595-T1	FUN_002807_T1_FUN_002807
OG0002676	coassemb76_007595-T1	KAI4110160.1
OG0002676	coassemb76_007595-T1	CAF9910375.1
OG0002676	coassemb76_007595-T1	jgi|Clagr3|5282|CLAGR_005261-RA
OG0002676	coassemb76_007595-T1	coassemb376_003946-T1
OG0002676	coassemb76_007595-T1	jgi|Acastr1|127403|AST1_002506-RA
OG0002676	coassemb76_007595-T1	jgi|Umbpus1|99719|LPUS_02364T0
OG0002676	coassemb76_007595-T1	jgi|Altal1|1096198|estExt_Genemark1.C_140198
OG0002676	coassemb76_007595-T1	jgi|Aurpu_var_mel1|54962|e_gw1.21.41.1
OG0002682	coassemb76_002945-T1	jgi|Erypu1|5639|transcript_POS81857
OG0002704	coassemb76_008812-T1	FUN_005959_T1_FUN_005959
OG0002704	coassemb76_008812-T1	GTX0494b19_007188-T1
OG0002704	coassemb76_008812-T1	KAI4236596.1
OG0002704	coassemb76_008812-T1	KAI4104550.1
OG0002704	coassemb76_008812-T1	KAI4221609.1
OG0002704	coassemb76_008812-T1	KAI4105789.1
OG0002704	coassemb76_008812-T1	KAI4287042.1
OG0002704	coassemb76_008812-T1	jgi|Clagr3|6891|CLAGR_006158-RA
OG0002704	coassemb76_008812-T1	CAF9939914.1
OG0002704	coassemb76_008812-T1	coassemb376_001841-T1
OG0002704	coassemb76_008812-T1	jgi|Acastr1|125614|AST1_005133-RA
OG0002704	coassemb76_008812-T1	jgi|Dibbae1|12428|DIBA_005077-RA
OG0002704	coassemb76_008812-T1	KAI9758334.1
OG0002704	coassemb76_008812-T1	KAI9697189.1
OG0002704	coassemb76_008812-T1	GTX0486b100_007860-T1
OG0002704	coassemb76_008812-T1	KAI9718276.1
OG0002704	coassemb76_008812-T1	KAI9823843.1
OG0002704	coassemb76_008812-T1	jgi|Umbpus1|107040|LPUS_05266T0
OG0002704	coassemb76_008812-T1	KAI9819439.1
OG0002704	coassemb76_008812-T1	jgi|Morco1|521473|estExt_Genewise1Plus.C_180196
OG0002704	coassemb76_008812-T1	KAI9720497.1
OG0002704	coassemb76_008812-T1	KAI9658157.1
OG0002704	coassemb76_008812-T1	jgi|Grascr1|2671|GST1_008623-RA
OG0002704	coassemb76_008812-T1	coassemb378_000436-T1
OG0002704	coassemb76_008812-T1	jgi|Erypu1|3773|transcript_POS86392
OG0002704	coassemb76_008812-T1	jgi|Podan3|206363|mRNA_5191
OG0002704	coassemb76_008812-T1	jgi|PseVKM4520_1|4760|transcript_KFZ12805
OG0002704	coassemb76_008812-T1	jgi|Sclsc1|12325|SS1G_05354T0
OG0002704	coassemb76_008812-T1	jgi|Fusgr1|1683|FGSG_01449T0
OG0002704	coassemb76_008812-T1	jgi|Neucr_trp3_1|3474|Neucr2.NCU01512T0
OG0002704	coassemb76_008812-T1	jgi|Altal1|330378|CE330377_6653
OG0002704	coassemb76_008812-T1	jgi|Aurpu_var_mel1|88995|gm1.9391_g
OG0002705	coassemb76_002493-T1	KAI4286705.1
OG0002707	coassemb76_008891-T1	jgi|Dibbae1|3463|DIBA_000333-RA
OG0002707	coassemb76_008891-T1	coassemb376_000682-T1
OG0002707	coassemb76_008891-T1	jgi|Clagr3|4907|CLAGR_005408-RA
OG0002707	coassemb76_008891-T1	CAF9913090.1
OG0002707	coassemb76_008891-T1	KAI4107775.1
OG0002707	coassemb76_008891-T1	KAI4290649.1
OG0002707	coassemb76_008891-T1	KAI4237025.1
OG0002707	coassemb76_008891-T1	KAI4225286.1
OG0002707	coassemb76_008891-T1	KAI4108946.1
OG0002707	coassemb76_008891-T1	FUN_007411_T1_FUN_007411
OG0002707	coassemb76_008891-T1	GTX0494b19_006280-T1
OG0002738	coassemb76_003367-T1	jgi|Monha1|1364|H072_1364m.01
OG0002738	coassemb76_003367-T1	jgi|Sclsc1|3554|SS1G_10010T0
OG0002764	coassemb76_000446-T1, coassemb76_001774-T1	KAI9812097.1
OG0002764	coassemb76_000446-T1, coassemb76_001774-T1	jgi|Ascim1|377009|estExt_fgenesh1_pg.C_420059
OG0002767	coassemb76_001960-T1	coassemb378_001833-T1
OG0002769	coassemb76_008834-T1	KAI4232683.1
OG0002828	coassemb76_000247-T1	jgi|Podan3|207818|mRNA_6646
OG0002870	coassemb76_000203-T1	CAF9925069.1, CAF9904013.1
OG0002884	coassemb76_004564-T1	jgi|Umbpus1|99828|LPUS_06401T0
OG0002909	coassemb76_007247-T1	GTX0494b19_005790-T1
OG0002915	coassemb76_003429-T1	jgi|Podan3|210066|mRNA_8894
OG0002978	coassemb76_002972-T1	jgi|Dibbae1|6486|DIBA_008345-RA
OG0002986	coassemb76_005094-T1	KAI9717607.1
OG0003013	coassemb76_001103-T1	jgi|Sclsc1|8112|SS1G_13535T0
OG0003013	coassemb76_001103-T1	KAI4221834.1
OG0003046	coassemb76_004360-T1	jgi|Umbpus1|106843|LPUS_05054T0
OG0003232	coassemb76_000910-T1	KAI9831022.1
OG0003232	coassemb76_000910-T1	KAI4221913.1
OG0003232	coassemb76_000910-T1	KAI4227034.1
OG0003232	coassemb76_000910-T1	KAI4097250.1
OG0003232	coassemb76_000910-T1	FUN_000251_T1_FUN_000251
OG0003232	coassemb76_000910-T1	coassemb376_001956-T1
OG0003232	coassemb76_000910-T1	CAF9943642.1
OG0003232	coassemb76_000910-T1	jgi|Clagr3|1504|CLAGR_002298-RA
OG0003232	coassemb76_000910-T1	jgi|Acastr1|125870|AST1_004572-RA
OG0003232	coassemb76_000910-T1	KAI9748186.1
OG0003232	coassemb76_000910-T1	KAI9721719.1
OG0003232	coassemb76_000910-T1	KAI9701037.1
OG0003232	coassemb76_000910-T1	KAI9827714.1
OG0003232	coassemb76_000910-T1	KAI9653567.1
OG0003232	coassemb76_000910-T1	GTX0486b100_007698-T1
OG0003236	coassemb76_006554-T1	jgi|Umbpus1|99689|LPUS_06290T0
OG0003255	coassemb76_009234-T1	jgi|Altal1|927978|e_gw1.3.1261.1
OG0003255	coassemb76_009234-T1	jgi|Penexp1|8044|PEXP_102870T0
OG0003255	coassemb76_009234-T1	jgi|Aspni_DSM_1|168992|An18g05570m.01
OG0003255	coassemb76_009234-T1	jgi|Cocpo1_1|3368|XM_003068321.1
OG0003255	coassemb76_009234-T1	KAI9728426.1
OG0003255	coassemb76_009234-T1	KAI9654864.1
OG0003255	coassemb76_009234-T1	jgi|Aurpu_var_mel1|37866|e_gw1.1.1024.1
OG0003255	coassemb76_009234-T1	coassemb378_011073-T1
OG0003255	coassemb76_009234-T1	jgi|Clagr3|7509|CLAGR_007910-RA
OG0003255	coassemb76_009234-T1	CAF9916847.1
OG0003255	coassemb76_009234-T1	jgi|Umbpus1|99297|LPUS_05855T0
OG0003255	coassemb76_009234-T1	GTX0494b19_002730-T1
OG0003255	coassemb76_009234-T1	FUN_003819_T1_FUN_003819
OG0003255	coassemb76_009234-T1	KAI4238734.1
OG0003255	coassemb76_009234-T1	KAI4111448.1
OG0003255	coassemb76_009234-T1	KAI4225758.1
OG0003255	coassemb76_009234-T1	KAI4092266.1
OG0003255	coassemb76_009234-T1	KAI4286045.1
OG0003255	coassemb76_009234-T1	jgi|Dibbae1|1729|DIBA_006312-RA
OG0003255	coassemb76_009234-T1	jgi|Erypu1|1988|transcript_POS83119
OG0003255	coassemb76_009234-T1	jgi|PseVKM4520_1|1056|transcript_KFZ19580
OG0003255	coassemb76_009234-T1	jgi|Sclsc1|6637|SS1G_11734T0
OG0003255	coassemb76_009234-T1	KAI9829597.1
OG0003255	coassemb76_009234-T1	KAI9814949.1
OG0003255	coassemb76_009234-T1	jgi|Acastr1|126922|AST1_004644-RA
OG0003255	coassemb76_009234-T1	KAI9707660.1
OG0003255	coassemb76_009234-T1	GTX0486b100_004685-T1
OG0003275	coassemb76_010196-T1	coassemb376_002413-T1
OG0003275	coassemb76_010196-T1	jgi|Clagr3|653|CLAGR_000644-RA
OG0003275	coassemb76_010196-T1	CAF9909238.1
OG0003275	coassemb76_010196-T1	jgi|Umbpus1|102463|LPUS_03184T0
OG0003275	coassemb76_010196-T1	jgi|Grascr1|4693|GST1_009176-RA
OG0003275	coassemb76_010196-T1	coassemb378_010376-T1
OG0003275	coassemb76_010196-T1	jgi|Dibbae1|11099|DIBA_012639-RA
OG0003275	coassemb76_010196-T1	KAI4287824.1
OG0003275	coassemb76_010196-T1	KAI4103555.1
OG0003275	coassemb76_010196-T1	KAI4223375.1
OG0003275	coassemb76_010196-T1	KAI4096616.1
OG0003275	coassemb76_010196-T1	FUN_001371_T1_FUN_001371
OG0003275	coassemb76_010196-T1	GTX0494b19_002158-T1
OG0003275	coassemb76_010196-T1	KAI4238073.1
OG0003289	coassemb76_004571-T1	jgi|Fonmu1|9737|Z520_12144T0
OG0003289	coassemb76_004571-T1	jgi|Claba1|128972|Z519_07272T0
OG0003289	coassemb76_004571-T1	jgi|Exoaq1|1979|A1O9_09511T0
OG0003289	coassemb76_004571-T1	coassemb64_006919-T1
OG0003368	coassemb76_008792-T1	jgi|Umbpus1|100922|LPUS_07632T0
OG0003398	coassemb76_006053-T1, coassemb76_007309-T1	jgi|Fusgr1|12761|FGSG_10917T0
OG0003406	coassemb76_010211-T1	jgi|Capcor1|94735|A1O1_01873T0, jgi|Capcor1|95016|A1O1_02155T0
OG0003422	coassemb76_008442-T1	jgi|Grascr1|6991|GST1_002829-RA
OG0003465	coassemb76_000466-T1	jgi|Grascr1|8572|GST1_003093-RA
OG0003465	coassemb76_000466-T1	jgi|Acastr1|126311|AST1_007276-RA
OG0003472	coassemb76_009613-T1	jgi|Dibbae1|3718|DIBA_008835-RA
OG0003472	coassemb76_009613-T1	KAI9753238.1
OG0003472	coassemb76_009613-T1	GTX0486b100_002302-T1
OG0003472	coassemb76_009613-T1	KAI9723000.1
OG0003472	coassemb76_009613-T1	KAI9707752.1
OG0003472	coassemb76_009613-T1	KAI9834562.1
OG0003472	coassemb76_009613-T1	jgi|Acastr1|121686|AST1_003918-RA
OG0003472	coassemb76_009613-T1	jgi|Grascr1|11986|GST1_005078-RA
OG0003472	coassemb76_009613-T1	coassemb378_001338-T1
OG0003472	coassemb76_009613-T1	jgi|Umbpus1|101070|LPUS_07827T0
OG0003472	coassemb76_009613-T1	jgi|Clagr3|7781|CLAGR_007400-RA
OG0003472	coassemb76_009613-T1	CAF9905929.1
OG0003472	coassemb76_009613-T1	coassemb376_004198-T1
OG0003472	coassemb76_009613-T1	KAI4109711.1
OG0003472	coassemb76_009613-T1	GTX0494b19_005603-T1
OG0003472	coassemb76_009613-T1	FUN_009526_T1_FUN_009526
OG0003472	coassemb76_009613-T1	KAI4224322.1
OG0003472	coassemb76_009613-T1	KAI4231302.1
OG0003482	coassemb76_009858-T1	GTX0486b100_002091-T1
OG0003482	coassemb76_009858-T1	KAI9706086.1
OG0003482	coassemb76_009858-T1	KAI9710630.1
OG0003482	coassemb76_009858-T1	KAI9825696.1
OG0003482	coassemb76_009858-T1	KAI9754793.1
OG0003482	coassemb76_009858-T1	jgi|Sclsc1|9625|SS1G_03040T0
OG0003482	coassemb76_009858-T1	jgi|PseVKM4520_1|9727|transcript_KFZ02906
OG0003482	coassemb76_009858-T1	jgi|Altal1|466962|CE466961_3971
OG0003482	coassemb76_009858-T1	jgi|Aurpu_var_mel1|37491|e_gw1.1.2357.1
OG0003482	coassemb76_009858-T1	jgi|EndpusZ1|1208|EPUS_00019T0
OG0003482	coassemb76_009858-T1	CAF9910241.1
OG0003482	coassemb76_009858-T1	jgi|Clagr3|7214|CLAGR_007228-RA
OG0003482	coassemb76_009858-T1	jgi|Umbpus1|103778|LPUS_10447T0
OG0003482	coassemb76_009858-T1	jgi|Dibbae1|9619|DIBA_003757-RA
OG0003482	coassemb76_009858-T1	jgi|Grascr1|3633|GST1_009477-RA
OG0003482	coassemb76_009858-T1	KAI9833791.1
OG0003482	coassemb76_009858-T1	jgi|Acastr1|126532|AST1_000127-RA
OG0003482	coassemb76_009858-T1	GTX0494b19_006283-T1
OG0003482	coassemb76_009858-T1	KAI4237021.1
OG0003482	coassemb76_009858-T1	KAI4108942.1
OG0003482	coassemb76_009858-T1	KAI4225290.1
OG0003482	coassemb76_009858-T1	FUN_007408_T1_FUN_007408
OG0003482	coassemb76_009858-T1	KAI4107784.1
OG0003482	coassemb76_009858-T1	KAI4263686.1
OG0003482	coassemb76_009858-T1	coassemb376_000832-T1
OG0003482	coassemb76_009858-T1	coassemb378_010575-T1
OG0003482	coassemb76_009858-T1	jgi|Dibbae1|9620|DIBA_003758-RA
OG0003482	coassemb76_009858-T1	jgi|Dibbae1|9620|DIBA_003758-RA
OG0003482	coassemb76_009858-T1	jgi|Altal1|283663|CE283662_23
OG0003482	coassemb76_009858-T1	jgi|Altal1|283663|CE283662_23
OG0003488	coassemb76_009108-T1	jgi|Neucr_trp3_1|1223006|e_gw1.223.19.1
OG0003493	coassemb76_004494-T1	coassemb376_007882-T1
OG0003527	coassemb76_005831-T1, coassemb76_006654-T1	KAI4268025.1
OG0003578	coassemb76_002897-T1	jgi|Fusgr1|5216|FGSG_02990T0
OG0003617	coassemb76_003441-T1	CAF9906519.1
OG0003629	coassemb76_006586-T1	coassemb376_000939-T1
OG0003680	coassemb76_006565-T1	jgi|Morco1|577490|gm1.8266_g
OG0003739	coassemb76_007588-T1	KAI4289387.1
OG0003750	coassemb76_000763-T1	jgi|Umbpus1|101693|LPUS_08431T0
OG0003752	coassemb76_002612-T1	jgi|Umbpus1|101274|LPUS_08013T0
OG0003775	coassemb76_004380-T1	jgi|Umbpus1|102243|LPUS_08996T0
OG0003782	coassemb76_001444-T1	jgi|Dibbae1|11567|DIBA_012521-RA
OG0003782	coassemb76_001444-T1	KAI9709028.1
OG0003782	coassemb76_001444-T1	KAI9696256.1
OG0003782	coassemb76_001444-T1	GTX0486b100_003872-T1
OG0003782	coassemb76_001444-T1	KAI9829324.1
OG0003782	coassemb76_001444-T1	KAI9825066.1
OG0003782	coassemb76_001444-T1	jgi|Umbpus1|104187|LPUS_10920T0
OG0003782	coassemb76_001444-T1	CAF9934189.1
OG0003782	coassemb76_001444-T1	jgi|Clagr3|10566|CLAGR_010448-RA
OG0003782	coassemb76_001444-T1	KAI4097227.1
OG0003782	coassemb76_001444-T1	FUN_003230_T1_FUN_003230
OG0003782	coassemb76_001444-T1	GTX0494b19_003390-T1
OG0003782	coassemb76_001444-T1	KAI4101678.1
OG0003782	coassemb76_001444-T1	KAI4233676.1
OG0003782	coassemb76_001444-T1	KAI4225352.1
OG0003782	coassemb76_001444-T1	KAI4283598.1
OG0003782	coassemb76_001444-T1	jgi|Acastr1|122103|AST1_006883-RA
OG0003782	coassemb76_001444-T1	jgi|Phach1|2508|rna2507
OG0003783	coassemb76_001054-T1	jgi|Umbpus1|101691|LPUS_08429T0
OG0003859	coassemb76_009691-T1	KAI4287952.1
OG0003859	coassemb76_009691-T1	GTX0494b19_001364-T1
OG0003859	coassemb76_009691-T1	FUN_008561_T1_FUN_008561
OG0003859	coassemb76_009691-T1	KAI4224615.1
OG0003859	coassemb76_009691-T1	KAI4104697.1
OG0003859	coassemb76_009691-T1	KAI4103150.1
OG0003859	coassemb76_009691-T1	KAI4234603.1
OG0003859	coassemb76_009691-T1	jgi|Grascr1|12256|GST1_005443-RA
OG0003859	coassemb76_009691-T1	jgi|Exoaq1|10388|A1O9_06755T0
OG0003859	coassemb76_009691-T1	coassemb376_000451-T1
OG0003880	coassemb76_003402-T1	jgi|Umbpus1|105574|LPUS_12582T0
OG0003885	coassemb76_005090-T1	jgi|Acastr1|126374|AST1_002463-RA
OG0003897	coassemb76_009113-T1	jgi|Altal1|1034160|fgenesh1_pm.21_#_151
OG0003897	coassemb76_009113-T1	KAI9654019.1
OG0003897	coassemb76_009113-T1	KAI9722823.1
OG0003897	coassemb76_009113-T1	jgi|Aurpu_var_mel1|67567|fgenesh1_pg.16_#_126
OG0003938	coassemb76_009999-T1	KAI9703835.1
OG0003938	coassemb76_009999-T1	KAI9721995.1
OG0003938	coassemb76_009999-T1	jgi|Acastr1|122130|AST1_005109-RA
OG0003938	coassemb76_009999-T1	jgi|Grascr1|7274|GST1_010468-RA
OG0003938	coassemb76_009999-T1	KAI9828152.1
OG0003938	coassemb76_009999-T1	KAI9836455.1
OG0003938	coassemb76_009999-T1	KAI9753998.1
OG0003938	coassemb76_009999-T1	jgi|Aurpu_var_mel1|13668|gw1.3.387.1
OG0003946	coassemb76_009991-T1	jgi|Clagr3|10930|CLAGR_011127-RA
OG0003946	coassemb76_009991-T1	coassemb376_004334-T1
OG0003946	coassemb76_009991-T1	KAI4289376.1
OG0003946	coassemb76_009991-T1	KAI4108167.1
OG0003946	coassemb76_009991-T1	KAI4220699.1
OG0003946	coassemb76_009991-T1	KAI4223931.1
OG0003946	coassemb76_009991-T1	KAI4092808.1
OG0003946	coassemb76_009991-T1	GTX0494b19_000316-T1
OG0003946	coassemb76_009991-T1	FUN_004076_T1_FUN_004076
OG0003946	coassemb76_000053-T1, coassemb76_002507-T1	jgi|Clagr3|10978|CLAGR_010969-RA
OG0003978	coassemb76_003946-T1	CAF9943228.1
OG0003980	coassemb76_006176-T1	jgi|Sclsc1|3309|SS1G_09765T0
OG0003980	coassemb76_006176-T1	jgi|Neucr_trp3_1|6641|Neucr2.NCU05285T0
OG0003980	coassemb76_006176-T1	jgi|Podan3|205823|mRNA_4651
OG0003980	coassemb76_006176-T1	jgi|Fusgr1|7143|FGSG_06168T0
OG0003980	coassemb76_006176-T1	jgi|PseVKM4520_1|2637|transcript_KFZ25022, jgi|PseVKM4520_1|5718|transcript_KFZ10971
OG0003980	coassemb76_006176-T1	jgi|Grascr1|11153|GST1_004325-RA
OG0003980	coassemb76_006176-T1	jgi|Erypu1|1824|transcript_POS83220
OG0003980	coassemb76_006176-T1	jgi|Monha1|1136|H072_1136m.01
OG0003980	coassemb76_006176-T1	jgi|Artol1|4178|AOL_s00076g274m.01
OG0003980	coassemb76_006176-T1	CAF9940677.1
OG0003980	coassemb76_006176-T1	jgi|Clagr3|10963|CLAGR_010583-RA
OG0003980	coassemb76_006176-T1	KAI4231069.1
OG0003980	coassemb76_006176-T1	GTX0494b19_006675-T1
OG0003980	coassemb76_006176-T1	FUN_006338_T1_FUN_006338
OG0003980	coassemb76_006176-T1	KAI4091920.1
OG0003980	coassemb76_006176-T1	KAI4101504.1, KAI4101505.1
OG0003980	coassemb76_006176-T1	KAI4281608.1
OG0003980	coassemb76_006176-T1	KAI9655435.1
OG0003980	coassemb76_006176-T1	KAI9726564.1
OG0003980	coassemb76_006176-T1	jgi|Cocpo1_1|122|XM_003065073.1
OG0003980	coassemb76_006176-T1	jgi|Aspni_DSM_1|157123|An02g06000m.01
OG0003980	coassemb76_006176-T1	jgi|Penexp1|3091|PEXP_105340T0
OG0003980	coassemb76_006176-T1	jgi|Phach1|526|rna525
OG0003980	coassemb76_006176-T1	XP_008714262.1
OG0003980	coassemb76_006176-T1	KAJ9658314.1
OG0004009	coassemb76_006311-T1	jgi|Exoaq1|6089|A1O9_11889T0
OG0004032	coassemb76_008430-T1	jgi|Umbpus1|101987|LPUS_08764T0
OG0004124	coassemb76_005053-T1	jgi|Grascr1|7304|GST1_010154-RA
OG0004143	coassemb76_009739-T1	jgi|Altal1|1055385|estExt_fgenesh1_pg.C_390002
OG0004143	coassemb76_009739-T1	KAI9657884.1
OG0004143	coassemb76_009739-T1	KAI9709797.1
OG0004143	coassemb76_009739-T1	jgi|Aurpu_var_mel1|86922|gm1.7318_g
OG0004250	coassemb76_008673-T1	KAI9827474.1
OG0004250	coassemb76_008673-T1	jgi|Monha1|1644|H072_1644m.01
OG0004250	coassemb76_008673-T1	jgi|Claba1|128932|Z519_07232T0
OG0004260	coassemb76_009531-T1	CAF9904937.1
OG0004260	coassemb76_009531-T1	jgi|Clagr3|1605|CLAGR_001403-RA
OG0004260	coassemb76_009531-T1	KAI4287419.1
OG0004260	coassemb76_009531-T1	KAI4092501.1
OG0004260	coassemb76_009531-T1	KAI4220646.1
OG0004260	coassemb76_009531-T1	KAI4219563.1
OG0004260	coassemb76_009531-T1	KAI4112136.1
OG0004260	coassemb76_009531-T1	FUN_000348_T1_FUN_000348
OG0004260	coassemb76_009531-T1	GTX0494b19_006726-T1
OG0004264	coassemb76_000172-T1	coassemb378_011412-T1
OG0004284	coassemb76_003157-T1	KAJ9650877.1
OG0004318	coassemb76_002774-T1	jgi|PseVKM4520_1|3541|transcript_KFZ14981
OG0004369	coassemb76_000287-T1	jgi|Morco1|534707|fgenesh1_kg.17_#_43_#_Locus16834v1rpkm0.80
OG0004419	coassemb76_005952-T1	jgi|Acastr1|121195|AST1_003133-RA
OG0004435	coassemb76_006745-T1	GTX0486b100_006750-T1
OG0004456	coassemb76_009740-T1	KAI9651558.1
OG0004456	coassemb76_009740-T1	KAI9724196.1
OG0004456	coassemb76_009740-T1	jgi|Altal1|207863|CE207862_6527
OG0004456	coassemb76_009740-T1	jgi|Aurpu_var_mel1|57432|e_gw1.26.70.1
OG0004500	coassemb76_005297-T1	jgi|Umbpus1|99363|LPUS_05933T0
OG0004511	coassemb76_009565-T1	KAI9722398.1
OG0004511	coassemb76_009565-T1	KAI9670333.1
OG0004511	coassemb76_009565-T1	jgi|Aurpu_var_mel1|70953|fgenesh1_pm.1_#_173
OG0004511	coassemb76_009565-T1	jgi|Altal1|618330|CE618329_1704
OG0004511	coassemb76_009565-T1	jgi|Grascr1|11898|GST1_005278-RA
OG0004511	coassemb76_009565-T1	coassemb378_002343-T1
OG0004511	coassemb76_009565-T1	jgi|Dibbae1|7959|DIBA_000422-RA
OG0004511	coassemb76_009565-T1	KAI9701959.1
OG0004511	coassemb76_009565-T1	KAI9722656.1
OG0004511	coassemb76_009565-T1	GTX0486b100_008515-T1
OG0004511	coassemb76_009565-T1	jgi|Acastr1|121187|AST1_006062-RA
OG0004511	coassemb76_009565-T1	KAI9757389.1
OG0004511	coassemb76_009565-T1	KAI9823615.1
OG0004511	coassemb76_009565-T1	CAF9902932.1
OG0004511	coassemb76_009565-T1	jgi|Clagr3|7092|CLAGR_006366-RA
OG0004511	coassemb76_009565-T1	KAI4286636.1
OG0004511	coassemb76_009565-T1	KAI4227267.1
OG0004511	coassemb76_009565-T1	KAI4110914.1
OG0004511	coassemb76_009565-T1	KAI4237470.1
OG0004511	coassemb76_009565-T1	GTX0494b19_001122-T1
OG0004511	coassemb76_009565-T1	FUN_004747_T1_FUN_004747
OG0004739	coassemb76_008822-T1	jgi|Umbpus1|101492|LPUS_08193T0
OG0004760	coassemb76_002924-T1	jgi|Artol1|5540|AOL_s00079g314m.01
OG0004778	coassemb76_004916-T1	coassemb378_004240-T1
OG0004907	coassemb76_006714-T1	jgi|Umbpus1|102915|LPUS_09505T0
OG0004951	coassemb76_001617-T1	jgi|Acastr1|127638|AST1_004262-RA
OG0004993	coassemb76_006660-T1	jgi|Aspni_DSM_1|160798|An07g05740m.01
OG0005177	coassemb76_003729-T1	jgi|Grascr1|8130|GST1_003831-RA
OG0005212	coassemb76_007706-T1	jgi|Sclsc1|572|SS1G_00572T0
OG0005228	coassemb76_005407-T1	jgi|Monha1|8323|H072_8618m.01
OG0005256	coassemb76_010088-T1	jgi|Altal1|648519|CE648518_5868
OG0005256	coassemb76_010088-T1	jgi|Aurpu_var_mel1|74144|fgenesh1_pm.6_#_242
OG0005256	coassemb76_010088-T1	jgi|Umbpus1|102104|LPUS_08865T0
OG0005256	coassemb76_010088-T1	jgi|Grascr1|3180|GST1_002110-RA
OG0005256	coassemb76_010088-T1	coassemb378_005536-T1
OG0005256	coassemb76_010088-T1	jgi|Dibbae1|2370|DIBA_006345-RA
OG0005256	coassemb76_010088-T1	jgi|Clagr3|4687|CLAGR_004044-RA
OG0005256	coassemb76_010088-T1	coassemb376_003659-T1
OG0005256	coassemb76_010088-T1	KAI4108424.1
OG0005256	coassemb76_010088-T1	FUN_007106_T1_FUN_007106
OG0005256	coassemb76_010088-T1	KAI4220738.1
OG0005256	coassemb76_010088-T1	KAI4226603.1
OG0005256	coassemb76_010088-T1	KAI4098324.1
OG0005256	coassemb76_010088-T1	GTX0494b19_002858-T1
OG0005288	coassemb76_006690-T1	KAJ9656546.1
OG0005343	coassemb76_007037-T1	coassemb376_004507-T1
OG0005366	coassemb76_005572-T1	KAI4231955.1
OG0005383	coassemb76_006220-T1	jgi|Phach1|3624|rna3623
OG0005383	coassemb76_006220-T1	jgi|Altal1|913976|gw1.2.165.1
OG0005383	coassemb76_006220-T1	jgi|Cocpo1_1|3094|XM_003068047.1
OG0005383	coassemb76_006220-T1	jgi|Monha1|8127|H072_8413m.01
OG0005383	coassemb76_006220-T1	jgi|Penexp1|9355|PEXP_066590T0
OG0005383	coassemb76_006220-T1	jgi|Aspni_DSM_1|157622|An02g11060m.01, jgi|Aspni_DSM_1|165537|An13g01480m.01
OG0005383	coassemb76_006220-T1	jgi|EndpusZ1|8287|EPUS_04485T0
OG0005383	coassemb76_006220-T1	jgi|Exoaq1|3186|A1O9_10704T0
OG0005383	coassemb76_006220-T1	jgi|Exoaq1|3186|A1O9_10704T0
OG0005404	coassemb76_006697-T1	FUN_003800_T1_FUN_003800
OG0005404	coassemb76_006697-T1	GTX0486b100_003784-T1
OG0005427	coassemb76_006580-T1	KAI9814970.1
OG0005451	coassemb76_008141-T1	CAF9919324.1
OG0005451	coassemb76_008141-T1	jgi|Neucr_trp3_1|1108|Neucr2.NCU03078T0
OG0005451	coassemb76_008141-T1	jgi|Podan3|202429|mRNA_1257
OG0005451	coassemb76_008141-T1	jgi|Aspni_DSM_1|155364|An01g03140m.01
OG0005484	coassemb76_009460-T1	jgi|Fonmu1|2034|Z520_06667T0
OG0005484	coassemb76_009460-T1	jgi|Clagr3|10117|CLAGR_009699-RA
OG0005485	coassemb76_008192-T1	jgi|Exoaq1|4650|A1O9_02169T0
OG0005485	coassemb76_008192-T1	coassemb64_007365-T1
OG0005505	coassemb76_000473-T1	jgi|Acastr1|123637|AST1_009027-RA
OG0005642	coassemb76_004287-T1	jgi|Grascr1|5566|GST1_001888-RA
OG0005657	coassemb76_006039-T1	jgi|Dibbae1|10027|DIBA_002947-RA
OG0005657	coassemb76_006039-T1	jgi|Clagr3|11138|CLAGR_010750-RA
OG0005657	coassemb76_006039-T1	jgi|Monha1|5041|H072_5147m.01
OG0005682	coassemb76_002221-T1	jgi|Dibbae1|11879|DIBA_001053-RA
OG0005682	coassemb76_009415-T1	jgi|Dibbae1|11874|DIBA_001048-RA
OG0005682	coassemb76_009415-T1	jgi|Umbpus1|99520|LPUS_01792T0
OG0005682	coassemb76_009415-T1	CAF9926928.1
OG0005682	coassemb76_009415-T1	jgi|Clagr3|2627|CLAGR_002899-RA
OG0005682	coassemb76_009415-T1	KAI4099210.1
OG0005682	coassemb76_009415-T1	FUN_000856_T1_FUN_000856
OG0005682	coassemb76_009415-T1	KAI4222396.1
OG0005682	coassemb76_009415-T1	KAI4111882.1
OG0005682	coassemb76_009415-T1	GTX0494b19_000529-T1
OG0005682	coassemb76_009415-T1	KAI4236245.1
OG0005689	coassemb76_009641-T1	jgi|Altal1|934871|e_gw1.9.411.1
OG0005689	coassemb76_009641-T1	jgi|Penexp1|4910|PEXP_043110T0
OG0005689	coassemb76_009641-T1	jgi|Aspni_DSM_1|155136|An01g00770m.01
OG0005689	coassemb76_009641-T1	jgi|Dibbae1|9785|DIBA_011156-RA
OG0005689	coassemb76_009641-T1	KAJ9658772.1
OG0005689	coassemb76_009641-T1	coassemb378_003821-T1
OG0005689	coassemb76_009641-T1	jgi|EndpusZ1|4015|EPUS_09431T0
OG0005689	coassemb76_009641-T1	KAI9704095.1
OG0005689	coassemb76_009641-T1	GTX0486b100_005496-T1
OG0005689	coassemb76_009641-T1	KAI9724547.1
OG0005689	coassemb76_009641-T1	KAI4103716.1
OG0005689	coassemb76_009641-T1	jgi|Clagr3|3767|CLAGR_003469-RA
OG0005689	coassemb76_009641-T1	CAF9928484.1
OG0005689	coassemb76_009641-T1	KAI4286592.1
OG0005689	coassemb76_009641-T1	KAI4218280.1
OG0005689	coassemb76_009641-T1	GTX0494b19_003196-T1
OG0005689	coassemb76_009641-T1	FUN_000692_T1_FUN_000692
OG0005689	coassemb76_009641-T1	KAI4230235.1
OG0005689	coassemb76_009641-T1	KAI4096594.1
OG0005703	coassemb76_002902-T1	jgi|Neucr_trp3_1|5771|Neucr2.NCU07660T0
OG0005703	coassemb76_002902-T1	jgi|Penexp1|5410|PEXP_058710T0
OG0005794	coassemb76_008471-T1	GTX0494b19_000961-T1
OG0005794	coassemb76_008471-T1	FUN_001203_T1_FUN_001203
OG0005794	coassemb76_008471-T1	KAI4229607.1
OG0005794	coassemb76_008471-T1	KAI4102789.1
OG0005794	coassemb76_008471-T1	KAI4225736.1
OG0005794	coassemb76_008471-T1	KAI4281154.1
OG0005794	coassemb76_008471-T1	KAI4099975.1
OG0005794	coassemb76_008471-T1	CAF9936533.1
OG0005794	coassemb76_008471-T1	jgi|Clagr3|5100|CLAGR_004442-RA
OG0005794	coassemb76_008471-T1	coassemb376_005984-T1
OG0005794	coassemb76_008471-T1	KAI9715000.1
OG0005794	coassemb76_008471-T1	KAI9668809.1
OG0005816	coassemb76_003102-T1	KAI4267027.1
OG0005825	coassemb76_008008-T1	KAI9705914.1
OG0005835	coassemb76_008425-T1	jgi|Capcor1|101392|A1O1_08583T0
OG0005850	coassemb76_009762-T1	jgi|Clagr3|11036|CLAGR_010911-RA
OG0005867	coassemb76_005047-T1	KAI4218542.1
OG0005966	coassemb76_005994-T1	jgi|Grascr1|2308|GST1_009053-RA
OG0005966	coassemb76_005994-T1	CAF9936865.1
OG0006003	coassemb76_003355-T1	coassemb378_011469-T1
OG0006007	coassemb76_006243-T1	jgi|Aspni_DSM_1|164921|An12g06090m.01
OG0006094	coassemb76_006090-T1, coassemb76_005829-T1	KAI4233230.1
OG0006094	coassemb76_006090-T1, coassemb76_005829-T1	GTX0494b19_002517-T1
OG0006094	coassemb76_006090-T1, coassemb76_005829-T1	KAI4100980.1
OG0006094	coassemb76_006090-T1, coassemb76_005829-T1	FUN_010070_T1_FUN_010070
OG0006094	coassemb76_006090-T1, coassemb76_005829-T1	KAI4225585.1
OG0006094	coassemb76_006090-T1, coassemb76_005829-T1	KAI4105644.1
OG0006094	coassemb76_006090-T1, coassemb76_005829-T1	KAI4256330.1
OG0006094	coassemb76_006090-T1, coassemb76_005829-T1	jgi|Penexp1|1455|PEXP_026990T0
OG0006094	coassemb76_006090-T1, coassemb76_005829-T1	jgi|Penexp1|1455|PEXP_026990T0
OG0006292	coassemb76_009774-T1	KAI4228881.1
OG0006309	coassemb76_000836-T1	coassemb378_008913-T1
OG0006312	coassemb76_004906-T1	coassemb378_011409-T1
OG0006334	coassemb76_001348-T1	jgi|Aspni_DSM_1|164931|An12g06180m.01
OG0006359	coassemb76_004625-T1	jgi|Grascr1|9964|GST1_012007-RA
OG0006375	coassemb76_006523-T1	jgi|Fonmu1|5026|Z520_08837T0
OG0006375	coassemb76_006523-T1	jgi|Claba1|129787|Z519_08093T0, jgi|Claba1|129786|Z519_08092T0
OG0006375	coassemb76_006523-T1	jgi|Exoaq1|7124|A1O9_03654T0
OG0006375	coassemb76_006523-T1	jgi|PseVKM4520_1|922|transcript_KFZ19934
OG0006375	coassemb76_006523-T1	jgi|Penexp1|10083|PEXP_018060T0
OG0006375	coassemb76_006523-T1	jgi|Aspni_DSM_1|162147|An08g08910m.01
OG0006375	coassemb76_006523-T1	XP_008719663.1
OG0006375	coassemb76_006523-T1	XP_008719663.1
OG0006446	coassemb76_009989-T1	KAI4108165.1
OG0006446	coassemb76_009989-T1	KAI4220701.1
OG0006446	coassemb76_009989-T1	GTX0494b19_000318-T1
OG0006446	coassemb76_009989-T1	FUN_004078_T1_FUN_004078
OG0006446	coassemb76_009989-T1	KAI4092810.1
OG0006446	coassemb76_009989-T1	KAI4223929.1
OG0006463	coassemb76_004618-T1	jgi|Penexp1|10962|PEXP_021960T0
OG0006500	coassemb76_004163-T1	jgi|Dibbae1|4080|DIBA_001664-RA
OG0006530	coassemb76_007682-T1	jgi|Grascr1|2299|GST1_009044-RA
OG0006584	coassemb76_009027-T1	jgi|Exoaq1|9369|A1O9_05797T0
OG0006601	coassemb76_004270-T1	coassemb378_010661-T1
OG0006626	coassemb76_007415-T1	jgi|Exoaq1|6084|A1O9_11884T0
OG0006758	coassemb76_001003-T1	jgi|Artol1|5650|AOL_s00079g424m.01
OG0006759	coassemb76_009982-T1	CAF9925470.1
OG0006828	coassemb76_004075-T1	jgi|Dibbae1|520|DIBA_000909-RA
OG0006828	coassemb76_004075-T1	coassemb376_001986-T1
OG0006828	coassemb76_004075-T1	jgi|Clagr3|1340|CLAGR_001324-RA
OG0006828	coassemb76_004075-T1	KAI4286993.1
OG0006828	coassemb76_004075-T1	KAI4100648.1
OG0006828	coassemb76_004075-T1	KAI4223570.1
OG0006828	coassemb76_004075-T1	KAI4229262.1
OG0006828	coassemb76_004075-T1	KAI4110296.1
OG0006828	coassemb76_004075-T1	FUN_001478_T1_FUN_001478
OG0006828	coassemb76_004075-T1	GTX0494b19_003674-T1
OG0006828	coassemb76_004075-T1	KAJ9651555.1
OG0006828	coassemb76_004075-T1	KAJ9651555.1
OG0006828	coassemb76_004075-T1	jgi|Sclsc1|12719|SS1G_05748T0
OG0006840	coassemb76_008770-T1	jgi|Ascim1|317128|fgenesh1_pm.7_#_18
OG0006886	coassemb76_000483-T1	CAF9936313.1
OG0006920	coassemb76_006944-T1	coassemb378_010756-T1
OG0007102	coassemb76_010212-T1	KAI4287577.1
OG0007102	coassemb76_010212-T1	KAI4238031.1
OG0007102	coassemb76_010212-T1	KAI4229768.1
OG0007102	coassemb76_010212-T1	KAI4111793.1
OG0007102	coassemb76_010212-T1	FUN_000751_T1_FUN_000751
OG0007102	coassemb76_010212-T1	GTX0494b19_003144-T1
OG0007165	coassemb76_009436-T1	jgi|Exoaq1|9957|A1O9_06390T0
OG0007165	coassemb76_009436-T1	KAI4226704.1
OG0007165	coassemb76_009436-T1	KAI4111426.1
OG0007165	coassemb76_009436-T1	KAI4222838.1, KAI4222837.1
OG0007165	coassemb76_009436-T1	GTX0494b19_002708-T1, GTX0494b19_002709-T1
OG0007165	coassemb76_009436-T1	FUN_003794_T1_FUN_003794, FUN_003795_T1_FUN_003795
OG0007215	coassemb76_008856-T1	jgi|Aspni_DSM_1|162669|An09g02090m.01
OG0007270	coassemb76_005880-T1	jgi|Dibbae1|5846|DIBA_008047-RA
OG0007270	coassemb76_005880-T1	KAI9672085.1
OG0007270	coassemb76_005880-T1	jgi|Grascr1|6802|GST1_002036-RA
OG0007270	coassemb76_005880-T1	jgi|Morco1|178824|CE178823_684
OG0007270	coassemb76_005880-T1	coassemb376_003041-T1
OG0007270	coassemb76_005880-T1	CAF9935573.1
OG0007270	coassemb76_005880-T1	jgi|Clagr3|1808|CLAGR_001604-RA
OG0007290	coassemb76_002513-T1	jgi|PseVKM4520_1|1308|transcript_KFZ19197
OG0007296	coassemb76_002129-T1	CAF9908238.1
OG0007296	coassemb76_002129-T1	jgi|EndpusZ1|2451|EPUS_03377T0
OG0007296	coassemb76_002129-T1	KAI9721129.1
OG0007296	coassemb76_002129-T1	jgi|Dibbae1|5085|DIBA_008875-RA
OG0008476	coassemb76_007576-T1	coassemb64_002166-T1
