Orthogroup	Cocpo1_1_GeneCatalog_proteins_20191103.aa	Other
OG0000003	jgi|Cocpo1_1|1429|XM_003066381.1	jgi|Podan3|201333|mRNA_161
OG0000004	jgi|Cocpo1_1|3190|XM_003068143.1	jgi|Exoaq1|11121|A1O9_07456T0
OG0000005	jgi|Cocpo1_1|4011|XM_003068964.1	jgi|Claba1|138818|Z519_05350T0
OG0000005	jgi|Cocpo1_1|6942|XM_003071895.1	jgi|Phach1|6389|rna6388
OG0000011	jgi|Cocpo1_1|4114|XM_003069067.1	GTX0466b15_009369-T1
OG0000013	jgi|Cocpo1_1|4504|XM_003069457.1	jgi|Umbpus1|103344|LPUS_09925T0
OG0000013	jgi|Cocpo1_1|4504|XM_003069457.1	XP_008713341.1
OG0000015	jgi|Cocpo1_1|2685|XM_003067638.1	jgi|Exoaq1|8700|A1O9_12955T0
OG0000015	jgi|Cocpo1_1|2685|XM_003067638.1	coassemb376_002605-T1, coassemb376_004837-T1, coassemb376_000920-T1, coassemb376_006515-T1
OG0000015	jgi|Cocpo1_1|2685|XM_003067638.1	CAF9938701.1, CAF9912418.1, CAF9903076.1, CAF9930614.1
OG0000015	jgi|Cocpo1_1|2685|XM_003067638.1	coassemb378_010925-T1, coassemb378_004074-T1, coassemb378_007953-T1
OG0000015	jgi|Cocpo1_1|2685|XM_003067638.1	jgi|Sclsc1|12461|SS1G_05490T0, jgi|Sclsc1|8948|SS1G_02363T0, jgi|Sclsc1|10407|SS1G_03436T0
OG0000015	jgi|Cocpo1_1|2685|XM_003067638.1	jgi|Umbpus1|101628|LPUS_08356T0
OG0000015	jgi|Cocpo1_1|2685|XM_003067638.1	jgi|Grascr1|13026|GST1_005555-RA
OG0000015	jgi|Cocpo1_1|2685|XM_003067638.1	jgi|Dibbae1|8150|DIBA_009760-RA
OG0000015	jgi|Cocpo1_1|2685|XM_003067638.1	jgi|Altal1|1057254|gm1.1489_g
OG0000015	jgi|Cocpo1_1|2685|XM_003067638.1	jgi|Fonmu1|9975|Z520_03372T0
OG0000015	jgi|Cocpo1_1|2685|XM_003067638.1	jgi|Claba1|129352|Z519_07655T0
OG0000015	jgi|Cocpo1_1|2685|XM_003067638.1	KAI9722165.1
OG0000015	jgi|Cocpo1_1|2685|XM_003067638.1	jgi|Acastr1|118920|AST1_002521-RA
OG0000015	jgi|Cocpo1_1|2685|XM_003067638.1	jgi|Penexp1|3668|PEXP_085500T0
OG0000015	jgi|Cocpo1_1|2685|XM_003067638.1	jgi|Aspni_DSM_1|159833|An05g01120m.01, jgi|Aspni_DSM_1|163216|An10g00660m.01, jgi|Aspni_DSM_1|162661|An09g02000m.01
OG0000015	jgi|Cocpo1_1|2685|XM_003067638.1	KAI9754740.1
OG0000015	jgi|Cocpo1_1|2685|XM_003067638.1	jgi|EndpusZ1|186|EPUS_06954T0
OG0000015	jgi|Cocpo1_1|2685|XM_003067638.1	coassemb64_004312-T1
OG0000015	jgi|Cocpo1_1|2685|XM_003067638.1	jgi|Fusgr1|51|FGSG_11655T0
OG0000015	jgi|Cocpo1_1|2685|XM_003067638.1	XP_008715600.1
OG0000015	jgi|Cocpo1_1|2685|XM_003067638.1	jgi|Capcor1|98783|A1O1_05950T0
OG0000015	jgi|Cocpo1_1|2685|XM_003067638.1	KAI9826792.1
OG0000015	jgi|Cocpo1_1|2685|XM_003067638.1	jgi|Penexp1|3668|PEXP_085500T0
OG0000015	jgi|Cocpo1_1|2685|XM_003067638.1	jgi|Aspni_DSM_1|159833|An05g01120m.01, jgi|Aspni_DSM_1|163216|An10g00660m.01, jgi|Aspni_DSM_1|162661|An09g02000m.01
OG0000033	jgi|Cocpo1_1|3966|XM_003068919.1	jgi|Exoaq1|5505|A1O9_03029T0, jgi|Exoaq1|2387|A1O9_09913T0
OG0000053	jgi|Cocpo1_1|3877|XM_003068830.1	jgi|EndpusZ1|3629|EPUS_09122T0
OG0000063	jgi|Cocpo1_1|1958|XM_003066910.1, jgi|Cocpo1_1|3617|XM_003068570.1	jgi|Umbpus1|99717|LPUS_02360T0
OG0000074	jgi|Cocpo1_1|4812|XM_003069765.1	XP_008712247.1, XP_008711801.1
OG0000074	jgi|Cocpo1_1|4812|XM_003069765.1	KAJ9652958.1
OG0000074	jgi|Cocpo1_1|4812|XM_003069765.1	KAI9717664.1
OG0000074	jgi|Cocpo1_1|4812|XM_003069765.1	GTX0486b100_004972-T1
OG0000074	jgi|Cocpo1_1|4812|XM_003069765.1	KAI9697785.1
OG0000089	jgi|Cocpo1_1|3603|XM_003068556.1	jgi|Penexp1|3664|PEXP_085460T0
OG0000091	jgi|Cocpo1_1|2873|XM_003067826.1	coassemb76_008068-T1
OG0000101	jgi|Cocpo1_1|1763|XM_003066715.1	KAI9659590.1
OG0000101	jgi|Cocpo1_1|1763|XM_003066715.1	jgi|Aspni_DSM_1|165047|An12g07490m.01
OG0000112	jgi|Cocpo1_1|3516|XM_003068469.1	jgi|Exoaq1|6159|A1O9_11960T0
OG0000118	jgi|Cocpo1_1|3053|XM_003068006.1	jgi|Exoaq1|7783|A1O9_04314T0
OG0000118	jgi|Cocpo1_1|3053|XM_003068006.1	jgi|EndpusZ1|1884|EPUS_03253T0
OG0000127	jgi|Cocpo1_1|973|XM_003065925.1	jgi|Exoaq1|5162|A1O9_02685T0
OG0000131	jgi|Cocpo1_1|3431|XM_003068384.1	jgi|Aurpu_var_mel1|63718|fgenesh1_pg.4_#_55, jgi|Aurpu_var_mel1|56530|e_gw1.24.372.1
OG0000131	jgi|Cocpo1_1|3431|XM_003068384.1	KAI9653286.1
OG0000131	jgi|Cocpo1_1|3431|XM_003068384.1	jgi|Grascr1|8627|GST1_012291-RA
OG0000153	jgi|Cocpo1_1|5808|XM_003070761.1	jgi|Grascr1|4402|GST1_009774-RA
OG0000165	jgi|Cocpo1_1|3842|XM_003068795.1	KAI9708569.1, KAI9708568.1
OG0000170	jgi|Cocpo1_1|3466|XM_003068419.1	jgi|Penexp1|120|PEXP_020750T0
OG0000170	jgi|Cocpo1_1|3466|XM_003068419.1	jgi|Altal1|702313|CE702312_36332, jgi|Altal1|993239|estExt_Genewise1Plus.C_15_t20144
OG0000196	jgi|Cocpo1_1|3633|XM_003068586.1	coassemb378_008220-T1
OG0000196	jgi|Cocpo1_1|3633|XM_003068586.1	jgi|Altal1|1084382|MIX16280_216_65
OG0000196	jgi|Cocpo1_1|3633|XM_003068586.1	jgi|Aspni_DSM_1|156806|An02g02790m.01
OG0000196	jgi|Cocpo1_1|3633|XM_003068586.1	jgi|Neucr_trp3_1|9484|Neucr2.NCU05123T0
OG0000196	jgi|Cocpo1_1|3633|XM_003068586.1	jgi|Fusgr1|10137|FGSG_08166T0, jgi|Fusgr1|156|FGSG_00126T0
OG0000196	jgi|Cocpo1_1|3633|XM_003068586.1	KAI4282502.1
OG0000196	jgi|Cocpo1_1|3633|XM_003068586.1	jgi|PseVKM4520_1|9523|transcript_KFZ03141
OG0000200	jgi|Cocpo1_1|2134|XM_003067087.1	jgi|Fusgr1|3068|FGSG_02688T0, jgi|Fusgr1|4515|FGSG_12409T0
OG0000201	jgi|Cocpo1_1|1037|XM_003065989.1	coassemb378_001789-T1
OG0000216	jgi|Cocpo1_1|6066|XM_003071019.1	jgi|Morco1|531883|fgenesh1_kg.3_#_202_#_Locus3701v1rpkm40.21
OG0000216	jgi|Cocpo1_1|6066|XM_003071019.1	jgi|Monha1|5573|H072_5730m.01
OG0000216	jgi|Cocpo1_1|6066|XM_003071019.1	jgi|Artol1|7804|AOL_s00097g620m.01
OG0000216	jgi|Cocpo1_1|6066|XM_003071019.1	jgi|Ascim1|57453|CE57452_2952
OG0000216	jgi|Cocpo1_1|6066|XM_003071019.1	jgi|Aurpu_var_mel1|51558|e_gw1.14.654.1, jgi|Aurpu_var_mel1|18520|gw1.3.783.1
OG0000216	jgi|Cocpo1_1|6066|XM_003071019.1	jgi|Altal1|1048373|estExt_fgenesh1_pg.C_5_t10491
OG0000216	jgi|Cocpo1_1|6066|XM_003071019.1	KAI9728470.1
OG0000216	jgi|Cocpo1_1|6066|XM_003071019.1	jgi|Clagr3|6150|CLAGR_005701-RA
OG0000216	jgi|Cocpo1_1|6066|XM_003071019.1	CAF9943637.1
OG0000216	jgi|Cocpo1_1|6066|XM_003071019.1	jgi|Fonmu1|11100|Z520_04301T0
OG0000216	jgi|Cocpo1_1|6066|XM_003071019.1	jgi|Claba1|138491|Z519_05021T0
OG0000216	jgi|Cocpo1_1|6066|XM_003071019.1	coassemb76_003581-T1
OG0000216	jgi|Cocpo1_1|6066|XM_003071019.1	coassemb64_004326-T1
OG0000216	jgi|Cocpo1_1|6066|XM_003071019.1	KAI9652299.1
OG0000225	jgi|Cocpo1_1|1292|XM_003066244.1	KAI4288535.1
OG0000238	jgi|Cocpo1_1|6079|XM_003071032.1	jgi|Artol1|7140|AOL_s00091g31m.01
OG0000238	jgi|Cocpo1_1|6079|XM_003071032.1	jgi|Altal1|2778|CE2777_3532
OG0000238	jgi|Cocpo1_1|3474|XM_003068427.1	jgi|Aurpu_var_mel1|49698|e_gw1.11.49.1
OG0000238	jgi|Cocpo1_1|3474|XM_003068427.1	jgi|Altal1|1057710|gm1.1945_g
OG0000239	jgi|Cocpo1_1|3834|XM_003068787.1	jgi|Capcor1|94518|A1O1_01656T0
OG0000249	jgi|Cocpo1_1|2495|XM_003067448.1, jgi|Cocpo1_1|6003|XM_003070956.1	KAI9715683.1
OG0000249	jgi|Cocpo1_1|2495|XM_003067448.1, jgi|Cocpo1_1|6003|XM_003070956.1	jgi|Clagr3|11292|CLAGR_011168-RA
OG0000249	jgi|Cocpo1_1|2495|XM_003067448.1, jgi|Cocpo1_1|6003|XM_003070956.1	jgi|Grascr1|11880|GST1_012867-RA, jgi|Grascr1|9507|GST1_012155-RA, jgi|Grascr1|11025|GST1_012840-RA
OG0000249	jgi|Cocpo1_1|2495|XM_003067448.1, jgi|Cocpo1_1|6003|XM_003070956.1	KAI4092981.1, KAI4086415.1, KAI4090408.1, KAI4086847.1, KAI4087622.1
OG0000249	jgi|Cocpo1_1|2495|XM_003067448.1, jgi|Cocpo1_1|6003|XM_003070956.1	coassemb378_009242-T1, coassemb378_011131-T1, coassemb378_003993-T1, coassemb378_003992-T1, coassemb378_010806-T1, coassemb378_009756-T1
OG0000249	jgi|Cocpo1_1|2495|XM_003067448.1, jgi|Cocpo1_1|6003|XM_003070956.1	KAI4086597.1
OG0000249	jgi|Cocpo1_1|2495|XM_003067448.1, jgi|Cocpo1_1|6003|XM_003070956.1	KAI4213155.1, KAI4219142.1
OG0000249	jgi|Cocpo1_1|2495|XM_003067448.1, jgi|Cocpo1_1|6003|XM_003070956.1	jgi|Aspni_DSM_1|162363|An08g11160m.01
OG0000249	jgi|Cocpo1_1|2495|XM_003067448.1, jgi|Cocpo1_1|6003|XM_003070956.1	jgi|Altal1|1003687|estExt_Genewise1Plus.C_530011
OG0000249	jgi|Cocpo1_1|2495|XM_003067448.1, jgi|Cocpo1_1|6003|XM_003070956.1	GTX0466b15_009490-T1, GTX0466b15_009473-T1
OG0000249	jgi|Cocpo1_1|2495|XM_003067448.1, jgi|Cocpo1_1|6003|XM_003070956.1	coassemb76_003709-T1
OG0000262	jgi|Cocpo1_1|6468|XM_003071421.1	coassemb376_006722-T1
OG0000310	jgi|Cocpo1_1|6795|XM_003071748.1	GTX0486b100_008067-T1
OG0000315	jgi|Cocpo1_1|4194|XM_003069147.1	jgi|Penexp1|2729|PEXP_108930T0
OG0000315	jgi|Cocpo1_1|4194|XM_003069147.1	jgi|Penexp1|2729|PEXP_108930T0
OG0000315	jgi|Cocpo1_1|4194|XM_003069147.1	jgi|Morco1|550838|fgenesh1_pm.1_#_202
OG0000315	jgi|Cocpo1_1|4194|XM_003069147.1	jgi|Artol1|8227|AOL_s00110g186m.01
OG0000315	jgi|Cocpo1_1|4194|XM_003069147.1	jgi|Monha1|166|H072_166m.01
OG0000315	jgi|Cocpo1_1|4194|XM_003069147.1	KAI9654580.1
OG0000315	jgi|Cocpo1_1|4194|XM_003069147.1	KAI9727346.1
OG0000315	jgi|Cocpo1_1|4194|XM_003069147.1	GTX0466b15_001448-T1, GTX0466b15_003856-T1
OG0000315	jgi|Cocpo1_1|4194|XM_003069147.1	coassemb64_006682-T1, coassemb64_000834-T1, coassemb64_004519-T1
OG0000315	jgi|Cocpo1_1|4194|XM_003069147.1	jgi|PseVKM4520_1|1922|transcript_KFZ25486, jgi|PseVKM4520_1|9501|transcript_KFZ03166
OG0000315	jgi|Cocpo1_1|4194|XM_003069147.1	jgi|Capcor1|99511|A1O1_06683T0, jgi|Capcor1|98875|A1O1_06043T0, jgi|Capcor1|96983|A1O1_04136T0
OG0000315	jgi|Cocpo1_1|4194|XM_003069147.1	jgi|Clagr3|93|CLAGR_000091-RA
OG0000315	jgi|Cocpo1_1|4194|XM_003069147.1	CAF9907348.1
OG0000315	jgi|Cocpo1_1|4194|XM_003069147.1	KAI4219331.1
OG0000315	jgi|Cocpo1_1|4194|XM_003069147.1	KAI4099353.1
OG0000315	jgi|Cocpo1_1|4194|XM_003069147.1	FUN_003660_T1_FUN_003660
OG0000315	jgi|Cocpo1_1|4194|XM_003069147.1	GTX0494b19_005172-T1
OG0000315	jgi|Cocpo1_1|4194|XM_003069147.1	KAI4214808.1
OG0000315	jgi|Cocpo1_1|4194|XM_003069147.1	KAI4289913.1
OG0000315	jgi|Cocpo1_1|4194|XM_003069147.1	KAI4109207.1
OG0000315	jgi|Cocpo1_1|4194|XM_003069147.1	coassemb376_001921-T1
OG0000315	jgi|Cocpo1_1|4194|XM_003069147.1	jgi|Dibbae1|10956|DIBA_003525-RA
OG0000315	jgi|Cocpo1_1|4194|XM_003069147.1	coassemb378_002251-T1
OG0000315	jgi|Cocpo1_1|4194|XM_003069147.1	jgi|Grascr1|12149|GST1_000793-RA
OG0000315	jgi|Cocpo1_1|4194|XM_003069147.1	KAI9707103.1
OG0000315	jgi|Cocpo1_1|4194|XM_003069147.1	GTX0486b100_005218-T1
OG0000315	jgi|Cocpo1_1|4194|XM_003069147.1	KAI9723695.1
OG0000315	jgi|Cocpo1_1|4194|XM_003069147.1	jgi|Umbpus1|100240|LPUS_06820T0
OG0000315	jgi|Cocpo1_1|4194|XM_003069147.1	jgi|Acastr1|121123|AST1_003226-RA
OG0000315	jgi|Cocpo1_1|4194|XM_003069147.1	KAI9837753.1
OG0000315	jgi|Cocpo1_1|4194|XM_003069147.1	KAI9749406.1
OG0000315	jgi|Cocpo1_1|4194|XM_003069147.1	KAI9814290.1
OG0000315	jgi|Cocpo1_1|4194|XM_003069147.1	jgi|Altal1|359116|CE359115_2869
OG0000315	jgi|Cocpo1_1|4194|XM_003069147.1	jgi|Aurpu_var_mel1|57034|e_gw1.25.167.1
OG0000315	jgi|Cocpo1_1|4194|XM_003069147.1	jgi|Sclsc1|4690|SS1G_11146T0
OG0000315	jgi|Cocpo1_1|4194|XM_003069147.1	jgi|Fusgr1|4884|FGSG_03278T0
OG0000315	jgi|Cocpo1_1|4194|XM_003069147.1	jgi|Podan3|208989|mRNA_7817
OG0000315	jgi|Cocpo1_1|4194|XM_003069147.1	jgi|Phach1|2144|rna2143
OG0000315	jgi|Cocpo1_1|4194|XM_003069147.1	KAJ9663549.1
OG0000315	jgi|Cocpo1_1|4194|XM_003069147.1	coassemb76_007003-T1
OG0000315	jgi|Cocpo1_1|4194|XM_003069147.1	jgi|Claba1|131530|Z519_09844T0
OG0000315	jgi|Cocpo1_1|4194|XM_003069147.1	jgi|Fonmu1|5520|Z520_09333T0
OG0000315	jgi|Cocpo1_1|4194|XM_003069147.1	jgi|Exoaq1|5136|A1O9_02659T0
OG0000315	jgi|Cocpo1_1|4194|XM_003069147.1	XP_008717716.1
OG0000331	jgi|Cocpo1_1|7097|XM_003072050.1	jgi|Aspni_DSM_1|165381|An12g10850m.01
OG0000332	jgi|Cocpo1_1|1644|XM_003066596.1	GTX0486b100_005093-T1
OG0000399	jgi|Cocpo1_1|7011|XM_003071964.1	jgi|Morco1|470072|gw1.20.229.1
OG0000399	jgi|Cocpo1_1|2934|XM_003067887.1	jgi|Morco1|576520|gm1.7296_g
OG0000399	jgi|Cocpo1_1|2934|XM_003067887.1	jgi|Ascim1|411927|fgenesh1_RNNotator_kg.9_#_78_#_Locus6906v1rpkm14.50
OG0000399	jgi|Cocpo1_1|2934|XM_003067887.1	jgi|Altal1|79588|CE79587_46535
OG0000399	jgi|Cocpo1_1|2934|XM_003067887.1	jgi|PseVKM4520_1|3390|transcript_KFZ15324
OG0000399	jgi|Cocpo1_1|2934|XM_003067887.1	jgi|Artol1|889|AOL_s00006g229m.01
OG0000399	jgi|Cocpo1_1|2934|XM_003067887.1	jgi|Monha1|4127|H072_4163m.01
OG0000399	jgi|Cocpo1_1|2934|XM_003067887.1	jgi|Fonmu1|756|Z520_00758T0, jgi|Fonmu1|7017|Z520_02227T0
OG0000399	jgi|Cocpo1_1|2934|XM_003067887.1	KAJ9656001.1
OG0000399	jgi|Cocpo1_1|2934|XM_003067887.1	jgi|Fusgr1|933|FGSG_00793T0
OG0000399	jgi|Cocpo1_1|2934|XM_003067887.1	jgi|Neucr_trp3_1|2412|Neucr2.NCU02884T0
OG0000399	jgi|Cocpo1_1|2934|XM_003067887.1	jgi|Podan3|201323|mRNA_151
OG0000399	jgi|Cocpo1_1|2934|XM_003067887.1	jgi|Claba1|131177|Z519_09490T0
OG0000399	jgi|Cocpo1_1|2934|XM_003067887.1	coassemb378_010874-T1
OG0000399	jgi|Cocpo1_1|2934|XM_003067887.1	jgi|Sclsc1|3122|SS1G_09578T0
OG0000399	jgi|Cocpo1_1|2934|XM_003067887.1	jgi|Exoaq1|3000|A1O9_10522T0
OG0000399	jgi|Cocpo1_1|2934|XM_003067887.1	jgi|Exoaq1|3000|A1O9_10522T0
OG0000401	jgi|Cocpo1_1|5761|XM_003070714.1	jgi|Monha1|4268|H072_4348m.01
OG0000412	jgi|Cocpo1_1|3947|XM_003068900.1	jgi|Aurpu_var_mel1|55275|e_gw1.21.335.1
OG0000417	jgi|Cocpo1_1|6542|XM_003071495.1	jgi|Podan3|207916|mRNA_6744, jgi|Podan3|203446|mRNA_2274
OG0000466	jgi|Cocpo1_1|3204|XM_003068157.1	jgi|Grascr1|11362|GST1_005242-RA
OG0000485	jgi|Cocpo1_1|993|XM_003065945.1	KAI9826477.1
OG0000523	jgi|Cocpo1_1|6594|XM_003071547.1	jgi|Claba1|132707|Z519_01185T0
OG0000525	jgi|Cocpo1_1|2001|XM_003066954.1	jgi|Altal1|986667|estExt_Genewise1Plus.C_8_t10153
OG0000525	jgi|Cocpo1_1|2001|XM_003066954.1	jgi|Penexp1|8547|PEXP_070070T0
OG0000528	jgi|Cocpo1_1|3379|XM_003068332.1	coassemb76_003245-T1
OG0000578	jgi|Cocpo1_1|3875|XM_003068828.1	KAI4226395.1
OG0000580	jgi|Cocpo1_1|4117|XM_003069070.1	jgi|Capcor1|99769|A1O1_06944T0
OG0000591	jgi|Cocpo1_1|168|XM_003065119.1	jgi|Dibbae1|10169|DIBA_003123-RA, jgi|Dibbae1|1749|DIBA_006332-RA
OG0000615	jgi|Cocpo1_1|4575|XM_003069528.1	CAF9926602.1
OG0000692	jgi|Cocpo1_1|4410|XM_003069363.1	XP_008718180.1
OG0000703	jgi|Cocpo1_1|1167|XM_003066119.1	jgi|Altal1|1099843|estExt_Genemark1.C_310035
OG0000723	jgi|Cocpo1_1|1993|XM_003066946.1, jgi|Cocpo1_1|2097|XM_003067050.1	XP_008712563.1
OG0000740	jgi|Cocpo1_1|3857|XM_003068810.1	KAJ9656401.1
OG0000740	jgi|Cocpo1_1|3857|XM_003068810.1	GTX0466b15_003366-T1
OG0000742	jgi|Cocpo1_1|7202|XM_003072155.1	KAJ9663078.1
OG0000748	jgi|Cocpo1_1|7078|XM_003072031.1	coassemb378_006069-T1
OG0000779	jgi|Cocpo1_1|2887|XM_003067840.1	jgi|Dibbae1|4836|DIBA_009724-RA
OG0000780	jgi|Cocpo1_1|2233|XM_003067186.1	jgi|PseVKM4520_1|10673|transcript_KFZ25328
OG0000780	jgi|Cocpo1_1|2233|XM_003067186.1	KAI9718072.1
OG0000780	jgi|Cocpo1_1|2233|XM_003067186.1	coassemb378_005839-T1
OG0000792	jgi|Cocpo1_1|4047|XM_003069000.1	jgi|Fusgr1|5336|FGSG_02884T0
OG0000898	jgi|Cocpo1_1|4463|XM_003069416.1	jgi|Artol1|7246|AOL_s00097g62m.01
OG0000909	jgi|Cocpo1_1|5387|XM_003070340.1	jgi|Acastr1|121351|AST1_002291-RA
OG0000945	jgi|Cocpo1_1|1297|XM_003066249.1	jgi|Fusgr1|8994|FGSG_07770T0
OG0000976	jgi|Cocpo1_1|4682|XM_003069635.1	FUN_000406_T1_FUN_000406
OG0000976	jgi|Cocpo1_1|4682|XM_003069635.1	CAF9943318.1
OG0000991	jgi|Cocpo1_1|5972|XM_003070925.1	KAI9698579.1
OG0000991	jgi|Cocpo1_1|6071|XM_003071024.1	KAJ9652281.1
OG0000993	jgi|Cocpo1_1|2130|XM_003067083.1	coassemb378_001917-T1
OG0001006	jgi|Cocpo1_1|1379|XM_003066331.1	jgi|Monha1|9388|H072_9849m.01
OG0001011	jgi|Cocpo1_1|1279|XM_003066231.1	jgi|Fusgr1|3303|FGSG_04677T0
OG0001034	jgi|Cocpo1_1|6949|XM_003071902.1	jgi|Altal1|1015420|fgenesh1_kg.1_#_398_#_Locus12168v1rpkm0.86
OG0001060	jgi|Cocpo1_1|395|XM_003065347.1	jgi|Morco1|578177|gm1.8953_g, jgi|Morco1|578182|gm1.8958_g, jgi|Morco1|578180|gm1.8956_g, jgi|Morco1|493985|e_gw1.58.72.1
OG0001061	jgi|Cocpo1_1|6541|XM_003071494.1	jgi|PseVKM4520_1|3|transcript_KFZ25259
OG0001077	jgi|Cocpo1_1|6743|XM_003071696.1	KAI4105648.1
OG0001077	jgi|Cocpo1_1|6743|XM_003071696.1	KAI4286386.1
OG0001080	jgi|Cocpo1_1|7082|XM_003072035.1	jgi|Grascr1|8725|GST1_011777-RA
OG0001084	jgi|Cocpo1_1|4312|XM_003069265.1	jgi|Fusgr1|6893|FGSG_05944T0
OG0001115	jgi|Cocpo1_1|5168|XM_003070121.1	coassemb76_002847-T1, coassemb76_003966-T1
OG0001115	jgi|Cocpo1_1|5168|XM_003070121.1	jgi|Dibbae1|6852|DIBA_009240-RA
OG0001135	jgi|Cocpo1_1|3652|XM_003068605.1	jgi|Artol1|3669|AOL_s00075g7m.01
OG0001136	jgi|Cocpo1_1|3480|XM_003068433.1	jgi|PseVKM4520_1|8458|transcript_KFZ24508, jgi|PseVKM4520_1|6258|transcript_KFZ10076
OG0001147	jgi|Cocpo1_1|2112|XM_003067065.1	jgi|Podan3|203462|mRNA_2290
OG0001150	jgi|Cocpo1_1|1203|XM_003066155.1	jgi|Fusgr1|11434|FGSG_13666T0
OG0001165	jgi|Cocpo1_1|62|XM_003065013.1	jgi|PseVKM4520_1|2149|transcript_KFZ17507
OG0001178	jgi|Cocpo1_1|6081|XM_003071034.1	KAI9726049.1
OG0001178	jgi|Cocpo1_1|6081|XM_003071034.1	KAI9664205.1
OG0001178	jgi|Cocpo1_1|6081|XM_003071034.1	jgi|Aurpu_var_mel1|76658|fgenesh1_pm.16_#_23
OG0001178	jgi|Cocpo1_1|6081|XM_003071034.1	jgi|Altal1|728315|CE728314_5364
OG0001178	jgi|Cocpo1_1|6081|XM_003071034.1	jgi|Sclsc1|6027|SS1G_01528T0
OG0001178	jgi|Cocpo1_1|6081|XM_003071034.1	jgi|PseVKM4520_1|8517|transcript_KFZ04243
OG0001178	jgi|Cocpo1_1|6081|XM_003071034.1	jgi|Podan3|204654|mRNA_3482
OG0001178	jgi|Cocpo1_1|6081|XM_003071034.1	jgi|Neucr_trp3_1|7540|Neucr2.NCU01119T0
OG0001178	jgi|Cocpo1_1|6081|XM_003071034.1	jgi|Fusgr1|6900|FGSG_05950T0
OG0001181	jgi|Cocpo1_1|5363|XM_003070316.1	jgi|Fonmu1|8464|Z520_11439T0
OG0001184	jgi|Cocpo1_1|6772|XM_003071725.1	jgi|PseVKM4520_1|7830|transcript_KFZ07710
OG0001191	jgi|Cocpo1_1|3794|XM_003068747.1	jgi|Morco1|547704|fgenesh1_pg.43_#_83
OG0001196	jgi|Cocpo1_1|1201|XM_003066153.1	jgi|Acastr1|124709|AST1_002374-RA
OG0001227	jgi|Cocpo1_1|115|XM_003065066.1	jgi|Artol1|4183|AOL_s00076g279m.01
OG0001227	jgi|Cocpo1_1|115|XM_003065066.1	jgi|Aspni_DSM_1|158193|An03g01800m.01
OG0001235	jgi|Cocpo1_1|6831|XM_003071784.1	jgi|Monha1|9471|H072_9938m.01
OG0001250	jgi|Cocpo1_1|427|XM_003065379.1	GTX0466b15_001962-T1
OG0001270	jgi|Cocpo1_1|1724|XM_003066676.1	jgi|Sclsc1|2142|SS1G_08599T0
OG0001281	jgi|Cocpo1_1|1032|XM_003065984.1	jgi|Artol1|5|AOL_s00004g4m.01
OG0001281	jgi|Cocpo1_1|1032|XM_003065984.1	jgi|Fusgr1|13314|FGSG_11241T0, jgi|Fusgr1|10669|FGSG_09212T0
OG0001300	jgi|Cocpo1_1|4061|XM_003069014.1	jgi|Artol1|5665|AOL_s00079g439m.01
OG0001428	jgi|Cocpo1_1|3648|XM_003068601.1	jgi|Grascr1|4396|GST1_010145-RA
OG0001435	jgi|Cocpo1_1|6354|XM_003071307.1	coassemb376_005892-T1
OG0001435	jgi|Cocpo1_1|6354|XM_003071307.1	KAI4287589.1
OG0001446	jgi|Cocpo1_1|7165|XM_003072118.1	coassemb76_009718-T1
OG0001473	jgi|Cocpo1_1|132|XM_003065083.1	jgi|Fusgr1|2642|FGSG_02304T0
OG0001526	jgi|Cocpo1_1|4983|XM_003069936.1	jgi|Fusgr1|5066|FGSG_03118T0
OG0001536	jgi|Cocpo1_1|4571|XM_003069524.1	jgi|Podan3|211277|mRNA_10105
OG0001581	jgi|Cocpo1_1|2898|XM_003067851.1	KAI9825660.1
OG0001604	jgi|Cocpo1_1|633|XM_003065585.1	jgi|Aurpu_var_mel1|42096|e_gw1.4.994.1
OG0001604	jgi|Cocpo1_1|633|XM_003065585.1	jgi|Phach1|4008|rna4007
OG0001604	jgi|Cocpo1_1|633|XM_003065585.1	jgi|Altal1|461190|CE461189_33860
OG0001604	jgi|Cocpo1_1|633|XM_003065585.1	jgi|Fusgr1|2762|FGSG_12133T0, jgi|Fusgr1|13318|FGSG_14008T0
OG0001604	jgi|Cocpo1_1|633|XM_003065585.1	jgi|Sclsc1|13312|SS1G_06341T0
OG0001609	jgi|Cocpo1_1|6646|XM_003071599.1	KAI9669354.1
OG0001609	jgi|Cocpo1_1|6646|XM_003071599.1	KAI4281491.1
OG0001618	jgi|Cocpo1_1|5589|XM_003070542.1	jgi|Acastr1|119091|AST1_006272-RA
OG0001624	jgi|Cocpo1_1|3644|XM_003068597.1	jgi|Sclsc1|5173|SS1G_11629T0
OG0001624	jgi|Cocpo1_1|3644|XM_003068597.1	jgi|PseVKM4520_1|7991|transcript_KFZ24628
OG0001629	jgi|Cocpo1_1|3866|XM_003068819.1	coassemb376_006443-T1
OG0001629	jgi|Cocpo1_1|3866|XM_003068819.1	coassemb378_011141-T1
OG0001668	jgi|Cocpo1_1|217|XM_003065168.1	coassemb76_009897-T1
OG0001688	jgi|Cocpo1_1|4755|XM_003069708.1	KAI4208429.1
OG0001702	jgi|Cocpo1_1|2520|XM_003067473.1	GTX0486b100_005054-T1
OG0001702	jgi|Cocpo1_1|2520|XM_003067473.1	KAI9839547.1
OG0001764	jgi|Cocpo1_1|2320|XM_003067273.1	jgi|Podan3|209159|mRNA_7987, jgi|Podan3|210190|mRNA_9018
OG0001770	jgi|Cocpo1_1|6198|XM_003071151.1	jgi|Fusgr1|9933|FGSG_08344T0
OG0001782	jgi|Cocpo1_1|6177|XM_003071130.1	jgi|Acastr1|119261|AST1_001460-RA
OG0001796	jgi|Cocpo1_1|961|XM_003065913.1	jgi|PseVKM4520_1|2442|transcript_KFZ16962
OG0001830	jgi|Cocpo1_1|96|XM_003065047.1	coassemb76_007596-T1
OG0001845	jgi|Cocpo1_1|6261|XM_003071214.1	jgi|Claba1|131841|Z519_10158T0
OG0001845	jgi|Cocpo1_1|6261|XM_003071214.1	coassemb76_008813-T1
OG0001873	jgi|Cocpo1_1|4766|XM_003069719.1	jgi|PseVKM4520_1|4677|transcript_KFZ12996
OG0001889	jgi|Cocpo1_1|3868|XM_003068821.1	KAI9651668.1
OG0001900	jgi|Cocpo1_1|2027|XM_003066980.1, jgi|Cocpo1_1|7195|XM_003072148.1	jgi|Podan3|209699|mRNA_8527, jgi|Podan3|207569|mRNA_6397
OG0001900	jgi|Cocpo1_1|2027|XM_003066980.1, jgi|Cocpo1_1|7195|XM_003072148.1	CAF9927524.1
OG0001932	jgi|Cocpo1_1|6432|XM_003071385.1	jgi|Neucr_trp3_1|5863|Neucr2.NCU06385T0
OG0001935	jgi|Cocpo1_1|5430|XM_003070383.1	jgi|Morco1|203785|CE203784_1176
OG0001945	jgi|Cocpo1_1|139|XM_003065090.1	KAI9810503.1
OG0001950	jgi|Cocpo1_1|1522|XM_003066474.1	jgi|Erypu1|5784|transcript_POS81829
OG0001955	jgi|Cocpo1_1|271|XM_003065222.1	KAI9837859.1
OG0001985	jgi|Cocpo1_1|2631|XM_003067584.1	jgi|Acastr1|124185|AST1_007313-RA
OG0001991	jgi|Cocpo1_1|2274|XM_003067227.1	KAI4091663.1
OG0002008	jgi|Cocpo1_1|6242|XM_003071195.1	coassemb376_004075-T1
OG0002021	jgi|Cocpo1_1|349|XM_003065300.1	jgi|Umbpus1|102516|LPUS_09074T0
OG0002022	jgi|Cocpo1_1|3838|XM_003068791.1	CAF9938633.1
OG0002048	jgi|Cocpo1_1|7085|XM_003072038.1	CAF9927521.1
OG0002081	jgi|Cocpo1_1|4033|XM_003068986.1	coassemb64_004135-T1
OG0002082	jgi|Cocpo1_1|1689|XM_003066641.1	jgi|Neucr_trp3_1|8808|Neucr2.NCU04822T0
OG0002184	jgi|Cocpo1_1|5629|XM_003070582.1	coassemb76_009965-T1
OG0002221	jgi|Cocpo1_1|3610|XM_003068563.1	jgi|Aurpu_var_mel1|54398|e_gw1.20.209.1
OG0002226	jgi|Cocpo1_1|2613|XM_003067566.1	coassemb64_005395-T1
OG0002226	jgi|Cocpo1_1|2613|XM_003067566.1	jgi|Fusgr1|1996|FGSG_01733T0
OG0002235	jgi|Cocpo1_1|3024|XM_003067977.1	jgi|EndpusZ1|4631|EPUS_02121T0
OG0002283	jgi|Cocpo1_1|5291|XM_003070244.1	jgi|Sclsc1|13646|SS1G_06675T0
OG0002345	jgi|Cocpo1_1|7169|XM_003072122.1	coassemb378_002074-T1
OG0002367	jgi|Cocpo1_1|5160|XM_003070113.1	jgi|Fusgr1|5161|FGSG_12527T0
OG0002459	jgi|Cocpo1_1|6510|XM_003071463.1	jgi|Grascr1|1927|GST1_006382-RA
OG0002488	jgi|Cocpo1_1|4717|XM_003069670.1	jgi|Acastr1|125060|AST1_002012-RA
OG0002553	jgi|Cocpo1_1|4382|XM_003069335.1	coassemb376_006157-T1
OG0002575	jgi|Cocpo1_1|4419|XM_003069372.1	GTX0486b100_008436-T1
OG0002575	jgi|Cocpo1_1|4419|XM_003069372.1	GTX0494b19_000543-T1
OG0002630	jgi|Cocpo1_1|899|XM_003065851.1	jgi|Aspni_DSM_1|168702|An18g02580m.01, jgi|Aspni_DSM_1|168701|An18g02570m.01
OG0002676	jgi|Cocpo1_1|95|XM_003065046.1	KAI9831149.1
OG0002676	jgi|Cocpo1_1|95|XM_003065046.1	coassemb376_003947-T1
OG0002682	jgi|Cocpo1_1|3070|XM_003068023.1	jgi|Erypu1|5639|transcript_POS81857
OG0002693	jgi|Cocpo1_1|587|XM_003065539.1	coassemb376_007173-T1
OG0002705	jgi|Cocpo1_1|3698|XM_003068651.1	KAI4286705.1
OG0002738	jgi|Cocpo1_1|1415|XM_003066367.1	jgi|Monha1|1364|H072_1364m.01
OG0002760	jgi|Cocpo1_1|7174|XM_003072127.1	jgi|Monha1|5677|H072_5862m.01
OG0002764	jgi|Cocpo1_1|5567|XM_003070520.1	KAI9812097.1
OG0002764	jgi|Cocpo1_1|5567|XM_003070520.1	jgi|Ascim1|377009|estExt_fgenesh1_pg.C_420059
OG0002769	jgi|Cocpo1_1|4800|XM_003069753.1	KAI4232683.1
OG0002870	jgi|Cocpo1_1|3450|XM_003068403.1	CAF9925069.1, CAF9904013.1
OG0003255	jgi|Cocpo1_1|3368|XM_003068321.1	coassemb76_009234-T1
OG0003327	jgi|Cocpo1_1|298|XM_003065249.1	KAI9669890.1
OG0003327	jgi|Cocpo1_1|298|XM_003065249.1	jgi|Capcor1|100386|A1O1_07569T0
OG0003327	jgi|Cocpo1_1|298|XM_003065249.1	jgi|Fusgr1|9444|FGSG_08770T0
OG0003327	jgi|Cocpo1_1|298|XM_003065249.1	KAI9824126.1
OG0003327	jgi|Cocpo1_1|298|XM_003065249.1	jgi|EndpusZ1|3146|EPUS_07720T0
OG0003398	jgi|Cocpo1_1|4168|XM_003069121.1	jgi|Fusgr1|12761|FGSG_10917T0
OG0003398	jgi|Cocpo1_1|5470|XM_003070423.1	jgi|Neucr_trp3_1|10102|Neucr2.NCU06117T0
OG0003398	jgi|Cocpo1_1|5470|XM_003070423.1	jgi|Podan3|208877|mRNA_7705
OG0003398	jgi|Cocpo1_1|5470|XM_003070423.1	jgi|Fusgr1|8080|FGSG_06990T0
OG0003398	jgi|Cocpo1_1|5470|XM_003070423.1	KAI9708273.1
OG0003398	jgi|Cocpo1_1|5470|XM_003070423.1	KAI9668760.1
OG0003398	jgi|Cocpo1_1|5470|XM_003070423.1	jgi|Umbpus1|104584|LPUS_11384T0
OG0003398	jgi|Cocpo1_1|5470|XM_003070423.1	KAI4261340.1
OG0003398	jgi|Cocpo1_1|5470|XM_003070423.1	jgi|Grascr1|2262|GST1_007037-RA
OG0003398	jgi|Cocpo1_1|5470|XM_003070423.1	KAI4218234.1
OG0003398	jgi|Cocpo1_1|5470|XM_003070423.1	KAI4217385.1
OG0003398	jgi|Cocpo1_1|5470|XM_003070423.1	KAI4100338.1
OG0003398	jgi|Cocpo1_1|5470|XM_003070423.1	GTX0494b19_007971-T1
OG0003398	jgi|Cocpo1_1|5470|XM_003070423.1	FUN_006882_T1_FUN_006882
OG0003398	jgi|Cocpo1_1|5470|XM_003070423.1	KAI4096784.1
OG0003398	jgi|Cocpo1_1|5470|XM_003070423.1	CAF9928966.1
OG0003398	jgi|Cocpo1_1|5470|XM_003070423.1	jgi|Clagr3|2796|CLAGR_002764-RA
OG0003398	jgi|Cocpo1_1|5470|XM_003070423.1	jgi|Dibbae1|7738|DIBA_010419-RA
OG0003398	jgi|Cocpo1_1|5470|XM_003070423.1	coassemb376_001230-T1
OG0003398	jgi|Cocpo1_1|5470|XM_003070423.1	KAI9833185.1
OG0003422	jgi|Cocpo1_1|2989|XM_003067942.1	jgi|Grascr1|6991|GST1_002829-RA
OG0003433	jgi|Cocpo1_1|5326|XM_003070279.1	XP_008712402.1
OG0003433	jgi|Cocpo1_1|5326|XM_003070279.1	jgi|Exoaq1|11004|A1O9_07373T0
OG0003437	jgi|Cocpo1_1|1614|XM_003066566.1	coassemb378_011328-T1
OG0003481	jgi|Cocpo1_1|3768|XM_003068721.1	KAI4261678.1
OG0003488	jgi|Cocpo1_1|3778|XM_003068731.1	jgi|Neucr_trp3_1|1223006|e_gw1.223.19.1
OG0003534	jgi|Cocpo1_1|3347|XM_003068300.1	KAI9724968.1
OG0003617	jgi|Cocpo1_1|6284|XM_003071237.1	CAF9906519.1
OG0003629	jgi|Cocpo1_1|6557|XM_003071510.1	coassemb376_000939-T1
OG0003689	jgi|Cocpo1_1|6526|XM_003071479.1	jgi|Clagr3|7431|CLAGR_007028-RA
OG0003739	jgi|Cocpo1_1|5605|XM_003070558.1	KAI4289387.1
OG0003752	jgi|Cocpo1_1|3144|XM_003068097.1	jgi|Umbpus1|101274|LPUS_08013T0
OG0003794	jgi|Cocpo1_1|6606|XM_003071559.1	KAI9817910.1
OG0003978	jgi|Cocpo1_1|5520|XM_003070473.1	CAF9943228.1
OG0003980	jgi|Cocpo1_1|122|XM_003065073.1	coassemb76_006176-T1
OG0004137	jgi|Cocpo1_1|883|XM_003065835.1	jgi|EndpusZ1|7542|EPUS_07291T0
OG0004250	jgi|Cocpo1_1|6614|XM_003071567.1	jgi|Monha1|1644|H072_1644m.01
OG0004295	jgi|Cocpo1_1|6408|XM_003071361.1	jgi|Fusgr1|12290|FGSG_10627T0
OG0004308	jgi|Cocpo1_1|3410|XM_003068363.1	jgi|Fusgr1|12415|FGSG_13829T0
OG0004308	jgi|Cocpo1_1|3410|XM_003068363.1	jgi|Sclsc1|64|SS1G_00064T0
OG0004318	jgi|Cocpo1_1|2628|XM_003067581.1	jgi|PseVKM4520_1|3541|transcript_KFZ14981
OG0004369	jgi|Cocpo1_1|3883|XM_003068836.1	jgi|Morco1|534707|fgenesh1_kg.17_#_43_#_Locus16834v1rpkm0.80
OG0004369	jgi|Cocpo1_1|1562|XM_003066514.1	jgi|Fusgr1|5002|FGSG_03177T0, jgi|Fusgr1|10586|FGSG_09140T0
OG0004369	jgi|Cocpo1_1|1562|XM_003066514.1	jgi|Podan3|207512|mRNA_6340
OG0004369	jgi|Cocpo1_1|1562|XM_003066514.1	jgi|Neucr_trp3_1|9304|Neucr2.NCU04092T0
OG0004369	jgi|Cocpo1_1|1562|XM_003066514.1	CAF9919184.1
OG0004419	jgi|Cocpo1_1|5148|XM_003070101.1	jgi|Acastr1|121195|AST1_003133-RA
OG0004435	jgi|Cocpo1_1|4108|XM_003069061.1	GTX0486b100_006750-T1
OG0004527	jgi|Cocpo1_1|2322|XM_003067275.1	CAF9925501.1
OG0004683	jgi|Cocpo1_1|6231|XM_003071184.1	jgi|Podan3|206003|mRNA_4831
OG0004739	jgi|Cocpo1_1|2758|XM_003067711.1	jgi|Umbpus1|101492|LPUS_08193T0
OG0005177	jgi|Cocpo1_1|4556|XM_003069509.1	jgi|Grascr1|8130|GST1_003831-RA
OG0005228	jgi|Cocpo1_1|4818|XM_003069771.1	jgi|Monha1|8323|H072_8618m.01
OG0005366	jgi|Cocpo1_1|4634|XM_003069587.1	KAI4231955.1
OG0005383	jgi|Cocpo1_1|3094|XM_003068047.1	coassemb76_006220-T1
OG0005383	jgi|Cocpo1_1|3094|XM_003068047.1	jgi|Exoaq1|3186|A1O9_10704T0
OG0005421	jgi|Cocpo1_1|5767|XM_003070720.1	jgi|Acastr1|125559|AST1_002789-RA
OG0005425	jgi|Cocpo1_1|4605|XM_003069558.1	jgi|Phach1|1154|rna1153
OG0005432	jgi|Cocpo1_1|6615|XM_003071568.1	coassemb378_005041-T1
OG0005499	jgi|Cocpo1_1|5391|XM_003070344.1	jgi|Exoaq1|4779|A1O9_02298T0, jgi|Exoaq1|9599|A1O9_06029T0
OG0005642	jgi|Cocpo1_1|3355|XM_003068308.1	jgi|Grascr1|5566|GST1_001888-RA
OG0005662	jgi|Cocpo1_1|2833|XM_003067786.1	KAI9719829.1
OG0005662	jgi|Cocpo1_1|2833|XM_003067786.1	jgi|Grascr1|2591|GST1_006896-RA
OG0005662	jgi|Cocpo1_1|2833|XM_003067786.1	CAF9941370.1
OG0005666	jgi|Cocpo1_1|1570|XM_003066522.1	FUN_002097_T1_FUN_002097
OG0005682	jgi|Cocpo1_1|4288|XM_003069241.1	jgi|Dibbae1|11879|DIBA_001053-RA
OG0005802	jgi|Cocpo1_1|7074|XM_003072027.1	jgi|Acastr1|125594|AST1_007871-RA
OG0005825	jgi|Cocpo1_1|6431|XM_003071384.1	KAI9705914.1
OG0005829	jgi|Cocpo1_1|5852|XM_003070805.1	jgi|Fonmu1|3061|Z520_07697T0
OG0005834	jgi|Cocpo1_1|5621|XM_003070574.1	XP_008716065.1
OG0005850	jgi|Cocpo1_1|4180|XM_003069133.1	jgi|Clagr3|11036|CLAGR_010911-RA
OG0005881	jgi|Cocpo1_1|2023|XM_003066976.1	jgi|Grascr1|7047|GST1_010577-RA
OG0005898	jgi|Cocpo1_1|539|XM_003065491.1	KAI9723592.1
OG0005921	jgi|Cocpo1_1|1805|XM_003066757.1	jgi|Monha1|9690|H072_10193m.01
OG0006059	jgi|Cocpo1_1|2021|XM_003066974.1	KAI4239100.1
OG0006113	jgi|Cocpo1_1|5445|XM_003070398.1	jgi|Penexp1|2031|PEXP_024430T0
OG0006178	jgi|Cocpo1_1|7197|XM_003072150.1	jgi|Grascr1|8723|GST1_011775-RA
OG0006180	jgi|Cocpo1_1|4709|XM_003069662.1, jgi|Cocpo1_1|6935|XM_003071888.1	CAF9942121.1
OG0006180	jgi|Cocpo1_1|4709|XM_003069662.1, jgi|Cocpo1_1|6935|XM_003071888.1	jgi|Artol1|335|AOL_s00004g334m.01
OG0006180	jgi|Cocpo1_1|4709|XM_003069662.1, jgi|Cocpo1_1|6935|XM_003071888.1	jgi|Acastr1|124484|AST1_001611-RA
OG0006180	jgi|Cocpo1_1|4709|XM_003069662.1, jgi|Cocpo1_1|6935|XM_003071888.1	KAI9658845.1
OG0006237	jgi|Cocpo1_1|135|XM_003065086.1	KAI4093048.1
OG0006292	jgi|Cocpo1_1|4348|XM_003069301.1	KAI4228881.1
OG0006312	jgi|Cocpo1_1|877|XM_003065829.1	coassemb378_011409-T1
OG0006351	jgi|Cocpo1_1|1499|XM_003066451.1, jgi|Cocpo1_1|1942|XM_003066894.1, jgi|Cocpo1_1|5498|XM_003070451.1, jgi|Cocpo1_1|7055|XM_003072008.1, jgi|Cocpo1_1|4943|XM_003069896.1, jgi|Cocpo1_1|6908|XM_003071861.1, jgi|Cocpo1_1|2475|XM_003067428.1	coassemb378_008669-T1, coassemb378_003689-T1
OG0006505	jgi|Cocpo1_1|3936|XM_003068889.1	jgi|Aurpu_var_mel1|70279|fgenesh1_pg.37_#_31
OG0006768	jgi|Cocpo1_1|611|XM_003065563.1	jgi|Fonmu1|6741|Z520_01951T0
OG0006950	jgi|Cocpo1_1|2800|XM_003067753.1	jgi|Claba1|130050|Z519_08357T0, jgi|Claba1|136877|Z519_03411T0
OG0007290	jgi|Cocpo1_1|6445|XM_003071398.1	jgi|PseVKM4520_1|1308|transcript_KFZ19197
OG0007320	jgi|Cocpo1_1|174|XM_003065125.1	jgi|Podan3|202203|mRNA_1031
OG0007327	jgi|Cocpo1_1|4777|XM_003069730.1	jgi|Phach1|2216|rna2215
OG0007562	jgi|Cocpo1_1|1395|XM_003066347.1	jgi|Claba1|127841|Z519_00222T0
OG0007956	jgi|Cocpo1_1|6662|XM_003071615.1	jgi|Clagr3|3886|CLAGR_003709-RA
