Orthogroup	Dibbae1_GeneCatalog_proteins_20160727.aa	Other
OG0000000	jgi|Dibbae1|4299|DIBA_007197-RA	jgi|Clagr3|6472|CLAGR_006578-RA
OG0000000	jgi|Dibbae1|4381|DIBA_002009-RA	KAI4090072.1
OG0000000	jgi|Dibbae1|4381|DIBA_002009-RA	jgi|EndpusZ1|3758|EPUS_07130T0
OG0000001	jgi|Dibbae1|8392|DIBA_011301-RA	coassemb378_008205-T1
OG0000002	jgi|Dibbae1|6953|DIBA_010555-RA	jgi|EndpusZ1|4163|EPUS_04808T0
OG0000003	jgi|Dibbae1|10627|DIBA_003191-RA	coassemb378_008949-T1
OG0000003	jgi|Dibbae1|10627|DIBA_003191-RA	KAI9835391.1, KAI9832650.1
OG0000003	jgi|Dibbae1|10627|DIBA_003191-RA	jgi|Aspni_DSM_1|164637|An12g03110m.01
OG0000003	jgi|Dibbae1|10627|DIBA_003191-RA	coassemb64_002218-T1
OG0000003	jgi|Dibbae1|10627|DIBA_003191-RA	jgi|PseVKM4520_1|7766|transcript_KFZ07764
OG0000003	jgi|Dibbae1|10627|DIBA_003191-RA	jgi|Fusgr1|5577|FGSG_12613T0
OG0000003	jgi|Dibbae1|10627|DIBA_003191-RA	GTX0466b15_003846-T1
OG0000003	jgi|Dibbae1|10627|DIBA_003191-RA	jgi|Phach1|1398|rna1397
OG0000003	jgi|Dibbae1|10627|DIBA_003191-RA	KAI4232974.1
OG0000003	jgi|Dibbae1|10627|DIBA_003191-RA	KAI4232974.1
OG0000003	jgi|Dibbae1|10627|DIBA_003191-RA	CAF9916706.1
OG0000003	jgi|Dibbae1|10627|DIBA_003191-RA	GTX0486b100_006260-T1
OG0000003	jgi|Dibbae1|9919|DIBA_002349-RA	jgi|Podan3|201333|mRNA_161
OG0000004	jgi|Dibbae1|11366|DIBA_000601-RA	jgi|Exoaq1|11121|A1O9_07456T0
OG0000004	jgi|Dibbae1|1371|DIBA_007659-RA	jgi|Claba1|133761|Z519_11161T0
OG0000009	jgi|Dibbae1|2517|DIBA_007823-RA	jgi|Claba1|128724|Z519_07022T0
OG0000009	jgi|Dibbae1|2517|DIBA_007823-RA	KAJ9663857.1, KAJ9652153.1
OG0000009	jgi|Dibbae1|2517|DIBA_007823-RA	jgi|Exoaq1|5525|A1O9_03049T0
OG0000010	jgi|Dibbae1|129|DIBA_001266-RA	jgi|Acastr1|122804|AST1_004291-RA
OG0000010	jgi|Dibbae1|129|DIBA_001266-RA	KAI9724642.1
OG0000010	jgi|Dibbae1|129|DIBA_001266-RA	KAI9665518.1
OG0000010	jgi|Dibbae1|129|DIBA_001266-RA	CAF9907889.1
OG0000010	jgi|Dibbae1|8258|DIBA_011790-RA	CAF9932876.1
OG0000014	jgi|Dibbae1|8438|DIBA_010822-RA	jgi|Penexp1|10961|PEXP_021950T0
OG0000014	jgi|Dibbae1|8438|DIBA_010822-RA	jgi|EndpusZ1|5016|EPUS_06527T0
OG0000014	jgi|Dibbae1|3381|DIBA_000251-RA	KAI4208649.1
OG0000015	jgi|Dibbae1|8150|DIBA_009760-RA	jgi|Penexp1|3668|PEXP_085500T0
OG0000015	jgi|Dibbae1|8150|DIBA_009760-RA	jgi|Aspni_DSM_1|159833|An05g01120m.01, jgi|Aspni_DSM_1|163216|An10g00660m.01, jgi|Aspni_DSM_1|162661|An09g02000m.01
OG0000015	jgi|Dibbae1|8150|DIBA_009760-RA	jgi|Cocpo1_1|2685|XM_003067638.1
OG0000015	jgi|Dibbae1|2252|DIBA_001379-RA	jgi|Aspni_DSM_1|163638|An11g03940m.01, jgi|Aspni_DSM_1|166170|An14g03870m.01
OG0000015	jgi|Dibbae1|5457|DIBA_010014-RA	jgi|Aspni_DSM_1|166513|An14g07320m.01
OG0000015	jgi|Dibbae1|5457|DIBA_010014-RA	jgi|Penexp1|8498|PEXP_015910T0
OG0000015	jgi|Dibbae1|9026|DIBA_003300-RA	jgi|Monha1|7534|H072_7784m.01
OG0000015	jgi|Dibbae1|9025|DIBA_003299-RA	KAI4286931.1
OG0000016	jgi|Dibbae1|9202|DIBA_011321-RA	KAI9716702.1
OG0000016	jgi|Dibbae1|9202|DIBA_011321-RA	GTX0486b100_001164-T1, GTX0486b100_000790-T1, GTX0486b100_001165-T1
OG0000020	jgi|Dibbae1|1695|DIBA_005600-RA	jgi|Aspni_DSM_1|162084|An08g08250m.01
OG0000021	jgi|Dibbae1|9652|DIBA_011960-RA	coassemb76_007353-T1
OG0000025	jgi|Dibbae1|2052|DIBA_006708-RA	jgi|Claba1|132263|Z519_10582T0
OG0000025	jgi|Dibbae1|2052|DIBA_006708-RA	jgi|Fonmu1|9583|Z520_11990T0
OG0000027	jgi|Dibbae1|6913|DIBA_001862-RA	jgi|Penexp1|2017|PEXP_024290T0
OG0000027	jgi|Dibbae1|12500|DIBA_004887-RA, jgi|Dibbae1|4405|DIBA_009014-RA	GTX0466b15_002962-T1
OG0000031	jgi|Dibbae1|7717|DIBA_010063-RA	jgi|Altal1|169213|CE169212_281
OG0000033	jgi|Dibbae1|11430|DIBA_003933-RA	jgi|Exoaq1|2387|A1O9_09913T0
OG0000034	jgi|Dibbae1|3379|DIBA_000249-RA	KAI4231867.1
OG0000038	jgi|Dibbae1|2402|DIBA_006562-RA	jgi|Clagr3|736|CLAGR_000726-RA
OG0000038	jgi|Dibbae1|10385|DIBA_012139-RA, jgi|Dibbae1|3651|DIBA_008332-RA, jgi|Dibbae1|3655|DIBA_008336-RA	KAI9654460.1
OG0000038	jgi|Dibbae1|10385|DIBA_012139-RA, jgi|Dibbae1|3651|DIBA_008332-RA, jgi|Dibbae1|3655|DIBA_008336-RA	KAI9702601.1
OG0000038	jgi|Dibbae1|3651|DIBA_008332-RA, jgi|Dibbae1|3655|DIBA_008336-RA	jgi|Grascr1|12352|GST1_005156-RA
OG0000038	jgi|Dibbae1|3651|DIBA_008332-RA, jgi|Dibbae1|3655|DIBA_008336-RA	jgi|Exoaq1|3381|A1O9_10900T0
OG0000038	jgi|Dibbae1|3651|DIBA_008332-RA, jgi|Dibbae1|3655|DIBA_008336-RA	coassemb64_003298-T1
OG0000038	jgi|Dibbae1|3651|DIBA_008332-RA, jgi|Dibbae1|3655|DIBA_008336-RA	jgi|Fonmu1|8420|Z520_11395T0
OG0000038	jgi|Dibbae1|3651|DIBA_008332-RA, jgi|Dibbae1|3655|DIBA_008336-RA	jgi|Claba1|133115|Z519_01593T0
OG0000038	jgi|Dibbae1|3651|DIBA_008332-RA, jgi|Dibbae1|3655|DIBA_008336-RA	jgi|Monha1|6129|H072_6324m.01
OG0000038	jgi|Dibbae1|10385|DIBA_012139-RA	jgi|Grascr1|12352|GST1_005156-RA
OG0000038	jgi|Dibbae1|10385|DIBA_012139-RA	jgi|Exoaq1|3381|A1O9_10900T0
OG0000038	jgi|Dibbae1|10385|DIBA_012139-RA	coassemb64_003298-T1
OG0000038	jgi|Dibbae1|10385|DIBA_012139-RA	jgi|Fonmu1|8420|Z520_11395T0
OG0000038	jgi|Dibbae1|10385|DIBA_012139-RA	jgi|Claba1|133115|Z519_01593T0
OG0000038	jgi|Dibbae1|10385|DIBA_012139-RA	jgi|Monha1|6129|H072_6324m.01
OG0000038	jgi|Dibbae1|3651|DIBA_008332-RA, jgi|Dibbae1|3655|DIBA_008336-RA	jgi|EndpusZ1|4558|EPUS_06091T0
OG0000038	jgi|Dibbae1|4143|DIBA_008764-RA	jgi|Aspni_DSM_1|168541|An18g00910m.01
OG0000038	jgi|Dibbae1|4142|DIBA_008763-RA	KAJ9664194.1, KAJ9652226.1
OG0000038	jgi|Dibbae1|4142|DIBA_008763-RA	jgi|Aspni_DSM_1|158265|An03g02580m.01
OG0000038	jgi|Dibbae1|4142|DIBA_008763-RA	GTX0466b15_004911-T1, GTX0466b15_005784-T1, GTX0466b15_000792-T1, GTX0466b15_008599-T1
OG0000038	jgi|Dibbae1|4142|DIBA_008763-RA	jgi|Exoaq1|1097|A1O9_01101T0, jgi|Exoaq1|4621|A1O9_02140T0, jgi|Exoaq1|5072|A1O9_02594T0, jgi|Exoaq1|11672|A1O9_08008T0, jgi|Exoaq1|1199|A1O9_01204T0, jgi|Exoaq1|10618|A1O9_06987T0, jgi|Exoaq1|5248|A1O9_02771T0
OG0000038	jgi|Dibbae1|4142|DIBA_008763-RA	jgi|Fonmu1|119|Z520_00120T0, jgi|Fonmu1|6765|Z520_01975T0, jgi|Fonmu1|4510|Z520_01496T0, jgi|Fonmu1|30|Z520_00031T0
OG0000038	jgi|Dibbae1|4142|DIBA_008763-RA	jgi|Claba1|132582|Z519_01060T0, jgi|Claba1|132525|Z519_01003T0, jgi|Claba1|137240|Z519_03766T0, jgi|Claba1|137695|Z519_04222T0, jgi|Claba1|139613|Z519_06145T0, jgi|Claba1|136500|Z519_03031T0
OG0000038	jgi|Dibbae1|4142|DIBA_008763-RA	coassemb64_005942-T1, coassemb64_003155-T1, coassemb64_005927-T1, coassemb64_007007-T1, coassemb64_003812-T1
OG0000038	jgi|Dibbae1|4142|DIBA_008763-RA	XP_008712476.1, XP_008718837.1, XP_008718764.1, XP_008718606.1, XP_008717101.1
OG0000038	jgi|Dibbae1|4142|DIBA_008763-RA	jgi|Capcor1|100033|A1O1_07210T0
OG0000038	jgi|Dibbae1|4142|DIBA_008763-RA	jgi|Altal1|1091920|estExt_Genemark1.C_4_t10172
OG0000038	jgi|Dibbae1|4142|DIBA_008763-RA	jgi|PseVKM4520_1|2874|transcript_KFZ16264
OG0000038	jgi|Dibbae1|4142|DIBA_008763-RA	jgi|Penexp1|7864|PEXP_008450T0
OG0000038	jgi|Dibbae1|4142|DIBA_008763-RA	jgi|Fusgr1|5068|FGSG_03116T0, jgi|Fusgr1|4626|FGSG_03500T0, jgi|Fusgr1|2486|FGSG_02172T0
OG0000038	jgi|Dibbae1|4142|DIBA_008763-RA	coassemb76_007162-T1, coassemb76_006808-T1, coassemb76_000609-T1, coassemb76_009147-T1, coassemb76_004244-T1, coassemb76_002548-T1, coassemb76_009945-T1
OG0000038	jgi|Dibbae1|6222|DIBA_009290-RA	jgi|Neucr_trp3_1|8400|Neucr2.NCU09845T0
OG0000038	jgi|Dibbae1|6222|DIBA_009290-RA	jgi|Erypu1|2989|transcript_POS82580
OG0000038	jgi|Dibbae1|6222|DIBA_009290-RA	KAI9831459.1
OG0000038	jgi|Dibbae1|6222|DIBA_009290-RA	jgi|Penexp1|3391|PEXP_084720T0, jgi|Penexp1|10442|PEXP_061200T0, jgi|Penexp1|550|PEXP_054810T0
OG0000038	jgi|Dibbae1|6222|DIBA_009290-RA	jgi|Aspni_DSM_1|158552|An03g05620m.01, jgi|Aspni_DSM_1|163268|An11g00150m.01
OG0000038	jgi|Dibbae1|6222|DIBA_009290-RA	CAF9928604.1
OG0000038	jgi|Dibbae1|6222|DIBA_009290-RA	coassemb376_006118-T1
OG0000038	jgi|Dibbae1|6222|DIBA_009290-RA	jgi|PseVKM4520_1|504|transcript_KFZ25201
OG0000038	jgi|Dibbae1|6222|DIBA_009290-RA	jgi|Altal1|925322|e_gw1.1.2109.1
OG0000038	jgi|Dibbae1|6222|DIBA_009290-RA	jgi|Fusgr1|11675|FGSG_10086T0, jgi|Fusgr1|4455|FGSG_03658T0
OG0000038	jgi|Dibbae1|6222|DIBA_009290-RA	jgi|Clagr3|4491|CLAGR_005003-RA
OG0000038	jgi|Dibbae1|6222|DIBA_009290-RA	jgi|Umbpus1|102174|LPUS_02977T0
OG0000040	jgi|Dibbae1|2815|DIBA_008315-RA	jgi|Capcor1|97361|A1O1_04519T0
OG0000050	jgi|Dibbae1|10322|DIBA_012218-RA	GTX0486b100_005114-T1
OG0000050	jgi|Dibbae1|10322|DIBA_012218-RA	KAI9707067.1
OG0000050	jgi|Dibbae1|10322|DIBA_012218-RA	KAI9723893.1
OG0000050	jgi|Dibbae1|10322|DIBA_012218-RA	jgi|Clagr3|5476|CLAGR_006271-RA, jgi|Clagr3|957|CLAGR_000946-RA
OG0000052	jgi|Dibbae1|5774|DIBA_002039-RA	jgi|Grascr1|1647|GST1_007228-RA
OG0000057	jgi|Dibbae1|8837|DIBA_011841-RA	jgi|Fusgr1|2767|FGSG_12134T0, jgi|Fusgr1|3417|FGSG_04581T0
OG0000057	jgi|Dibbae1|8837|DIBA_011841-RA	FUN_005600_T1_FUN_005600
OG0000066	jgi|Dibbae1|2604|DIBA_009584-RA	jgi|Phach1|1394|rna1393
OG0000066	jgi|Dibbae1|4642|DIBA_001639-RA	jgi|Claba1|130244|Z519_08551T0
OG0000066	jgi|Dibbae1|4642|DIBA_001639-RA	jgi|Fonmu1|612|Z520_00614T0
OG0000066	jgi|Dibbae1|4642|DIBA_001639-RA	jgi|Exoaq1|3320|A1O9_10837T0
OG0000066	jgi|Dibbae1|4642|DIBA_001639-RA	jgi|Capcor1|95539|A1O1_02679T0
OG0000066	jgi|Dibbae1|4642|DIBA_001639-RA	GTX0466b15_000341-T1
OG0000066	jgi|Dibbae1|4642|DIBA_001639-RA	coassemb76_008320-T1
OG0000066	jgi|Dibbae1|4642|DIBA_001639-RA	XP_008716592.1
OG0000066	jgi|Dibbae1|4642|DIBA_001639-RA	KAJ9651602.1
OG0000066	jgi|Dibbae1|4642|DIBA_001639-RA	jgi|EndpusZ1|8253|EPUS_08192T0
OG0000066	jgi|Dibbae1|4642|DIBA_001639-RA	jgi|Phach1|4097|rna4096
OG0000066	jgi|Dibbae1|4642|DIBA_001639-RA	jgi|Morco1|608239|estExt_Genemark1.C_510061
OG0000067	jgi|Dibbae1|4741|DIBA_007645-RA	jgi|Grascr1|1098|GST1_001155-RA, jgi|Grascr1|800|GST1_008971-RA
OG0000072	jgi|Dibbae1|296|DIBA_005178-RA	jgi|Aspni_DSM_1|167721|An16g04250m.01
OG0000074	jgi|Dibbae1|7724|DIBA_010070-RA	jgi|Clagr3|11264|CLAGR_011075-RA
OG0000074	jgi|Dibbae1|7724|DIBA_010070-RA	coassemb376_001531-T1
OG0000075	jgi|Dibbae1|130|DIBA_001267-RA	jgi|Altal1|1013584|fgenesh1_pg.28_#_106
OG0000075	jgi|Dibbae1|130|DIBA_001267-RA	jgi|Fonmu1|3858|Z520_08495T0
OG0000075	jgi|Dibbae1|130|DIBA_001267-RA	jgi|Claba1|136356|Z519_02885T0
OG0000075	jgi|Dibbae1|130|DIBA_001267-RA	jgi|Capcor1|98670|A1O1_05836T0
OG0000075	jgi|Dibbae1|130|DIBA_001267-RA	jgi|Exoaq1|9387|A1O9_05815T0
OG0000075	jgi|Dibbae1|130|DIBA_001267-RA	KAI9832415.1
OG0000075	jgi|Dibbae1|130|DIBA_001267-RA	jgi|Umbpus1|106980|LPUS_05205T0
OG0000075	jgi|Dibbae1|130|DIBA_001267-RA	KAI9652246.1
OG0000075	jgi|Dibbae1|130|DIBA_001267-RA	jgi|Acastr1|122805|AST1_004292-RA
OG0000086	jgi|Dibbae1|885|DIBA_000987-RA	jgi|Penexp1|5865|PEXP_011740T0
OG0000086	jgi|Dibbae1|885|DIBA_000987-RA	jgi|Aspni_DSM_1|165990|An14g02050m.01
OG0000091	jgi|Dibbae1|5637|DIBA_008235-RA, jgi|Dibbae1|2653|DIBA_006577-RA	coassemb76_008068-T1
OG0000093	jgi|Dibbae1|3763|DIBA_009047-RA	jgi|Acastr1|120312|AST1_000119-RA, jgi|Acastr1|123181|AST1_003818-RA
OG0000093	jgi|Dibbae1|3763|DIBA_009047-RA	jgi|Umbpus1|105764|LPUS_03796T0, jgi|Umbpus1|104983|LPUS_11820T0
OG0000093	jgi|Dibbae1|3763|DIBA_009047-RA	coassemb376_000159-T1, coassemb376_005536-T1
OG0000093	jgi|Dibbae1|3763|DIBA_009047-RA	KAI9814948.1
OG0000093	jgi|Dibbae1|3763|DIBA_009047-RA	KAI9757478.1
OG0000096	jgi|Dibbae1|9024|DIBA_003298-RA	jgi|EndpusZ1|6610|EPUS_05226T0
OG0000100	jgi|Dibbae1|8186|DIBA_003553-RA	jgi|Podan3|208008|mRNA_6836
OG0000102	jgi|Dibbae1|8713|DIBA_011037-RA, jgi|Dibbae1|8716|DIBA_011040-RA, jgi|Dibbae1|6761|DIBA_002648-RA, jgi|Dibbae1|8789|DIBA_002282-RA	GTX0494b19_005928-T1
OG0000102	jgi|Dibbae1|8713|DIBA_011037-RA, jgi|Dibbae1|8716|DIBA_011040-RA, jgi|Dibbae1|6761|DIBA_002648-RA, jgi|Dibbae1|8789|DIBA_002282-RA	KAI4108317.1, KAI4111615.1
OG0000102	jgi|Dibbae1|8713|DIBA_011037-RA, jgi|Dibbae1|8716|DIBA_011040-RA, jgi|Dibbae1|6761|DIBA_002648-RA, jgi|Dibbae1|8789|DIBA_002282-RA	KAI4221659.1
OG0000102	jgi|Dibbae1|8713|DIBA_011037-RA, jgi|Dibbae1|8716|DIBA_011040-RA, jgi|Dibbae1|6761|DIBA_002648-RA, jgi|Dibbae1|8789|DIBA_002282-RA	KAI4237768.1, KAI4219626.1
OG0000102	jgi|Dibbae1|8713|DIBA_011037-RA, jgi|Dibbae1|8716|DIBA_011040-RA, jgi|Dibbae1|6761|DIBA_002648-RA, jgi|Dibbae1|8789|DIBA_002282-RA	FUN_000638_T1_FUN_000638, FUN_002655_T1_FUN_002655
OG0000102	jgi|Dibbae1|8713|DIBA_011037-RA, jgi|Dibbae1|8716|DIBA_011040-RA, jgi|Dibbae1|6761|DIBA_002648-RA, jgi|Dibbae1|8789|DIBA_002282-RA	KAI4108459.1, KAI4106619.1
OG0000102	jgi|Dibbae1|8713|DIBA_011037-RA, jgi|Dibbae1|8716|DIBA_011040-RA, jgi|Dibbae1|6761|DIBA_002648-RA, jgi|Dibbae1|8789|DIBA_002282-RA	jgi|Clagr3|8831|CLAGR_008272-RA
OG0000102	jgi|Dibbae1|8713|DIBA_011037-RA, jgi|Dibbae1|8716|DIBA_011040-RA, jgi|Dibbae1|6761|DIBA_002648-RA, jgi|Dibbae1|8789|DIBA_002282-RA	CAF9917151.1, CAF9943863.1
OG0000102	jgi|Dibbae1|8713|DIBA_011037-RA, jgi|Dibbae1|8716|DIBA_011040-RA, jgi|Dibbae1|6761|DIBA_002648-RA, jgi|Dibbae1|8789|DIBA_002282-RA	jgi|Umbpus1|101433|LPUS_08153T0
OG0000102	jgi|Dibbae1|8212|DIBA_009310-RA, jgi|Dibbae1|8116|DIBA_010980-RA, jgi|Dibbae1|7004|DIBA_008393-RA	jgi|Acastr1|126316|AST1_007281-RA
OG0000112	jgi|Dibbae1|3223|DIBA_007807-RA	jgi|Exoaq1|6159|A1O9_11960T0
OG0000112	jgi|Dibbae1|10710|DIBA_004515-RA	jgi|Sclsc1|6418|SS1G_01918T0
OG0000112	jgi|Dibbae1|10710|DIBA_004515-RA	jgi|Fonmu1|11777|Z520_04982T0
OG0000112	jgi|Dibbae1|10710|DIBA_004515-RA	KAI9711897.1
OG0000112	jgi|Dibbae1|10710|DIBA_004515-RA	GTX0486b100_007045-T1
OG0000112	jgi|Dibbae1|10710|DIBA_004515-RA	KAI9698024.1
OG0000112	jgi|Dibbae1|10710|DIBA_004515-RA	KAI9747185.1
OG0000112	jgi|Dibbae1|10710|DIBA_004515-RA	jgi|PseVKM4520_1|2125|transcript_KFZ17624
OG0000124	jgi|Dibbae1|5406|DIBA_008556-RA	jgi|Clagr3|3224|CLAGR_003045-RA
OG0000125	jgi|Dibbae1|6490|DIBA_008349-RA	jgi|PseVKM4520_1|9504|transcript_KFZ03146
OG0000125	jgi|Dibbae1|6490|DIBA_008349-RA	coassemb378_000043-T1
OG0000125	jgi|Dibbae1|6490|DIBA_008349-RA	coassemb376_001759-T1
OG0000125	jgi|Dibbae1|6490|DIBA_008349-RA	KAI4288828.1
OG0000125	jgi|Dibbae1|6490|DIBA_008349-RA	jgi|Claba1|136810|Z519_03343T0
OG0000125	jgi|Dibbae1|6490|DIBA_008349-RA	KAI9696599.1
OG0000125	jgi|Dibbae1|6490|DIBA_008349-RA	CAF9942596.1
OG0000125	jgi|Dibbae1|6490|DIBA_008349-RA	KAI9665514.1
OG0000125	jgi|Dibbae1|6490|DIBA_008349-RA	KAI4087888.1
OG0000125	jgi|Dibbae1|6490|DIBA_008349-RA	KAI4226198.1
OG0000125	jgi|Dibbae1|6490|DIBA_008349-RA	KAI4227775.1
OG0000125	jgi|Dibbae1|6490|DIBA_008349-RA	jgi|Altal1|156698|CE156697_342
OG0000125	jgi|Dibbae1|6490|DIBA_008349-RA	jgi|Grascr1|7918|GST1_011476-RA
OG0000125	jgi|Dibbae1|6490|DIBA_008349-RA	KAI9715531.1
OG0000125	jgi|Dibbae1|2378|DIBA_006353-RA	KAI4092018.1
OG0000125	jgi|Dibbae1|2378|DIBA_006353-RA	KAI4223583.1
OG0000125	jgi|Dibbae1|2378|DIBA_006353-RA	KAI4230730.1
OG0000125	jgi|Dibbae1|2378|DIBA_006353-RA	KAI4100262.1
OG0000125	jgi|Dibbae1|2378|DIBA_006353-RA	jgi|Grascr1|8227|GST1_010816-RA
OG0000125	jgi|Dibbae1|2378|DIBA_006353-RA	jgi|PseVKM4520_1|6148|transcript_KFZ10263
OG0000126	jgi|Dibbae1|2371|DIBA_006346-RA	coassemb76_010089-T1
OG0000126	jgi|Dibbae1|2371|DIBA_006346-RA	jgi|Grascr1|3178|GST1_002108-RA
OG0000127	jgi|Dibbae1|590|DIBA_005828-RA	coassemb376_002939-T1
OG0000131	jgi|Dibbae1|4467|DIBA_007615-RA	KAI9653286.1
OG0000131	jgi|Dibbae1|4467|DIBA_007615-RA	jgi|Aurpu_var_mel1|63718|fgenesh1_pg.4_#_55, jgi|Aurpu_var_mel1|56530|e_gw1.24.372.1
OG0000144	jgi|Dibbae1|4934|DIBA_008464-RA	jgi|Clagr3|667|CLAGR_000658-RA
OG0000144	jgi|Dibbae1|4934|DIBA_008464-RA	jgi|Clagr3|667|CLAGR_000658-RA
OG0000144	jgi|Dibbae1|4934|DIBA_008464-RA	KAI9702329.1
OG0000144	jgi|Dibbae1|4934|DIBA_008464-RA	GTX0486b100_005112-T1
OG0000144	jgi|Dibbae1|4934|DIBA_008464-RA	jgi|Altal1|1034290|fgenesh1_pm.22_#_61
OG0000144	jgi|Dibbae1|4934|DIBA_008464-RA	jgi|Fusgr1|8808|FGSG_07614T0
OG0000144	jgi|Dibbae1|4934|DIBA_008464-RA	jgi|Grascr1|812|GST1_008983-RA
OG0000144	jgi|Dibbae1|4934|DIBA_008464-RA	jgi|Grascr1|812|GST1_008983-RA
OG0000144	jgi|Dibbae1|4934|DIBA_008464-RA	jgi|Fonmu1|2033|Z520_06666T0
OG0000144	jgi|Dibbae1|4934|DIBA_008464-RA	jgi|Phach1|1619|rna1618
OG0000144	jgi|Dibbae1|4934|DIBA_008464-RA	jgi|EndpusZ1|1856|EPUS_03225T0
OG0000151	jgi|Dibbae1|6279|DIBA_008612-RA	jgi|PseVKM4520_1|10168|transcript_KFZ24155
OG0000151	jgi|Dibbae1|6279|DIBA_008612-RA	KAI9719401.1
OG0000152	jgi|Dibbae1|8133|DIBA_011648-RA	jgi|Exoaq1|10471|A1O9_06839T0
OG0000154	jgi|Dibbae1|7779|DIBA_003252-RA	jgi|Sclsc1|6264|SS1G_01765T0
OG0000154	jgi|Dibbae1|7779|DIBA_003252-RA	jgi|Aurpu_var_mel1|80818|gm1.1214_g, jgi|Aurpu_var_mel1|44261|e_gw1.5.1223.1, jgi|Aurpu_var_mel1|75903|fgenesh1_pm.12_#_149
OG0000154	jgi|Dibbae1|7779|DIBA_003252-RA	jgi|Exoaq1|6909|A1O9_12711T0, jgi|Exoaq1|9062|A1O9_05487T0, jgi|Exoaq1|9701|A1O9_06134T0, jgi|Exoaq1|12948|A1O9_09233T0
OG0000154	jgi|Dibbae1|7779|DIBA_003252-RA	jgi|Fonmu1|1578|Z520_06210T0, jgi|Fonmu1|248|Z520_00249T0, jgi|Fonmu1|7880|Z520_10852T0
OG0000154	jgi|Dibbae1|7779|DIBA_003252-RA	jgi|Claba1|131183|Z519_09496T0, jgi|Claba1|136179|Z519_12702T0, jgi|Claba1|129321|Z519_07624T0
OG0000154	jgi|Dibbae1|7779|DIBA_003252-RA	XP_008719661.1, XP_008711644.1, XP_008718647.1
OG0000154	jgi|Dibbae1|7779|DIBA_003252-RA	coassemb76_009407-T1, coassemb76_000331-T1
OG0000154	jgi|Dibbae1|7779|DIBA_003252-RA	KAJ9657726.1
OG0000154	jgi|Dibbae1|7779|DIBA_003252-RA	jgi|EndpusZ1|4580|EPUS_06113T0
OG0000154	jgi|Dibbae1|7779|DIBA_003252-RA	jgi|PseVKM4520_1|10408|transcript_KFZ25357
OG0000154	jgi|Dibbae1|7779|DIBA_003252-RA	jgi|Capcor1|93320|A1O1_00451T0
OG0000154	jgi|Dibbae1|7779|DIBA_003252-RA	GTX0466b15_007897-T1
OG0000154	jgi|Dibbae1|7779|DIBA_003252-RA	jgi|Aspni_DSM_1|163389|An11g01330m.01
OG0000154	jgi|Dibbae1|7779|DIBA_003252-RA	jgi|Acastr1|127746|AST1_004163-RA
OG0000160	jgi|Dibbae1|9776|DIBA_011215-RA, jgi|Dibbae1|4438|DIBA_008630-RA, jgi|Dibbae1|4432|DIBA_008624-RA	jgi|EndpusZ1|1203|EPUS_00014T0
OG0000160	jgi|Dibbae1|9776|DIBA_011215-RA	KAJ9661397.1
OG0000160	jgi|Dibbae1|4438|DIBA_008630-RA, jgi|Dibbae1|4432|DIBA_008624-RA	jgi|Fonmu1|8828|Z520_02903T0
OG0000160	jgi|Dibbae1|4438|DIBA_008630-RA, jgi|Dibbae1|4432|DIBA_008624-RA	jgi|Altal1|938129|e_gw1.13.798.1
OG0000164	jgi|Dibbae1|8219|DIBA_009317-RA	jgi|Podan3|206414|mRNA_5242
OG0000165	jgi|Dibbae1|3095|DIBA_008987-RA	KAI9708569.1
OG0000170	jgi|Dibbae1|5599|DIBA_007908-RA	jgi|Penexp1|120|PEXP_020750T0
OG0000170	jgi|Dibbae1|5599|DIBA_007908-RA	jgi|Altal1|702313|CE702312_36332, jgi|Altal1|993239|estExt_Genewise1Plus.C_15_t20144
OG0000171	jgi|Dibbae1|12575|DIBA_004251-RA	jgi|Exoaq1|8178|A1O9_04713T0
OG0000171	jgi|Dibbae1|12575|DIBA_004251-RA	coassemb76_007072-T1
OG0000176	jgi|Dibbae1|4946|DIBA_008476-RA	jgi|Exoaq1|11622|A1O9_07958T0
OG0000176	jgi|Dibbae1|4946|DIBA_008476-RA	XP_008713361.1
OG0000176	jgi|Dibbae1|4946|DIBA_008476-RA	KAJ9653578.1
OG0000177	jgi|Dibbae1|3728|DIBA_008186-RA	jgi|Aurpu_var_mel1|88715|gm1.9111_g
OG0000181	jgi|Dibbae1|3615|DIBA_007539-RA	CAF9937712.1
OG0000181	jgi|Dibbae1|3615|DIBA_007539-RA	jgi|Fonmu1|11781|Z520_04986T0
OG0000186	jgi|Dibbae1|9301|DIBA_011352-RA	jgi|Aurpu_var_mel1|77170|fgenesh1_pm.18_#_164
OG0000186	jgi|Dibbae1|9301|DIBA_011352-RA	jgi|Acastr1|122833|AST1_005203-RA
OG0000186	jgi|Dibbae1|9301|DIBA_011352-RA	KAI9719805.1
OG0000186	jgi|Dibbae1|9301|DIBA_011352-RA	KAI9700837.1
OG0000186	jgi|Dibbae1|9301|DIBA_011352-RA	KAI9828944.1
OG0000186	jgi|Dibbae1|9301|DIBA_011352-RA	jgi|Altal1|1004782|fgenesh1_pg.2_#_204
OG0000200	jgi|Dibbae1|3157|DIBA_001950-RA	jgi|Fusgr1|3068|FGSG_02688T0, jgi|Fusgr1|4515|FGSG_12409T0
OG0000213	jgi|Dibbae1|3780|DIBA_007172-RA	jgi|Claba1|136825|Z519_03359T0
OG0000228	jgi|Dibbae1|4735|DIBA_007639-RA	KAI4108699.1
OG0000228	jgi|Dibbae1|4735|DIBA_007639-RA	jgi|Clagr3|7458|CLAGR_007055-RA
OG0000235	jgi|Dibbae1|10794|DIBA_004643-RA	jgi|Penexp1|8163|PEXP_075040T0
OG0000235	jgi|Dibbae1|2949|DIBA_006212-RA	jgi|Exoaq1|1989|A1O9_09521T0
OG0000238	jgi|Dibbae1|3934|DIBA_006906-RA	jgi|Fusgr1|3901|FGSG_04143T0
OG0000238	jgi|Dibbae1|943|DIBA_007031-RA	jgi|Altal1|2778|CE2777_3532
OG0000238	jgi|Dibbae1|943|DIBA_007031-RA	jgi|Artol1|7140|AOL_s00091g31m.01
OG0000238	jgi|Dibbae1|559|DIBA_000948-RA	jgi|Aurpu_var_mel1|49698|e_gw1.11.49.1
OG0000238	jgi|Dibbae1|559|DIBA_000948-RA	jgi|Altal1|1057710|gm1.1945_g
OG0000239	jgi|Dibbae1|11527|DIBA_012635-RA	jgi|Capcor1|94518|A1O1_01656T0
OG0000250	jgi|Dibbae1|1578|DIBA_000742-RA	KAI9712898.1
OG0000259	jgi|Dibbae1|10192|DIBA_012283-RA	jgi|Exoaq1|9275|A1O9_05702T0
OG0000262	jgi|Dibbae1|200|DIBA_005350-RA, jgi|Dibbae1|280|DIBA_005162-RA	coassemb64_006437-T1
OG0000264	jgi|Dibbae1|1188|DIBA_008948-RA	CAF9915243.1
OG0000279	jgi|Dibbae1|5123|DIBA_002476-RA	jgi|Neucr_trp3_1|6469|Neucr2.NCU06980T0
OG0000286	jgi|Dibbae1|1702|DIBA_005607-RA	jgi|Fonmu1|5538|Z520_09351T0
OG0000307	jgi|Dibbae1|10153|DIBA_003107-RA	KAI9721423.1
OG0000307	jgi|Dibbae1|10153|DIBA_003107-RA	KAI9669097.1
OG0000307	jgi|Dibbae1|10153|DIBA_003107-RA	jgi|Umbpus1|102294|LPUS_09009T0
OG0000307	jgi|Dibbae1|10153|DIBA_003107-RA	jgi|Altal1|674676|CE674675_88070, jgi|Altal1|928959|e_gw1.4.419.1, jgi|Altal1|634164|CE634163_52036, jgi|Altal1|72278|CE72277_1627
OG0000313	jgi|Dibbae1|4911|DIBA_000724-RA	coassemb76_010026-T1
OG0000315	jgi|Dibbae1|10956|DIBA_003525-RA	jgi|Penexp1|2729|PEXP_108930T0
OG0000315	jgi|Dibbae1|10956|DIBA_003525-RA	jgi|Cocpo1_1|4194|XM_003069147.1
OG0000317	jgi|Dibbae1|193|DIBA_001330-RA	jgi|Sclsc1|1845|SS1G_08301T0
OG0000331	jgi|Dibbae1|2195|DIBA_008719-RA	jgi|Aspni_DSM_1|165381|An12g10850m.01
OG0000331	jgi|Dibbae1|8221|DIBA_010509-RA	KAI9720463.1
OG0000331	jgi|Dibbae1|8221|DIBA_010509-RA	KAI9698147.1
OG0000331	jgi|Dibbae1|8221|DIBA_010509-RA	GTX0486b100_006256-T1
OG0000331	jgi|Dibbae1|8221|DIBA_010509-RA	jgi|EndpusZ1|1796|EPUS_06315T0
OG0000331	jgi|Dibbae1|8221|DIBA_010509-RA	jgi|Podan3|207720|mRNA_6548
OG0000331	jgi|Dibbae1|8221|DIBA_010509-RA	jgi|Aspni_DSM_1|165381|An12g10850m.01
OG0000331	jgi|Dibbae1|8221|DIBA_010509-RA	jgi|Aspni_DSM_1|165381|An12g10850m.01
OG0000331	jgi|Dibbae1|8221|DIBA_010509-RA	KAI9714699.1
OG0000333	jgi|Dibbae1|925|DIBA_001027-RA	coassemb378_010980-T1
OG0000342	jgi|Dibbae1|8691|DIBA_010774-RA	jgi|Ascim1|123924|CE123923_1326
OG0000356	jgi|Dibbae1|256|DIBA_004379-RA	KAI9830031.1, KAI9830942.1
OG0000356	jgi|Dibbae1|5755|DIBA_002020-RA, jgi|Dibbae1|5791|DIBA_002056-RA	KAI9830031.1, KAI9830942.1
OG0000356	jgi|Dibbae1|5755|DIBA_002020-RA, jgi|Dibbae1|5791|DIBA_002056-RA	jgi|Podan3|206883|mRNA_5711
OG0000356	jgi|Dibbae1|5755|DIBA_002020-RA, jgi|Dibbae1|5791|DIBA_002056-RA	jgi|Neucr_trp3_1|9466|Neucr2.NCU05138T0
OG0000356	jgi|Dibbae1|5755|DIBA_002020-RA, jgi|Dibbae1|5791|DIBA_002056-RA	jgi|Altal1|1030099|fgenesh1_pm.7_#_214
OG0000356	jgi|Dibbae1|5755|DIBA_002020-RA, jgi|Dibbae1|5791|DIBA_002056-RA	KAI9830031.1, KAI9830942.1
OG0000356	jgi|Dibbae1|5755|DIBA_002020-RA, jgi|Dibbae1|5791|DIBA_002056-RA	XP_008718257.1, XP_008713291.1
OG0000356	jgi|Dibbae1|5755|DIBA_002020-RA, jgi|Dibbae1|5791|DIBA_002056-RA	GTX0466b15_001837-T1
OG0000356	jgi|Dibbae1|5755|DIBA_002020-RA, jgi|Dibbae1|5791|DIBA_002056-RA	coassemb64_003313-T1
OG0000356	jgi|Dibbae1|5755|DIBA_002020-RA, jgi|Dibbae1|5791|DIBA_002056-RA	KAI9720086.1
OG0000356	jgi|Dibbae1|5755|DIBA_002020-RA, jgi|Dibbae1|5791|DIBA_002056-RA	KAI9666765.1
OG0000360	jgi|Dibbae1|7507|DIBA_010463-RA	jgi|Capcor1|94283|A1O1_01420T0
OG0000360	jgi|Dibbae1|7507|DIBA_010463-RA	KAI9826487.1
OG0000360	jgi|Dibbae1|7507|DIBA_010463-RA	jgi|PseVKM4520_1|11129|transcript_KFZ23277
OG0000360	jgi|Dibbae1|7507|DIBA_010463-RA	jgi|Penexp1|1873|PEXP_022850T0
OG0000360	jgi|Dibbae1|7507|DIBA_010463-RA	coassemb376_005871-T1, coassemb376_005872-T1
OG0000360	jgi|Dibbae1|7507|DIBA_010463-RA	jgi|Amamu1|796067|CE594830_218
OG0000360	jgi|Dibbae1|7507|DIBA_010463-RA	jgi|Aspni_DSM_1|157629|An02g11130m.01
OG0000360	jgi|Dibbae1|7507|DIBA_010463-RA	jgi|Sclsc1|10229|SS1G_03258T0
OG0000360	jgi|Dibbae1|7507|DIBA_010463-RA	jgi|Phach1|2992|rna2991
OG0000360	jgi|Dibbae1|7507|DIBA_010463-RA	jgi|Clagr3|5750|CLAGR_005936-RA
OG0000360	jgi|Dibbae1|7507|DIBA_010463-RA	KAI4101800.1
OG0000360	jgi|Dibbae1|7507|DIBA_010463-RA	CAF9925497.1
OG0000360	jgi|Dibbae1|7507|DIBA_010463-RA	jgi|Acastr1|125759|AST1_000447-RA
OG0000360	jgi|Dibbae1|7507|DIBA_010463-RA	jgi|Umbpus1|100895|LPUS_07601T0
OG0000391	jgi|Dibbae1|2397|DIBA_006557-RA, jgi|Dibbae1|2394|DIBA_006554-RA, jgi|Dibbae1|2396|DIBA_006556-RA, jgi|Dibbae1|9349|DIBA_011478-RA	jgi|Grascr1|5827|GST1_011412-RA
OG0000395	jgi|Dibbae1|9479|DIBA_002723-RA	jgi|EndpusZ1|4681|EPUS_02171T0
OG0000401	jgi|Dibbae1|10328|DIBA_003666-RA	jgi|Monha1|4268|H072_4348m.01
OG0000403	jgi|Dibbae1|9303|DIBA_011354-RA	KAI4106904.1
OG0000412	jgi|Dibbae1|7517|DIBA_010473-RA	jgi|Aspni_DSM_1|158967|An04g02770m.01
OG0000415	jgi|Dibbae1|1440|DIBA_005262-RA	coassemb378_010623-T1
OG0000416	jgi|Dibbae1|3464|DIBA_000334-RA	coassemb64_004696-T1
OG0000431	jgi|Dibbae1|456|DIBA_005890-RA	jgi|Aurpu_var_mel1|39874|e_gw1.2.739.1
OG0000431	jgi|Dibbae1|456|DIBA_005890-RA	jgi|Altal1|1027166|fgenesh1_pm.1_#_334
OG0000431	jgi|Dibbae1|456|DIBA_005890-RA	jgi|PseVKM4520_1|1817|transcript_KFZ18153, jgi|PseVKM4520_1|1822|transcript_KFZ18152
OG0000431	jgi|Dibbae1|456|DIBA_005890-RA	KAI9813000.1, KAI9825122.1
OG0000431	jgi|Dibbae1|456|DIBA_005890-RA	jgi|Sclsc1|1550|SS1G_08006T0, jgi|Sclsc1|10233|SS1G_03262T0
OG0000431	jgi|Dibbae1|456|DIBA_005890-RA	jgi|Erypu1|3780|transcript_POS86385
OG0000431	jgi|Dibbae1|456|DIBA_005890-RA	jgi|Fusgr1|10904|FGSG_09412T0, jgi|Fusgr1|7578|FGSG_06559T0
OG0000431	jgi|Dibbae1|456|DIBA_005890-RA	jgi|Podan3|209676|mRNA_8504, jgi|Podan3|202725|mRNA_1553
OG0000431	jgi|Dibbae1|456|DIBA_005890-RA	jgi|Neucr_trp3_1|2118|Neucr2.NCU00611T0
OG0000431	jgi|Dibbae1|456|DIBA_005890-RA	KAI9723550.1
OG0000431	jgi|Dibbae1|456|DIBA_005890-RA	KAI9652181.1
OG0000431	jgi|Dibbae1|456|DIBA_005890-RA	jgi|Ascim1|164207|CE164206_452, jgi|Ascim1|183341|gw1.209.1.1
OG0000431	jgi|Dibbae1|456|DIBA_005890-RA	jgi|Grascr1|12567|GST1_006084-RA
OG0000431	jgi|Dibbae1|456|DIBA_005890-RA	jgi|Grascr1|12567|GST1_006084-RA
OG0000462	jgi|Dibbae1|4707|DIBA_008254-RA	jgi|PseVKM4520_1|9164|transcript_KFZ03549
OG0000466	jgi|Dibbae1|3005|DIBA_007123-RA, jgi|Dibbae1|599|DIBA_005837-RA	jgi|Grascr1|11362|GST1_005242-RA
OG0000470	jgi|Dibbae1|10473|DIBA_003839-RA	CAF9915761.1
OG0000470	jgi|Dibbae1|10473|DIBA_003839-RA	jgi|Phach1|2717|rna2716
OG0000485	jgi|Dibbae1|11505|DIBA_004608-RA	jgi|Penexp1|3620|PEXP_086100T0
OG0000488	jgi|Dibbae1|9136|DIBA_004302-RA	XP_008721379.1
OG0000523	jgi|Dibbae1|7154|DIBA_011253-RA, jgi|Dibbae1|11565|DIBA_005441-RA	jgi|Claba1|132707|Z519_01185T0
OG0000525	jgi|Dibbae1|3816|DIBA_001796-RA	KAI4281403.1
OG0000525	jgi|Dibbae1|3816|DIBA_001796-RA	jgi|Capcor1|97370|A1O1_04528T0
OG0000525	jgi|Dibbae1|3816|DIBA_001796-RA	jgi|Clagr3|9688|CLAGR_010185-RA
OG0000525	jgi|Dibbae1|3816|DIBA_001796-RA	jgi|EndpusZ1|5841|EPUS_08932T0
OG0000525	jgi|Dibbae1|11173|DIBA_003444-RA	jgi|Altal1|986667|estExt_Genewise1Plus.C_8_t10153
OG0000525	jgi|Dibbae1|11173|DIBA_003444-RA	jgi|Penexp1|8547|PEXP_070070T0
OG0000548	jgi|Dibbae1|3070|DIBA_006297-RA	jgi|Acastr1|118815|AST1_000745-RA
OG0000548	jgi|Dibbae1|3070|DIBA_006297-RA	jgi|Clagr3|491|CLAGR_000483-RA
OG0000548	jgi|Dibbae1|3070|DIBA_006297-RA	FUN_009394_T1_FUN_009394
OG0000548	jgi|Dibbae1|3070|DIBA_006297-RA	KAI4101951.1
OG0000548	jgi|Dibbae1|3070|DIBA_006297-RA	KAI4288115.1
OG0000570	jgi|Dibbae1|6195|DIBA_009427-RA	KAJ9664369.1
OG0000579	jgi|Dibbae1|7742|DIBA_010423-RA	jgi|Morco1|480639|e_gw1.4.340.1
OG0000589	jgi|Dibbae1|3259|DIBA_007210-RA	KAI4089773.1
OG0000591	jgi|Dibbae1|10169|DIBA_003123-RA, jgi|Dibbae1|1749|DIBA_006332-RA	jgi|Neucr_trp3_1|9945|Neucr2.NCU09410T0
OG0000591	jgi|Dibbae1|10169|DIBA_003123-RA, jgi|Dibbae1|1749|DIBA_006332-RA	jgi|Aurpu_var_mel1|54273|e_gw1.19.225.1
OG0000591	jgi|Dibbae1|10169|DIBA_003123-RA, jgi|Dibbae1|1749|DIBA_006332-RA	jgi|Artol1|584|AOL_s00004g584m.01
OG0000591	jgi|Dibbae1|10169|DIBA_003123-RA, jgi|Dibbae1|1749|DIBA_006332-RA	jgi|Monha1|2313|H072_2318m.01
OG0000591	jgi|Dibbae1|10169|DIBA_003123-RA, jgi|Dibbae1|1749|DIBA_006332-RA	jgi|Cocpo1_1|168|XM_003065119.1
OG0000609	jgi|Dibbae1|5010|DIBA_007950-RA	jgi|Artol1|4636|AOL_s00078g22m.01
OG0000615	jgi|Dibbae1|61|DIBA_000187-RA	CAF9926602.1
OG0000620	jgi|Dibbae1|6025|DIBA_000067-RA	CAF9924105.1
OG0000620	jgi|Dibbae1|6025|DIBA_000067-RA	coassemb376_002221-T1
OG0000630	jgi|Dibbae1|12595|DIBA_004271-RA	jgi|Penexp1|272|PEXP_000830T0
OG0000630	jgi|Dibbae1|12595|DIBA_004271-RA	jgi|Aspni_DSM_1|164809|An12g04900m.01
OG0000630	jgi|Dibbae1|12595|DIBA_004271-RA	jgi|Fusgr1|10415|FGSG_13493T0
OG0000630	jgi|Dibbae1|12595|DIBA_004271-RA	jgi|Neucr_trp3_1|8738|Neucr2.NCU04767T0
OG0000630	jgi|Dibbae1|12595|DIBA_004271-RA	jgi|Podan3|207285|mRNA_6113
OG0000636	jgi|Dibbae1|4963|DIBA_009100-RA	jgi|Clagr3|6601|CLAGR_006314-RA
OG0000641	jgi|Dibbae1|2318|DIBA_005645-RA	CAF9931073.1
OG0000654	jgi|Dibbae1|11749|DIBA_004465-RA	jgi|Exoaq1|12818|A1O9_09103T0
OG0000656	jgi|Dibbae1|4268|DIBA_008731-RA	jgi|Aspni_DSM_1|160253|An07g00150m.01
OG0000656	jgi|Dibbae1|4268|DIBA_008731-RA	jgi|PseVKM4520_1|8113|transcript_KFZ24584
OG0000656	jgi|Dibbae1|4268|DIBA_008731-RA	coassemb378_005954-T1
OG0000656	jgi|Dibbae1|4268|DIBA_008731-RA	jgi|Podan3|209731|mRNA_8559
OG0000656	jgi|Dibbae1|4268|DIBA_008731-RA	jgi|Fusgr1|3766|FGSG_04267T0
OG0000656	jgi|Dibbae1|4268|DIBA_008731-RA	coassemb378_005954-T1
OG0000656	jgi|Dibbae1|4268|DIBA_008731-RA	jgi|Aurpu_var_mel1|58168|e_gw1.28.62.1
OG0000656	jgi|Dibbae1|4268|DIBA_008731-RA	jgi|Altal1|1095209|estExt_Genemark1.C_110311
OG0000668	jgi|Dibbae1|155|DIBA_001292-RA	jgi|Aspni_DSM_1|162743|An09g02830m.01
OG0000696	jgi|Dibbae1|652|DIBA_005555-RA	jgi|Altal1|1019116|fgenesh1_kg.7_#_251_#_Locus2570v1rpkm58.59
OG0000742	jgi|Dibbae1|8232|DIBA_010520-RA	KAJ9663078.1
OG0000746	jgi|Dibbae1|10154|DIBA_003108-RA	KAI9712186.1
OG0000746	jgi|Dibbae1|10154|DIBA_003108-RA	jgi|Aurpu_var_mel1|51785|e_gw1.15.13.1
OG0000752	jgi|Dibbae1|3999|DIBA_006726-RA	jgi|Artol1|107|AOL_s00004g106m.01
OG0000752	jgi|Dibbae1|3999|DIBA_006726-RA	jgi|Monha1|3892|H072_3924m.01
OG0000752	jgi|Dibbae1|3999|DIBA_006726-RA	jgi|Morco1|536806|fgenesh1_kg.32_#_90_#_Locus4534v1rpkm30.19
OG0000752	jgi|Dibbae1|3999|DIBA_006726-RA	jgi|Ascim1|223892|estExt_Genewise1.C_200043
OG0000752	jgi|Dibbae1|3999|DIBA_006726-RA	jgi|PseVKM4520_1|6616|transcript_KFZ09574
OG0000752	jgi|Dibbae1|3999|DIBA_006726-RA	jgi|Sclsc1|4734|SS1G_11190T0, jgi|Sclsc1|2799|SS1G_09255T0
OG0000752	jgi|Dibbae1|3999|DIBA_006726-RA	jgi|Podan3|201616|mRNA_444
OG0000752	jgi|Dibbae1|3999|DIBA_006726-RA	jgi|Neucr_trp3_1|1495|Neucr2.NCU08358T0
OG0000752	jgi|Dibbae1|3999|DIBA_006726-RA	jgi|Fusgr1|3576|FGSG_04440T0, jgi|Fusgr1|793|FGSG_00669T0
OG0000767	jgi|Dibbae1|6289|DIBA_009260-RA	jgi|Monha1|6877|H072_7096m.01
OG0000767	jgi|Dibbae1|6289|DIBA_009260-RA	jgi|Artol1|3232|AOL_s00054g565m.01
OG0000767	jgi|Dibbae1|6289|DIBA_009260-RA	jgi|Aurpu_var_mel1|42215|e_gw1.4.1235.1
OG0000767	jgi|Dibbae1|6289|DIBA_009260-RA	jgi|Penexp1|1726|PEXP_074000T0, jgi|Penexp1|204|PEXP_000150T0
OG0000770	jgi|Dibbae1|12495|DIBA_004882-RA	jgi|Aspni_DSM_1|156861|An02g03380m.01
OG0000774	jgi|Dibbae1|1063|DIBA_004908-RA	KAI4286039.1
OG0000774	jgi|Dibbae1|1063|DIBA_004908-RA	FUN_007148_T1_FUN_007148
OG0000774	jgi|Dibbae1|1063|DIBA_004908-RA	GTX0494b19_002822-T1
OG0000774	jgi|Dibbae1|1063|DIBA_004908-RA	KAI4239116.1
OG0000774	jgi|Dibbae1|1063|DIBA_004908-RA	KAI4229030.1
OG0000774	jgi|Dibbae1|1063|DIBA_004908-RA	KAI4102480.1
OG0000774	jgi|Dibbae1|1063|DIBA_004908-RA	KAI4102045.1
OG0000774	jgi|Dibbae1|1063|DIBA_004908-RA	CAF9910150.1
OG0000774	jgi|Dibbae1|1063|DIBA_004908-RA	jgi|Clagr3|4660|CLAGR_004017-RA
OG0000774	jgi|Dibbae1|1063|DIBA_004908-RA	coassemb376_001002-T1
OG0000774	jgi|Dibbae1|1063|DIBA_004908-RA	jgi|PseVKM4520_1|784|transcript_KFZ20160
OG0000774	jgi|Dibbae1|1063|DIBA_004908-RA	jgi|Aurpu_var_mel1|29451|gw1.12.193.1
OG0000774	jgi|Dibbae1|1063|DIBA_004908-RA	jgi|Phach1|3162|rna3161
OG0000775	jgi|Dibbae1|731|DIBA_006459-RA	jgi|Aspni_DSM_1|166516|An14g07350m.01
OG0000779	jgi|Dibbae1|4836|DIBA_009724-RA	jgi|Penexp1|3011|PEXP_104540T0
OG0000779	jgi|Dibbae1|4836|DIBA_009724-RA	jgi|Aspni_DSM_1|167808|An16g05150m.01
OG0000779	jgi|Dibbae1|4836|DIBA_009724-RA	jgi|Cocpo1_1|2887|XM_003067840.1
OG0000779	jgi|Dibbae1|4836|DIBA_009724-RA	jgi|EndpusZ1|7645|EPUS_02269T0
OG0000779	jgi|Dibbae1|4836|DIBA_009724-RA	XP_008715251.1
OG0000779	jgi|Dibbae1|4836|DIBA_009724-RA	jgi|Capcor1|99541|A1O1_06713T0
OG0000779	jgi|Dibbae1|4836|DIBA_009724-RA	jgi|Claba1|139523|Z519_06055T0
OG0000779	jgi|Dibbae1|4836|DIBA_009724-RA	jgi|Fonmu1|3316|Z520_07952T0
OG0000779	jgi|Dibbae1|4836|DIBA_009724-RA	coassemb64_004354-T1
OG0000779	jgi|Dibbae1|4836|DIBA_009724-RA	jgi|Exoaq1|12575|A1O9_08872T0
OG0000779	jgi|Dibbae1|4836|DIBA_009724-RA	coassemb76_000703-T1
OG0000779	jgi|Dibbae1|4836|DIBA_009724-RA	GTX0466b15_005321-T1
OG0000779	jgi|Dibbae1|4836|DIBA_009724-RA	KAJ9659853.1
OG0000780	jgi|Dibbae1|2591|DIBA_001582-RA	coassemb64_008147-T1
OG0000787	jgi|Dibbae1|11613|DIBA_004686-RA	jgi|EndpusZ1|7709|EPUS_05927T0
OG0000792	jgi|Dibbae1|7849|DIBA_009605-RA	jgi|Fusgr1|5336|FGSG_02884T0
OG0000793	jgi|Dibbae1|168|DIBA_001305-RA	coassemb378_010898-T1
OG0000821	jgi|Dibbae1|7576|DIBA_010947-RA	jgi|Ascim1|41603|CE41602_3598
OG0000823	jgi|Dibbae1|4495|DIBA_008924-RA	coassemb76_009583-T1
OG0000825	jgi|Dibbae1|1262|DIBA_001746-RA	jgi|Acastr1|119042|AST1_006362-RA
OG0000825	jgi|Dibbae1|1262|DIBA_001746-RA	KAI9700822.1
OG0000825	jgi|Dibbae1|1262|DIBA_001746-RA	GTX0486b100_001940-T1
OG0000825	jgi|Dibbae1|1262|DIBA_001746-RA	KAI9715178.1
OG0000898	jgi|Dibbae1|9566|DIBA_011615-RA	jgi|Artol1|7246|AOL_s00097g62m.01
OG0000900	jgi|Dibbae1|1390|DIBA_007678-RA	jgi|Fusgr1|3783|FGSG_04250T0
OG0000909	jgi|Dibbae1|6846|DIBA_010302-RA	jgi|Penexp1|7694|PEXP_006740T0
OG0000923	jgi|Dibbae1|3244|DIBA_007234-RA	jgi|Penexp1|332|PEXP_056510T0
OG0000938	jgi|Dibbae1|8381|DIBA_010934-RA	GTX0486b100_008467-T1
OG0000974	jgi|Dibbae1|9218|DIBA_011494-RA	jgi|Fusgr1|9656|FGSG_08585T0
OG0000974	jgi|Dibbae1|9218|DIBA_011494-RA	jgi|Podan3|202755|mRNA_1583
OG0000974	jgi|Dibbae1|9218|DIBA_011494-RA	jgi|Neucr_trp3_1|2152|Neucr2.NCU00580T0
OG0000974	jgi|Dibbae1|9218|DIBA_011494-RA	jgi|PseVKM4520_1|8641|transcript_KFZ24474
OG0000974	jgi|Dibbae1|9218|DIBA_011494-RA	CAF9936298.1
OG0000974	jgi|Dibbae1|9218|DIBA_011494-RA	GTX0486b100_002511-T1
OG0000974	jgi|Dibbae1|9218|DIBA_011494-RA	jgi|Acastr1|126871|AST1_004048-RA
OG0000974	jgi|Dibbae1|9218|DIBA_011494-RA	XP_008716172.1, XP_008717079.1
OG0000974	jgi|Dibbae1|9218|DIBA_011494-RA	jgi|Claba1|140149|Z519_06683T0, jgi|Claba1|138155|Z519_04682T0
OG0000974	jgi|Dibbae1|9218|DIBA_011494-RA	GTX0466b15_008236-T1
OG0000974	jgi|Dibbae1|9218|DIBA_011494-RA	jgi|Capcor1|94069|A1O1_01206T0
OG0000974	jgi|Dibbae1|9218|DIBA_011494-RA	coassemb64_007250-T1
OG0000974	jgi|Dibbae1|9218|DIBA_011494-RA	jgi|Exoaq1|730|A1O9_00731T0
OG0000974	jgi|Dibbae1|9218|DIBA_011494-RA	jgi|Fonmu1|1852|Z520_06485T0
OG0000974	jgi|Dibbae1|9218|DIBA_011494-RA	jgi|Amamu1|66805|e_gw1.2.368.1
OG0000974	jgi|Dibbae1|9218|DIBA_011494-RA	jgi|Monha1|636|H072_636m.01, jgi|Monha1|5653|H072_5832m.01
OG0000974	jgi|Dibbae1|9218|DIBA_011494-RA	jgi|Artol1|7501|AOL_s00097g317m.01, jgi|Artol1|2634|AOL_s00043g797m.01
OG0000974	jgi|Dibbae1|9218|DIBA_011494-RA	jgi|Morco1|551312|fgenesh1_pm.4_#_3
OG0000974	jgi|Dibbae1|9218|DIBA_011494-RA	jgi|Ascim1|324687|gm1.4687_g
OG0000976	jgi|Dibbae1|10595|DIBA_000546-RA	FUN_000406_T1_FUN_000406
OG0000976	jgi|Dibbae1|10595|DIBA_000546-RA	CAF9943318.1
OG0000979	jgi|Dibbae1|12074|DIBA_002912-RA	coassemb76_008435-T1
OG0001008	jgi|Dibbae1|10584|DIBA_000535-RA	jgi|EndpusZ1|9085|EPUS_06916T0
OG0001014	jgi|Dibbae1|875|DIBA_000977-RA	jgi|Fonmu1|4494|Z520_01480T0
OG0001038	jgi|Dibbae1|2645|DIBA_007765-RA	GTX0466b15_000493-T1
OG0001038	jgi|Dibbae1|2645|DIBA_007765-RA	jgi|Penexp1|2724|PEXP_108880T0
OG0001056	jgi|Dibbae1|7276|DIBA_004015-RA	jgi|Clagr3|2884|CLAGR_002851-RA
OG0001064	jgi|Dibbae1|3732|DIBA_008190-RA	jgi|Acastr1|122065|AST1_007057-RA
OG0001077	jgi|Dibbae1|7597|DIBA_010689-RA	KAI4105648.1
OG0001077	jgi|Dibbae1|7597|DIBA_010689-RA	KAI4286386.1
OG0001077	jgi|Dibbae1|7597|DIBA_010689-RA	coassemb76_010062-T1
OG0001101	jgi|Dibbae1|4095|DIBA_001679-RA	jgi|Capcor1|100868|A1O1_08055T0
OG0001101	jgi|Dibbae1|4095|DIBA_001679-RA	jgi|Exoaq1|2245|A1O9_09771T0
OG0001101	jgi|Dibbae1|4095|DIBA_001679-RA	jgi|Claba1|136181|Z519_12704T0
OG0001101	jgi|Dibbae1|4095|DIBA_001679-RA	jgi|Phach1|2293|rna2292
OG0001115	jgi|Dibbae1|11850|DIBA_005128-RA	coassemb76_002847-T1, coassemb76_003966-T1
OG0001115	jgi|Dibbae1|6852|DIBA_009240-RA	jgi|Cocpo1_1|5168|XM_003070121.1
OG0001115	jgi|Dibbae1|6852|DIBA_009240-RA	KAI9839845.1
OG0001115	jgi|Dibbae1|6852|DIBA_009240-RA	KAI9752074.1
OG0001115	jgi|Dibbae1|6852|DIBA_009240-RA	jgi|Phach1|115|rna114
OG0001115	jgi|Dibbae1|6852|DIBA_009240-RA	jgi|Acastr1|121731|AST1_005618-RA
OG0001115	jgi|Dibbae1|6852|DIBA_009240-RA	CAF9940866.1
OG0001115	jgi|Dibbae1|6852|DIBA_009240-RA	jgi|Clagr3|535|CLAGR_000527-RA
OG0001115	jgi|Dibbae1|6852|DIBA_009240-RA	KAI9699127.1
OG0001115	jgi|Dibbae1|6852|DIBA_009240-RA	GTX0486b100_004278-T1
OG0001115	jgi|Dibbae1|6852|DIBA_009240-RA	KAI4290561.1
OG0001115	jgi|Dibbae1|6852|DIBA_009240-RA	KAI4237933.1
OG0001115	jgi|Dibbae1|6852|DIBA_009240-RA	GTX0494b19_008161-T1
OG0001115	jgi|Dibbae1|6852|DIBA_009240-RA	KAI4100910.1
OG0001115	jgi|Dibbae1|6852|DIBA_009240-RA	KAI4227602.1
OG0001115	jgi|Dibbae1|6852|DIBA_009240-RA	KAI4091052.1
OG0001115	jgi|Dibbae1|6852|DIBA_009240-RA	jgi|Umbpus1|100787|LPUS_07478T0
OG0001115	jgi|Dibbae1|6852|DIBA_009240-RA	jgi|EndpusZ1|1147|EPUS_06979T0
OG0001116	jgi|Dibbae1|512|DIBA_006984-RA	jgi|PseVKM4520_1|8715|transcript_KFZ04061
OG0001129	jgi|Dibbae1|4208|DIBA_007292-RA	jgi|Grascr1|3461|GST1_008067-RA
OG0001129	jgi|Dibbae1|4208|DIBA_007292-RA	coassemb64_000930-T1
OG0001133	jgi|Dibbae1|12525|DIBA_005543-RA	jgi|Exoaq1|7366|A1O9_03896T0
OG0001135	jgi|Dibbae1|6668|DIBA_010125-RA	jgi|Artol1|3669|AOL_s00075g7m.01
OG0001144	jgi|Dibbae1|3796|DIBA_001776-RA	coassemb378_005320-T1, coassemb378_011564-T1
OG0001146	jgi|Dibbae1|7558|DIBA_011948-RA	jgi|Sclsc1|10347|SS1G_03376T0
OG0001147	jgi|Dibbae1|11717|DIBA_004795-RA	CAF9919947.1
OG0001149	jgi|Dibbae1|3993|DIBA_007859-RA	coassemb64_007578-T1
OG0001151	jgi|Dibbae1|115|DIBA_000241-RA	coassemb64_003162-T1
OG0001159	jgi|Dibbae1|935|DIBA_001037-RA	jgi|Sclsc1|11022|SS1G_04051T0
OG0001177	jgi|Dibbae1|10824|DIBA_012051-RA	coassemb76_009379-T1
OG0001181	jgi|Dibbae1|9435|DIBA_000884-RA, jgi|Dibbae1|279|DIBA_005161-RA	jgi|Fonmu1|8464|Z520_11439T0
OG0001184	jgi|Dibbae1|11990|DIBA_005674-RA	jgi|Exoaq1|6235|A1O9_12036T0
OG0001190	jgi|Dibbae1|12647|DIBA_003663-RA	coassemb64_008200-T1
OG0001191	jgi|Dibbae1|356|DIBA_005083-RA	jgi|Erypu1|6359|transcript_POS81739
OG0001191	jgi|Dibbae1|356|DIBA_005083-RA	jgi|Morco1|547704|fgenesh1_pg.43_#_83
OG0001203	jgi|Dibbae1|12546|DIBA_007091-RA	jgi|Clagr3|9146|CLAGR_009773-RA
OG0001206	jgi|Dibbae1|3234|DIBA_007224-RA	KAI9702425.1
OG0001227	jgi|Dibbae1|1510|DIBA_005188-RA	jgi|Artol1|4183|AOL_s00076g279m.01
OG0001250	jgi|Dibbae1|9657|DIBA_012063-RA	GTX0466b15_001962-T1
OG0001270	jgi|Dibbae1|12693|DIBA_006691-RA	jgi|Sclsc1|2142|SS1G_08599T0
OG0001281	jgi|Dibbae1|7935|DIBA_000398-RA	jgi|Artol1|5|AOL_s00004g4m.01
OG0001281	jgi|Dibbae1|7935|DIBA_000398-RA	jgi|Fusgr1|13314|FGSG_11241T0, jgi|Fusgr1|10669|FGSG_09212T0
OG0001300	jgi|Dibbae1|10056|DIBA_002976-RA	jgi|Artol1|5665|AOL_s00079g439m.01
OG0001308	jgi|Dibbae1|12148|DIBA_003853-RA	jgi|Grascr1|11369|GST1_005249-RA
OG0001308	jgi|Dibbae1|12147|DIBA_003852-RA	jgi|Grascr1|11367|GST1_005247-RA
OG0001365	jgi|Dibbae1|2926|DIBA_006189-RA	jgi|Podan3|208764|mRNA_7592
OG0001369	jgi|Dibbae1|10667|DIBA_012422-RA	coassemb76_001977-T1
OG0001398	jgi|Dibbae1|6811|DIBA_010974-RA	jgi|Aurpu_var_mel1|68091|fgenesh1_pg.19_#_95
OG0001398	jgi|Dibbae1|6811|DIBA_010974-RA	KAI9716748.1
OG0001398	jgi|Dibbae1|6811|DIBA_010974-RA	KAI9666915.1
OG0001398	jgi|Dibbae1|6811|DIBA_010974-RA	jgi|Altal1|1056811|gm1.1046_g
OG0001398	jgi|Dibbae1|6811|DIBA_010974-RA	jgi|EndpusZ1|7183|EPUS_08022T0
OG0001398	jgi|Dibbae1|6811|DIBA_010974-RA	jgi|Aspni_DSM_1|168906|An18g04630m.01, jgi|Aspni_DSM_1|164649|An12g03230m.01
OG0001406	jgi|Dibbae1|12050|DIBA_004238-RA	coassemb76_009080-T1
OG0001435	jgi|Dibbae1|4311|DIBA_008487-RA	coassemb376_005892-T1
OG0001435	jgi|Dibbae1|4311|DIBA_008487-RA	KAI4287589.1
OG0001452	jgi|Dibbae1|3418|DIBA_000288-RA	KAI9714973.1
OG0001473	jgi|Dibbae1|11798|DIBA_002511-RA	jgi|Fusgr1|2642|FGSG_02304T0
OG0001487	jgi|Dibbae1|12701|DIBA_005379-RA	coassemb76_009690-T1
OG0001497	jgi|Dibbae1|9770|DIBA_012322-RA	jgi|Podan3|203377|mRNA_2205
OG0001497	jgi|Dibbae1|9770|DIBA_012322-RA	jgi|Neucr_trp3_1|553|Neucr2.NCU01898T0
OG0001497	jgi|Dibbae1|9770|DIBA_012322-RA	KAJ9657216.1
OG0001497	jgi|Dibbae1|9770|DIBA_012322-RA	XP_008714891.1, XP_008714893.1
OG0001497	jgi|Dibbae1|9770|DIBA_012322-RA	jgi|EndpusZ1|926|EPUS_01642T0
OG0001497	jgi|Dibbae1|9770|DIBA_012322-RA	jgi|Penexp1|5158|PEXP_044830T0
OG0001497	jgi|Dibbae1|9770|DIBA_012322-RA	jgi|Exoaq1|11788|A1O9_08104T0, jgi|Exoaq1|3225|A1O9_10743T0, jgi|Exoaq1|3224|A1O9_10742T0
OG0001497	jgi|Dibbae1|9770|DIBA_012322-RA	jgi|Claba1|133460|Z519_10858T0, jgi|Claba1|133464|Z519_10862T0, jgi|Claba1|133462|Z519_10860T0
OG0001497	jgi|Dibbae1|9770|DIBA_012322-RA	jgi|Fonmu1|8066|Z520_11039T0, jgi|Fonmu1|8070|Z520_11043T0, jgi|Fonmu1|8068|Z520_11041T0
OG0001497	jgi|Dibbae1|9770|DIBA_012322-RA	coassemb64_002982-T1
OG0001497	jgi|Dibbae1|9770|DIBA_012322-RA	jgi|Capcor1|97917|A1O1_05079T0, jgi|Capcor1|99464|A1O1_06636T0
OG0001497	jgi|Dibbae1|9770|DIBA_012322-RA	coassemb76_004513-T1, coassemb76_004511-T1
OG0001497	jgi|Dibbae1|9770|DIBA_012322-RA	GTX0466b15_006613-T1, GTX0466b15_006641-T1, GTX0466b15_006643-T1
OG0001497	jgi|Dibbae1|9770|DIBA_012322-RA	coassemb76_006836-T1, coassemb76_002998-T1
OG0001497	jgi|Dibbae1|9770|DIBA_012322-RA	jgi|Sclsc1|3190|SS1G_09646T0
OG0001497	jgi|Dibbae1|9770|DIBA_012322-RA	CAF9905592.1
OG0001497	jgi|Dibbae1|9770|DIBA_012322-RA	jgi|Phach1|5440|rna5439
OG0001497	jgi|Dibbae1|9770|DIBA_012322-RA	coassemb76_006836-T1, coassemb76_002998-T1
OG0001497	jgi|Dibbae1|9770|DIBA_012322-RA	jgi|Sclsc1|3190|SS1G_09646T0
OG0001497	jgi|Dibbae1|9770|DIBA_012322-RA	jgi|Aspni_DSM_1|165170|An12g08700m.01
OG0001499	jgi|Dibbae1|12111|DIBA_005322-RA	jgi|EndpusZ1|2781|EPUS_05882T0
OG0001512	jgi|Dibbae1|5887|DIBA_009183-RA	coassemb76_005891-T1
OG0001518	jgi|Dibbae1|3075|DIBA_006302-RA	jgi|Penexp1|8657|PEXP_013540T0
OG0001522	jgi|Dibbae1|678|DIBA_005581-RA	jgi|Aspni_DSM_1|158203|An03g01910m.01
OG0001525	jgi|Dibbae1|12320|DIBA_003796-RA	FUN_009223_T1_FUN_009223
OG0001529	jgi|Dibbae1|3729|DIBA_008187-RA	jgi|Aspni_DSM_1|168268|An17g00540m.01
OG0001529	jgi|Dibbae1|3729|DIBA_008187-RA	coassemb64_004123-T1
OG0001536	jgi|Dibbae1|4048|DIBA_007013-RA	jgi|Podan3|211277|mRNA_10105
OG0001538	jgi|Dibbae1|9021|DIBA_003295-RA	jgi|Fusgr1|4823|FGSG_03328T0
OG0001581	jgi|Dibbae1|7600|DIBA_010692-RA	KAI9825660.1
OG0001610	jgi|Dibbae1|3497|DIBA_001195-RA	jgi|EndpusZ1|9217|EPUS_05848T0
OG0001635	jgi|Dibbae1|6400|DIBA_009843-RA	coassemb76_009868-T1
OG0001640	jgi|Dibbae1|12652|DIBA_006465-RA	KAI4086500.1
OG0001668	jgi|Dibbae1|8338|DIBA_002313-RA	coassemb76_009897-T1
OG0001688	jgi|Dibbae1|2721|DIBA_006866-RA	KAI4208429.1
OG0001696	jgi|Dibbae1|4325|DIBA_001953-RA	KAI9704354.1
OG0001696	jgi|Dibbae1|4325|DIBA_001953-RA	GTX0486b100_007251-T1
OG0001696	jgi|Dibbae1|4325|DIBA_001953-RA	KAI9724320.1
OG0001696	jgi|Dibbae1|4325|DIBA_001953-RA	jgi|Acastr1|126946|AST1_004668-RA
OG0001696	jgi|Dibbae1|4325|DIBA_001953-RA	jgi|Umbpus1|103697|LPUS_10350T0
OG0001696	jgi|Dibbae1|4325|DIBA_001953-RA	KAI9831565.1
OG0001696	jgi|Dibbae1|4325|DIBA_001953-RA	KAI9821385.1
OG0001696	jgi|Dibbae1|4325|DIBA_001953-RA	KAI9751199.1
OG0001702	jgi|Dibbae1|186|DIBA_001323-RA	GTX0486b100_005054-T1
OG0001702	jgi|Dibbae1|186|DIBA_001323-RA	KAI9839547.1
OG0001704	jgi|Dibbae1|10938|DIBA_003507-RA	coassemb76_009440-T1
OG0001708	jgi|Dibbae1|9721|DIBA_003160-RA	jgi|Clagr3|3759|CLAGR_003461-RA
OG0001708	jgi|Dibbae1|9721|DIBA_003160-RA	jgi|Grascr1|10596|GST1_012689-RA
OG0001711	jgi|Dibbae1|592|DIBA_005830-RA	coassemb76_010120-T1, coassemb76_007893-T1
OG0001744	jgi|Dibbae1|369|DIBA_005096-RA	coassemb378_008974-T1
OG0001761	jgi|Dibbae1|10002|DIBA_012243-RA	jgi|Fonmu1|1328|Z520_05958T0
OG0001767	jgi|Dibbae1|12296|DIBA_003772-RA	FUN_009225_T2_FUN_009225, FUN_009225_T1_FUN_009225
OG0001767	jgi|Dibbae1|12296|DIBA_003772-RA	KAI4104620.1
OG0001770	jgi|Dibbae1|2271|DIBA_001398-RA	jgi|Fusgr1|9933|FGSG_08344T0
OG0001782	jgi|Dibbae1|5387|DIBA_006667-RA	FUN_008736_T1_FUN_008736
OG0001785	jgi|Dibbae1|4047|DIBA_007012-RA	CAF9938587.1
OG0001796	jgi|Dibbae1|6778|DIBA_011358-RA	KAI9755857.1
OG0001796	jgi|Dibbae1|6778|DIBA_011358-RA	jgi|PseVKM4520_1|2442|transcript_KFZ16962
OG0001800	jgi|Dibbae1|7958|DIBA_000421-RA	jgi|Claba1|131384|Z519_09698T0
OG0001800	jgi|Dibbae1|7958|DIBA_000421-RA	coassemb76_009563-T1
OG0001827	jgi|Dibbae1|11825|DIBA_002538-RA	jgi|Erypu1|6487|transcript_POS81721
OG0001830	jgi|Dibbae1|1596|DIBA_000760-RA	coassemb76_007596-T1
OG0001832	jgi|Dibbae1|12281|DIBA_004851-RA	GTX0486b100_004044-T1
OG0001834	jgi|Dibbae1|717|DIBA_006445-RA	KAI9717546.1
OG0001845	jgi|Dibbae1|12429|DIBA_005078-RA	jgi|Claba1|131841|Z519_10158T0
OG0001845	jgi|Dibbae1|12429|DIBA_005078-RA	coassemb76_008813-T1
OG0001846	jgi|Dibbae1|9406|DIBA_000855-RA	coassemb76_009430-T1
OG0001849	jgi|Dibbae1|1908|DIBA_001417-RA	KAI9726210.1
OG0001860	jgi|Dibbae1|10508|DIBA_012299-RA	jgi|Aurpu_var_mel1|70521|fgenesh1_pg.47_#_5
OG0001890	jgi|Dibbae1|8558|DIBA_011692-RA	jgi|Penexp1|1359|PEXP_026030T0
OG0001907	jgi|Dibbae1|7860|DIBA_012103-RA	jgi|Fusgr1|4937|FGSG_12482T0
OG0001924	jgi|Dibbae1|12266|DIBA_004836-RA	KAI9671338.1
OG0001932	jgi|Dibbae1|6269|DIBA_008602-RA	jgi|Neucr_trp3_1|5863|Neucr2.NCU06385T0
OG0001935	jgi|Dibbae1|8404|DIBA_011195-RA	jgi|Morco1|203785|CE203784_1176
OG0001950	jgi|Dibbae1|3569|DIBA_005982-RA	jgi|Erypu1|5784|transcript_POS81829
OG0002004	jgi|Dibbae1|7906|DIBA_000369-RA	coassemb76_000425-T1
OG0002008	jgi|Dibbae1|3882|DIBA_008093-RA	coassemb376_004075-T1
OG0002025	jgi|Dibbae1|12669|DIBA_006482-RA	jgi|Fusgr1|278|FGSG_00225T0
OG0002029	jgi|Dibbae1|12700|DIBA_005378-RA	coassemb76_009689-T1
OG0002079	jgi|Dibbae1|572|DIBA_000961-RA	KAI4271278.1
OG0002081	jgi|Dibbae1|3926|DIBA_008644-RA	coassemb64_004135-T1
OG0002082	jgi|Dibbae1|2617|DIBA_009761-RA	jgi|Neucr_trp3_1|8808|Neucr2.NCU04822T0
OG0002154	jgi|Dibbae1|7983|DIBA_000446-RA	jgi|Sclsc1|8089|SS1G_13512T0
OG0002154	jgi|Dibbae1|7983|DIBA_000446-RA	coassemb76_008216-T1
OG0002154	jgi|Dibbae1|7983|DIBA_000446-RA	coassemb378_005423-T1
OG0002184	jgi|Dibbae1|7003|DIBA_008392-RA	coassemb76_009965-T1
OG0002221	jgi|Dibbae1|10722|DIBA_004527-RA	jgi|EndpusZ1|176|EPUS_09319T0
OG0002226	jgi|Dibbae1|5271|DIBA_008281-RA	jgi|Fusgr1|1996|FGSG_01733T0
OG0002235	jgi|Dibbae1|6650|DIBA_011424-RA	jgi|EndpusZ1|4631|EPUS_02121T0
OG0002293	jgi|Dibbae1|4078|DIBA_001662-RA	GTX0486b100_003252-T1
OG0002329	jgi|Dibbae1|8223|DIBA_010511-RA	jgi|Podan3|204699|mRNA_3527
OG0002329	jgi|Dibbae1|8223|DIBA_010511-RA	jgi|Clagr3|9086|CLAGR_008387-RA
OG0002329	jgi|Dibbae1|8223|DIBA_010511-RA	KAI4289628.1
OG0002329	jgi|Dibbae1|8223|DIBA_010511-RA	KAI9716370.1
OG0002329	jgi|Dibbae1|8223|DIBA_010511-RA	KAI4289628.1
OG0002329	jgi|Dibbae1|8223|DIBA_010511-RA	KAI4103537.1
OG0002329	jgi|Dibbae1|8223|DIBA_010511-RA	KAI4098389.1
OG0002329	jgi|Dibbae1|8223|DIBA_010511-RA	KAI4235071.1
OG0002329	jgi|Dibbae1|8223|DIBA_010511-RA	KAI4223054.1
OG0002329	jgi|Dibbae1|8223|DIBA_010511-RA	KAI9714696.1
OG0002342	jgi|Dibbae1|541|DIBA_000930-RA	coassemb76_009114-T1
OG0002345	jgi|Dibbae1|1272|DIBA_001756-RA	coassemb378_002074-T1
OG0002367	jgi|Dibbae1|7372|DIBA_009545-RA	jgi|Fusgr1|5161|FGSG_12527T0
OG0002373	jgi|Dibbae1|4199|DIBA_008594-RA	FUN_005923_T1_FUN_005923
OG0002392	jgi|Dibbae1|10269|DIBA_003398-RA	jgi|Sclsc1|11983|SS1G_05012T0
OG0002468	jgi|Dibbae1|5768|DIBA_002033-RA	coassemb64_002119-T1
OG0002473	jgi|Dibbae1|1438|DIBA_005260-RA	coassemb76_009557-T1
OG0002624	jgi|Dibbae1|5698|DIBA_009643-RA	coassemb76_009612-T1
OG0002631	jgi|Dibbae1|1788|DIBA_005804-RA	coassemb378_011664-T1
OG0002650	jgi|Dibbae1|10982|DIBA_011998-RA	coassemb76_006781-T1
OG0002656	jgi|Dibbae1|942|DIBA_001044-RA	jgi|Erypu1|138|transcript_POS81639
OG0002676	jgi|Dibbae1|1595|DIBA_000759-RA	coassemb76_007595-T1
OG0002704	jgi|Dibbae1|12428|DIBA_005077-RA	coassemb76_008812-T1
OG0002707	jgi|Dibbae1|3463|DIBA_000333-RA	coassemb76_008891-T1
OG0002718	jgi|Dibbae1|1994|DIBA_007454-RA	coassemb64_002777-T1
OG0002738	jgi|Dibbae1|5554|DIBA_002578-RA	jgi|Monha1|1364|H072_1364m.01
OG0002738	jgi|Dibbae1|5554|DIBA_002578-RA	jgi|Sclsc1|3554|SS1G_10010T0
OG0002760	jgi|Dibbae1|1267|DIBA_001751-RA	jgi|Monha1|5677|H072_5862m.01
OG0002764	jgi|Dibbae1|8355|DIBA_002330-RA	jgi|Ascim1|377009|estExt_fgenesh1_pg.C_420059
OG0002820	jgi|Dibbae1|4368|DIBA_001996-RA	jgi|Acastr1|119290|AST1_004379-RA
OG0002915	jgi|Dibbae1|7402|DIBA_009565-RA	jgi|Podan3|210066|mRNA_8894
OG0002915	jgi|Dibbae1|7402|DIBA_009565-RA	KAJ9653342.1
OG0002940	jgi|Dibbae1|3179|DIBA_006505-RA	coassemb64_002535-T1
OG0002978	jgi|Dibbae1|6486|DIBA_008345-RA	jgi|Claba1|131906|Z519_10224T0
OG0002978	jgi|Dibbae1|6486|DIBA_008345-RA	jgi|Fonmu1|4586|Z520_01573T0
OG0002978	jgi|Dibbae1|6486|DIBA_008345-RA	jgi|Capcor1|95870|A1O1_03012T0
OG0002978	jgi|Dibbae1|6486|DIBA_008345-RA	jgi|Exoaq1|2625|A1O9_10149T0
OG0002978	jgi|Dibbae1|6486|DIBA_008345-RA	coassemb76_002972-T1
OG0002978	jgi|Dibbae1|6486|DIBA_008345-RA	GTX0466b15_003283-T1
OG0002978	jgi|Dibbae1|6486|DIBA_008345-RA	XP_008714824.1
OG0002978	jgi|Dibbae1|6486|DIBA_008345-RA	KAJ9655640.1
OG0002978	jgi|Dibbae1|6486|DIBA_008345-RA	jgi|Phach1|5551|rna5550
OG0002978	jgi|Dibbae1|6486|DIBA_008345-RA	KAI9653096.1
OG0003031	jgi|Dibbae1|3108|DIBA_001901-RA	jgi|Exoaq1|5208|A1O9_02731T0
OG0003044	jgi|Dibbae1|2038|DIBA_006648-RA	jgi|PseVKM4520_1|5317|transcript_KFZ11750
OG0003143	jgi|Dibbae1|7980|DIBA_000443-RA	jgi|Aspni_DSM_1|163709|An11g04690m.01
OG0003155	jgi|Dibbae1|1807|DIBA_005823-RA	jgi|Grascr1|80|GST1_000080-RA
OG0003243	jgi|Dibbae1|11908|DIBA_001082-RA	jgi|Phach1|2750|rna2749
OG0003243	jgi|Dibbae1|11908|DIBA_001082-RA	jgi|EndpusZ1|2689|EPUS_03862T0
OG0003243	jgi|Dibbae1|11908|DIBA_001082-RA	XP_008719891.1
OG0003243	jgi|Dibbae1|11908|DIBA_001082-RA	GTX0466b15_005347-T1
OG0003243	jgi|Dibbae1|11908|DIBA_001082-RA	jgi|Exoaq1|9306|A1O9_05733T0
OG0003255	jgi|Dibbae1|1729|DIBA_006312-RA	coassemb76_009234-T1
OG0003275	jgi|Dibbae1|11099|DIBA_012639-RA	coassemb76_010196-T1
OG0003398	jgi|Dibbae1|7738|DIBA_010419-RA	jgi|Cocpo1_1|5470|XM_003070423.1
OG0003398	jgi|Dibbae1|1747|DIBA_006330-RA	jgi|Podan3|207063|mRNA_5891
OG0003398	jgi|Dibbae1|1747|DIBA_006330-RA	coassemb64_005159-T1
OG0003426	jgi|Dibbae1|12574|DIBA_004250-RA	jgi|Podan3|210594|mRNA_9422
OG0003426	jgi|Dibbae1|12574|DIBA_004250-RA	jgi|Fusgr1|7614|FGSG_06590T0
OG0003426	jgi|Dibbae1|12574|DIBA_004250-RA	jgi|Altal1|684464|CE684463_5654
OG0003426	jgi|Dibbae1|12574|DIBA_004250-RA	KAI9672744.1
OG0003467	jgi|Dibbae1|12474|DIBA_004861-RA	KAI9748327.1
OG0003467	jgi|Dibbae1|12474|DIBA_004861-RA	jgi|Exoaq1|12808|A1O9_09093T0
OG0003467	jgi|Dibbae1|12474|DIBA_004861-RA	jgi|Clagr3|7787|CLAGR_007406-RA
OG0003467	jgi|Dibbae1|12474|DIBA_004861-RA	KAI9664232.1
OG0003467	jgi|Dibbae1|12474|DIBA_004861-RA	GTX0486b100_005543-T1
OG0003472	jgi|Dibbae1|3718|DIBA_008835-RA	coassemb76_009613-T1
OG0003482	jgi|Dibbae1|9619|DIBA_003757-RA	jgi|Altal1|283663|CE283662_23
OG0003482	jgi|Dibbae1|9619|DIBA_003757-RA	coassemb76_009858-T1
OG0003482	jgi|Dibbae1|9620|DIBA_003758-RA	KAI9833791.1
OG0003482	jgi|Dibbae1|9620|DIBA_003758-RA	jgi|Acastr1|126532|AST1_000127-RA
OG0003482	jgi|Dibbae1|9620|DIBA_003758-RA	GTX0494b19_006283-T1
OG0003482	jgi|Dibbae1|9620|DIBA_003758-RA	KAI4237021.1
OG0003482	jgi|Dibbae1|9620|DIBA_003758-RA	KAI4108942.1
OG0003482	jgi|Dibbae1|9620|DIBA_003758-RA	KAI4225290.1
OG0003482	jgi|Dibbae1|9620|DIBA_003758-RA	FUN_007408_T1_FUN_007408
OG0003482	jgi|Dibbae1|9620|DIBA_003758-RA	KAI4107784.1
OG0003482	jgi|Dibbae1|9620|DIBA_003758-RA	KAI4263686.1
OG0003482	jgi|Dibbae1|9620|DIBA_003758-RA	coassemb376_000832-T1
OG0003482	jgi|Dibbae1|9620|DIBA_003758-RA	coassemb378_010575-T1
OG0003482	jgi|Dibbae1|9620|DIBA_003758-RA	jgi|Altal1|283663|CE283662_23
OG0003482	jgi|Dibbae1|9620|DIBA_003758-RA	coassemb76_009858-T1
OG0003482	jgi|Dibbae1|9620|DIBA_003758-RA	jgi|Altal1|283663|CE283662_23
OG0003482	jgi|Dibbae1|9620|DIBA_003758-RA	coassemb76_009858-T1
OG0003488	jgi|Dibbae1|3494|DIBA_000364-RA	jgi|Neucr_trp3_1|1223006|e_gw1.223.19.1
OG0003534	jgi|Dibbae1|10793|DIBA_004642-RA	KAI9724968.1
OG0003680	jgi|Dibbae1|2349|DIBA_008701-RA	jgi|Morco1|577490|gm1.8266_g
OG0003689	jgi|Dibbae1|12329|DIBA_001129-RA	jgi|Clagr3|7431|CLAGR_007028-RA
OG0003709	jgi|Dibbae1|7992|DIBA_000455-RA	coassemb376_002099-T1
OG0003739	jgi|Dibbae1|7194|DIBA_011383-RA, jgi|Dibbae1|4339|DIBA_001967-RA	KAI4289387.1
OG0003782	jgi|Dibbae1|11567|DIBA_012521-RA	coassemb76_001444-T1
OG0003794	jgi|Dibbae1|4601|DIBA_001598-RA	KAI9817910.1
OG0003802	jgi|Dibbae1|8626|DIBA_002773-RA	jgi|Claba1|130454|Z519_08761T0
OG0003828	jgi|Dibbae1|12351|DIBA_001151-RA	FUN_005187_T1_FUN_005187
OG0003840	jgi|Dibbae1|12007|DIBA_005691-RA, jgi|Dibbae1|12008|DIBA_005692-RA	jgi|Claba1|137073|Z519_12810T0
OG0003840	jgi|Dibbae1|12007|DIBA_005691-RA, jgi|Dibbae1|12008|DIBA_005692-RA	XP_008710554.1, XP_008721554.1
OG0003858	jgi|Dibbae1|12710|DIBA_005388-RA	GTX0486b100_004435-T1
OG0003964	jgi|Dibbae1|4244|DIBA_008436-RA	GTX0466b15_001705-T1
OG0003987	jgi|Dibbae1|11444|DIBA_003947-RA	coassemb378_007072-T1
OG0003987	jgi|Dibbae1|11444|DIBA_003947-RA	KAI4103517.1
OG0003987	jgi|Dibbae1|11444|DIBA_003947-RA	KAI4221237.1
OG0003987	jgi|Dibbae1|11444|DIBA_003947-RA	FUN_005000_T1_FUN_005000
OG0003987	jgi|Dibbae1|11444|DIBA_003947-RA	GTX0494b19_007946-T1
OG0003987	jgi|Dibbae1|11444|DIBA_003947-RA	KAI4225891.1
OG0003987	jgi|Dibbae1|11444|DIBA_003947-RA	KAI4288753.1
OG0003987	jgi|Dibbae1|11444|DIBA_003947-RA	KAI4101858.1
OG0003987	jgi|Dibbae1|11444|DIBA_003947-RA	CAF9925877.1
OG0003987	jgi|Dibbae1|11444|DIBA_003947-RA	KAI9836846.1
OG0003987	jgi|Dibbae1|11444|DIBA_003947-RA	KAI9707352.1
OG0003987	jgi|Dibbae1|11444|DIBA_003947-RA	GTX0486b100_002430-T1
OG0003987	jgi|Dibbae1|11444|DIBA_003947-RA	KAI9724747.1
OG0003987	jgi|Dibbae1|11444|DIBA_003947-RA	jgi|Acastr1|120379|AST1_005802-RA
OG0003987	jgi|Dibbae1|11444|DIBA_003947-RA	jgi|Umbpus1|106275|LPUS_04384T0
OG0003987	jgi|Dibbae1|11444|DIBA_003947-RA	jgi|Phach1|2535|rna2534
OG0003994	jgi|Dibbae1|8089|DIBA_010715-RA	KAI4286425.1
OG0004024	jgi|Dibbae1|12603|DIBA_004279-RA, jgi|Dibbae1|8161|DIBA_011818-RA, jgi|Dibbae1|11259|DIBA_012247-RA, jgi|Dibbae1|5808|DIBA_009664-RA	FUN_008171_T1_FUN_008171
OG0004024	jgi|Dibbae1|8161|DIBA_011818-RA	jgi|Fonmu1|6334|Z520_10147T0
OG0004115	jgi|Dibbae1|1306|DIBA_006895-RA	jgi|Penexp1|7114|PEXP_076500T0
OG0004184	jgi|Dibbae1|6028|DIBA_000070-RA	FUN_008494_T1_FUN_008494
OG0004250	jgi|Dibbae1|2719|DIBA_006864-RA	jgi|Claba1|128932|Z519_07232T0
OG0004250	jgi|Dibbae1|2719|DIBA_006864-RA	jgi|Monha1|1644|H072_1644m.01
OG0004308	jgi|Dibbae1|4487|DIBA_007635-RA	jgi|Fusgr1|12415|FGSG_13829T0
OG0004308	jgi|Dibbae1|4487|DIBA_007635-RA	jgi|Sclsc1|64|SS1G_00064T0
OG0004318	jgi|Dibbae1|424|DIBA_004938-RA	jgi|PseVKM4520_1|3541|transcript_KFZ14981
OG0004511	jgi|Dibbae1|7959|DIBA_000422-RA	coassemb76_009565-T1
OG0004527	jgi|Dibbae1|1394|DIBA_006033-RA	KAI9652523.1
OG0004589	jgi|Dibbae1|8489|DIBA_002210-RA	KAJ9650549.1
OG0004592	jgi|Dibbae1|745|DIBA_007781-RA	jgi|PseVKM4520_1|8017|transcript_KFZ24611
OG0004596	jgi|Dibbae1|6553|DIBA_002688-RA	jgi|Podan3|203261|mRNA_2089
OG0004622	jgi|Dibbae1|9380|DIBA_000829-RA	jgi|Clagr3|2324|CLAGR_001722-RA
OG0004631	jgi|Dibbae1|6745|DIBA_002632-RA	KAI9700672.1
OG0004640	jgi|Dibbae1|2903|DIBA_007516-RA	KAI9710051.1
OG0004683	jgi|Dibbae1|9548|DIBA_011563-RA	jgi|Podan3|206003|mRNA_4831
OG0004749	jgi|Dibbae1|452|DIBA_004966-RA	jgi|Aurpu_var_mel1|65965|fgenesh1_pg.10_#_51
OG0004760	jgi|Dibbae1|2566|DIBA_001557-RA	jgi|Capcor1|95013|A1O1_02152T0
OG0004760	jgi|Dibbae1|2566|DIBA_001557-RA	jgi|Artol1|5540|AOL_s00079g314m.01
OG0004766	jgi|Dibbae1|11937|DIBA_001111-RA	jgi|Erypu1|6691|transcript_POS81688
OG0004795	jgi|Dibbae1|6168|DIBA_008361-RA	jgi|Claba1|139160|Z519_05692T0
OG0004811	jgi|Dibbae1|2042|DIBA_006698-RA	jgi|Grascr1|8519|GST1_003040-RA
OG0004946	jgi|Dibbae1|7203|DIBA_010920-RA	jgi|Fonmu1|9138|Z520_11544T0
OG0004993	jgi|Dibbae1|2263|DIBA_001390-RA	jgi|Aspni_DSM_1|160798|An07g05740m.01
OG0005227	jgi|Dibbae1|5833|DIBA_008034-RA	jgi|Phach1|2375|rna2374
OG0005227	jgi|Dibbae1|5833|DIBA_008034-RA	jgi|Aurpu_var_mel1|67531|fgenesh1_pg.16_#_90
OG0005227	jgi|Dibbae1|5833|DIBA_008034-RA	jgi|Claba1|135389|Z519_02251T0
OG0005227	jgi|Dibbae1|5833|DIBA_008034-RA	jgi|Fonmu1|7569|Z520_10541T0
OG0005227	jgi|Dibbae1|5833|DIBA_008034-RA	KAJ9664247.1
OG0005227	jgi|Dibbae1|5833|DIBA_008034-RA	jgi|EndpusZ1|8854|EPUS_02693T0
OG0005228	jgi|Dibbae1|5303|DIBA_008810-RA	jgi|Monha1|8323|H072_8618m.01
OG0005243	jgi|Dibbae1|6367|DIBA_009444-RA	GTX0466b15_004710-T1
OG0005256	jgi|Dibbae1|2370|DIBA_006345-RA	coassemb76_010088-T1
OG0005288	jgi|Dibbae1|2906|DIBA_007519-RA	jgi|Penexp1|936|PEXP_095660T0
OG0005311	jgi|Dibbae1|2776|DIBA_007473-RA	coassemb376_007649-T1
OG0005313	jgi|Dibbae1|12584|DIBA_004260-RA	jgi|Acastr1|126870|AST1_004047-RA
OG0005351	jgi|Dibbae1|3941|DIBA_006913-RA	KAJ9653021.1
OG0005369	jgi|Dibbae1|4088|DIBA_001672-RA	KAI9710391.1
OG0005391	jgi|Dibbae1|4539|DIBA_007694-RA	jgi|Aspni_DSM_1|162776|An09g03140m.01
OG0005391	jgi|Dibbae1|11996|DIBA_005680-RA	jgi|Aspni_DSM_1|155726|An01g06850m.01
OG0005425	jgi|Dibbae1|7693|DIBA_010878-RA	jgi|EndpusZ1|255|EPUS_04141T0
OG0005435	jgi|Dibbae1|9765|DIBA_012317-RA	jgi|Acastr1|121105|AST1_006607-RA
OG0005478	jgi|Dibbae1|338|DIBA_006527-RA	jgi|Penexp1|3367|PEXP_084480T0
OG0005484	jgi|Dibbae1|2337|DIBA_005664-RA	jgi|Fonmu1|2034|Z520_06667T0
OG0005512	jgi|Dibbae1|8353|DIBA_002328-RA	KAI9702096.1
OG0005575	jgi|Dibbae1|12619|DIBA_003635-RA	jgi|Aspni_DSM_1|161719|An08g04560m.01
OG0005590	jgi|Dibbae1|7904|DIBA_000367-RA	jgi|PseVKM4520_1|11292|transcript_KFZ23127
OG0005590	jgi|Dibbae1|7904|DIBA_000367-RA	jgi|Sclsc1|9551|SS1G_02966T0
OG0005590	jgi|Dibbae1|7904|DIBA_000367-RA	jgi|Erypu1|446|transcript_POS84190
OG0005590	jgi|Dibbae1|7904|DIBA_000367-RA	jgi|Podan3|206615|mRNA_5443, jgi|Podan3|202281|mRNA_1109
OG0005590	jgi|Dibbae1|7904|DIBA_000367-RA	jgi|Neucr_trp3_1|10640|Neucr2.NCU05773T0, jgi|Neucr_trp3_1|1591|Neucr2.NCU07415T0
OG0005590	jgi|Dibbae1|7904|DIBA_000367-RA	jgi|Fusgr1|7898|FGSG_06836T0
OG0005605	jgi|Dibbae1|9935|DIBA_002365-RA	coassemb64_003773-T1
OG0005605	jgi|Dibbae1|9935|DIBA_002365-RA	GTX0486b100_008523-T1
OG0005622	jgi|Dibbae1|12012|DIBA_005696-RA	jgi|Clagr3|10791|CLAGR_011072-RA
OG0005622	jgi|Dibbae1|12012|DIBA_005696-RA	CAF9913435.1
OG0005653	jgi|Dibbae1|4153|DIBA_006608-RA	coassemb378_007498-T1, coassemb378_007499-T1
OG0005653	jgi|Dibbae1|4153|DIBA_006608-RA	jgi|Ascim1|27753|CE27752_4833
OG0005653	jgi|Dibbae1|4153|DIBA_006608-RA	jgi|Altal1|1075074|MIX6972_8_48, jgi|Altal1|1097293|estExt_Genemark1.C_180057
OG0005653	jgi|Dibbae1|4153|DIBA_006608-RA	jgi|Artol1|3022|AOL_s00054g355m.01
OG0005653	jgi|Dibbae1|4153|DIBA_006608-RA	jgi|Monha1|8959|H072_9368m.01
OG0005653	jgi|Dibbae1|4153|DIBA_006608-RA	jgi|Morco1|542762|fgenesh1_pg.8_#_75
OG0005657	jgi|Dibbae1|10027|DIBA_002947-RA	jgi|Monha1|10160|H072_10718m.01, jgi|Monha1|5041|H072_5147m.01
OG0005657	jgi|Dibbae1|10027|DIBA_002947-RA	jgi|Artol1|3626|AOL_s00054g959m.01
OG0005657	jgi|Dibbae1|10027|DIBA_002947-RA	jgi|Penexp1|2383|PEXP_052380T0
OG0005657	jgi|Dibbae1|10027|DIBA_002947-RA	jgi|Aspni_DSM_1|166039|An14g02540m.01
OG0005657	jgi|Dibbae1|10027|DIBA_002947-RA	jgi|Phach1|2290|rna2289
OG0005657	jgi|Dibbae1|10027|DIBA_002947-RA	GTX0466b15_008957-T1, GTX0466b15_001162-T1
OG0005657	jgi|Dibbae1|10027|DIBA_002947-RA	KAJ9656011.1, KAJ9655419.1
OG0005657	jgi|Dibbae1|10027|DIBA_002947-RA	jgi|Claba1|134197|Z519_11599T0, jgi|Claba1|139708|Z519_06240T0, jgi|Claba1|137389|Z519_03915T0, jgi|Claba1|137357|Z519_03883T0, jgi|Claba1|139709|Z519_06241T0, jgi|Claba1|129816|Z519_08123T0, jgi|Claba1|137826|Z519_04352T0
OG0005657	jgi|Dibbae1|10027|DIBA_002947-RA	jgi|Fonmu1|12097|Z520_05303T0, jgi|Fonmu1|9522|Z520_11929T0, jgi|Fonmu1|10495|Z520_12362T0, jgi|Fonmu1|9525|Z520_11932T0, jgi|Fonmu1|5052|Z520_08863T0
OG0005657	jgi|Dibbae1|10027|DIBA_002947-RA	jgi|Capcor1|98044|A1O1_05208T0, jgi|Capcor1|100956|A1O1_08144T0, jgi|Capcor1|100867|A1O1_08054T0
OG0005657	jgi|Dibbae1|10027|DIBA_002947-RA	jgi|Exoaq1|7631|A1O9_04162T0, jgi|Exoaq1|1898|A1O9_09430T0, jgi|Exoaq1|6956|A1O9_12758T0
OG0005657	jgi|Dibbae1|10027|DIBA_002947-RA	XP_008721238.1, XP_008713806.1, XP_008713803.1
OG0005657	jgi|Dibbae1|10027|DIBA_002947-RA	coassemb76_006039-T1
OG0005657	jgi|Dibbae1|10027|DIBA_002947-RA	jgi|Altal1|999590|estExt_Genewise1Plus.C_260209
OG0005657	jgi|Dibbae1|10027|DIBA_002947-RA	jgi|Aurpu_var_mel1|85523|gm1.5919_g, jgi|Aurpu_var_mel1|51117|e_gw1.14.587.1
OG0005657	jgi|Dibbae1|10027|DIBA_002947-RA	jgi|Clagr3|11138|CLAGR_010750-RA
OG0005657	jgi|Dibbae1|10027|DIBA_002947-RA	jgi|Clagr3|11138|CLAGR_010750-RA
OG0005682	jgi|Dibbae1|11879|DIBA_001053-RA	jgi|Claba1|135406|Z519_02268T0
OG0005682	jgi|Dibbae1|11879|DIBA_001053-RA	jgi|Fonmu1|1370|Z520_06000T0
OG0005682	jgi|Dibbae1|11879|DIBA_001053-RA	jgi|Capcor1|101518|A1O1_08710T0
OG0005682	jgi|Dibbae1|11879|DIBA_001053-RA	jgi|Exoaq1|5927|A1O9_03457T0
OG0005682	jgi|Dibbae1|11879|DIBA_001053-RA	KAJ9658504.1
OG0005682	jgi|Dibbae1|11879|DIBA_001053-RA	jgi|Penexp1|9331|PEXP_066350T0
OG0005682	jgi|Dibbae1|11879|DIBA_001053-RA	jgi|Aspni_DSM_1|165139|An12g08390m.01
OG0005682	jgi|Dibbae1|11879|DIBA_001053-RA	jgi|Cocpo1_1|4288|XM_003069241.1
OG0005682	jgi|Dibbae1|11879|DIBA_001053-RA	jgi|EndpusZ1|9036|EPUS_05296T0
OG0005682	jgi|Dibbae1|11879|DIBA_001053-RA	coassemb76_002221-T1
OG0005682	jgi|Dibbae1|11879|DIBA_001053-RA	GTX0466b15_004254-T1
OG0005682	jgi|Dibbae1|11879|DIBA_001053-RA	XP_008716967.1
OG0005682	jgi|Dibbae1|11874|DIBA_001048-RA	coassemb76_009415-T1
OG0005689	jgi|Dibbae1|9785|DIBA_011156-RA	coassemb76_009641-T1
OG0005703	jgi|Dibbae1|4779|DIBA_007319-RA	jgi|Neucr_trp3_1|5771|Neucr2.NCU07660T0
OG0005703	jgi|Dibbae1|4779|DIBA_007319-RA	jgi|Penexp1|5410|PEXP_058710T0
OG0005747	jgi|Dibbae1|3289|DIBA_008413-RA	jgi|EndpusZ1|3287|EPUS_08556T0, jgi|EndpusZ1|3288|EPUS_08557T0
OG0005877	jgi|Dibbae1|10416|DIBA_011541-RA	jgi|PseVKM4520_1|4243|transcript_KFZ13794
OG0005898	jgi|Dibbae1|570|DIBA_000959-RA	KAI9723592.1
OG0005921	jgi|Dibbae1|5951|DIBA_009453-RA	jgi|Monha1|9690|H072_10193m.01
OG0005957	jgi|Dibbae1|503|DIBA_006975-RA	jgi|Artol1|7872|AOL_s00109g40m.01
OG0005966	jgi|Dibbae1|7471|DIBA_003474-RA	jgi|Grascr1|2308|GST1_009053-RA
OG0005966	jgi|Dibbae1|7471|DIBA_003474-RA	CAF9936865.1, CAF9933811.1
OG0005978	jgi|Dibbae1|5580|DIBA_009407-RA	coassemb376_005815-T1
OG0006025	jgi|Dibbae1|10985|DIBA_012405-RA	jgi|Penexp1|9708|PEXP_100150T0
OG0006043	jgi|Dibbae1|9510|DIBA_011778-RA, jgi|Dibbae1|3206|DIBA_007879-RA	jgi|Podan3|206644|mRNA_5472
OG0006059	jgi|Dibbae1|2023|DIBA_006633-RA	KAI4239100.1
OG0006092	jgi|Dibbae1|3608|DIBA_007346-RA	XP_008720544.1
OG0006178	jgi|Dibbae1|5299|DIBA_009493-RA	jgi|Grascr1|8723|GST1_011775-RA
OG0006273	jgi|Dibbae1|7213|DIBA_011279-RA, jgi|Dibbae1|8414|DIBA_011086-RA	jgi|Altal1|1050624|estExt_fgenesh1_pg.C_110375
OG0006273	jgi|Dibbae1|7213|DIBA_011279-RA	jgi|Aurpu_var_mel1|53702|e_gw1.18.354.1
OG0006273	jgi|Dibbae1|8414|DIBA_011086-RA	jgi|Monha1|3378|H072_3395m.01, jgi|Monha1|7540|H072_7790m.01, jgi|Monha1|4207|H072_4254m.01
OG0006273	jgi|Dibbae1|8414|DIBA_011086-RA	jgi|Artol1|5496|AOL_s00079g270m.01, jgi|Artol1|9527|AOL_s00176g40m.01, jgi|Artol1|8323|AOL_s00110g282m.01, jgi|Artol1|8322|AOL_s00110g281m.01
OG0006273	jgi|Dibbae1|8414|DIBA_011086-RA	jgi|Morco1|497294|e_gw1.155.2.1
OG0006273	jgi|Dibbae1|8414|DIBA_011086-RA	jgi|Fusgr1|5315|FGSG_12556T0, jgi|Fusgr1|3473|FGSG_04528T0
OG0006273	jgi|Dibbae1|8414|DIBA_011086-RA	jgi|Grascr1|2002|GST1_007531-RA, jgi|Grascr1|2007|GST1_007536-RA
OG0006273	jgi|Dibbae1|8414|DIBA_011086-RA	jgi|Aurpu_var_mel1|64979|fgenesh1_pg.6_#_373, jgi|Aurpu_var_mel1|88006|gm1.8402_g
OG0006297	jgi|Dibbae1|1789|DIBA_005805-RA	KAJ9661893.1
OG0006297	jgi|Dibbae1|1789|DIBA_005805-RA	jgi|Exoaq1|3232|A1O9_10750T0
OG0006476	jgi|Dibbae1|6213|DIBA_009638-RA	GTX0486b100_007663-T1
OG0006500	jgi|Dibbae1|4080|DIBA_001664-RA	jgi|Phach1|6665|rna6664
OG0006500	jgi|Dibbae1|4080|DIBA_001664-RA	XP_008711140.1
OG0006500	jgi|Dibbae1|4080|DIBA_001664-RA	coassemb76_004163-T1
OG0006500	jgi|Dibbae1|4080|DIBA_001664-RA	GTX0466b15_001919-T1
OG0006500	jgi|Dibbae1|4080|DIBA_001664-RA	jgi|EndpusZ1|7096|EPUS_05487T0
OG0006556	jgi|Dibbae1|3529|DIBA_001227-RA, jgi|Dibbae1|10625|DIBA_003189-RA	KAJ9657159.1
OG0006606	jgi|Dibbae1|5440|DIBA_008171-RA, jgi|Dibbae1|8194|DIBA_003561-RA	jgi|Monha1|1924|H072_1925m.01
OG0006638	jgi|Dibbae1|8770|DIBA_002263-RA	jgi|Sclsc1|872|SS1G_00872T0
OG0006638	jgi|Dibbae1|8770|DIBA_002263-RA	jgi|Aurpu_var_mel1|58582|e_gw1.29.242.1
OG0006638	jgi|Dibbae1|8770|DIBA_002263-RA	jgi|Umbpus1|101130|LPUS_07892T0
OG0006638	jgi|Dibbae1|8770|DIBA_002263-RA	jgi|PseVKM4520_1|5806|transcript_KFZ10838
OG0006638	jgi|Dibbae1|8770|DIBA_002263-RA	jgi|EndpusZ1|1128|EPUS_08311T0
OG0006638	jgi|Dibbae1|8770|DIBA_002263-RA	KAI9747316.1
OG0006638	jgi|Dibbae1|8770|DIBA_002263-RA	jgi|Fonmu1|9986|Z520_03383T0
OG0006638	jgi|Dibbae1|8770|DIBA_002263-RA	jgi|Aspni_DSM_1|158490|An03g04980m.01
OG0006638	jgi|Dibbae1|8770|DIBA_002263-RA	jgi|Acastr1|120450|AST1_008376-RA
OG0006638	jgi|Dibbae1|8770|DIBA_002263-RA	KAI9708425.1
OG0006638	jgi|Dibbae1|8770|DIBA_002263-RA	KAI9705113.1
OG0006638	jgi|Dibbae1|8770|DIBA_002263-RA	GTX0486b100_000971-T1
OG0006638	jgi|Dibbae1|8770|DIBA_002263-RA	coassemb376_000599-T1
OG0006638	jgi|Dibbae1|8770|DIBA_002263-RA	CAF9925621.1
OG0006638	jgi|Dibbae1|8770|DIBA_002263-RA	jgi|Neucr_trp3_1|7783|Neucr2.NCU01351T0
OG0006638	jgi|Dibbae1|8770|DIBA_002263-RA	jgi|Morco1|598830|MIX17928_19_49
OG0006638	jgi|Dibbae1|8770|DIBA_002263-RA	KAI4290062.1
OG0006638	jgi|Dibbae1|8770|DIBA_002263-RA	FUN_001538_T1_FUN_001538
OG0006638	jgi|Dibbae1|8770|DIBA_002263-RA	GTX0494b19_002923-T1
OG0006638	jgi|Dibbae1|8770|DIBA_002263-RA	KAI4110345.1
OG0006638	jgi|Dibbae1|8770|DIBA_002263-RA	KAI4220637.1
OG0006638	jgi|Dibbae1|8770|DIBA_002263-RA	jgi|Clagr3|6591|CLAGR_006304-RA
OG0006638	jgi|Dibbae1|8770|DIBA_002263-RA	jgi|Artol1|6195|AOL_s00081g25m.01
OG0006638	jgi|Dibbae1|8770|DIBA_002263-RA	jgi|Clagr3|6591|CLAGR_006304-RA
OG0006638	jgi|Dibbae1|8770|DIBA_002263-RA	jgi|Artol1|6195|AOL_s00081g25m.01
OG0006654	jgi|Dibbae1|6525|DIBA_002660-RA	jgi|Phach1|5561|rna5560
OG0006654	jgi|Dibbae1|6525|DIBA_002660-RA	KAI9698520.1
OG0006654	jgi|Dibbae1|6525|DIBA_002660-RA	GTX0486b100_003312-T1
OG0006654	jgi|Dibbae1|6525|DIBA_002660-RA	KAI4265681.1
OG0006654	jgi|Dibbae1|6525|DIBA_002660-RA	jgi|Sclsc1|13786|SS1G_06815T0
OG0006654	jgi|Dibbae1|6525|DIBA_002660-RA	jgi|Grascr1|6111|GST1_010624-RA
OG0006654	jgi|Dibbae1|6525|DIBA_002660-RA	jgi|Fusgr1|3150|FGSG_02755T0
OG0006654	jgi|Dibbae1|6525|DIBA_002660-RA	KAI9726199.1
OG0006654	jgi|Dibbae1|6525|DIBA_002660-RA	jgi|Altal1|394591|CE394590_15388
OG0006654	jgi|Dibbae1|6525|DIBA_002660-RA	KAI9832881.1
OG0006654	jgi|Dibbae1|6525|DIBA_002660-RA	jgi|Clagr3|4265|CLAGR_004784-RA
OG0006654	jgi|Dibbae1|6525|DIBA_002660-RA	jgi|Umbpus1|101542|LPUS_08257T0
OG0006654	jgi|Dibbae1|6525|DIBA_002660-RA	GTX0494b19_000264-T1
OG0006654	jgi|Dibbae1|6525|DIBA_002660-RA	FUN_004022_T1_FUN_004022
OG0006654	jgi|Dibbae1|6525|DIBA_002660-RA	KAI4215441.1
OG0006654	jgi|Dibbae1|6525|DIBA_002660-RA	jgi|Aurpu_var_mel1|44940|e_gw1.6.345.1
OG0006654	jgi|Dibbae1|6525|DIBA_002660-RA	coassemb376_007836-T1
OG0006654	jgi|Dibbae1|6525|DIBA_002660-RA	coassemb378_006357-T1
OG0006828	jgi|Dibbae1|520|DIBA_000909-RA	coassemb76_004075-T1
OG0006828	jgi|Dibbae1|520|DIBA_000909-RA	KAJ9651555.1
OG0006842	jgi|Dibbae1|9193|DIBA_011738-RA	jgi|EndpusZ1|2241|EPUS_06577T0
OG0006886	jgi|Dibbae1|8169|DIBA_003536-RA	CAF9936313.1
OG0006938	jgi|Dibbae1|10820|DIBA_012445-RA	CAF9913956.1
OG0006954	jgi|Dibbae1|3607|DIBA_007345-RA	jgi|Fonmu1|10251|Z520_03649T0
OG0007083	jgi|Dibbae1|11370|DIBA_000605-RA, jgi|Dibbae1|9233|DIBA_010631-RA, jgi|Dibbae1|3477|DIBA_000347-RA	coassemb378_010436-T1
OG0007100	jgi|Dibbae1|1550|DIBA_006941-RA	jgi|Capcor1|97792|A1O1_04953T0
OG0007133	jgi|Dibbae1|3577|DIBA_005990-RA	coassemb64_006249-T1
OG0007268	jgi|Dibbae1|8318|DIBA_002293-RA	jgi|Fusgr1|6757|FGSG_12819T0
OG0007270	jgi|Dibbae1|5846|DIBA_008047-RA	coassemb76_005880-T1
OG0007296	jgi|Dibbae1|5085|DIBA_008875-RA	coassemb76_002129-T1
OG0007756	jgi|Dibbae1|3712|DIBA_008829-RA	jgi|Penexp1|5797|PEXP_011060T0
OG0007756	jgi|Dibbae1|3712|DIBA_008829-RA	jgi|Aspni_DSM_1|167139|An15g06270m.01
OG0007756	jgi|Dibbae1|3712|DIBA_008829-RA	KAJ9651034.1
OG0007756	jgi|Dibbae1|3712|DIBA_008829-RA	jgi|Erypu1|4658|transcript_POS85857
OG0008199	jgi|Dibbae1|11618|DIBA_012676-RA	KAI9715847.1
OG0008390	jgi|Dibbae1|3380|DIBA_000250-RA	jgi|Grascr1|3382|GST1_009162-RA
