Orthogroup	EndpusZ1_GeneCatalog_proteins_20180130.aa	Other
OG0000000	jgi|EndpusZ1|7052|EPUS_09335T0, jgi|EndpusZ1|1087|EPUS_09274T0, jgi|EndpusZ1|5669|EPUS_03498T0	jgi|Exoaq1|3410|A1O9_10929T0
OG0000000	jgi|EndpusZ1|917|EPUS_01633T0	jgi|Clagr3|6472|CLAGR_006578-RA
OG0000000	jgi|EndpusZ1|3758|EPUS_07130T0	KAI4090072.1
OG0000000	jgi|EndpusZ1|3758|EPUS_07130T0	KAI4090072.1
OG0000000	jgi|EndpusZ1|3758|EPUS_07130T0	jgi|Dibbae1|4381|DIBA_002009-RA
OG0000000	jgi|EndpusZ1|3758|EPUS_07130T0	CAF9919773.1
OG0000000	jgi|EndpusZ1|3758|EPUS_07130T0	coassemb376_006530-T1, coassemb376_007778-T1
OG0000000	jgi|EndpusZ1|3758|EPUS_07130T0	jgi|Morco1|530506|estExt_Genewise1Plus.C_1050005
OG0000000	jgi|EndpusZ1|3758|EPUS_07130T0	GTX0466b15_008450-T1
OG0000000	jgi|EndpusZ1|3758|EPUS_07130T0	jgi|Fusgr1|8800|FGSG_13170T0
OG0000002	jgi|EndpusZ1|6101|EPUS_02368T0	coassemb378_000154-T1
OG0000002	jgi|EndpusZ1|4163|EPUS_04808T0	jgi|Claba1|138056|Z519_04582T0
OG0000002	jgi|EndpusZ1|4163|EPUS_04808T0	jgi|Dibbae1|6953|DIBA_010555-RA
OG0000002	jgi|EndpusZ1|4163|EPUS_04808T0	jgi|Altal1|947060|e_gw1.26.429.1
OG0000002	jgi|EndpusZ1|4163|EPUS_04808T0	coassemb376_006391-T1
OG0000002	jgi|EndpusZ1|4163|EPUS_04808T0	jgi|Clagr3|8891|CLAGR_008871-RA
OG0000002	jgi|EndpusZ1|4163|EPUS_04808T0	jgi|Aspni_DSM_1|164052|An11g08370m.01
OG0000003	jgi|EndpusZ1|3770|EPUS_08855T0	jgi|Penexp1|10011|PEXP_017340T0, jgi|Penexp1|9403|PEXP_067070T0, jgi|Penexp1|7088|PEXP_076240T0
OG0000004	jgi|EndpusZ1|2529|EPUS_08887T0	jgi|Claba1|133761|Z519_11161T0
OG0000009	jgi|EndpusZ1|1236|EPUS_00047T0	jgi|Claba1|128724|Z519_07022T0
OG0000009	jgi|EndpusZ1|1236|EPUS_00047T0	KAJ9663857.1, KAJ9652153.1
OG0000009	jgi|EndpusZ1|1236|EPUS_00047T0	jgi|Exoaq1|5525|A1O9_03049T0
OG0000010	jgi|EndpusZ1|4054|EPUS_04247T0	CAF9932876.1
OG0000011	jgi|EndpusZ1|5497|EPUS_00653T0	jgi|Aspni_DSM_1|162000|An08g07400m.01
OG0000011	jgi|EndpusZ1|5497|EPUS_00653T0	jgi|Altal1|1032367|fgenesh1_pm.14_#_117
OG0000011	jgi|EndpusZ1|5497|EPUS_00653T0	jgi|Sclsc1|492|SS1G_00492T0
OG0000011	jgi|EndpusZ1|5497|EPUS_00653T0	jgi|PseVKM4520_1|8402|transcript_KFZ04377
OG0000011	jgi|EndpusZ1|5497|EPUS_00653T0	jgi|Podan3|203845|mRNA_2673
OG0000011	jgi|EndpusZ1|5497|EPUS_00653T0	jgi|Neucr_trp3_1|7012|Neucr2.NCU09678T0
OG0000011	jgi|EndpusZ1|5497|EPUS_00653T0	jgi|Fusgr1|3314|FGSG_12204T0
OG0000011	jgi|EndpusZ1|5497|EPUS_00653T0	KAI9652284.1
OG0000011	jgi|EndpusZ1|5497|EPUS_00653T0	jgi|Phach1|4096|rna4095
OG0000011	jgi|EndpusZ1|5497|EPUS_00653T0	KAI9722909.1
OG0000011	jgi|EndpusZ1|5497|EPUS_00653T0	KAI9707675.1
OG0000011	jgi|EndpusZ1|5497|EPUS_00653T0	jgi|Clagr3|8693|CLAGR_009119-RA
OG0000011	jgi|EndpusZ1|5497|EPUS_00653T0	CAF9922512.1
OG0000014	jgi|EndpusZ1|5016|EPUS_06527T0	jgi|Altal1|999746|estExt_Genewise1Plus.C_260385
OG0000014	jgi|EndpusZ1|5016|EPUS_06527T0	KAI9671675.1
OG0000014	jgi|EndpusZ1|5016|EPUS_06527T0	jgi|Aspni_DSM_1|167467|An16g01690m.01
OG0000014	jgi|EndpusZ1|5016|EPUS_06527T0	jgi|Dibbae1|8438|DIBA_010822-RA
OG0000014	jgi|EndpusZ1|5016|EPUS_06527T0	jgi|Podan3|207840|mRNA_6668
OG0000014	jgi|EndpusZ1|5016|EPUS_06527T0	coassemb376_007198-T1
OG0000014	jgi|EndpusZ1|5016|EPUS_06527T0	jgi|Aurpu_var_mel1|74424|fgenesh1_pm.7_#_150
OG0000014	jgi|EndpusZ1|5016|EPUS_06527T0	KAI9697230.1
OG0000014	jgi|EndpusZ1|5016|EPUS_06527T0	jgi|Acastr1|122919|AST1_001035-RA
OG0000014	jgi|EndpusZ1|5016|EPUS_06527T0	jgi|Penexp1|10961|PEXP_021950T0
OG0000014	jgi|EndpusZ1|5016|EPUS_06527T0	jgi|Penexp1|10961|PEXP_021950T0
OG0000014	jgi|EndpusZ1|5016|EPUS_06527T0	jgi|Clagr3|8934|CLAGR_008914-RA
OG0000015	jgi|EndpusZ1|186|EPUS_06954T0	jgi|Cocpo1_1|2685|XM_003067638.1
OG0000015	jgi|EndpusZ1|186|EPUS_06954T0	jgi|Penexp1|3668|PEXP_085500T0
OG0000015	jgi|EndpusZ1|186|EPUS_06954T0	jgi|Aspni_DSM_1|162661|An09g02000m.01
OG0000015	jgi|EndpusZ1|819|EPUS_01535T0	jgi|Monha1|7534|H072_7784m.01
OG0000027	jgi|EndpusZ1|7811|EPUS_03979T0	GTX0466b15_002962-T1, GTX0466b15_000963-T1
OG0000028	jgi|EndpusZ1|2734|EPUS_05357T0	CAF9908997.1
OG0000029	jgi|EndpusZ1|7403|EPUS_01821T0	coassemb64_007229-T1
OG0000038	jgi|EndpusZ1|4558|EPUS_06091T0	jgi|Dibbae1|3651|DIBA_008332-RA, jgi|Dibbae1|3655|DIBA_008336-RA
OG0000039	jgi|EndpusZ1|1868|EPUS_03237T0	jgi|Exoaq1|12011|A1O9_08327T0
OG0000040	jgi|EndpusZ1|680|EPUS_01241T0	jgi|Capcor1|97361|A1O1_04519T0
OG0000052	jgi|EndpusZ1|1901|EPUS_04889T0	jgi|Grascr1|1647|GST1_007228-RA
OG0000053	jgi|EndpusZ1|7274|EPUS_09309T0	CAF9904081.1
OG0000053	jgi|EndpusZ1|7270|EPUS_07589T0	jgi|Podan3|203414|mRNA_2242
OG0000053	jgi|EndpusZ1|3637|EPUS_09187T0, jgi|EndpusZ1|3629|EPUS_09122T0	jgi|Artol1|8979|AOL_s00169g271m.01
OG0000053	jgi|EndpusZ1|3637|EPUS_09187T0, jgi|EndpusZ1|3629|EPUS_09122T0	jgi|Monha1|5245|H072_5356m.01
OG0000053	jgi|EndpusZ1|3637|EPUS_09187T0, jgi|EndpusZ1|3629|EPUS_09122T0	jgi|PseVKM4520_1|10754|transcript_KFZ23633
OG0000053	jgi|EndpusZ1|3629|EPUS_09122T0	jgi|Cocpo1_1|3877|XM_003068830.1
OG0000055	jgi|EndpusZ1|157|EPUS_07323T0	jgi|Clagr3|2322|CLAGR_001720-RA
OG0000061	jgi|EndpusZ1|3943|EPUS_02671T0	jgi|Penexp1|1729|PEXP_074030T0
OG0000066	jgi|EndpusZ1|8253|EPUS_08192T0	jgi|Dibbae1|4642|DIBA_001639-RA
OG0000069	jgi|EndpusZ1|8572|EPUS_07171T0	jgi|Grascr1|1601|GST1_007646-RA
OG0000080	jgi|EndpusZ1|3432|EPUS_03132T0, jgi|EndpusZ1|653|EPUS_01214T0	XP_008714722.1
OG0000081	jgi|EndpusZ1|9211|EPUS_05842T0	KAI4236998.1
OG0000089	jgi|EndpusZ1|8388|EPUS_06259T0	jgi|Exoaq1|3473|A1O9_10992T0
OG0000091	jgi|EndpusZ1|372|EPUS_04340T0	coassemb76_008068-T1
OG0000092	jgi|EndpusZ1|8673|EPUS_05619T0	jgi|Clagr3|5199|CLAGR_004539-RA
OG0000092	jgi|EndpusZ1|7461|EPUS_01880T0	jgi|Podan3|203432|mRNA_2260
OG0000096	jgi|EndpusZ1|6610|EPUS_05226T0	jgi|Dibbae1|9024|DIBA_003298-RA
OG0000096	jgi|EndpusZ1|6610|EPUS_05226T0	KAI9704956.1
OG0000096	jgi|EndpusZ1|6610|EPUS_05226T0	KAI9712970.1
OG0000096	jgi|EndpusZ1|6610|EPUS_05226T0	GTX0486b100_005481-T1
OG0000096	jgi|EndpusZ1|6610|EPUS_05226T0	jgi|PseVKM4520_1|5553|transcript_KFZ11229
OG0000096	jgi|EndpusZ1|6610|EPUS_05226T0	KAI4289803.1
OG0000096	jgi|EndpusZ1|6610|EPUS_05226T0	KAI4220052.1
OG0000096	jgi|EndpusZ1|6610|EPUS_05226T0	FUN_000957_T1_FUN_000957, FUN_010731_T1_FUN_010731
OG0000104	jgi|EndpusZ1|6267|EPUS_05117T0	CAF9921432.1
OG0000108	jgi|EndpusZ1|6641|EPUS_07600T0	coassemb64_004549-T1
OG0000115	jgi|EndpusZ1|331|EPUS_04299T0	jgi|Exoaq1|11438|A1O9_07774T0
OG0000115	jgi|EndpusZ1|331|EPUS_04299T0	jgi|Clagr3|7930|CLAGR_008371-RA
OG0000115	jgi|EndpusZ1|5818|EPUS_06007T0	KAI4108503.1
OG0000115	jgi|EndpusZ1|5818|EPUS_06007T0	KAI4221978.1
OG0000115	jgi|EndpusZ1|5818|EPUS_06007T0	GTX0494b19_003641-T1
OG0000115	jgi|EndpusZ1|5818|EPUS_06007T0	FUN_001522_T1_FUN_001522, FUN_001523_T1_FUN_001523
OG0000115	jgi|EndpusZ1|5818|EPUS_06007T0	KAI4110331.1, KAI4110332.1
OG0000115	jgi|EndpusZ1|5818|EPUS_06007T0	KAI4218275.1
OG0000115	jgi|EndpusZ1|5818|EPUS_06007T0	XP_008715201.1
OG0000115	jgi|EndpusZ1|5818|EPUS_06007T0	jgi|Sclsc1|5119|SS1G_11575T0
OG0000115	jgi|EndpusZ1|5818|EPUS_06007T0	jgi|Neucr_trp3_1|10591|Neucr2.NCU08174T0
OG0000115	jgi|EndpusZ1|5818|EPUS_06007T0	jgi|Phach1|1241|rna1240
OG0000115	jgi|EndpusZ1|5818|EPUS_06007T0	coassemb76_009166-T1
OG0000115	jgi|EndpusZ1|5818|EPUS_06007T0	jgi|Fusgr1|7915|FGSG_06853T0
OG0000118	jgi|EndpusZ1|1884|EPUS_03253T0	jgi|Cocpo1_1|3053|XM_003068006.1
OG0000118	jgi|EndpusZ1|1884|EPUS_03253T0	coassemb378_001182-T1
OG0000118	jgi|EndpusZ1|1884|EPUS_03253T0	jgi|Clagr3|5171|CLAGR_004512-RA
OG0000118	jgi|EndpusZ1|1884|EPUS_03253T0	CAF9935311.1
OG0000118	jgi|EndpusZ1|1884|EPUS_03253T0	KAI4105868.1
OG0000118	jgi|EndpusZ1|1884|EPUS_03253T0	GTX0494b19_006212-T1
OG0000118	jgi|EndpusZ1|1884|EPUS_03253T0	KAI4234409.1
OG0000118	jgi|EndpusZ1|1884|EPUS_03253T0	KAI4094702.1
OG0000118	jgi|EndpusZ1|1884|EPUS_03253T0	KAI4220330.1
OG0000118	jgi|EndpusZ1|1884|EPUS_03253T0	FUN_001150_T1_FUN_001150
OG0000118	jgi|EndpusZ1|1884|EPUS_03253T0	coassemb376_001023-T1, coassemb376_002821-T1
OG0000118	jgi|EndpusZ1|1884|EPUS_03253T0	jgi|Acastr1|119086|AST1_006267-RA
OG0000118	jgi|EndpusZ1|1884|EPUS_03253T0	KAI9827269.1
OG0000118	jgi|EndpusZ1|1884|EPUS_03253T0	GTX0486b100_006079-T1
OG0000118	jgi|EndpusZ1|1884|EPUS_03253T0	KAI9714213.1
OG0000118	jgi|EndpusZ1|1884|EPUS_03253T0	KAI9698509.1
OG0000122	jgi|EndpusZ1|261|EPUS_04147T0	jgi|Morco1|522045|estExt_Genewise1Plus.C_200116
OG0000126	jgi|EndpusZ1|7517|EPUS_01936T0	coassemb76_010089-T1
OG0000131	jgi|EndpusZ1|4227|EPUS_05684T0	jgi|Aurpu_var_mel1|63718|fgenesh1_pg.4_#_55, jgi|Aurpu_var_mel1|56530|e_gw1.24.372.1
OG0000131	jgi|EndpusZ1|4227|EPUS_05684T0	KAI9653286.1
OG0000131	jgi|EndpusZ1|4227|EPUS_05684T0	jgi|Grascr1|8627|GST1_012291-RA
OG0000136	jgi|EndpusZ1|15|EPUS_05790T0	jgi|Aspni_DSM_1|158536|An03g05440m.01
OG0000143	jgi|EndpusZ1|4269|EPUS_08749T0	jgi|Artol1|2365|AOL_s00043g528m.01
OG0000144	jgi|EndpusZ1|8981|EPUS_05241T0, jgi|EndpusZ1|1856|EPUS_03225T0	jgi|Clagr3|667|CLAGR_000658-RA
OG0000144	jgi|EndpusZ1|8981|EPUS_05241T0, jgi|EndpusZ1|1856|EPUS_03225T0	jgi|Grascr1|812|GST1_008983-RA
OG0000144	jgi|EndpusZ1|1856|EPUS_03225T0	jgi|Dibbae1|4934|DIBA_008464-RA
OG0000153	jgi|EndpusZ1|5875|EPUS_07753T0	jgi|Grascr1|4402|GST1_009774-RA
OG0000154	jgi|EndpusZ1|4580|EPUS_06113T0	jgi|Dibbae1|7779|DIBA_003252-RA
OG0000154	jgi|EndpusZ1|4580|EPUS_06113T0	XP_008711644.1
OG0000160	jgi|EndpusZ1|1203|EPUS_00014T0	jgi|Morco1|579956|gm1.10732_g
OG0000160	jgi|EndpusZ1|1203|EPUS_00014T0	jgi|Grascr1|12728|GST1_006273-RA
OG0000160	jgi|EndpusZ1|1203|EPUS_00014T0	jgi|Sclsc1|6847|SS1G_11944T0, jgi|Sclsc1|6848|SS1G_11945T0
OG0000160	jgi|EndpusZ1|1203|EPUS_00014T0	jgi|Dibbae1|9776|DIBA_011215-RA, jgi|Dibbae1|4438|DIBA_008630-RA, jgi|Dibbae1|4432|DIBA_008624-RA
OG0000160	jgi|EndpusZ1|1203|EPUS_00014T0	CAF9906258.1
OG0000160	jgi|EndpusZ1|1203|EPUS_00014T0	KAI4092738.1
OG0000160	jgi|EndpusZ1|1203|EPUS_00014T0	jgi|Amamu1|167793|fgenesh1_kg.73_#_3_#_Locus8212v1rpkm20.68, jgi|Amamu1|159641|fgenesh1_kg.11_#_74_#_Locus8316v1rpkm20.26
OG0000160	jgi|EndpusZ1|1203|EPUS_00014T0	jgi|Monha1|1130|H072_1130m.01, jgi|Monha1|675|H072_675m.01, jgi|Monha1|1583|H072_1583m.01, jgi|Monha1|9789|H072_10303m.01
OG0000160	jgi|EndpusZ1|1203|EPUS_00014T0	jgi|Ascim1|151040|CE151039_18458
OG0000160	jgi|EndpusZ1|1203|EPUS_00014T0	KAI4225969.1, KAI4235184.1, KAI4236786.1
OG0000160	jgi|EndpusZ1|1203|EPUS_00014T0	KAI4223597.1
OG0000160	jgi|EndpusZ1|1203|EPUS_00014T0	FUN_005774_T1_FUN_005774
OG0000160	jgi|EndpusZ1|1203|EPUS_00014T0	GTX0494b19_004441-T1
OG0000160	jgi|EndpusZ1|1203|EPUS_00014T0	KAI4087977.1
OG0000160	jgi|EndpusZ1|1203|EPUS_00014T0	jgi|Fusgr1|10148|FGSG_08156T0
OG0000160	jgi|EndpusZ1|1203|EPUS_00014T0	jgi|Claba1|130462|Z519_08769T0
OG0000160	jgi|EndpusZ1|1203|EPUS_00014T0	jgi|Acastr1|125181|AST1_007704-RA
OG0000160	jgi|EndpusZ1|1203|EPUS_00014T0	jgi|Altal1|1022310|fgenesh1_kg.16_#_24_#_Locus3770v2rpkm32.19
OG0000164	jgi|EndpusZ1|6272|EPUS_05122T0, jgi|EndpusZ1|3522|EPUS_03029T0, jgi|EndpusZ1|3739|EPUS_07111T0	jgi|Podan3|206414|mRNA_5242
OG0000165	jgi|EndpusZ1|7723|EPUS_05941T0	KAI9708568.1
OG0000173	jgi|EndpusZ1|766|EPUS_01327T0, jgi|EndpusZ1|6019|EPUS_06714T0, jgi|EndpusZ1|1022|EPUS_04600T0	coassemb64_001760-T1
OG0000173	jgi|EndpusZ1|766|EPUS_01327T0, jgi|EndpusZ1|6019|EPUS_06714T0, jgi|EndpusZ1|1022|EPUS_04600T0	coassemb64_001760-T1
OG0000173	jgi|EndpusZ1|766|EPUS_01327T0, jgi|EndpusZ1|6019|EPUS_06714T0, jgi|EndpusZ1|1022|EPUS_04600T0	XP_008714137.1
OG0000173	jgi|EndpusZ1|766|EPUS_01327T0, jgi|EndpusZ1|6019|EPUS_06714T0, jgi|EndpusZ1|1022|EPUS_04600T0	jgi|Grascr1|12301|GST1_006698-RA, jgi|Grascr1|11089|GST1_012435-RA
OG0000173	jgi|EndpusZ1|766|EPUS_01327T0, jgi|EndpusZ1|6019|EPUS_06714T0, jgi|EndpusZ1|1022|EPUS_04600T0	jgi|Acastr1|125147|AST1_003667-RA
OG0000173	jgi|EndpusZ1|766|EPUS_01327T0, jgi|EndpusZ1|6019|EPUS_06714T0, jgi|EndpusZ1|1022|EPUS_04600T0	KAI9810423.1
OG0000173	jgi|EndpusZ1|766|EPUS_01327T0, jgi|EndpusZ1|6019|EPUS_06714T0, jgi|EndpusZ1|1022|EPUS_04600T0	jgi|Umbpus1|101783|LPUS_08524T0
OG0000173	jgi|EndpusZ1|766|EPUS_01327T0, jgi|EndpusZ1|6019|EPUS_06714T0, jgi|EndpusZ1|1022|EPUS_04600T0	jgi|Clagr3|1734|CLAGR_001531-RA, jgi|Clagr3|1732|CLAGR_001529-RA
OG0000173	jgi|EndpusZ1|766|EPUS_01327T0, jgi|EndpusZ1|6019|EPUS_06714T0, jgi|EndpusZ1|1022|EPUS_04600T0	CAF9920614.1, CAF9913595.1
OG0000173	jgi|EndpusZ1|766|EPUS_01327T0, jgi|EndpusZ1|6019|EPUS_06714T0, jgi|EndpusZ1|1022|EPUS_04600T0	coassemb376_004187-T1
OG0000173	jgi|EndpusZ1|766|EPUS_01327T0, jgi|EndpusZ1|6019|EPUS_06714T0, jgi|EndpusZ1|1022|EPUS_04600T0	KAI9652568.1
OG0000193	jgi|EndpusZ1|4187|EPUS_07481T0	jgi|Claba1|136698|Z519_03230T0
OG0000201	jgi|EndpusZ1|5122|EPUS_01730T0, jgi|EndpusZ1|5360|EPUS_00516T0	coassemb378_001789-T1
OG0000225	jgi|EndpusZ1|6608|EPUS_05224T0	KAI4288535.1
OG0000235	jgi|EndpusZ1|6655|EPUS_07614T0	jgi|Penexp1|8163|PEXP_075040T0
OG0000238	jgi|EndpusZ1|4453|EPUS_07923T0	jgi|Altal1|1057710|gm1.1945_g
OG0000238	jgi|EndpusZ1|4453|EPUS_07923T0	KAI4109259.1
OG0000238	jgi|EndpusZ1|4453|EPUS_07923T0	jgi|Aurpu_var_mel1|49698|e_gw1.11.49.1
OG0000258	jgi|EndpusZ1|1726|EPUS_08950T0	jgi|Aspni_DSM_1|160399|An07g01670m.01, jgi|Aspni_DSM_1|166512|An14g07310m.01, jgi|Aspni_DSM_1|168482|An18g00280m.01, jgi|Aspni_DSM_1|160266|An07g00280m.01, jgi|Aspni_DSM_1|155805|An01g07630m.01
OG0000269	jgi|EndpusZ1|7107|EPUS_05393T0	jgi|Exoaq1|288|A1O9_00288T0
OG0000283	jgi|EndpusZ1|5791|EPUS_05980T0	coassemb376_007093-T1
OG0000295	jgi|EndpusZ1|4200|EPUS_09491T0	jgi|Morco1|606068|estExt_Genemark1.C_280061
OG0000295	jgi|EndpusZ1|4200|EPUS_09491T0	jgi|Monha1|99|H072_99m.01, jgi|Monha1|8731|H072_9064m.01
OG0000298	jgi|EndpusZ1|8555|EPUS_08720T0	jgi|PseVKM4520_1|4303|transcript_KFZ13686
OG0000298	jgi|EndpusZ1|8555|EPUS_08720T0	jgi|Grascr1|6563|GST1_004690-RA
OG0000298	jgi|EndpusZ1|8555|EPUS_08720T0	KAI4101359.1
OG0000298	jgi|EndpusZ1|8555|EPUS_08720T0	KAI4220825.1
OG0000298	jgi|EndpusZ1|8555|EPUS_08720T0	FUN_002737_T1_FUN_002737, FUN_002736_T1_FUN_002736
OG0000298	jgi|EndpusZ1|8555|EPUS_08720T0	KAI4230715.1
OG0000298	jgi|EndpusZ1|8555|EPUS_08720T0	KAI4104973.1
OG0000298	jgi|EndpusZ1|8555|EPUS_08720T0	GTX0494b19_003844-T1
OG0000317	jgi|EndpusZ1|1321|EPUS_00133T0	jgi|Sclsc1|1845|SS1G_08301T0
OG0000317	jgi|EndpusZ1|1321|EPUS_00133T0	GTX0486b100_006784-T1
OG0000331	jgi|EndpusZ1|1796|EPUS_06315T0	jgi|Aspni_DSM_1|165381|An12g10850m.01
OG0000331	jgi|EndpusZ1|1796|EPUS_06315T0	jgi|Dibbae1|8221|DIBA_010509-RA
OG0000332	jgi|EndpusZ1|5417|EPUS_00573T0	GTX0486b100_005093-T1
OG0000333	jgi|EndpusZ1|2890|EPUS_09285T0	coassemb378_010980-T1
OG0000360	jgi|EndpusZ1|7595|EPUS_02219T0	jgi|Penexp1|5287|PEXP_046120T0
OG0000361	jgi|EndpusZ1|3311|EPUS_07951T0	jgi|Erypu1|1305|transcript_POS83566
OG0000361	jgi|EndpusZ1|3311|EPUS_07951T0	jgi|Sclsc1|10700|SS1G_03729T0
OG0000361	jgi|EndpusZ1|3311|EPUS_07951T0	jgi|PseVKM4520_1|1685|transcript_KFZ18355
OG0000361	jgi|EndpusZ1|3311|EPUS_07951T0	KAI9756034.1
OG0000361	jgi|EndpusZ1|3311|EPUS_07951T0	jgi|Podan3|206677|mRNA_5505
OG0000361	jgi|EndpusZ1|3311|EPUS_07951T0	jgi|Neucr_trp3_1|10679|Neucr2.NCU05805T0
OG0000361	jgi|EndpusZ1|3311|EPUS_07951T0	jgi|Fusgr1|11431|FGSG_09873T0
OG0000361	jgi|EndpusZ1|3311|EPUS_07951T0	jgi|Grascr1|9482|GST1_004107-RA
OG0000361	jgi|EndpusZ1|3311|EPUS_07951T0	KAI9653051.1
OG0000361	jgi|EndpusZ1|3311|EPUS_07951T0	KAI9725417.1
OG0000361	jgi|EndpusZ1|8971|EPUS_08661T0	jgi|Fusgr1|9924|FGSG_08350T0
OG0000372	jgi|EndpusZ1|4056|EPUS_04249T0	jgi|Altal1|624138|CE624137_12272
OG0000372	jgi|EndpusZ1|4056|EPUS_04249T0	KAI9652050.1
OG0000372	jgi|EndpusZ1|4056|EPUS_04249T0	jgi|Erypu1|1606|transcript_POS83363
OG0000372	jgi|EndpusZ1|4056|EPUS_04249T0	jgi|Sclsc1|11710|SS1G_04739T0
OG0000372	jgi|EndpusZ1|4056|EPUS_04249T0	jgi|PseVKM4520_1|1777|transcript_KFZ18191
OG0000372	jgi|EndpusZ1|4056|EPUS_04249T0	jgi|Podan3|207090|mRNA_5918
OG0000372	jgi|EndpusZ1|4056|EPUS_04249T0	jgi|Neucr_trp3_1|8973|Neucr2.NCU05548T0
OG0000372	jgi|EndpusZ1|4056|EPUS_04249T0	jgi|Fusgr1|9942|FGSG_08338T0
OG0000372	jgi|EndpusZ1|4056|EPUS_04249T0	jgi|Clagr3|2898|CLAGR_002865-RA
OG0000372	jgi|EndpusZ1|4056|EPUS_04249T0	CAF9938290.1
OG0000372	jgi|EndpusZ1|4056|EPUS_04249T0	coassemb376_006232-T1
OG0000372	jgi|EndpusZ1|4056|EPUS_04249T0	KAI4238396.1
OG0000372	jgi|EndpusZ1|4056|EPUS_04249T0	jgi|Penexp1|2427|PEXP_052820T0
OG0000372	jgi|EndpusZ1|4056|EPUS_04249T0	jgi|Penexp1|2427|PEXP_052820T0
OG0000378	jgi|EndpusZ1|5438|EPUS_00594T0	GTX0486b100_005092-T1
OG0000381	jgi|EndpusZ1|8358|EPUS_06229T0	FUN_000190_T1_FUN_000190
OG0000395	jgi|EndpusZ1|4681|EPUS_02171T0	jgi|Dibbae1|9479|DIBA_002723-RA
OG0000395	jgi|EndpusZ1|4681|EPUS_02171T0	jgi|Grascr1|973|GST1_006976-RA
OG0000395	jgi|EndpusZ1|4681|EPUS_02171T0	KAI4110071.1
OG0000395	jgi|EndpusZ1|4681|EPUS_02171T0	KAI4238339.1
OG0000395	jgi|EndpusZ1|4681|EPUS_02171T0	KAI4095792.1
OG0000395	jgi|EndpusZ1|4681|EPUS_02171T0	GTX0494b19_001240-T1
OG0000395	jgi|EndpusZ1|4681|EPUS_02171T0	FUN_001769_T1_FUN_001769
OG0000395	jgi|EndpusZ1|4681|EPUS_02171T0	KAI4226102.1
OG0000395	jgi|EndpusZ1|4681|EPUS_02171T0	KAI4289394.1
OG0000395	jgi|EndpusZ1|4681|EPUS_02171T0	CAF9909406.1
OG0000399	jgi|EndpusZ1|2883|EPUS_05557T0	jgi|Morco1|470072|gw1.20.229.1
OG0000401	jgi|EndpusZ1|1257|EPUS_00068T0, jgi|EndpusZ1|8708|EPUS_05654T0	jgi|Monha1|4268|H072_4348m.01
OG0000455	jgi|EndpusZ1|2540|EPUS_08898T0	jgi|Grascr1|12662|GST1_001956-RA
OG0000463	jgi|EndpusZ1|328|EPUS_04296T0	GTX0466b15_001346-T1
OG0000464	jgi|EndpusZ1|2134|EPUS_00838T0	jgi|Clagr3|6737|CLAGR_006926-RA
OG0000464	jgi|EndpusZ1|5734|EPUS_08140T0	jgi|Clagr3|9550|CLAGR_009003-RA
OG0000483	jgi|EndpusZ1|5272|EPUS_05598T0	FUN_009084_T1_FUN_009084
OG0000485	jgi|EndpusZ1|1976|EPUS_00680T0	KAI9826477.1
OG0000485	jgi|EndpusZ1|1976|EPUS_00680T0	jgi|Fusgr1|5084|FGSG_03103T0
OG0000521	jgi|EndpusZ1|4157|EPUS_04802T0	jgi|Acastr1|122320|AST1_003726-RA
OG0000521	jgi|EndpusZ1|4157|EPUS_04802T0	FUN_001005_T1_FUN_001005
OG0000521	jgi|EndpusZ1|4157|EPUS_04802T0	KAI4221025.1
OG0000521	jgi|EndpusZ1|4157|EPUS_04802T0	coassemb376_004776-T1
OG0000521	jgi|EndpusZ1|4157|EPUS_04802T0	coassemb378_011444-T1
OG0000521	jgi|EndpusZ1|4157|EPUS_04802T0	jgi|Grascr1|12382|GST1_004992-RA
OG0000525	jgi|EndpusZ1|5841|EPUS_08932T0	jgi|Dibbae1|3816|DIBA_001796-RA
OG0000542	jgi|EndpusZ1|3174|EPUS_07748T0, jgi|EndpusZ1|2719|EPUS_05342T0, jgi|EndpusZ1|4137|EPUS_04782T0	jgi|Clagr3|1814|CLAGR_001610-RA
OG0000590	jgi|EndpusZ1|6023|EPUS_06718T0	coassemb378_008024-T1
OG0000609	jgi|EndpusZ1|7596|EPUS_02220T0	jgi|Artol1|4636|AOL_s00078g22m.01
OG0000615	jgi|EndpusZ1|3668|EPUS_06552T0	CAF9926602.1
OG0000682	jgi|EndpusZ1|6416|EPUS_07871T0	KAI9714171.1
OG0000688	jgi|EndpusZ1|9016|EPUS_05276T0, jgi|EndpusZ1|3977|EPUS_08691T0	KAI9722806.1
OG0000688	jgi|EndpusZ1|9016|EPUS_05276T0, jgi|EndpusZ1|3977|EPUS_08691T0	jgi|Clagr3|7015|CLAGR_006751-RA
OG0000688	jgi|EndpusZ1|9016|EPUS_05276T0, jgi|EndpusZ1|3977|EPUS_08691T0	coassemb378_001950-T1
OG0000688	jgi|EndpusZ1|9016|EPUS_05276T0, jgi|EndpusZ1|3977|EPUS_08691T0	jgi|Aurpu_var_mel1|83715|gm1.4111_g
OG0000688	jgi|EndpusZ1|9016|EPUS_05276T0, jgi|EndpusZ1|3977|EPUS_08691T0	KAJ9655021.1
OG0000688	jgi|EndpusZ1|9016|EPUS_05276T0, jgi|EndpusZ1|3977|EPUS_08691T0	KAJ9655021.1
OG0000688	jgi|EndpusZ1|9016|EPUS_05276T0, jgi|EndpusZ1|3977|EPUS_08691T0	KAI9750258.1
OG0000688	jgi|EndpusZ1|9016|EPUS_05276T0	jgi|Exoaq1|9555|A1O9_05985T0
OG0000688	jgi|EndpusZ1|9016|EPUS_05276T0	jgi|Exoaq1|9555|A1O9_05985T0
OG0000688	jgi|EndpusZ1|9016|EPUS_05276T0	jgi|Sclsc1|6662|SS1G_11759T0
OG0000691	jgi|EndpusZ1|7493|EPUS_01912T0	coassemb378_007181-T1
OG0000693	jgi|EndpusZ1|212|EPUS_07065T0	KAJ9663676.1, KAJ9657228.1
OG0000703	jgi|EndpusZ1|820|EPUS_01536T0	jgi|Altal1|1099843|estExt_Genemark1.C_310035
OG0000740	jgi|EndpusZ1|4637|EPUS_02127T0	KAJ9656401.1
OG0000740	jgi|EndpusZ1|4637|EPUS_02127T0	GTX0466b15_003366-T1
OG0000748	jgi|EndpusZ1|1945|EPUS_04933T0	coassemb378_006069-T1
OG0000779	jgi|EndpusZ1|7645|EPUS_02269T0	jgi|Dibbae1|4836|DIBA_009724-RA
OG0000780	jgi|EndpusZ1|5321|EPUS_00477T0	jgi|PseVKM4520_1|10673|transcript_KFZ25328
OG0000780	jgi|EndpusZ1|5321|EPUS_00477T0	KAI9718072.1
OG0000780	jgi|EndpusZ1|5321|EPUS_00477T0	coassemb378_005839-T1
OG0000787	jgi|EndpusZ1|7709|EPUS_05927T0	jgi|Artol1|10514|AOL_s00210g362m.01
OG0000787	jgi|EndpusZ1|7709|EPUS_05927T0	jgi|Aspni_DSM_1|161725|An08g04620m.01, jgi|Aspni_DSM_1|163243|An10g00960m.01
OG0000787	jgi|EndpusZ1|7709|EPUS_05927T0	jgi|Morco1|518774|estExt_Genewise1Plus.C_100045, jgi|Morco1|413153|CE413152_7098, jgi|Morco1|376853|CE376852_48
OG0000787	jgi|EndpusZ1|7709|EPUS_05927T0	jgi|Altal1|1052733|estExt_fgenesh1_pg.C_190105
OG0000787	jgi|EndpusZ1|7709|EPUS_05927T0	jgi|Ascim1|314053|fgenesh1_pg.187_#_2
OG0000787	jgi|EndpusZ1|7709|EPUS_05927T0	jgi|Dibbae1|11613|DIBA_004686-RA
OG0000791	jgi|EndpusZ1|9090|EPUS_06921T0	jgi|Podan3|208473|mRNA_7301
OG0000791	jgi|EndpusZ1|9090|EPUS_06921T0	jgi|Neucr_trp3_1|10314|Neucr2.NCU02376T0
OG0000791	jgi|EndpusZ1|9090|EPUS_06921T0	KAI9822897.1
OG0000791	jgi|EndpusZ1|9090|EPUS_06921T0	jgi|Fusgr1|9214|FGSG_07959T0
OG0000791	jgi|EndpusZ1|9090|EPUS_06921T0	jgi|Monha1|10257|H072_10833m.01
OG0000791	jgi|EndpusZ1|9090|EPUS_06921T0	jgi|Artol1|8106|AOL_s00110g65m.01
OG0000791	jgi|EndpusZ1|9090|EPUS_06921T0	jgi|Morco1|552112|fgenesh1_pm.10_#_41
OG0000791	jgi|EndpusZ1|9090|EPUS_06921T0	KAI4227248.1
OG0000791	jgi|EndpusZ1|9090|EPUS_06921T0	KAI4107887.1
OG0000791	jgi|EndpusZ1|9090|EPUS_06921T0	KAI4237313.1
OG0000791	jgi|EndpusZ1|9090|EPUS_06921T0	FUN_008851_T1_FUN_008851
OG0000791	jgi|EndpusZ1|9090|EPUS_06921T0	GTX0494b19_005753-T1
OG0000791	jgi|EndpusZ1|9090|EPUS_06921T0	KAI4100559.1
OG0000791	jgi|EndpusZ1|9090|EPUS_06921T0	KAI4265623.1
OG0000791	jgi|EndpusZ1|9090|EPUS_06921T0	jgi|Aurpu_var_mel1|72943|fgenesh1_pm.3_#_499
OG0000791	jgi|EndpusZ1|9090|EPUS_06921T0	jgi|Penexp1|689|PEXP_093180T0
OG0000791	jgi|EndpusZ1|9090|EPUS_06921T0	jgi|PseVKM4520_1|9620|transcript_KFZ03026
OG0000792	jgi|EndpusZ1|6136|EPUS_02403T0	jgi|Fusgr1|5336|FGSG_02884T0
OG0000811	jgi|EndpusZ1|5260|EPUS_05586T0	jgi|Grascr1|8678|GST1_002175-RA
OG0000811	jgi|EndpusZ1|5260|EPUS_05586T0	jgi|Aurpu_var_mel1|38560|e_gw1.1.687.1
OG0000811	jgi|EndpusZ1|5260|EPUS_05586T0	jgi|Altal1|1037792|estExt_fgenesh1_pm.C_30135
OG0000811	jgi|EndpusZ1|5260|EPUS_05586T0	jgi|Aspni_DSM_1|165929|An14g01430m.01
OG0000811	jgi|EndpusZ1|5260|EPUS_05586T0	jgi|Penexp1|5315|PEXP_046400T0
OG0000811	jgi|EndpusZ1|5260|EPUS_05586T0	jgi|Fusgr1|4529|FGSG_03590T0
OG0000811	jgi|EndpusZ1|5260|EPUS_05586T0	coassemb378_005426-T1
OG0000826	jgi|EndpusZ1|4153|EPUS_04798T0	coassemb378_009464-T1
OG0000894	jgi|EndpusZ1|4160|EPUS_04805T0	KAJ9662613.1, KAJ9658160.1, KAJ9654031.1
OG0000897	jgi|EndpusZ1|7721|EPUS_05939T0	GTX0486b100_000479-T1
OG0000900	jgi|EndpusZ1|2875|EPUS_05549T0	jgi|Fusgr1|3783|FGSG_04250T0
OG0000902	jgi|EndpusZ1|4573|EPUS_06106T0, jgi|EndpusZ1|6802|EPUS_00301T0	FUN_000975_T1_FUN_000975
OG0000909	jgi|EndpusZ1|1828|EPUS_03197T0	jgi|Acastr1|121351|AST1_002291-RA
OG0000913	jgi|EndpusZ1|8311|EPUS_04509T0	jgi|Acastr1|122178|AST1_005884-RA
OG0000934	jgi|EndpusZ1|1739|EPUS_08963T0	KAI9833474.1
OG0000936	jgi|EndpusZ1|7809|EPUS_03977T0	coassemb64_003829-T1
OG0000945	jgi|EndpusZ1|8952|EPUS_02791T0	jgi|Fusgr1|8994|FGSG_07770T0
OG0000946	jgi|EndpusZ1|7377|EPUS_03685T0	jgi|Fusgr1|9079|FGSG_07845T0
OG0000946	jgi|EndpusZ1|7377|EPUS_03685T0	jgi|Sclsc1|7347|SS1G_12770T0
OG0000956	jgi|EndpusZ1|9094|EPUS_06925T0	jgi|Clagr3|1466|CLAGR_002260-RA
OG0000970	jgi|EndpusZ1|1571|EPUS_04855T0	jgi|Grascr1|2165|GST1_001284-RA
OG0000973	jgi|EndpusZ1|3906|EPUS_02634T0	jgi|Erypu1|6454|transcript_POS81727
OG0000976	jgi|EndpusZ1|7861|EPUS_04030T0	FUN_000406_T1_FUN_000406
OG0000976	jgi|EndpusZ1|7861|EPUS_04030T0	CAF9943318.1
OG0000979	jgi|EndpusZ1|1366|EPUS_00178T0	coassemb76_008435-T1
OG0000991	jgi|EndpusZ1|1662|EPUS_08533T0	KAJ9652281.1
OG0000993	jgi|EndpusZ1|8932|EPUS_02771T0	coassemb378_001917-T1
OG0001006	jgi|EndpusZ1|2300|EPUS_01952T0	jgi|Monha1|9388|H072_9849m.01
OG0001008	jgi|EndpusZ1|9085|EPUS_06916T0	jgi|Erypu1|5230|transcript_POS81926
OG0001008	jgi|EndpusZ1|9085|EPUS_06916T0	jgi|Dibbae1|10584|DIBA_000535-RA
OG0001008	jgi|EndpusZ1|9085|EPUS_06916T0	KAI9826881.1
OG0001008	jgi|EndpusZ1|9085|EPUS_06916T0	KAI9758304.1
OG0001008	jgi|EndpusZ1|9085|EPUS_06916T0	jgi|Grascr1|7787|GST1_002717-RA
OG0001008	jgi|EndpusZ1|9085|EPUS_06916T0	coassemb378_009803-T1
OG0001008	jgi|EndpusZ1|9085|EPUS_06916T0	jgi|Neucr_trp3_1|7402|Neucr2.NCU03826T0
OG0001008	jgi|EndpusZ1|9085|EPUS_06916T0	jgi|Podan3|205152|mRNA_3980
OG0001008	jgi|EndpusZ1|9085|EPUS_06916T0	jgi|Fusgr1|8578|FGSG_07401T0
OG0001008	jgi|EndpusZ1|9085|EPUS_06916T0	jgi|PseVKM4520_1|7854|transcript_KFZ07694
OG0001008	jgi|EndpusZ1|9085|EPUS_06916T0	jgi|Sclsc1|220|SS1G_00220T0
OG0001008	jgi|EndpusZ1|9085|EPUS_06916T0	KAI9726428.1
OG0001008	jgi|EndpusZ1|9085|EPUS_06916T0	jgi|Altal1|1063175|gm1.7410_g
OG0001008	jgi|EndpusZ1|9085|EPUS_06916T0	KAI9653588.1
OG0001008	jgi|EndpusZ1|9085|EPUS_06916T0	jgi|Umbpus1|102845|LPUS_09439T0
OG0001008	jgi|EndpusZ1|9085|EPUS_06916T0	KAI9721440.1
OG0001008	jgi|EndpusZ1|9085|EPUS_06916T0	KAI9700449.1
OG0001008	jgi|EndpusZ1|9085|EPUS_06916T0	GTX0486b100_000746-T1
OG0001008	jgi|EndpusZ1|9085|EPUS_06916T0	KAI4104851.1
OG0001008	jgi|EndpusZ1|9085|EPUS_06916T0	GTX0494b19_000610-T1
OG0001008	jgi|EndpusZ1|9085|EPUS_06916T0	FUN_007722_T1_FUN_007722
OG0001008	jgi|EndpusZ1|9085|EPUS_06916T0	KAI4226077.1
OG0001008	jgi|EndpusZ1|9085|EPUS_06916T0	KAI4239468.1
OG0001008	jgi|EndpusZ1|9085|EPUS_06916T0	KAI4098372.1
OG0001008	jgi|EndpusZ1|9085|EPUS_06916T0	KAI4290455.1
OG0001008	jgi|EndpusZ1|9085|EPUS_06916T0	jgi|Acastr1|120159|AST1_004809-RA
OG0001008	jgi|EndpusZ1|9085|EPUS_06916T0	CAF9942724.1
OG0001008	jgi|EndpusZ1|9085|EPUS_06916T0	jgi|Clagr3|4839|CLAGR_003635-RA
OG0001008	jgi|EndpusZ1|9085|EPUS_06916T0	coassemb376_007299-T1
OG0001008	jgi|EndpusZ1|9085|EPUS_06916T0	jgi|Penexp1|6297|PEXP_100670T0
OG0001008	jgi|EndpusZ1|9085|EPUS_06916T0	jgi|Aspni_DSM_1|166600|An15g00760m.01
OG0001008	jgi|EndpusZ1|9085|EPUS_06916T0	coassemb64_000154-T1
OG0001008	jgi|EndpusZ1|9085|EPUS_06916T0	jgi|Aurpu_var_mel1|56756|e_gw1.25.460.1
OG0001008	jgi|EndpusZ1|9085|EPUS_06916T0	jgi|Podan3|204627|mRNA_3455
OG0001008	jgi|EndpusZ1|9085|EPUS_06916T0	jgi|Podan3|204627|mRNA_3455
OG0001008	jgi|EndpusZ1|9085|EPUS_06916T0	jgi|Clagr3|11238|CLAGR_011001-RA
OG0001008	jgi|EndpusZ1|9085|EPUS_06916T0	jgi|Clagr3|11238|CLAGR_011001-RA
OG0001014	jgi|EndpusZ1|9098|EPUS_06929T0, jgi|EndpusZ1|9099|EPUS_06930T0	jgi|Fonmu1|4494|Z520_01480T0
OG0001023	jgi|EndpusZ1|2913|EPUS_08573T0	KAI4234030.1
OG0001045	jgi|EndpusZ1|765|EPUS_01326T0	jgi|Aspni_DSM_1|160439|An07g02080m.01
OG0001060	jgi|EndpusZ1|6253|EPUS_05103T0	jgi|Morco1|578177|gm1.8953_g, jgi|Morco1|578182|gm1.8958_g, jgi|Morco1|578180|gm1.8956_g, jgi|Morco1|493985|e_gw1.58.72.1
OG0001064	jgi|EndpusZ1|8668|EPUS_05614T0	jgi|Acastr1|122065|AST1_007057-RA
OG0001077	jgi|EndpusZ1|6132|EPUS_02399T0	KAI4105648.1
OG0001077	jgi|EndpusZ1|6132|EPUS_02399T0	KAI4286386.1
OG0001084	jgi|EndpusZ1|1911|EPUS_04899T0	jgi|Fusgr1|6893|FGSG_05944T0
OG0001100	jgi|EndpusZ1|3187|EPUS_04052T0	CAF9903761.1
OG0001115	jgi|EndpusZ1|1147|EPUS_06979T0	coassemb76_002847-T1, coassemb76_003966-T1
OG0001115	jgi|EndpusZ1|1147|EPUS_06979T0	jgi|Dibbae1|6852|DIBA_009240-RA
OG0001133	jgi|EndpusZ1|1805|EPUS_03174T0	jgi|Exoaq1|7366|A1O9_03896T0
OG0001136	jgi|EndpusZ1|3226|EPUS_04091T0	jgi|PseVKM4520_1|8458|transcript_KFZ24508, jgi|PseVKM4520_1|6258|transcript_KFZ10076
OG0001147	jgi|EndpusZ1|8870|EPUS_02709T0	jgi|Podan3|203462|mRNA_2290
OG0001150	jgi|EndpusZ1|8975|EPUS_08665T0	jgi|Fusgr1|11434|FGSG_13666T0
OG0001159	jgi|EndpusZ1|9168|EPUS_06429T0	jgi|Sclsc1|11022|SS1G_04051T0
OG0001161	jgi|EndpusZ1|243|EPUS_09322T0	coassemb378_003837-T1
OG0001161	jgi|EndpusZ1|243|EPUS_09322T0	jgi|Grascr1|10701|GST1_003867-RA
OG0001173	jgi|EndpusZ1|148|EPUS_07314T0	FUN_003555_T1_FUN_003555
OG0001181	jgi|EndpusZ1|6620|EPUS_05236T0	jgi|Fonmu1|8464|Z520_11439T0
OG0001184	jgi|EndpusZ1|8386|EPUS_06257T0	jgi|PseVKM4520_1|7830|transcript_KFZ07710
OG0001190	jgi|EndpusZ1|2424|EPUS_02076T0	coassemb64_008200-T1
OG0001191	jgi|EndpusZ1|1292|EPUS_00103T0	jgi|Morco1|547704|fgenesh1_pg.43_#_83
OG0001196	jgi|EndpusZ1|7543|EPUS_07292T0	jgi|Acastr1|124709|AST1_002374-RA
OG0001203	jgi|EndpusZ1|4081|EPUS_04274T0	jgi|Clagr3|9146|CLAGR_009773-RA
OG0001214	jgi|EndpusZ1|8796|EPUS_03780T0	KAI9717070.1
OG0001214	jgi|EndpusZ1|8796|EPUS_03780T0	coassemb378_006048-T1
OG0001227	jgi|EndpusZ1|7669|EPUS_02293T0	jgi|Artol1|4183|AOL_s00076g279m.01
OG0001227	jgi|EndpusZ1|7669|EPUS_02293T0	jgi|Aspni_DSM_1|158193|An03g01800m.01
OG0001250	jgi|EndpusZ1|6245|EPUS_05095T0	GTX0466b15_001962-T1
OG0001270	jgi|EndpusZ1|5334|EPUS_00490T0	jgi|Sclsc1|2142|SS1G_08599T0
OG0001274	jgi|EndpusZ1|1154|EPUS_06986T0	CAF9937968.1
OG0001274	jgi|EndpusZ1|1154|EPUS_06986T0	KAI9700617.1
OG0001281	jgi|EndpusZ1|8591|EPUS_07190T0	jgi|Artol1|5|AOL_s00004g4m.01
OG0001281	jgi|EndpusZ1|8591|EPUS_07190T0	jgi|Fusgr1|13314|FGSG_11241T0, jgi|Fusgr1|10669|FGSG_09212T0
OG0001299	jgi|EndpusZ1|3851|EPUS_02578T0	jgi|PseVKM4520_1|7200|transcript_KFZ08720
OG0001299	jgi|EndpusZ1|3851|EPUS_02578T0	CAF9942876.1
OG0001299	jgi|EndpusZ1|3851|EPUS_02578T0	KAI4268744.1
OG0001299	jgi|EndpusZ1|3851|EPUS_02578T0	jgi|Fusgr1|3431|FGSG_04568T0
OG0001300	jgi|EndpusZ1|2343|EPUS_01995T0	jgi|Artol1|5665|AOL_s00079g439m.01
OG0001329	jgi|EndpusZ1|6676|EPUS_08456T0	KAI4233996.1
OG0001362	jgi|EndpusZ1|1846|EPUS_03215T0	KAI9700632.1
OG0001365	jgi|EndpusZ1|295|EPUS_04182T0	jgi|Podan3|208764|mRNA_7592
OG0001372	jgi|EndpusZ1|8985|EPUS_05245T0	CAF9922714.1
OG0001398	jgi|EndpusZ1|7183|EPUS_08022T0	jgi|Dibbae1|6811|DIBA_010974-RA
OG0001427	jgi|EndpusZ1|376|EPUS_04344T0	KAI9838537.1
OG0001428	jgi|EndpusZ1|1057|EPUS_08676T0	jgi|Grascr1|4396|GST1_010145-RA
OG0001435	jgi|EndpusZ1|238|EPUS_07092T0	KAI4287589.1
OG0001435	jgi|EndpusZ1|238|EPUS_07092T0	coassemb376_005892-T1
OG0001454	jgi|EndpusZ1|1729|EPUS_08953T0	coassemb376_007399-T1
OG0001473	jgi|EndpusZ1|1387|EPUS_00199T0	jgi|Fusgr1|2642|FGSG_02304T0
OG0001497	jgi|EndpusZ1|926|EPUS_01642T0	jgi|Sclsc1|3190|SS1G_09646T0
OG0001497	jgi|EndpusZ1|926|EPUS_01642T0	jgi|Dibbae1|9770|DIBA_012322-RA
OG0001499	jgi|EndpusZ1|2781|EPUS_05882T0	jgi|Acastr1|123778|AST1_006415-RA
OG0001499	jgi|EndpusZ1|2781|EPUS_05882T0	KAI9700020.1
OG0001499	jgi|EndpusZ1|2781|EPUS_05882T0	GTX0486b100_003251-T1
OG0001499	jgi|EndpusZ1|2781|EPUS_05882T0	KAI9717184.1
OG0001499	jgi|EndpusZ1|2781|EPUS_05882T0	KAI9838329.1
OG0001499	jgi|EndpusZ1|2781|EPUS_05882T0	jgi|Grascr1|11142|GST1_004314-RA
OG0001499	jgi|EndpusZ1|2781|EPUS_05882T0	coassemb378_005888-T1
OG0001499	jgi|EndpusZ1|2781|EPUS_05882T0	jgi|Dibbae1|12111|DIBA_005322-RA
OG0001499	jgi|EndpusZ1|2781|EPUS_05882T0	KAI4100801.1
OG0001499	jgi|EndpusZ1|2781|EPUS_05882T0	KAI4284463.1
OG0001499	jgi|EndpusZ1|2781|EPUS_05882T0	GTX0494b19_001435-T1
OG0001499	jgi|EndpusZ1|2781|EPUS_05882T0	FUN_008679_T2_FUN_008679, FUN_008679_T1_FUN_008679
OG0001499	jgi|EndpusZ1|2781|EPUS_05882T0	KAI4107285.1
OG0001499	jgi|EndpusZ1|2781|EPUS_05882T0	KAI4228885.1
OG0001499	jgi|EndpusZ1|2781|EPUS_05882T0	KAI4232042.1
OG0001499	jgi|EndpusZ1|2781|EPUS_05882T0	jgi|Clagr3|1868|CLAGR_001858-RA
OG0001499	jgi|EndpusZ1|2781|EPUS_05882T0	CAF9934014.1
OG0001499	jgi|EndpusZ1|2781|EPUS_05882T0	coassemb376_002145-T1
OG0001499	jgi|EndpusZ1|2781|EPUS_05882T0	jgi|Umbpus1|107126|LPUS_05374T0
OG0001499	jgi|EndpusZ1|2781|EPUS_05882T0	jgi|Neucr_trp3_1|9053|Neucr2.NCU09869T0
OG0001499	jgi|EndpusZ1|2781|EPUS_05882T0	jgi|Podan3|207519|mRNA_6347
OG0001499	jgi|EndpusZ1|2781|EPUS_05882T0	jgi|Fusgr1|10704|FGSG_09244T0
OG0001499	jgi|EndpusZ1|2781|EPUS_05882T0	jgi|Sclsc1|350|SS1G_00350T0
OG0001499	jgi|EndpusZ1|2781|EPUS_05882T0	jgi|Erypu1|2558|transcript_POS86926
OG0001499	jgi|EndpusZ1|2781|EPUS_05882T0	jgi|PseVKM4520_1|6165|transcript_KFZ10213
OG0001499	jgi|EndpusZ1|2781|EPUS_05882T0	jgi|Altal1|935201|e_gw1.10.442.1
OG0001499	jgi|EndpusZ1|2781|EPUS_05882T0	jgi|Aurpu_var_mel1|75220|fgenesh1_pm.10_#_11
OG0001499	jgi|EndpusZ1|2781|EPUS_05882T0	KAI9725908.1
OG0001499	jgi|EndpusZ1|2781|EPUS_05882T0	jgi|Artol1|4665|AOL_s00078g51m.01
OG0001499	jgi|EndpusZ1|2781|EPUS_05882T0	jgi|Monha1|4049|H072_4081m.01
OG0001499	jgi|EndpusZ1|2781|EPUS_05882T0	jgi|Ascim1|416013|fgenesh1_RNNotator_kg.57_#_14_#_Locus5141v1rpkm26.37
OG0001499	jgi|EndpusZ1|2781|EPUS_05882T0	jgi|Morco1|515628|estExt_Genewise1Plus.C_2_t10338
OG0001499	jgi|EndpusZ1|2781|EPUS_05882T0	jgi|Amamu1|6455|gm1.465_g
OG0001512	jgi|EndpusZ1|4180|EPUS_07474T0	jgi|Sclsc1|6419|SS1G_01919T0
OG0001518	jgi|EndpusZ1|2019|EPUS_00723T0	jgi|Penexp1|8657|PEXP_013540T0
OG0001536	jgi|EndpusZ1|3662|EPUS_06546T0	jgi|Podan3|211277|mRNA_10105
OG0001572	jgi|EndpusZ1|5482|EPUS_00638T0	KAI4289398.1
OG0001572	jgi|EndpusZ1|5482|EPUS_00638T0	jgi|Clagr3|3038|CLAGR_002700-RA
OG0001580	jgi|EndpusZ1|5667|EPUS_03496T0	KAI4287607.1
OG0001581	jgi|EndpusZ1|4763|EPUS_02933T0	KAI9825660.1
OG0001609	jgi|EndpusZ1|2223|EPUS_03952T0	KAI9669354.1
OG0001609	jgi|EndpusZ1|2223|EPUS_03952T0	KAI4281491.1
OG0001610	jgi|EndpusZ1|9217|EPUS_05848T0	jgi|Podan3|203154|mRNA_1982
OG0001610	jgi|EndpusZ1|9217|EPUS_05848T0	jgi|Neucr_trp3_1|2315|Neucr2.NCU02979T0
OG0001610	jgi|EndpusZ1|9217|EPUS_05848T0	jgi|Fusgr1|1596|FGSG_01371T0
OG0001610	jgi|EndpusZ1|9217|EPUS_05848T0	jgi|Grascr1|10420|GST1_004381-RA
OG0001610	jgi|EndpusZ1|9217|EPUS_05848T0	coassemb378_000865-T1
OG0001610	jgi|EndpusZ1|9217|EPUS_05848T0	jgi|Dibbae1|3497|DIBA_001195-RA
OG0001610	jgi|EndpusZ1|9217|EPUS_05848T0	KAI9718349.1
OG0001610	jgi|EndpusZ1|9217|EPUS_05848T0	jgi|Amamu1|48092|gw1.1.823.1
OG0001624	jgi|EndpusZ1|1212|EPUS_00023T0	jgi|Sclsc1|5173|SS1G_11629T0
OG0001624	jgi|EndpusZ1|1212|EPUS_00023T0	jgi|PseVKM4520_1|7991|transcript_KFZ24628
OG0001668	jgi|EndpusZ1|4148|EPUS_04793T0	coassemb76_009897-T1
OG0001702	jgi|EndpusZ1|828|EPUS_01544T0	GTX0486b100_005054-T1
OG0001702	jgi|EndpusZ1|828|EPUS_01544T0	KAI9839547.1
OG0001704	jgi|EndpusZ1|6164|EPUS_02431T0	KAI9715680.1
OG0001744	jgi|EndpusZ1|185|EPUS_06953T0	jgi|Umbpus1|99583|LPUS_06157T0
OG0001764	jgi|EndpusZ1|4993|EPUS_06504T0	jgi|Podan3|209159|mRNA_7987, jgi|Podan3|210190|mRNA_9018
OG0001782	jgi|EndpusZ1|277|EPUS_04163T0	FUN_008736_T1_FUN_008736
OG0001783	jgi|EndpusZ1|7814|EPUS_03982T0	jgi|Grascr1|1951|GST1_007620-RA
OG0001783	jgi|EndpusZ1|7814|EPUS_03982T0	coassemb376_000295-T1
OG0001785	jgi|EndpusZ1|8042|EPUS_01102T0	CAF9938587.1
OG0001832	jgi|EndpusZ1|5727|EPUS_05333T0, jgi|EndpusZ1|9151|EPUS_06412T0	GTX0486b100_004044-T1
OG0001841	jgi|EndpusZ1|3921|EPUS_02649T0	jgi|Acastr1|123786|AST1_006423-RA
OG0001860	jgi|EndpusZ1|2170|EPUS_03899T0	jgi|Aurpu_var_mel1|70521|fgenesh1_pg.47_#_5
OG0001860	jgi|EndpusZ1|2170|EPUS_03899T0	coassemb378_011336-T1
OG0001873	jgi|EndpusZ1|3550|EPUS_03057T0	jgi|PseVKM4520_1|4677|transcript_KFZ12996
OG0001889	jgi|EndpusZ1|8374|EPUS_06245T0	KAI9651668.1
OG0001890	jgi|EndpusZ1|4381|EPUS_07648T0	GTX0466b15_002312-T1
OG0001892	jgi|EndpusZ1|7673|EPUS_02297T0	KAI9720200.1
OG0001907	jgi|EndpusZ1|1990|EPUS_00694T0	jgi|Fusgr1|4937|FGSG_12482T0
OG0001907	jgi|EndpusZ1|1990|EPUS_00694T0	coassemb378_007129-T1
OG0001908	jgi|EndpusZ1|568|EPUS_01480T0	coassemb378_011231-T1
OG0001929	jgi|EndpusZ1|4330|EPUS_02860T0	jgi|Grascr1|10011|GST1_004182-RA
OG0001932	jgi|EndpusZ1|6093|EPUS_02360T0	jgi|Neucr_trp3_1|5863|Neucr2.NCU06385T0
OG0001935	jgi|EndpusZ1|7773|EPUS_08819T0	jgi|Morco1|203785|CE203784_1176
OG0001950	jgi|EndpusZ1|7081|EPUS_05472T0	jgi|Erypu1|5784|transcript_POS81829
OG0001955	jgi|EndpusZ1|6045|EPUS_06740T0	KAI9837859.1
OG0001985	jgi|EndpusZ1|3929|EPUS_02657T0	jgi|Acastr1|124185|AST1_007313-RA
OG0001991	jgi|EndpusZ1|3368|EPUS_08291T0	KAI4091663.1
OG0002008	jgi|EndpusZ1|706|EPUS_01267T0	coassemb376_004075-T1
OG0002020	jgi|EndpusZ1|3880|EPUS_02607T0	coassemb376_007349-T1
OG0002021	jgi|EndpusZ1|7206|EPUS_07028T0	jgi|Umbpus1|102516|LPUS_09074T0
OG0002022	jgi|EndpusZ1|1741|EPUS_08965T0	CAF9938633.1
OG0002025	jgi|EndpusZ1|6721|EPUS_06347T0	jgi|Fusgr1|278|FGSG_00225T0
OG0002035	jgi|EndpusZ1|7010|EPUS_03575T0	coassemb376_006802-T1
OG0002048	jgi|EndpusZ1|1743|EPUS_09494T0, jgi|EndpusZ1|2841|EPUS_05514T0	CAF9927521.1
OG0002082	jgi|EndpusZ1|6396|EPUS_02568T0	jgi|Neucr_trp3_1|8808|Neucr2.NCU04822T0
OG0002105	jgi|EndpusZ1|2355|EPUS_02007T0	KAI4108199.1
OG0002117	jgi|EndpusZ1|7258|EPUS_07577T0	jgi|Umbpus1|106055|LPUS_02013T0
OG0002119	jgi|EndpusZ1|7855|EPUS_04024T0	coassemb378_007820-T1
OG0002154	jgi|EndpusZ1|2002|EPUS_00706T0	jgi|Sclsc1|8089|SS1G_13512T0
OG0002199	jgi|EndpusZ1|9063|EPUS_06894T0	GTX0486b100_006516-T1
OG0002221	jgi|EndpusZ1|1227|EPUS_00038T0	jgi|Aurpu_var_mel1|54398|e_gw1.20.209.1
OG0002221	jgi|EndpusZ1|176|EPUS_09319T0	jgi|Clagr3|7606|CLAGR_007149-RA
OG0002221	jgi|EndpusZ1|176|EPUS_09319T0	CAF9933526.1
OG0002221	jgi|EndpusZ1|176|EPUS_09319T0	jgi|Umbpus1|106163|LPUS_04227T0
OG0002221	jgi|EndpusZ1|176|EPUS_09319T0	KAI9717318.1
OG0002221	jgi|EndpusZ1|176|EPUS_09319T0	GTX0486b100_006572-T1
OG0002221	jgi|EndpusZ1|176|EPUS_09319T0	KAI9704405.1
OG0002221	jgi|EndpusZ1|176|EPUS_09319T0	KAI9813732.1
OG0002221	jgi|EndpusZ1|176|EPUS_09319T0	KAI9663389.1
OG0002221	jgi|EndpusZ1|176|EPUS_09319T0	KAI4289012.1
OG0002221	jgi|EndpusZ1|176|EPUS_09319T0	jgi|Dibbae1|10722|DIBA_004527-RA
OG0002221	jgi|EndpusZ1|176|EPUS_09319T0	jgi|Acastr1|125913|AST1_004323-RA
OG0002221	jgi|EndpusZ1|176|EPUS_09319T0	KAI9832941.1
OG0002221	jgi|EndpusZ1|176|EPUS_09319T0	jgi|Grascr1|3626|GST1_009470-RA
OG0002221	jgi|EndpusZ1|176|EPUS_09319T0	coassemb376_004705-T1
OG0002221	jgi|EndpusZ1|176|EPUS_09319T0	jgi|Altal1|1057990|gm1.2225_g
OG0002221	jgi|EndpusZ1|176|EPUS_09319T0	jgi|Aurpu_var_mel1|81454|gm1.1850_g
OG0002221	jgi|EndpusZ1|176|EPUS_09319T0	KAI4230405.1
OG0002221	jgi|EndpusZ1|176|EPUS_09319T0	KAI4233335.1, KAI4237005.1
OG0002221	jgi|EndpusZ1|176|EPUS_09319T0	KAI4110482.1
OG0002221	jgi|EndpusZ1|176|EPUS_09319T0	FUN_006619_T1_FUN_006619
OG0002221	jgi|EndpusZ1|176|EPUS_09319T0	KAI4104352.1
OG0002221	jgi|EndpusZ1|176|EPUS_09319T0	GTX0494b19_008879-T1
OG0002235	jgi|EndpusZ1|4631|EPUS_02121T0	jgi|Neucr_trp3_1|7136|Neucr2.NCU04578T0
OG0002235	jgi|EndpusZ1|4631|EPUS_02121T0	jgi|Podan3|204253|mRNA_3081
OG0002235	jgi|EndpusZ1|4631|EPUS_02121T0	jgi|Fusgr1|2361|FGSG_02058T0
OG0002235	jgi|EndpusZ1|4631|EPUS_02121T0	jgi|Aurpu_var_mel1|36428|e_gw1.1.311.1
OG0002235	jgi|EndpusZ1|4631|EPUS_02121T0	jgi|Altal1|956786|estExt_Genewise1.C_4_t20230
OG0002235	jgi|EndpusZ1|4631|EPUS_02121T0	jgi|PseVKM4520_1|5685|transcript_KFZ11039
OG0002235	jgi|EndpusZ1|4631|EPUS_02121T0	jgi|Erypu1|20|transcript_POS88317
OG0002235	jgi|EndpusZ1|4631|EPUS_02121T0	jgi|Sclsc1|7009|SS1G_12432T0
OG0002235	jgi|EndpusZ1|4631|EPUS_02121T0	jgi|Grascr1|2968|GST1_008712-RA
OG0002235	jgi|EndpusZ1|4631|EPUS_02121T0	coassemb378_002994-T1
OG0002235	jgi|EndpusZ1|4631|EPUS_02121T0	jgi|Dibbae1|6650|DIBA_011424-RA
OG0002235	jgi|EndpusZ1|4631|EPUS_02121T0	KAI9751298.1
OG0002235	jgi|EndpusZ1|4631|EPUS_02121T0	jgi|Penexp1|506|PEXP_055360T0
OG0002235	jgi|EndpusZ1|4631|EPUS_02121T0	KAI9717239.1
OG0002235	jgi|EndpusZ1|4631|EPUS_02121T0	jgi|Umbpus1|102441|LPUS_03160T0
OG0002235	jgi|EndpusZ1|4631|EPUS_02121T0	CAF9935543.1
OG0002235	jgi|EndpusZ1|4631|EPUS_02121T0	jgi|Clagr3|703|CLAGR_000694-RA
OG0002235	jgi|EndpusZ1|4631|EPUS_02121T0	coassemb376_000585-T1
OG0002235	jgi|EndpusZ1|4631|EPUS_02121T0	KAI4290666.1
OG0002235	jgi|EndpusZ1|4631|EPUS_02121T0	KAI4104229.1
OG0002235	jgi|EndpusZ1|4631|EPUS_02121T0	FUN_001422_T1_FUN_001422
OG0002235	jgi|EndpusZ1|4631|EPUS_02121T0	KAI4110248.1
OG0002235	jgi|EndpusZ1|4631|EPUS_02121T0	KAI4227314.1
OG0002235	jgi|EndpusZ1|4631|EPUS_02121T0	GTX0494b19_001808-T1
OG0002235	jgi|EndpusZ1|4631|EPUS_02121T0	KAI4238421.1
OG0002235	jgi|EndpusZ1|4631|EPUS_02121T0	GTX0486b100_006621-T1
OG0002235	jgi|EndpusZ1|4631|EPUS_02121T0	KAI9707479.1
OG0002235	jgi|EndpusZ1|4631|EPUS_02121T0	KAI9724884.1
OG0002235	jgi|EndpusZ1|4631|EPUS_02121T0	jgi|Acastr1|123579|AST1_008001-RA
OG0002235	jgi|EndpusZ1|4631|EPUS_02121T0	KAI9823911.1
OG0002235	jgi|EndpusZ1|4631|EPUS_02121T0	jgi|Cocpo1_1|3024|XM_003067977.1
OG0002235	jgi|EndpusZ1|4631|EPUS_02121T0	jgi|Aspni_DSM_1|157713|An02g11960m.01
OG0002235	jgi|EndpusZ1|4631|EPUS_02121T0	KAI9670222.1
OG0002235	jgi|EndpusZ1|4631|EPUS_02121T0	KAI9838530.1
OG0002238	jgi|EndpusZ1|1452|EPUS_06176T0	jgi|Acastr1|123805|AST1_002833-RA
OG0002279	jgi|EndpusZ1|459|EPUS_01370T0	KAI9715989.1
OG0002279	jgi|EndpusZ1|459|EPUS_01370T0	coassemb378_006065-T1
OG0002283	jgi|EndpusZ1|6299|EPUS_02471T0	jgi|Sclsc1|13646|SS1G_06675T0
OG0002300	jgi|EndpusZ1|1466|EPUS_06190T0	KAI4290298.1
OG0002345	jgi|EndpusZ1|598|EPUS_01510T0	coassemb378_002074-T1
OG0002349	jgi|EndpusZ1|5709|EPUS_05315T0	jgi|Acastr1|122567|AST1_006589-RA
OG0002349	jgi|EndpusZ1|5709|EPUS_05315T0	jgi|Grascr1|958|GST1_006961-RA
OG0002355	jgi|EndpusZ1|6284|EPUS_02456T0	KAI4209376.1
OG0002367	jgi|EndpusZ1|2098|EPUS_00802T0	jgi|Fusgr1|5161|FGSG_12527T0
OG0002373	jgi|EndpusZ1|3946|EPUS_02674T0	FUN_005923_T1_FUN_005923
OG0002459	jgi|EndpusZ1|2994|EPUS_00914T0, jgi|EndpusZ1|5729|EPUS_05335T0	jgi|Grascr1|1927|GST1_006382-RA
OG0002488	jgi|EndpusZ1|7454|EPUS_01873T0	jgi|Acastr1|125060|AST1_002012-RA
OG0002553	jgi|EndpusZ1|6781|EPUS_00280T0	coassemb376_006157-T1
OG0002575	jgi|EndpusZ1|8043|EPUS_01103T0	GTX0486b100_008436-T1
OG0002575	jgi|EndpusZ1|8043|EPUS_01103T0	GTX0494b19_000543-T1
OG0002630	jgi|EndpusZ1|2614|EPUS_08132T0	jgi|Aspni_DSM_1|168702|An18g02580m.01, jgi|Aspni_DSM_1|168701|An18g02570m.01
OG0002676	jgi|EndpusZ1|9236|EPUS_05867T0	KAI9831149.1
OG0002676	jgi|EndpusZ1|9236|EPUS_05867T0	coassemb376_003947-T1
OG0002682	jgi|EndpusZ1|1435|EPUS_08865T0	jgi|Erypu1|5639|transcript_POS81857
OG0002693	jgi|EndpusZ1|1580|EPUS_04864T0	coassemb376_007173-T1
OG0002705	jgi|EndpusZ1|355|EPUS_04323T0	KAI4286705.1
OG0002738	jgi|EndpusZ1|8412|EPUS_07233T0	jgi|Monha1|1364|H072_1364m.01
OG0002738	jgi|EndpusZ1|8412|EPUS_07233T0	jgi|Sclsc1|3554|SS1G_10010T0
OG0002760	jgi|EndpusZ1|1495|EPUS_06219T0	jgi|Monha1|5677|H072_5862m.01
OG0002764	jgi|EndpusZ1|8617|EPUS_04647T0	KAI9812097.1
OG0002764	jgi|EndpusZ1|8617|EPUS_04647T0	jgi|Ascim1|377009|estExt_fgenesh1_pg.C_420059
OG0002767	jgi|EndpusZ1|6645|EPUS_07604T0	coassemb378_001833-T1
OG0002769	jgi|EndpusZ1|3838|EPUS_08366T0	KAI4232683.1
OG0002870	jgi|EndpusZ1|4882|EPUS_08412T0	CAF9925069.1, CAF9904013.1
OG0002884	jgi|EndpusZ1|8912|EPUS_02751T0	jgi|Umbpus1|99828|LPUS_06401T0
OG0002915	jgi|EndpusZ1|8056|EPUS_01117T0	jgi|Podan3|210066|mRNA_8894
OG0002986	jgi|EndpusZ1|3958|EPUS_02687T0	KAI9717607.1
OG0003218	jgi|EndpusZ1|9204|EPUS_05835T0	jgi|Umbpus1|101609|LPUS_08336T0
OG0003236	jgi|EndpusZ1|895|EPUS_01611T0	jgi|Umbpus1|99689|LPUS_06290T0
OG0003243	jgi|EndpusZ1|2689|EPUS_03862T0	jgi|Dibbae1|11908|DIBA_001082-RA
OG0003327	jgi|EndpusZ1|3146|EPUS_07720T0	jgi|Cocpo1_1|298|XM_003065249.1
OG0003368	jgi|EndpusZ1|2725|EPUS_05348T0	jgi|Umbpus1|100922|LPUS_07632T0
OG0003398	jgi|EndpusZ1|883|EPUS_01599T0	jgi|Fusgr1|12761|FGSG_10917T0
OG0003465	jgi|EndpusZ1|1839|EPUS_03208T0	jgi|Grascr1|8572|GST1_003093-RA
OG0003465	jgi|EndpusZ1|1839|EPUS_03208T0	jgi|Acastr1|126311|AST1_007276-RA
OG0003482	jgi|EndpusZ1|1208|EPUS_00019T0	jgi|Altal1|283663|CE283662_23
OG0003482	jgi|EndpusZ1|1208|EPUS_00019T0	coassemb76_009858-T1
OG0003488	jgi|EndpusZ1|359|EPUS_04327T0	jgi|Neucr_trp3_1|1223006|e_gw1.223.19.1
OG0003578	jgi|EndpusZ1|1265|EPUS_00076T0	jgi|Fusgr1|5216|FGSG_02990T0
OG0003617	jgi|EndpusZ1|8730|EPUS_03714T0	CAF9906519.1
OG0003617	jgi|EndpusZ1|4099|EPUS_09402T0	jgi|Grascr1|7720|GST1_011726-RA
OG0003617	jgi|EndpusZ1|4099|EPUS_09402T0	jgi|Erypu1|1901|transcript_POS83177
OG0003617	jgi|EndpusZ1|4099|EPUS_09402T0	jgi|Clagr3|9214|CLAGR_008564-RA
OG0003617	jgi|EndpusZ1|4099|EPUS_09402T0	coassemb378_006899-T1
OG0003617	jgi|EndpusZ1|4099|EPUS_09402T0	jgi|PseVKM4520_1|5071|transcript_KFZ12240, jgi|PseVKM4520_1|6189|transcript_KFZ10184
OG0003617	jgi|EndpusZ1|4099|EPUS_09402T0	jgi|Fonmu1|6707|Z520_01917T0
OG0003617	jgi|EndpusZ1|4099|EPUS_09402T0	jgi|Fusgr1|10953|FGSG_09451T0
OG0003617	jgi|EndpusZ1|4099|EPUS_09402T0	jgi|Podan3|208761|mRNA_7589
OG0003617	jgi|EndpusZ1|4099|EPUS_09402T0	jgi|Fonmu1|6707|Z520_01917T0
OG0003617	jgi|EndpusZ1|4099|EPUS_09402T0	CAF9906519.1
OG0003617	jgi|EndpusZ1|4099|EPUS_09402T0	CAF9906519.1
OG0003629	jgi|EndpusZ1|2929|EPUS_00849T0	coassemb376_000939-T1
OG0003680	jgi|EndpusZ1|1715|EPUS_05175T0	jgi|Morco1|577490|gm1.8266_g
OG0003689	jgi|EndpusZ1|5120|EPUS_01728T0	jgi|Clagr3|7431|CLAGR_007028-RA
OG0003739	jgi|EndpusZ1|9169|EPUS_06430T0	KAI4289387.1
OG0003750	jgi|EndpusZ1|9228|EPUS_05859T0	jgi|Umbpus1|101693|LPUS_08431T0
OG0003752	jgi|EndpusZ1|5628|EPUS_03456T0	jgi|Umbpus1|101274|LPUS_08013T0
OG0003770	jgi|EndpusZ1|7389|EPUS_03697T0	GTX0486b100_007696-T1
OG0003770	jgi|EndpusZ1|7389|EPUS_03697T0	CAF9925423.1
OG0003783	jgi|EndpusZ1|3801|EPUS_05039T0	jgi|Umbpus1|101691|LPUS_08429T0
OG0003794	jgi|EndpusZ1|2972|EPUS_00892T0	KAI9817910.1
OG0003885	jgi|EndpusZ1|4485|EPUS_06053T0	jgi|Acastr1|126374|AST1_002463-RA
OG0003978	jgi|EndpusZ1|7476|EPUS_01895T0	CAF9943228.1
OG0003994	jgi|EndpusZ1|7470|EPUS_01889T0	KAI4286425.1
OG0004009	jgi|EndpusZ1|8704|EPUS_05650T0	jgi|Exoaq1|6089|A1O9_11889T0
OG0004024	jgi|EndpusZ1|3967|EPUS_08731T0	jgi|Fonmu1|6334|Z520_10147T0
OG0004032	jgi|EndpusZ1|857|EPUS_01573T0	jgi|Umbpus1|101987|LPUS_08764T0
OG0004124	jgi|EndpusZ1|7800|EPUS_03968T0	jgi|Grascr1|7304|GST1_010154-RA
OG0004137	jgi|EndpusZ1|7542|EPUS_07291T0	jgi|Penexp1|3388|PEXP_084690T0
OG0004137	jgi|EndpusZ1|7542|EPUS_07291T0	jgi|Aspni_DSM_1|163489|An11g02380m.01
OG0004137	jgi|EndpusZ1|7542|EPUS_07291T0	jgi|Cocpo1_1|883|XM_003065835.1
OG0004137	jgi|EndpusZ1|7542|EPUS_07291T0	jgi|Phach1|6673|rna6672
OG0004137	jgi|EndpusZ1|7542|EPUS_07291T0	jgi|Aurpu_var_mel1|54919|e_gw1.21.128.1
OG0004137	jgi|EndpusZ1|7542|EPUS_07291T0	KAI9726747.1
OG0004137	jgi|EndpusZ1|7542|EPUS_07291T0	KAI9652010.1
OG0004137	jgi|EndpusZ1|7542|EPUS_07291T0	jgi|Fusgr1|6205|FGSG_05347T0
OG0004251	jgi|EndpusZ1|2054|EPUS_00758T0	jgi|Exoaq1|6274|A1O9_12075T0
OG0004251	jgi|EndpusZ1|2054|EPUS_00758T0	jgi|Clagr3|1524|CLAGR_002318-RA
OG0004264	jgi|EndpusZ1|1055|EPUS_08674T0	coassemb378_011412-T1
OG0004318	jgi|EndpusZ1|3932|EPUS_02660T0	jgi|PseVKM4520_1|3541|transcript_KFZ14981
OG0004375	jgi|EndpusZ1|7622|EPUS_02246T0	GTX0466b15_006757-T1
OG0004411	jgi|EndpusZ1|5711|EPUS_05317T0	jgi|Capcor1|101072|A1O1_08260T0
OG0004419	jgi|EndpusZ1|2026|EPUS_00730T0	jgi|Acastr1|121195|AST1_003133-RA
OG0004435	jgi|EndpusZ1|8244|EPUS_08183T0	GTX0486b100_006750-T1
OG0004500	jgi|EndpusZ1|39|EPUS_05814T0	jgi|Umbpus1|99363|LPUS_05933T0
OG0004527	jgi|EndpusZ1|7342|EPUS_03650T0	KAI9652523.1
OG0004596	jgi|EndpusZ1|207|EPUS_06975T0	jgi|Podan3|203261|mRNA_2089
OG0004760	jgi|EndpusZ1|3363|EPUS_08286T0	jgi|Artol1|5540|AOL_s00079g314m.01
OG0004778	jgi|EndpusZ1|2851|EPUS_05524T0	coassemb378_004240-T1
OG0004907	jgi|EndpusZ1|2832|EPUS_05505T0	jgi|Umbpus1|102915|LPUS_09505T0
OG0004993	jgi|EndpusZ1|2861|EPUS_05535T0	jgi|Aspni_DSM_1|160798|An07g05740m.01
OG0005075	jgi|EndpusZ1|928|EPUS_01644T0	jgi|Grascr1|10864|GST1_000957-RA
OG0005177	jgi|EndpusZ1|6760|EPUS_00259T0	jgi|Grascr1|8130|GST1_003831-RA
OG0005227	jgi|EndpusZ1|8854|EPUS_02693T0	jgi|Dibbae1|5833|DIBA_008034-RA
OG0005228	jgi|EndpusZ1|2692|EPUS_03865T0	jgi|Monha1|8323|H072_8618m.01
OG0005288	jgi|EndpusZ1|7410|EPUS_01828T0	KAJ9656546.1
OG0005343	jgi|EndpusZ1|1555|EPUS_04839T0	coassemb376_004507-T1
OG0005366	jgi|EndpusZ1|3132|EPUS_08758T0	KAI4231955.1
OG0005383	jgi|EndpusZ1|8287|EPUS_04485T0	coassemb76_006220-T1
OG0005383	jgi|EndpusZ1|8287|EPUS_04485T0	jgi|Exoaq1|3186|A1O9_10704T0
OG0005415	jgi|EndpusZ1|2386|EPUS_02038T0	GTX0486b100_003618-T1
OG0005425	jgi|EndpusZ1|2649|EPUS_03821T0	jgi|Phach1|1154|rna1153
OG0005425	jgi|EndpusZ1|255|EPUS_04141T0	CAF9921982.1
OG0005425	jgi|EndpusZ1|255|EPUS_04141T0	jgi|Umbpus1|103600|LPUS_10241T0
OG0005425	jgi|EndpusZ1|255|EPUS_04141T0	jgi|Dibbae1|7693|DIBA_010878-RA
OG0005425	jgi|EndpusZ1|255|EPUS_04141T0	KAI9828891.1
OG0005425	jgi|EndpusZ1|255|EPUS_04141T0	GTX0486b100_008472-T1
OG0005425	jgi|EndpusZ1|255|EPUS_04141T0	KAI9699441.1
OG0005425	jgi|EndpusZ1|255|EPUS_04141T0	KAI9755051.1
OG0005425	jgi|EndpusZ1|255|EPUS_04141T0	KAI9825231.1
OG0005425	jgi|EndpusZ1|255|EPUS_04141T0	jgi|Sclsc1|6585|SS1G_02085T0
OG0005425	jgi|EndpusZ1|255|EPUS_04141T0	jgi|PseVKM4520_1|2162|transcript_KFZ25052
OG0005425	jgi|EndpusZ1|255|EPUS_04141T0	jgi|Aurpu_var_mel1|81297|gm1.1693_g
OG0005425	jgi|EndpusZ1|255|EPUS_04141T0	jgi|Acastr1|125076|AST1_002028-RA
OG0005425	jgi|EndpusZ1|255|EPUS_04141T0	jgi|Penexp1|9198|PEXP_065010T0
OG0005425	jgi|EndpusZ1|255|EPUS_04141T0	jgi|Phach1|6609|rna6608
OG0005427	jgi|EndpusZ1|6322|EPUS_02494T0	KAI9814970.1
OG0005488	jgi|EndpusZ1|5743|EPUS_08149T0	jgi|Morco1|578739|gm1.9515_g, jgi|Morco1|524214|estExt_Genewise1Plus.C_310004
OG0005505	jgi|EndpusZ1|464|EPUS_01375T0	jgi|Acastr1|123637|AST1_009027-RA
OG0005624	jgi|EndpusZ1|4675|EPUS_02165T0	jgi|Fonmu1|10465|Z520_12332T0
OG0005662	jgi|EndpusZ1|7424|EPUS_01842T0	KAI9719829.1
OG0005662	jgi|EndpusZ1|7424|EPUS_01842T0	jgi|Grascr1|2591|GST1_006896-RA
OG0005662	jgi|EndpusZ1|7424|EPUS_01842T0	CAF9941370.1
OG0005682	jgi|EndpusZ1|9036|EPUS_05296T0	jgi|Dibbae1|11879|DIBA_001053-RA
OG0005689	jgi|EndpusZ1|4015|EPUS_09431T0	coassemb76_009641-T1
OG0005703	jgi|EndpusZ1|5068|EPUS_01676T0	jgi|Neucr_trp3_1|5771|Neucr2.NCU07660T0
OG0005703	jgi|EndpusZ1|5068|EPUS_01676T0	jgi|Penexp1|5410|PEXP_058710T0
OG0005718	jgi|EndpusZ1|8594|EPUS_07193T0	GTX0466b15_006999-T1
OG0005747	jgi|EndpusZ1|3287|EPUS_08556T0, jgi|EndpusZ1|3288|EPUS_08557T0	jgi|Umbpus1|101281|LPUS_02681T0
OG0005747	jgi|EndpusZ1|3287|EPUS_08556T0, jgi|EndpusZ1|3288|EPUS_08557T0	coassemb376_003562-T1
OG0005747	jgi|EndpusZ1|3287|EPUS_08556T0, jgi|EndpusZ1|3288|EPUS_08557T0	jgi|Dibbae1|3289|DIBA_008413-RA
OG0005747	jgi|EndpusZ1|3287|EPUS_08556T0, jgi|EndpusZ1|3288|EPUS_08557T0	KAI4232156.1
OG0005747	jgi|EndpusZ1|3287|EPUS_08556T0, jgi|EndpusZ1|3288|EPUS_08557T0	KAI4224032.1
OG0005747	jgi|EndpusZ1|3287|EPUS_08556T0, jgi|EndpusZ1|3288|EPUS_08557T0	GTX0494b19_003425-T1
OG0005747	jgi|EndpusZ1|3287|EPUS_08556T0, jgi|EndpusZ1|3288|EPUS_08557T0	FUN_003190_T1_FUN_003190
OG0005747	jgi|EndpusZ1|3287|EPUS_08556T0, jgi|EndpusZ1|3288|EPUS_08557T0	KAI4096093.1
OG0005747	jgi|EndpusZ1|3287|EPUS_08556T0, jgi|EndpusZ1|3288|EPUS_08557T0	jgi|Podan3|207852|mRNA_6680
OG0005825	jgi|EndpusZ1|4721|EPUS_02891T0	KAI9705914.1
OG0005829	jgi|EndpusZ1|6936|EPUS_00436T0	jgi|Fonmu1|3061|Z520_07697T0
OG0005835	jgi|EndpusZ1|7711|EPUS_05929T0	jgi|Capcor1|101392|A1O1_08583T0
OG0005850	jgi|EndpusZ1|2382|EPUS_02034T0	jgi|Clagr3|11036|CLAGR_010911-RA
OG0005867	jgi|EndpusZ1|5584|EPUS_07429T0	KAI4218542.1
OG0005921	jgi|EndpusZ1|3939|EPUS_02667T0	jgi|Grascr1|2195|GST1_001314-RA
OG0005921	jgi|EndpusZ1|3939|EPUS_02667T0	jgi|Monha1|9690|H072_10193m.01
OG0005966	jgi|EndpusZ1|4397|EPUS_09037T0	jgi|Grascr1|2308|GST1_009053-RA
OG0005966	jgi|EndpusZ1|4397|EPUS_09037T0	CAF9936865.1, CAF9933811.1
OG0006022	jgi|EndpusZ1|6271|EPUS_05121T0	KAI4224403.1
OG0006022	jgi|EndpusZ1|6271|EPUS_05121T0	GTX0494b19_002421-T1
OG0006022	jgi|EndpusZ1|6271|EPUS_05121T0	FUN_009848_T1_FUN_009848
OG0006022	jgi|EndpusZ1|6271|EPUS_05121T0	KAI4228734.1
OG0006022	jgi|EndpusZ1|6271|EPUS_05121T0	KAI4095289.1
OG0006022	jgi|EndpusZ1|6271|EPUS_05121T0	KAI4279979.1
OG0006022	jgi|EndpusZ1|6271|EPUS_05121T0	KAI9651586.1
OG0006022	jgi|EndpusZ1|6271|EPUS_05121T0	KAI4099552.1
OG0006022	jgi|EndpusZ1|6271|EPUS_05121T0	CAF9934762.1
OG0006022	jgi|EndpusZ1|6271|EPUS_05121T0	jgi|Clagr3|11167|CLAGR_010812-RA
OG0006059	jgi|EndpusZ1|8789|EPUS_03773T0	KAI4239100.1
OG0006137	jgi|EndpusZ1|4684|EPUS_02174T0	jgi|Grascr1|745|GST1_008999-RA
OG0006178	jgi|EndpusZ1|5384|EPUS_00540T0	jgi|Grascr1|8723|GST1_011775-RA
OG0006180	jgi|EndpusZ1|8991|EPUS_05251T0	jgi|Artol1|335|AOL_s00004g334m.01
OG0006180	jgi|EndpusZ1|8991|EPUS_05251T0	KAI9658845.1
OG0006237	jgi|EndpusZ1|2207|EPUS_03936T0	KAI4093048.1
OG0006292	jgi|EndpusZ1|172|EPUS_09315T0	KAI4228881.1
OG0006312	jgi|EndpusZ1|4635|EPUS_02125T0	coassemb378_011409-T1
OG0006313	jgi|EndpusZ1|4534|EPUS_07553T0	GTX0486b100_008052-T1
OG0006351	jgi|EndpusZ1|1562|EPUS_04846T0	coassemb378_008669-T1, coassemb378_003689-T1
OG0006463	jgi|EndpusZ1|5018|EPUS_06529T0	jgi|Penexp1|10962|PEXP_021960T0
OG0006500	jgi|EndpusZ1|7096|EPUS_05487T0	jgi|Dibbae1|4080|DIBA_001664-RA
OG0006586	jgi|EndpusZ1|4017|EPUS_04210T0	jgi|Altal1|997246|estExt_Genewise1Plus.C_21_t20032
OG0006638	jgi|EndpusZ1|1128|EPUS_08311T0	jgi|Dibbae1|8770|DIBA_002263-RA
OG0006638	jgi|EndpusZ1|1128|EPUS_08311T0	jgi|Clagr3|6591|CLAGR_006304-RA
OG0006638	jgi|EndpusZ1|1128|EPUS_08311T0	jgi|Artol1|6195|AOL_s00081g25m.01
OG0006716	jgi|EndpusZ1|2303|EPUS_01955T0	jgi|Morco1|558143|estExt_fgenesh1_pm.C_170001
OG0006842	jgi|EndpusZ1|2241|EPUS_06577T0	jgi|PseVKM4520_1|10088|transcript_KFZ24220
OG0006842	jgi|EndpusZ1|2241|EPUS_06577T0	jgi|Sclsc1|3274|SS1G_09730T0
OG0006842	jgi|EndpusZ1|2241|EPUS_06577T0	jgi|Dibbae1|9193|DIBA_011738-RA
OG0006842	jgi|EndpusZ1|2241|EPUS_06577T0	KAI4089358.1
OG0006842	jgi|EndpusZ1|2241|EPUS_06577T0	KAI4214284.1
OG0006842	jgi|EndpusZ1|2241|EPUS_06577T0	GTX0494b19_008918-T1
OG0006842	jgi|EndpusZ1|2241|EPUS_06577T0	FUN_003864_T1_FUN_003864
OG0006842	jgi|EndpusZ1|2241|EPUS_06577T0	KAI4222248.1
OG0006842	jgi|EndpusZ1|2241|EPUS_06577T0	jgi|Clagr3|4099|CLAGR_004423-RA
OG0006842	jgi|EndpusZ1|2241|EPUS_06577T0	CAF9933052.1
OG0006938	jgi|EndpusZ1|6|EPUS_05781T0	CAF9913956.1
OG0006954	jgi|EndpusZ1|5846|EPUS_09116T0	jgi|Fonmu1|10251|Z520_03649T0
OG0006979	jgi|EndpusZ1|811|EPUS_01527T0	GTX0494b19_006997-T1
OG0006979	jgi|EndpusZ1|811|EPUS_01527T0	FUN_005397_T1_FUN_005397
OG0007133	jgi|EndpusZ1|3573|EPUS_06847T0	coassemb64_006249-T1
OG0007215	jgi|EndpusZ1|5043|EPUS_09467T0, jgi|EndpusZ1|311|EPUS_04198T0	jgi|Aspni_DSM_1|162669|An09g02090m.01
OG0007296	jgi|EndpusZ1|2451|EPUS_03377T0	coassemb76_002129-T1
OG0007413	jgi|EndpusZ1|660|EPUS_01221T0	GTX0486b100_007795-T1
OG0008650	jgi|EndpusZ1|8988|EPUS_05248T0	jgi|Exoaq1|2331|A1O9_09857T0
