Orthogroup	Erypu1_GeneCatalog_proteins_20210223.aa	Other
OG0000004	jgi|Erypu1|3852|transcript_POS86336, jgi|Erypu1|4056|transcript_POS86219	jgi|Exoaq1|11121|A1O9_07456T0
OG0000038	jgi|Erypu1|2989|transcript_POS82580	jgi|Dibbae1|6222|DIBA_009290-RA
OG0000042	jgi|Erypu1|4159|transcript_POS86155, jgi|Erypu1|6687|transcript_POS84589	jgi|Aurpu_var_mel1|67995|fgenesh1_pg.18_#_182
OG0000042	jgi|Erypu1|4159|transcript_POS86155, jgi|Erypu1|6687|transcript_POS84589	jgi|Altal1|937936|e_gw1.13.91.1
OG0000087	jgi|Erypu1|1769|transcript_POS83262	jgi|Grascr1|5981|GST1_011598-RA
OG0000131	jgi|Erypu1|5687|transcript_POS81844	KAI9653286.1
OG0000131	jgi|Erypu1|5687|transcript_POS81844	jgi|Aurpu_var_mel1|63718|fgenesh1_pg.4_#_55, jgi|Aurpu_var_mel1|56530|e_gw1.24.372.1
OG0000201	jgi|Erypu1|4880|transcript_POS85717, jgi|Erypu1|6086|transcript_POS84953	coassemb378_001789-T1
OG0000222	jgi|Erypu1|6172|transcript_POS81778	coassemb64_007458-T1
OG0000235	jgi|Erypu1|2442|transcript_POS82876	jgi|Exoaq1|1989|A1O9_09521T0
OG0000238	jgi|Erypu1|3196|transcript_POS86675	jgi|Altal1|2778|CE2777_3532
OG0000238	jgi|Erypu1|1609|transcript_POS83361, jgi|Erypu1|5528|transcript_POS81877, jgi|Erypu1|2701|transcript_POS82723	jgi|Aurpu_var_mel1|49698|e_gw1.11.49.1
OG0000238	jgi|Erypu1|1609|transcript_POS83361, jgi|Erypu1|5528|transcript_POS81877, jgi|Erypu1|2701|transcript_POS82723	jgi|Altal1|1057710|gm1.1945_g
OG0000238	jgi|Erypu1|1609|transcript_POS83361, jgi|Erypu1|5528|transcript_POS81877, jgi|Erypu1|2701|transcript_POS82723	KAI4109259.1
OG0000294	jgi|Erypu1|523|transcript_POS84127	jgi|Claba1|136555|Z519_03086T0
OG0000299	jgi|Erypu1|938|transcript_POS83834	jgi|Aurpu_var_mel1|15858|gw1.2.827.1
OG0000342	jgi|Erypu1|1066|transcript_POS83736	jgi|Ascim1|123924|CE123923_1326
OG0000345	jgi|Erypu1|6210|transcript_POS84898	jgi|Morco1|486361|e_gw1.19.285.1
OG0000360	jgi|Erypu1|4981|transcript_POS87916	jgi|Penexp1|5287|PEXP_046120T0
OG0000361	jgi|Erypu1|1305|transcript_POS83566	jgi|EndpusZ1|3311|EPUS_07951T0
OG0000372	jgi|Erypu1|1606|transcript_POS83363	jgi|EndpusZ1|4056|EPUS_04249T0
OG0000372	jgi|Erypu1|1606|transcript_POS83363	jgi|Penexp1|2427|PEXP_052820T0
OG0000399	jgi|Erypu1|6250|transcript_POS84877	jgi|Morco1|470072|gw1.20.229.1
OG0000412	jgi|Erypu1|5059|transcript_POS85599	jgi|Aspni_DSM_1|158967|An04g02770m.01
OG0000417	jgi|Erypu1|3295|transcript_POS82429	jgi|Podan3|207916|mRNA_6744, jgi|Podan3|203446|mRNA_2274
OG0000431	jgi|Erypu1|3780|transcript_POS86385	jgi|Dibbae1|456|DIBA_005890-RA
OG0000455	jgi|Erypu1|3500|transcript_POS82344	jgi|Grascr1|12662|GST1_001956-RA
OG0000528	jgi|Erypu1|4210|transcript_POS86139	coassemb76_003245-T1
OG0000556	jgi|Erypu1|3977|transcript_POS82203	jgi|Acastr1|125819|AST1_000507-RA
OG0000576	jgi|Erypu1|745|transcript_POS83972	coassemb376_007705-T1
OG0000599	jgi|Erypu1|4278|transcript_POS86091	jgi|Exoaq1|7285|A1O9_03815T0
OG0000599	jgi|Erypu1|4278|transcript_POS86091	jgi|Claba1|133694|Z519_11094T0
OG0000621	jgi|Erypu1|6150|transcript_POS88351	jgi|Aspni_DSM_1|167922|An16g06350m.01
OG0000780	jgi|Erypu1|5023|transcript_POS85621	coassemb378_005839-T1
OG0000826	jgi|Erypu1|6810|transcript_POS81669	coassemb378_009464-T1
OG0000880	jgi|Erypu1|639|transcript_POS84057	FUN_003923_T1_FUN_003923
OG0000944	jgi|Erypu1|5053|transcript_POS85607, jgi|Erypu1|4887|transcript_POS85711	jgi|Exoaq1|8108|A1O9_04643T0
OG0000970	jgi|Erypu1|6832|transcript_POS81668	jgi|Grascr1|2165|GST1_001284-RA
OG0000973	jgi|Erypu1|6454|transcript_POS81727	jgi|Phach1|4503|rna4502
OG0000973	jgi|Erypu1|6454|transcript_POS81727	XP_008715408.1
OG0000973	jgi|Erypu1|6454|transcript_POS81727	coassemb76_006517-T1
OG0000973	jgi|Erypu1|6454|transcript_POS81727	jgi|Fonmu1|3478|Z520_08114T0
OG0000973	jgi|Erypu1|6454|transcript_POS81727	jgi|Claba1|139686|Z519_06218T0
OG0000973	jgi|Erypu1|6454|transcript_POS81727	jgi|Capcor1|99679|A1O1_06852T0
OG0000973	jgi|Erypu1|6454|transcript_POS81727	coassemb64_005557-T1
OG0000973	jgi|Erypu1|6454|transcript_POS81727	jgi|Exoaq1|12503|A1O9_08800T0
OG0000973	jgi|Erypu1|6454|transcript_POS81727	KAJ9650080.1
OG0000973	jgi|Erypu1|6454|transcript_POS81727	jgi|EndpusZ1|3906|EPUS_02634T0
OG0000991	jgi|Erypu1|1143|transcript_POS87359	KAJ9652281.1
OG0001006	jgi|Erypu1|36|transcript_POS84462	jgi|Monha1|9388|H072_9849m.01
OG0001008	jgi|Erypu1|5230|transcript_POS81926	jgi|EndpusZ1|9085|EPUS_06916T0
OG0001085	jgi|Erypu1|5735|transcript_POS88363	jgi|Neucr_trp3_1|5786|Neucr2.NCU08318T0
OG0001085	jgi|Erypu1|5735|transcript_POS88363	XP_008716897.1
OG0001085	jgi|Erypu1|5735|transcript_POS88363	jgi|SacceM3707_1|30608|fgenesh1_kg.1_#_470_#_NP_010362.1
OG0001085	jgi|Erypu1|5735|transcript_POS88363	jgi|Exoaq1|5870|A1O9_03398T0
OG0001085	jgi|Erypu1|5735|transcript_POS88363	jgi|Sclsc1|3810|SS1G_10266T0
OG0001085	jgi|Erypu1|5735|transcript_POS88363	CAF9921303.1, CAF9931288.1
OG0001115	jgi|Erypu1|6765|transcript_POS87611	coassemb76_002847-T1, coassemb76_003966-T1
OG0001149	jgi|Erypu1|908|transcript_POS83857	coassemb64_007578-T1
OG0001184	jgi|Erypu1|1881|transcript_POS83192	jgi|Exoaq1|6235|A1O9_12036T0
OG0001191	jgi|Erypu1|4513|transcript_POS85943	jgi|Morco1|547704|fgenesh1_pg.43_#_83
OG0001191	jgi|Erypu1|6359|transcript_POS81739	KAI9716583.1
OG0001191	jgi|Erypu1|6359|transcript_POS81739	KAI9672081.1
OG0001191	jgi|Erypu1|6359|transcript_POS81739	jgi|Altal1|1090647|estExt_Genemark1.C_2_t10146
OG0001191	jgi|Erypu1|6359|transcript_POS81739	jgi|Aurpu_var_mel1|55053|e_gw1.21.459.1
OG0001191	jgi|Erypu1|6359|transcript_POS81739	jgi|Grascr1|8456|GST1_000603-RA
OG0001191	jgi|Erypu1|6359|transcript_POS81739	coassemb378_004325-T1
OG0001191	jgi|Erypu1|6359|transcript_POS81739	jgi|Dibbae1|356|DIBA_005083-RA
OG0001191	jgi|Erypu1|6359|transcript_POS81739	coassemb376_001962-T1
OG0001191	jgi|Erypu1|6359|transcript_POS81739	coassemb64_003715-T1
OG0001191	jgi|Erypu1|6359|transcript_POS81739	jgi|Aspni_DSM_1|161940|An08g06800m.01
OG0001191	jgi|Erypu1|6359|transcript_POS81739	GTX0494b19_008984-T1
OG0001196	jgi|Erypu1|2404|transcript_POS86980	jgi|Acastr1|124709|AST1_002374-RA
OG0001213	jgi|Erypu1|5968|transcript_POS81808	jgi|Penexp1|271|PEXP_000820T0
OG0001227	jgi|Erypu1|1437|transcript_POS83473	jgi|Artol1|4183|AOL_s00076g279m.01
OG0001227	jgi|Erypu1|1437|transcript_POS83473	jgi|Aspni_DSM_1|158193|An03g01800m.01
OG0001300	jgi|Erypu1|3600|transcript_POS88095	jgi|Artol1|5666|AOL_s00079g440m.01
OG0001365	jgi|Erypu1|1398|transcript_POS83500	jgi|Podan3|208764|mRNA_7592
OG0001428	jgi|Erypu1|389|transcript_POS84238	jgi|Grascr1|4396|GST1_010145-RA
OG0001435	jgi|Erypu1|5176|transcript_POS85523	coassemb376_005892-T1
OG0001435	jgi|Erypu1|5176|transcript_POS85523	KAI4287589.1
OG0001499	jgi|Erypu1|2558|transcript_POS86926	jgi|EndpusZ1|2781|EPUS_05882T0
OG0001506	jgi|Erypu1|5142|transcript_POS87889	jgi|Exoaq1|6233|A1O9_12034T0
OG0001512	jgi|Erypu1|2265|transcript_POS82974	coassemb76_005891-T1
OG0001529	jgi|Erypu1|2656|transcript_POS86897	coassemb64_004123-T1
OG0001529	jgi|Erypu1|2656|transcript_POS86897	jgi|Aspni_DSM_1|168268|An17g00540m.01
OG0001623	jgi|Erypu1|1494|transcript_POS83431	jgi|Aspni_DSM_1|168603|An18g01580m.01
OG0001640	jgi|Erypu1|2573|transcript_POS86918	KAI4086500.1
OG0001688	jgi|Erypu1|1229|transcript_POS87341	KAI4208429.1
OG0001748	jgi|Erypu1|4237|transcript_POS86121	jgi|Aurpu_var_mel1|61401|fgenesh1_pg.1_#_3
OG0001748	jgi|Erypu1|4237|transcript_POS86121	jgi|Monha1|5511|H072_5647m.01
OG0001754	jgi|Erypu1|6183|transcript_POS81775	jgi|Umbpus1|99262|LPUS_05802T0
OG0001754	jgi|Erypu1|6183|transcript_POS81775	jgi|Grascr1|5338|GST1_008734-RA
OG0001754	jgi|Erypu1|6183|transcript_POS81775	KAI9719087.1
OG0001754	jgi|Erypu1|6183|transcript_POS81775	GTX0486b100_003851-T1
OG0001754	jgi|Erypu1|6183|transcript_POS81775	KAI9699772.1
OG0001754	jgi|Erypu1|6183|transcript_POS81775	coassemb376_006673-T1
OG0001754	jgi|Erypu1|6183|transcript_POS81775	CAF9932324.1
OG0001754	jgi|Erypu1|6183|transcript_POS81775	jgi|Clagr3|26|CLAGR_000025-RA
OG0001754	jgi|Erypu1|6183|transcript_POS81775	KAI4288081.1
OG0001754	jgi|Erypu1|6183|transcript_POS81775	KAI4109894.1
OG0001754	jgi|Erypu1|6183|transcript_POS81775	GTX0494b19_001480-T1
OG0001754	jgi|Erypu1|6183|transcript_POS81775	KAI4228253.1
OG0001754	jgi|Erypu1|6183|transcript_POS81775	KAI4105523.1
OG0001754	jgi|Erypu1|6183|transcript_POS81775	coassemb378_011725-T1
OG0001754	jgi|Erypu1|6183|transcript_POS81775	FUN_003583_T1_FUN_003583
OG0001770	jgi|Erypu1|4545|transcript_POS85921	jgi|Fusgr1|9933|FGSG_08344T0
OG0001800	jgi|Erypu1|340|transcript_POS84268	coassemb76_009563-T1
OG0001800	jgi|Erypu1|340|transcript_POS84268	jgi|Claba1|131384|Z519_09698T0
OG0001804	jgi|Erypu1|4416|transcript_POS86002	CAF9930485.1
OG0001827	jgi|Erypu1|6487|transcript_POS81721	KAI9750821.1
OG0001827	jgi|Erypu1|6487|transcript_POS81721	jgi|Phach1|5018|rna5017
OG0001827	jgi|Erypu1|6487|transcript_POS81721	jgi|Altal1|1060977|gm1.5212_g
OG0001827	jgi|Erypu1|6487|transcript_POS81721	KAI9720925.1
OG0001827	jgi|Erypu1|6487|transcript_POS81721	GTX0486b100_006058-T1
OG0001827	jgi|Erypu1|6487|transcript_POS81721	KAI9724490.1
OG0001827	jgi|Erypu1|6487|transcript_POS81721	KAI9704165.1
OG0001827	jgi|Erypu1|6487|transcript_POS81721	KAI9834825.1
OG0001827	jgi|Erypu1|6487|transcript_POS81721	KAI9814915.1
OG0001827	jgi|Erypu1|6487|transcript_POS81721	jgi|Umbpus1|107348|LPUS_05566T0, jgi|Umbpus1|100625|LPUS_07277T0, jgi|Umbpus1|100335|LPUS_06918T0
OG0001827	jgi|Erypu1|6487|transcript_POS81721	jgi|Dibbae1|11825|DIBA_002538-RA
OG0001827	jgi|Erypu1|6487|transcript_POS81721	jgi|Grascr1|6721|GST1_010637-RA
OG0001827	jgi|Erypu1|6487|transcript_POS81721	coassemb378_007963-T1
OG0001827	jgi|Erypu1|6487|transcript_POS81721	GTX0494b19_003855-T1
OG0001827	jgi|Erypu1|6487|transcript_POS81721	FUN_002750_T1_FUN_002750
OG0001827	jgi|Erypu1|6487|transcript_POS81721	KAI4223209.1
OG0001827	jgi|Erypu1|6487|transcript_POS81721	KAI4104983.1
OG0001827	jgi|Erypu1|6487|transcript_POS81721	KAI4226267.1
OG0001827	jgi|Erypu1|6487|transcript_POS81721	KAI4280617.1
OG0001827	jgi|Erypu1|6487|transcript_POS81721	KAI4106586.1
OG0001827	jgi|Erypu1|6487|transcript_POS81721	CAF9905616.1
OG0001827	jgi|Erypu1|6487|transcript_POS81721	jgi|Clagr3|9232|CLAGR_008582-RA
OG0001827	jgi|Erypu1|6487|transcript_POS81721	coassemb376_004741-T1
OG0001827	jgi|Erypu1|6487|transcript_POS81721	jgi|Acastr1|123993|AST1_000615-RA
OG0001827	jgi|Erypu1|6487|transcript_POS81721	jgi|Aurpu_var_mel1|68255|fgenesh1_pg.20_#_93
OG0001827	jgi|Erypu1|6487|transcript_POS81721	KAI9652151.1
OG0001830	jgi|Erypu1|3113|transcript_POS86708	coassemb76_007596-T1
OG0001830	jgi|Erypu1|3113|transcript_POS86708	jgi|Grascr1|11554|GST1_001776-RA
OG0001845	jgi|Erypu1|3774|transcript_POS86393	jgi|Claba1|131841|Z519_10158T0
OG0001845	jgi|Erypu1|3774|transcript_POS86393	coassemb76_008813-T1
OG0001862	jgi|Erypu1|5241|transcript_POS81923, jgi|Erypu1|35|transcript_POS81655	KAI9815149.1
OG0001862	jgi|Erypu1|5241|transcript_POS81923, jgi|Erypu1|35|transcript_POS81655	GTX0486b100_007749-T1
OG0001862	jgi|Erypu1|5241|transcript_POS81923, jgi|Erypu1|35|transcript_POS81655	KAI9723702.1
OG0001862	jgi|Erypu1|5241|transcript_POS81923, jgi|Erypu1|35|transcript_POS81655	KAI9707111.1
OG0001862	jgi|Erypu1|5241|transcript_POS81923, jgi|Erypu1|35|transcript_POS81655	KAI9837827.1
OG0001862	jgi|Erypu1|5241|transcript_POS81923, jgi|Erypu1|35|transcript_POS81655	jgi|Aurpu_var_mel1|61834|fgenesh1_pg.1_#_436
OG0001862	jgi|Erypu1|5241|transcript_POS81923, jgi|Erypu1|35|transcript_POS81655	jgi|Altal1|1047499|estExt_fgenesh1_pg.C_4_t10108
OG0001862	jgi|Erypu1|5241|transcript_POS81923, jgi|Erypu1|35|transcript_POS81655	KAI9651499.1, KAI9656097.1
OG0001862	jgi|Erypu1|5241|transcript_POS81923, jgi|Erypu1|35|transcript_POS81655	KAI9724238.1
OG0001862	jgi|Erypu1|5241|transcript_POS81923, jgi|Erypu1|35|transcript_POS81655	jgi|Neucr_trp3_1|9762|Neucr2.NCU06863T1
OG0001862	jgi|Erypu1|5241|transcript_POS81923, jgi|Erypu1|35|transcript_POS81655	jgi|Amamu1|158402|fgenesh1_kg.7_#_263_#_Locus577v1rpkm332.03
OG0001862	jgi|Erypu1|5241|transcript_POS81923, jgi|Erypu1|35|transcript_POS81655	KAI4232386.1
OG0001914	jgi|Erypu1|5155|transcript_POS85537	coassemb378_009316-T1
OG0001927	jgi|Erypu1|6747|transcript_POS84546	jgi|Capcor1|101303|A1O1_08493T0
OG0001932	jgi|Erypu1|5505|transcript_POS85324	jgi|Neucr_trp3_1|5863|Neucr2.NCU06385T0
OG0001935	jgi|Erypu1|1374|transcript_POS83519	jgi|Morco1|203785|CE203784_1176
OG0001950	jgi|Erypu1|5784|transcript_POS81829	KAI4239694.1
OG0001950	jgi|Erypu1|5784|transcript_POS81829	FUN_002047_T1_FUN_002047
OG0001950	jgi|Erypu1|5784|transcript_POS81829	KAI4110689.1
OG0001950	jgi|Erypu1|5784|transcript_POS81829	KAI4227012.1
OG0001950	jgi|Erypu1|5784|transcript_POS81829	GTX0494b19_002068-T1
OG0001950	jgi|Erypu1|5784|transcript_POS81829	KAI4287372.1
OG0001950	jgi|Erypu1|5784|transcript_POS81829	KAI4104334.1
OG0001950	jgi|Erypu1|5784|transcript_POS81829	CAF9925650.1
OG0001950	jgi|Erypu1|5784|transcript_POS81829	jgi|Clagr3|2389|CLAGR_001787-RA
OG0001950	jgi|Erypu1|5784|transcript_POS81829	coassemb376_005253-T1
OG0001950	jgi|Erypu1|5784|transcript_POS81829	jgi|Umbpus1|103816|LPUS_03461T0
OG0001950	jgi|Erypu1|5784|transcript_POS81829	jgi|Dibbae1|3569|DIBA_005982-RA
OG0001950	jgi|Erypu1|5784|transcript_POS81829	jgi|Acastr1|125141|AST1_003661-RA
OG0001950	jgi|Erypu1|5784|transcript_POS81829	KAI9833325.1
OG0001950	jgi|Erypu1|5784|transcript_POS81829	jgi|Grascr1|8667|GST1_002164-RA
OG0001950	jgi|Erypu1|5784|transcript_POS81829	coassemb378_006240-T1
OG0001950	jgi|Erypu1|5784|transcript_POS81829	KAI9703213.1
OG0001950	jgi|Erypu1|5784|transcript_POS81829	KAI9716143.1
OG0001950	jgi|Erypu1|5784|transcript_POS81829	GTX0486b100_004704-T1
OG0001950	jgi|Erypu1|5784|transcript_POS81829	jgi|Altal1|1015716|fgenesh1_kg.1_#_694_#_Locus2802v1rpkm53.16
OG0001950	jgi|Erypu1|5784|transcript_POS81829	jgi|Cocpo1_1|1522|XM_003066474.1
OG0001950	jgi|Erypu1|5784|transcript_POS81829	jgi|Penexp1|1561|PEXP_072350T0
OG0001950	jgi|Erypu1|5784|transcript_POS81829	jgi|Aspni_DSM_1|164168|An11g09610m.01
OG0001950	jgi|Erypu1|5784|transcript_POS81829	jgi|Phach1|4831|rna4830
OG0001950	jgi|Erypu1|5784|transcript_POS81829	jgi|EndpusZ1|7081|EPUS_05472T0
OG0001950	jgi|Erypu1|5784|transcript_POS81829	jgi|Exoaq1|11009|A1O9_07378T0
OG0001950	jgi|Erypu1|5784|transcript_POS81829	coassemb64_008194-T1
OG0001950	jgi|Erypu1|5784|transcript_POS81829	jgi|Fonmu1|5061|Z520_08872T0
OG0001950	jgi|Erypu1|5784|transcript_POS81829	jgi|Claba1|129827|Z519_08134T0
OG0001950	jgi|Erypu1|5784|transcript_POS81829	coassemb76_007427-T1, coassemb76_008264-T1
OG0001950	jgi|Erypu1|5784|transcript_POS81829	KAJ9658988.1
OG0001950	jgi|Erypu1|5784|transcript_POS81829	XP_008712037.1
OG0001950	jgi|Erypu1|5784|transcript_POS81829	GTX0466b15_005019-T1
OG0001950	jgi|Erypu1|5784|transcript_POS81829	jgi|Capcor1|99393|A1O1_06565T0
OG0001950	jgi|Erypu1|5784|transcript_POS81829	KAI9715212.1
OG0001950	jgi|Erypu1|5784|transcript_POS81829	KAI9656929.1
OG0001950	jgi|Erypu1|5784|transcript_POS81829	jgi|Aurpu_var_mel1|47807|e_gw1.9.121.1
OG0001955	jgi|Erypu1|6617|transcript_POS84635	KAI9837859.1
OG0001999	jgi|Erypu1|4292|transcript_POS86080	KAI9713631.1
OG0002022	jgi|Erypu1|4470|transcript_POS85966	CAF9938633.1
OG0002081	jgi|Erypu1|1356|transcript_POS83532	coassemb64_004135-T1
OG0002136	jgi|Erypu1|1012|transcript_POS87386	jgi|Clagr3|2921|CLAGR_002585-RA
OG0002141	jgi|Erypu1|2663|transcript_POS82746	jgi|Aspni_DSM_1|156977|An02g04530m.01
OG0002211	jgi|Erypu1|3781|transcript_POS86384	jgi|Aspni_DSM_1|155098|An01g00340m.01
OG0002235	jgi|Erypu1|20|transcript_POS88317	jgi|EndpusZ1|4631|EPUS_02121T0
OG0002349	jgi|Erypu1|479|transcript_POS84163	jgi|Acastr1|122567|AST1_006589-RA
OG0002349	jgi|Erypu1|479|transcript_POS84163	jgi|Grascr1|958|GST1_006961-RA
OG0002373	jgi|Erypu1|4248|transcript_POS86109	FUN_005923_T1_FUN_005923
OG0002396	jgi|Erypu1|4691|transcript_POS85837	jgi|Acastr1|125592|AST1_007869-RA
OG0002398	jgi|Erypu1|5004|transcript_POS81971	KAI9716053.1
OG0002398	jgi|Erypu1|5004|transcript_POS81971	KAI9654045.1
OG0002398	jgi|Erypu1|5004|transcript_POS81971	jgi|Aurpu_var_mel1|46331|e_gw1.7.310.1
OG0002398	jgi|Erypu1|5004|transcript_POS81971	jgi|Altal1|544992|CE544991_6916
OG0002488	jgi|Erypu1|5837|transcript_POS81824	jgi|Altal1|1074936|MIX6834_2884_19
OG0002488	jgi|Erypu1|5837|transcript_POS81824	jgi|Aurpu_var_mel1|53512|e_gw1.18.3.1
OG0002488	jgi|Erypu1|5837|transcript_POS81824	KAI9655211.1
OG0002488	jgi|Erypu1|5837|transcript_POS81824	KAI9713671.1
OG0002575	jgi|Erypu1|1326|transcript_POS83558	GTX0486b100_008436-T1
OG0002575	jgi|Erypu1|1326|transcript_POS83558	GTX0494b19_000543-T1
OG0002624	jgi|Erypu1|3367|transcript_POS86594	coassemb76_009612-T1
OG0002624	jgi|Erypu1|3367|transcript_POS86594	KAJ9649871.1
OG0002656	jgi|Erypu1|138|transcript_POS81639	KAI9748718.1
OG0002656	jgi|Erypu1|138|transcript_POS81639	jgi|Aurpu_var_mel1|67096|fgenesh1_pg.14_#_116
OG0002656	jgi|Erypu1|138|transcript_POS81639	KAI9729002.1
OG0002656	jgi|Erypu1|138|transcript_POS81639	KAI9655692.1
OG0002656	jgi|Erypu1|138|transcript_POS81639	jgi|Altal1|1014470|fgenesh1_pg.37_#_39
OG0002656	jgi|Erypu1|138|transcript_POS81639	KAI9832418.1
OG0002656	jgi|Erypu1|138|transcript_POS81639	KAI9697626.1
OG0002656	jgi|Erypu1|138|transcript_POS81639	GTX0486b100_000863-T1
OG0002656	jgi|Erypu1|138|transcript_POS81639	KAI9812510.1
OG0002656	jgi|Erypu1|138|transcript_POS81639	coassemb378_005273-T1
OG0002656	jgi|Erypu1|138|transcript_POS81639	jgi|Dibbae1|942|DIBA_001044-RA
OG0002656	jgi|Erypu1|138|transcript_POS81639	KAI4111284.1
OG0002656	jgi|Erypu1|138|transcript_POS81639	KAI4222832.1
OG0002656	jgi|Erypu1|138|transcript_POS81639	KAI4235742.1
OG0002656	jgi|Erypu1|138|transcript_POS81639	FUN_005546_T1_FUN_005546
OG0002656	jgi|Erypu1|138|transcript_POS81639	coassemb376_006844-T1
OG0002656	jgi|Erypu1|138|transcript_POS81639	jgi|Clagr3|4479|CLAGR_004991-RA
OG0002656	jgi|Erypu1|138|transcript_POS81639	CAF9943025.1
OG0002656	jgi|Erypu1|138|transcript_POS81639	jgi|Umbpus1|101171|LPUS_02633T0
OG0002656	jgi|Erypu1|138|transcript_POS81639	KAI4099705.1
OG0002656	jgi|Erypu1|138|transcript_POS81639	KAI4289679.1
OG0002656	jgi|Erypu1|138|transcript_POS81639	GTX0494b19_008235-T1
OG0002656	jgi|Erypu1|138|transcript_POS81639	jgi|Acastr1|120280|AST1_000087-RA
OG0002656	jgi|Erypu1|138|transcript_POS81639	jgi|Grascr1|655|GST1_001368-RA
OG0002682	jgi|Erypu1|5639|transcript_POS81857	jgi|Fonmu1|7534|Z520_10506T0
OG0002682	jgi|Erypu1|5639|transcript_POS81857	jgi|Claba1|128141|Z519_00524T0
OG0002682	jgi|Erypu1|5639|transcript_POS81857	jgi|Capcor1|94237|A1O1_01374T0
OG0002682	jgi|Erypu1|5639|transcript_POS81857	coassemb64_000510-T1
OG0002682	jgi|Erypu1|5639|transcript_POS81857	jgi|Exoaq1|6173|A1O9_11974T0
OG0002682	jgi|Erypu1|5639|transcript_POS81857	GTX0466b15_007621-T1
OG0002682	jgi|Erypu1|5639|transcript_POS81857	coassemb76_002945-T1
OG0002682	jgi|Erypu1|5639|transcript_POS81857	KAJ9662311.1
OG0002682	jgi|Erypu1|5639|transcript_POS81857	XP_008719507.1
OG0002682	jgi|Erypu1|5639|transcript_POS81857	jgi|Cocpo1_1|3070|XM_003068023.1
OG0002682	jgi|Erypu1|5639|transcript_POS81857	jgi|Aspni_DSM_1|166755|An15g02320m.01
OG0002682	jgi|Erypu1|5639|transcript_POS81857	jgi|Penexp1|2716|PEXP_108800T0
OG0002682	jgi|Erypu1|5639|transcript_POS81857	jgi|Phach1|3891|rna3890
OG0002682	jgi|Erypu1|5639|transcript_POS81857	jgi|EndpusZ1|1435|EPUS_08865T0
OG0002704	jgi|Erypu1|3773|transcript_POS86392	coassemb76_008812-T1
OG0002705	jgi|Erypu1|6046|transcript_POS84979	KAI4286705.1
OG0002718	jgi|Erypu1|2284|transcript_POS82963	coassemb64_002777-T1
OG0002738	jgi|Erypu1|5825|transcript_POS85132	jgi|Monha1|1364|H072_1364m.01
OG0002764	jgi|Erypu1|3642|transcript_POS86462	KAI9812097.1
OG0002764	jgi|Erypu1|3642|transcript_POS86462	jgi|Ascim1|377009|estExt_fgenesh1_pg.C_420059
OG0003013	jgi|Erypu1|4050|transcript_POS86224	jgi|Sclsc1|8112|SS1G_13535T0
OG0003013	jgi|Erypu1|4050|transcript_POS86224	KAI4221834.1
OG0003155	jgi|Erypu1|474|transcript_POS84172	jgi|Grascr1|80|GST1_000080-RA
OG0003255	jgi|Erypu1|1988|transcript_POS83119	coassemb76_009234-T1
OG0003358	jgi|Erypu1|3919|transcript_POS88059	jgi|Acastr1|123626|AST1_006950-RA
OG0003358	jgi|Erypu1|3919|transcript_POS88059	KAI9816652.1
OG0003393	jgi|Erypu1|5881|transcript_POS85089	coassemb376_007251-T1
OG0003402	jgi|Erypu1|1415|transcript_POS83485	coassemb376_001305-T1
OG0003437	jgi|Erypu1|2807|transcript_POS82678	coassemb378_011328-T1
OG0003617	jgi|Erypu1|1901|transcript_POS83177	jgi|Fonmu1|6707|Z520_01917T0
OG0003617	jgi|Erypu1|1901|transcript_POS83177	jgi|EndpusZ1|4099|EPUS_09402T0
OG0003617	jgi|Erypu1|1901|transcript_POS83177	CAF9906519.1
OG0003625	jgi|Erypu1|1719|transcript_POS83295	jgi|Exoaq1|7046|A1O9_12848T0
OG0003629	jgi|Erypu1|1385|transcript_POS87300	coassemb376_000939-T1
OG0003680	jgi|Erypu1|6601|transcript_POS84651	jgi|Morco1|577490|gm1.8266_g
OG0003709	jgi|Erypu1|4761|transcript_POS88393	coassemb376_002099-T1
OG0003709	jgi|Erypu1|4761|transcript_POS88393	jgi|Acastr1|119440|AST1_007522-RA
OG0003794	jgi|Erypu1|5|transcript_POS88451	KAI9817910.1
OG0003802	jgi|Erypu1|4897|transcript_POS85705	jgi|Claba1|130454|Z519_08761T0
OG0003978	jgi|Erypu1|836|transcript_POS83906	CAF9943228.1
OG0003980	jgi|Erypu1|1824|transcript_POS83220	coassemb76_006176-T1
OG0004186	jgi|Erypu1|1676|transcript_POS88242	KAI9839543.1
OG0004200	jgi|Erypu1|6121|transcript_POS84939	jgi|Fonmu1|9323|Z520_11729T0
OG0004308	jgi|Erypu1|5089|transcript_POS85576	jgi|Aspni_DSM_1|159406|An04g07230m.01
OG0004308	jgi|Erypu1|5089|transcript_POS85576	jgi|Penexp1|3549|PEXP_086730T0
OG0004308	jgi|Erypu1|5089|transcript_POS85576	jgi|Fusgr1|12415|FGSG_13829T0
OG0004435	jgi|Erypu1|636|transcript_POS84054	coassemb378_004319-T1
OG0004527	jgi|Erypu1|6707|transcript_POS87618	KAI9652523.1
OG0004766	jgi|Erypu1|6691|transcript_POS81688	jgi|Dibbae1|11937|DIBA_001111-RA
OG0004766	jgi|Erypu1|6691|transcript_POS81688	jgi|Clagr3|2655|CLAGR_002926-RA
OG0004766	jgi|Erypu1|6691|transcript_POS81688	CAF9923872.1
OG0004766	jgi|Erypu1|6691|transcript_POS81688	KAI4229807.1
OG0004766	jgi|Erypu1|6691|transcript_POS81688	KAI4111833.1
OG0004766	jgi|Erypu1|6691|transcript_POS81688	FUN_000795_T1_FUN_000795
OG0004766	jgi|Erypu1|6691|transcript_POS81688	GTX0494b19_000477-T1
OG0004766	jgi|Erypu1|6691|transcript_POS81688	jgi|Umbpus1|104552|LPUS_11346T0
OG0004766	jgi|Erypu1|6691|transcript_POS81688	KAI9716779.1
OG0004766	jgi|Erypu1|6691|transcript_POS81688	KAI9697445.1
OG0004766	jgi|Erypu1|6691|transcript_POS81688	GTX0486b100_000856-T1
OG0004766	jgi|Erypu1|6691|transcript_POS81688	KAI9838912.1
OG0004766	jgi|Erypu1|6691|transcript_POS81688	jgi|Acastr1|123560|AST1_009036-RA
OG0004766	jgi|Erypu1|6691|transcript_POS81688	KAI9823471.1
OG0004766	jgi|Erypu1|6691|transcript_POS81688	jgi|Grascr1|1314|GST1_006631-RA
OG0004766	jgi|Erypu1|6691|transcript_POS81688	jgi|Aurpu_var_mel1|56004|e_gw1.23.114.1
OG0004825	jgi|Erypu1|3096|transcript_POS86709	jgi|Aspni_DSM_1|158621|An03g06350m.01
OG0005152	jgi|Erypu1|4204|transcript_POS86146	jgi|Podan3|206814|mRNA_5642
OG0005152	jgi|Erypu1|4204|transcript_POS86146	XP_008716112.1
OG0005243	jgi|Erypu1|3260|transcript_POS86644	GTX0466b15_004710-T1
OG0005404	jgi|Erypu1|3574|transcript_POS86503	GTX0486b100_003784-T1
OG0005404	jgi|Erypu1|3574|transcript_POS86503	FUN_003800_T1_FUN_003800
OG0005443	jgi|Erypu1|3467|transcript_POS86553	GTX0494b19_004755-T1
OG0005590	jgi|Erypu1|446|transcript_POS84190	jgi|Dibbae1|7904|DIBA_000367-RA
OG0005642	jgi|Erypu1|6051|transcript_POS84977	jgi|Grascr1|5566|GST1_001888-RA
OG0005666	jgi|Erypu1|1372|transcript_POS83521	FUN_002097_T1_FUN_002097
OG0005881	jgi|Erypu1|3377|transcript_POS82397	jgi|Grascr1|7047|GST1_010577-RA
OG0005898	jgi|Erypu1|1828|transcript_POS87175	KAI9723592.1
OG0006113	jgi|Erypu1|4998|transcript_POS85640	jgi|Penexp1|2031|PEXP_024430T0
OG0006224	jgi|Erypu1|3601|transcript_POS88093	XP_008712127.1
OG0006589	jgi|Erypu1|3629|transcript_POS86472	jgi|Monha1|5186|H072_5294m.01, jgi|Monha1|6980|H072_7205m.01
OG0007038	jgi|Erypu1|5785|transcript_POS85157	KAJ9659347.1
OG0007038	jgi|Erypu1|5785|transcript_POS85157	KAI9717207.1
OG0007756	jgi|Erypu1|4658|transcript_POS85857	jgi|Dibbae1|3712|DIBA_008829-RA
