Orthogroup	Exoaq1_GeneCatalog_proteins_20160901.aa	Other
OG0000000	jgi|Exoaq1|3558|A1O9_11078T0	jgi|Morco1|497695|e_gw1.273.4.1
OG0000000	jgi|Exoaq1|3558|A1O9_11078T0	jgi|Fusgr1|11166|FGSG_09640T0
OG0000000	jgi|Exoaq1|3558|A1O9_11078T0	CAF9931851.1
OG0000000	jgi|Exoaq1|3558|A1O9_11078T0	GTX0486b100_006348-T1
OG0000000	jgi|Exoaq1|3558|A1O9_11078T0	KAI9717630.1
OG0000000	jgi|Exoaq1|3558|A1O9_11078T0	KAI9704748.1
OG0000000	jgi|Exoaq1|3558|A1O9_11078T0	jgi|Acastr1|126451|AST1_001146-RA
OG0000000	jgi|Exoaq1|3558|A1O9_11078T0	jgi|Artol1|1393|AOL_s00007g141m.01
OG0000000	jgi|Exoaq1|3558|A1O9_11078T0	jgi|Monha1|110|H072_110m.01
OG0000000	jgi|Exoaq1|3558|A1O9_11078T0	CAF9931851.1
OG0000000	jgi|Exoaq1|3410|A1O9_10929T0	KAI9669948.1
OG0000000	jgi|Exoaq1|3410|A1O9_10929T0	jgi|Penexp1|9575|PEXP_068800T0
OG0000000	jgi|Exoaq1|3410|A1O9_10929T0	jgi|Monha1|1854|H072_1855m.01, jgi|Monha1|5832|H072_6021m.01, jgi|Monha1|8905|H072_9298m.01
OG0000000	jgi|Exoaq1|3410|A1O9_10929T0	jgi|Artol1|2082|AOL_s00043g244m.01, jgi|Artol1|5564|AOL_s00079g338m.01, jgi|Artol1|9556|AOL_s00176g69m.01, jgi|Artol1|3809|AOL_s00075g147m.01, jgi|Artol1|2413|AOL_s00043g576m.01, jgi|Artol1|5009|AOL_s00078g395m.01, jgi|Artol1|7685|AOL_s00097g501m.01
OG0000000	jgi|Exoaq1|3410|A1O9_10929T0	jgi|Aspni_DSM_1|161740|An08g04770m.01, jgi|Aspni_DSM_1|168635|An18g01910m.01, jgi|Aspni_DSM_1|164879|An12g05650m.01
OG0000000	jgi|Exoaq1|3410|A1O9_10929T0	jgi|Ascim1|9648|CE9647_3766, jgi|Ascim1|191287|gw1.87.53.1, jgi|Ascim1|151864|CE151863_6804, jgi|Ascim1|416379|fgenesh1_RNNotator_kg.63_#_39_#_Locus6464v1rpkm17.03, jgi|Ascim1|328893|gm1.8893_g, jgi|Ascim1|212775|e_gw1.81.5.1
OG0000000	jgi|Exoaq1|3410|A1O9_10929T0	jgi|EndpusZ1|7052|EPUS_09335T0, jgi|EndpusZ1|1087|EPUS_09274T0, jgi|EndpusZ1|5669|EPUS_03498T0
OG0000000	jgi|Exoaq1|3410|A1O9_10929T0	coassemb64_006837-T1
OG0000000	jgi|Exoaq1|3410|A1O9_10929T0	KAJ9653241.1, KAJ9662337.1
OG0000000	jgi|Exoaq1|3410|A1O9_10929T0	jgi|Clagr3|11012|CLAGR_010687-RA
OG0000000	jgi|Exoaq1|3410|A1O9_10929T0	jgi|Fusgr1|3501|FGSG_04505T0
OG0000003	jgi|Exoaq1|2969|A1O9_10491T0	jgi|Penexp1|9403|PEXP_067070T0
OG0000004	jgi|Exoaq1|1592|A1O9_01598T0, jgi|Exoaq1|1620|A1O9_01626T0	KAI4106465.1
OG0000004	jgi|Exoaq1|11121|A1O9_07456T0	KAI9835536.1
OG0000004	jgi|Exoaq1|11121|A1O9_07456T0	jgi|Aurpu_var_mel1|60206|e_gw1.37.67.1
OG0000004	jgi|Exoaq1|11121|A1O9_07456T0	jgi|Altal1|1100721|estExt_Genemark1.C_420020
OG0000004	jgi|Exoaq1|11121|A1O9_07456T0	jgi|Fusgr1|3650|FGSG_04370T0
OG0000004	jgi|Exoaq1|11121|A1O9_07456T0	jgi|Podan3|206148|mRNA_4976
OG0000004	jgi|Exoaq1|11121|A1O9_07456T0	jgi|Neucr_trp3_1|3052|Neucr2.NCU06847T0
OG0000004	jgi|Exoaq1|11121|A1O9_07456T0	jgi|PseVKM4520_1|3663|transcript_KFZ24905
OG0000004	jgi|Exoaq1|11121|A1O9_07456T0	jgi|Cocpo1_1|3190|XM_003068143.1
OG0000004	jgi|Exoaq1|11121|A1O9_07456T0	jgi|Sclsc1|3699|SS1G_10155T0
OG0000004	jgi|Exoaq1|11121|A1O9_07456T0	jgi|Dibbae1|11366|DIBA_000601-RA
OG0000004	jgi|Exoaq1|11121|A1O9_07456T0	coassemb378_010375-T1, coassemb378_009385-T1
OG0000004	jgi|Exoaq1|11121|A1O9_07456T0	coassemb376_002779-T1
OG0000004	jgi|Exoaq1|11121|A1O9_07456T0	KAI4288467.1
OG0000004	jgi|Exoaq1|11121|A1O9_07456T0	KAI4090325.1
OG0000004	jgi|Exoaq1|11121|A1O9_07456T0	KAI4224674.1
OG0000004	jgi|Exoaq1|11121|A1O9_07456T0	GTX0494b19_001136-T1
OG0000004	jgi|Exoaq1|11121|A1O9_07456T0	FUN_007599_T1_FUN_007599
OG0000004	jgi|Exoaq1|11121|A1O9_07456T0	KAI4239455.1
OG0000004	jgi|Exoaq1|11121|A1O9_07456T0	KAI4107742.1
OG0000004	jgi|Exoaq1|11121|A1O9_07456T0	CAF9918867.1
OG0000004	jgi|Exoaq1|11121|A1O9_07456T0	jgi|Clagr3|5635|CLAGR_004921-RA
OG0000004	jgi|Exoaq1|11121|A1O9_07456T0	jgi|Acastr1|124570|AST1_004588-RA
OG0000004	jgi|Exoaq1|11121|A1O9_07456T0	jgi|Umbpus1|101421|LPUS_02785T0
OG0000004	jgi|Exoaq1|11121|A1O9_07456T0	KAI9822779.1
OG0000004	jgi|Exoaq1|11121|A1O9_07456T0	KAI9712541.1
OG0000004	jgi|Exoaq1|11121|A1O9_07456T0	KAI9701485.1
OG0000004	jgi|Exoaq1|11121|A1O9_07456T0	GTX0486b100_001928-T1
OG0000004	jgi|Exoaq1|11121|A1O9_07456T0	jgi|Grascr1|1575|GST1_007306-RA
OG0000004	jgi|Exoaq1|11121|A1O9_07456T0	jgi|Erypu1|3852|transcript_POS86336, jgi|Erypu1|4056|transcript_POS86219
OG0000008	jgi|Exoaq1|1432|A1O9_01438T0	coassemb378_005289-T1
OG0000009	jgi|Exoaq1|5525|A1O9_03049T0	jgi|Claba1|128724|Z519_07022T0
OG0000009	jgi|Exoaq1|5525|A1O9_03049T0	KAJ9663857.1, KAJ9652153.1
OG0000009	jgi|Exoaq1|5525|A1O9_03049T0	coassemb76_003044-T1
OG0000009	jgi|Exoaq1|5525|A1O9_03049T0	GTX0466b15_005176-T1
OG0000009	jgi|Exoaq1|5525|A1O9_03049T0	jgi|Monha1|6336|H072_6538m.01
OG0000009	jgi|Exoaq1|5525|A1O9_03049T0	XP_008720756.1
OG0000009	jgi|Exoaq1|5525|A1O9_03049T0	jgi|Claba1|128724|Z519_07022T0
OG0000009	jgi|Exoaq1|5525|A1O9_03049T0	KAJ9663857.1, KAJ9652153.1
OG0000009	jgi|Exoaq1|5525|A1O9_03049T0	coassemb378_004974-T1, coassemb378_008543-T1
OG0000009	jgi|Exoaq1|5525|A1O9_03049T0	jgi|Clagr3|7027|CLAGR_006763-RA
OG0000009	jgi|Exoaq1|5525|A1O9_03049T0	KAI9728433.1
OG0000009	jgi|Exoaq1|5525|A1O9_03049T0	jgi|EndpusZ1|1236|EPUS_00047T0
OG0000009	jgi|Exoaq1|5525|A1O9_03049T0	FUN_005123_T1_FUN_005123
OG0000009	jgi|Exoaq1|5525|A1O9_03049T0	KAI9716678.1
OG0000009	jgi|Exoaq1|5525|A1O9_03049T0	KAI9699962.1
OG0000009	jgi|Exoaq1|5525|A1O9_03049T0	jgi|Dibbae1|2517|DIBA_007823-RA
OG0000009	jgi|Exoaq1|2242|A1O9_09768T0	coassemb64_001666-T1
OG0000010	jgi|Exoaq1|2869|A1O9_10391T0, jgi|Exoaq1|2756|A1O9_10281T0, jgi|Exoaq1|483|A1O9_00484T0	KAJ9654589.1
OG0000011	jgi|Exoaq1|10936|A1O9_07305T0	jgi|Penexp1|1017|PEXP_096440T0
OG0000012	jgi|Exoaq1|9463|A1O9_05893T0	jgi|Altal1|936260|e_gw1.11.581.1
OG0000013	jgi|Exoaq1|1848|A1O9_01854T0	XP_008713341.1
OG0000013	jgi|Exoaq1|1848|A1O9_01854T0	jgi|Umbpus1|103344|LPUS_09925T0
OG0000015	jgi|Exoaq1|8700|A1O9_12955T0	jgi|Penexp1|3668|PEXP_085500T0
OG0000015	jgi|Exoaq1|8700|A1O9_12955T0	jgi|Aspni_DSM_1|159833|An05g01120m.01, jgi|Aspni_DSM_1|163216|An10g00660m.01, jgi|Aspni_DSM_1|162661|An09g02000m.01
OG0000015	jgi|Exoaq1|8700|A1O9_12955T0	jgi|Cocpo1_1|2685|XM_003067638.1
OG0000015	jgi|Exoaq1|7844|A1O9_04375T0	jgi|Monha1|7534|H072_7784m.01
OG0000015	jgi|Exoaq1|5724|A1O9_03250T0	XP_008718603.1, XP_008716082.1
OG0000017	jgi|Exoaq1|12633|A1O9_08930T0	XP_008715630.1
OG0000025	jgi|Exoaq1|11624|A1O9_07960T0	jgi|Fusgr1|2602|FGSG_02268T0
OG0000025	jgi|Exoaq1|11624|A1O9_07960T0	jgi|Aspni_DSM_1|160210|An06g02430m.01, jgi|Aspni_DSM_1|168621|An18g01770m.01
OG0000033	jgi|Exoaq1|1692|A1O9_01698T0, jgi|Exoaq1|5505|A1O9_03029T0, jgi|Exoaq1|2387|A1O9_09913T0	KAJ9656224.1
OG0000033	jgi|Exoaq1|1692|A1O9_01698T0	jgi|Grascr1|3803|GST1_000192-RA
OG0000033	jgi|Exoaq1|1692|A1O9_01698T0	jgi|Aspni_DSM_1|163371|An11g01150m.01, jgi|Aspni_DSM_1|157034|An02g05090m.01
OG0000033	jgi|Exoaq1|1692|A1O9_01698T0	KAI4099651.1
OG0000033	jgi|Exoaq1|1692|A1O9_01698T0	CAF9919928.1
OG0000033	jgi|Exoaq1|1692|A1O9_01698T0	jgi|Fusgr1|2055|FGSG_01786T0
OG0000033	jgi|Exoaq1|5505|A1O9_03029T0, jgi|Exoaq1|2387|A1O9_09913T0	KAI9669152.1
OG0000033	jgi|Exoaq1|5505|A1O9_03029T0, jgi|Exoaq1|2387|A1O9_09913T0	jgi|Penexp1|955|PEXP_095850T0, jgi|Penexp1|9029|PEXP_063320T0, jgi|Penexp1|8711|PEXP_014250T0, jgi|Penexp1|9599|PEXP_069040T0, jgi|Penexp1|100|PEXP_020550T0
OG0000033	jgi|Exoaq1|5505|A1O9_03029T0, jgi|Exoaq1|2387|A1O9_09913T0	jgi|Aspni_DSM_1|165788|An13g04080m.01, jgi|Aspni_DSM_1|163451|An11g01980m.01, jgi|Aspni_DSM_1|167026|An15g05110m.01, jgi|Aspni_DSM_1|164090|An11g08810m.01, jgi|Aspni_DSM_1|161554|An08g02920m.01
OG0000033	jgi|Exoaq1|5505|A1O9_03029T0, jgi|Exoaq1|2387|A1O9_09913T0	jgi|Cocpo1_1|3966|XM_003068919.1
OG0000033	jgi|Exoaq1|5505|A1O9_03029T0, jgi|Exoaq1|2387|A1O9_09913T0	jgi|Grascr1|1637|GST1_008495-RA, jgi|Grascr1|2395|GST1_008671-RA
OG0000033	jgi|Exoaq1|5505|A1O9_03029T0, jgi|Exoaq1|2387|A1O9_09913T0	jgi|Altal1|949414|e_gw1.34.159.1, jgi|Altal1|1001019|estExt_Genewise1Plus.C_310068, jgi|Altal1|1011821|fgenesh1_pg.20_#_7, jgi|Altal1|935317|e_gw1.10.897.1
OG0000033	jgi|Exoaq1|5505|A1O9_03029T0, jgi|Exoaq1|2387|A1O9_09913T0	jgi|Neucr_trp3_1|2965|Neucr2.NCU05376T0
OG0000033	jgi|Exoaq1|5505|A1O9_03029T0, jgi|Exoaq1|2387|A1O9_09913T0	jgi|Fusgr1|95|FGSG_00071T0, jgi|Fusgr1|3052|FGSG_02672T0, jgi|Fusgr1|5495|FGSG_04717T0, jgi|Fusgr1|12667|FGSG_11002T0, jgi|Fusgr1|10116|FGSG_08187T0
OG0000033	jgi|Exoaq1|5505|A1O9_03029T0, jgi|Exoaq1|2387|A1O9_09913T0	KAI9836022.1
OG0000033	jgi|Exoaq1|5505|A1O9_03029T0, jgi|Exoaq1|2387|A1O9_09913T0	jgi|Podan3|209100|mRNA_7928
OG0000033	jgi|Exoaq1|5505|A1O9_03029T0, jgi|Exoaq1|2387|A1O9_09913T0	jgi|Claba1|135757|Z519_02620T0
OG0000033	jgi|Exoaq1|5505|A1O9_03029T0	jgi|Amamu1|155352|fgenesh1_kg.1_#_769_#_Locus8861v1rpkm17.96
OG0000033	jgi|Exoaq1|5505|A1O9_03029T0	jgi|Monha1|1423|H072_1423m.01, jgi|Monha1|2319|H072_2324m.01
OG0000033	jgi|Exoaq1|5505|A1O9_03029T0	jgi|Ascim1|334460|gm1.14460_g
OG0000033	jgi|Exoaq1|5505|A1O9_03029T0	jgi|Artol1|4304|AOL_s00076g401m.01, jgi|Artol1|577|AOL_s00004g577m.01
OG0000033	jgi|Exoaq1|5505|A1O9_03029T0	jgi|Morco1|536854|fgenesh1_kg.32_#_138_#_Locus9622v1rpkm5.04, jgi|Morco1|605564|estExt_Genemark1.C_230097, jgi|Morco1|519716|estExt_Genewise1Plus.C_120334
OG0000033	jgi|Exoaq1|2387|A1O9_09913T0	jgi|Amamu1|166987|fgenesh1_kg.64_#_12_#_Locus28020v2rpkm0.37, jgi|Amamu1|77528|e_gw1.24.174.1, jgi|Amamu1|13534|gm1.7544_g, jgi|Amamu1|166728|fgenesh1_kg.61_#_53_#_Locus10402v1rpkm12.51, jgi|Amamu1|160521|fgenesh1_kg.14_#_27_#_Locus10402v1rpkm12.51, jgi|Amamu1|13203|gm1.7213_g, jgi|Amamu1|16160|gm1.10170_g, jgi|Amamu1|164339|fgenesh1_kg.37_#_7_#_Locus21074v1rpkm1.65, jgi|Amamu1|158748|fgenesh1_kg.8_#_229_#_Locus12488v1rpkm7.72, jgi|Amamu1|531086|CE329849_6865, jgi|Amamu1|162532|fgenesh1_kg.24_#_45_#_Locus6938v1rpkm27.68, jgi|Amamu1|26590|estExt_Genemark1.C_800007, jgi|Amamu1|76984|e_gw1.21.262.1, jgi|Amamu1|164814|fgenesh1_kg.41_#_19_#_Locus3884v1rpkm58.98, jgi|Amamu1|14248|gm1.8258_g, jgi|Amamu1|913775|CE712538_3535, jgi|Amamu1|162080|fgenesh1_kg.21_#_103_#_Locus4825v1rpkm46.11, jgi|Amamu1|131425|estExt_Genewise1Plus.C_930047, jgi|Amamu1|24046|estExt_Genemark1.C_210080, jgi|Amamu1|24043|estExt_Genemark1.C_210077, jgi|Amamu1|26609|estExt_Genemark1.C_800029, jgi|Amamu1|77005|e_gw1.21.87.1, jgi|Amamu1|168328|fgenesh1_kg.80_#_64_#_Locus16010v1rpkm3.68, jgi|Amamu1|168332|fgenesh1_kg.80_#_68_#_Locus11861v1rpkm8.87, jgi|Amamu1|162148|fgenesh1_kg.21_#_171_#_Locus11861v1rpkm8.87, jgi|Amamu1|168325|fgenesh1_kg.80_#_61_#_Locus27196v2rpkm0.38, jgi|Amamu1|162144|fgenesh1_kg.21_#_167_#_Locus1156v2rpkm161.66, jgi|Amamu1|166342|fgenesh1_kg.57_#_19_#_Locus4111v1rpkm55.42, jgi|Amamu1|82564|e_gw1.64.131.1
OG0000033	jgi|Exoaq1|2387|A1O9_09913T0	jgi|Acastr1|122720|AST1_004793-RA
OG0000033	jgi|Exoaq1|2387|A1O9_09913T0	jgi|Dibbae1|11430|DIBA_003933-RA
OG0000034	jgi|Exoaq1|10859|A1O9_07228T0	jgi|Penexp1|3046|PEXP_104890T0
OG0000034	jgi|Exoaq1|10859|A1O9_07228T0	jgi|Fonmu1|7962|Z520_10935T0
OG0000034	jgi|Exoaq1|10859|A1O9_07228T0	jgi|Claba1|133686|Z519_11086T0
OG0000034	jgi|Exoaq1|10859|A1O9_07228T0	jgi|PseVKM4520_1|7992|transcript_KFZ24629
OG0000034	jgi|Exoaq1|10859|A1O9_07228T0	jgi|Sclsc1|11221|SS1G_04250T0
OG0000034	jgi|Exoaq1|10859|A1O9_07228T0	jgi|Aurpu_var_mel1|60473|e_gw1.40.62.1
OG0000034	jgi|Exoaq1|10859|A1O9_07228T0	jgi|Aspni_DSM_1|158345|An03g03520m.01
OG0000034	jgi|Exoaq1|10859|A1O9_07228T0	coassemb378_008807-T1
OG0000037	jgi|Exoaq1|11045|A1O9_07414T0	jgi|Aspni_DSM_1|161592|An08g03300m.01
OG0000037	jgi|Exoaq1|4348|A1O9_01866T0	jgi|Aspni_DSM_1|162551|An09g00850m.01
OG0000037	jgi|Exoaq1|1644|A1O9_01650T0	coassemb378_006802-T1
OG0000038	jgi|Exoaq1|3381|A1O9_10900T0	jgi|Dibbae1|3651|DIBA_008332-RA, jgi|Dibbae1|3655|DIBA_008336-RA
OG0000038	jgi|Exoaq1|3381|A1O9_10900T0	jgi|Dibbae1|10385|DIBA_012139-RA
OG0000038	jgi|Exoaq1|1097|A1O9_01101T0, jgi|Exoaq1|4621|A1O9_02140T0, jgi|Exoaq1|5072|A1O9_02594T0, jgi|Exoaq1|11672|A1O9_08008T0, jgi|Exoaq1|1199|A1O9_01204T0, jgi|Exoaq1|10618|A1O9_06987T0, jgi|Exoaq1|5248|A1O9_02771T0	jgi|Dibbae1|4142|DIBA_008763-RA
OG0000039	jgi|Exoaq1|12011|A1O9_08327T0	XP_008713547.1
OG0000039	jgi|Exoaq1|12011|A1O9_08327T0	coassemb76_008359-T1
OG0000039	jgi|Exoaq1|12011|A1O9_08327T0	jgi|Penexp1|3726|PEXP_042060T0
OG0000039	jgi|Exoaq1|12011|A1O9_08327T0	jgi|EndpusZ1|1868|EPUS_03237T0
OG0000039	jgi|Exoaq1|12011|A1O9_08327T0	KAI4221500.1
OG0000039	jgi|Exoaq1|12011|A1O9_08327T0	FUN_001686_T1_FUN_001686
OG0000039	jgi|Exoaq1|12011|A1O9_08327T0	GTX0494b19_006326-T1
OG0000039	jgi|Exoaq1|12011|A1O9_08327T0	KAI4087629.1
OG0000043	jgi|Exoaq1|3472|A1O9_10991T0	jgi|Neucr_trp3_1|5665|Neucr2.NCU09739T0
OG0000043	jgi|Exoaq1|3472|A1O9_10991T0	jgi|Fusgr1|9166|FGSG_07920T0, jgi|Fusgr1|6642|FGSG_05725T0
OG0000048	jgi|Exoaq1|668|A1O9_00669T0	KAJ9660456.1, KAJ9651860.1, KAJ9664322.1
OG0000055	jgi|Exoaq1|4540|A1O9_02059T0	jgi|Clagr3|2322|CLAGR_001720-RA
OG0000056	jgi|Exoaq1|2945|A1O9_10467T0	jgi|Sclsc1|366|SS1G_00366T0
OG0000056	jgi|Exoaq1|2945|A1O9_10467T0	jgi|Aspni_DSM_1|159920|An05g02070m.01
OG0000057	jgi|Exoaq1|5750|A1O9_03277T0	jgi|Aurpu_var_mel1|51250|e_gw1.14.7.1
OG0000057	jgi|Exoaq1|5750|A1O9_03277T0	jgi|Grascr1|2439|GST1_006609-RA
OG0000057	jgi|Exoaq1|5750|A1O9_03277T0	XP_008716800.1
OG0000057	jgi|Exoaq1|5750|A1O9_03277T0	jgi|Aspni_DSM_1|162552|An09g00860m.01
OG0000057	jgi|Exoaq1|5750|A1O9_03277T0	jgi|Artol1|5494|AOL_s00079g268m.01
OG0000057	jgi|Exoaq1|5750|A1O9_03277T0	jgi|Penexp1|289|PEXP_001000T0
OG0000057	jgi|Exoaq1|5750|A1O9_03277T0	jgi|Monha1|9666|H072_10164m.01
OG0000057	jgi|Exoaq1|5750|A1O9_03277T0	KAI9720555.1
OG0000057	jgi|Exoaq1|5750|A1O9_03277T0	jgi|Umbpus1|103350|LPUS_09932T0
OG0000057	jgi|Exoaq1|5750|A1O9_03277T0	CAF9906626.1
OG0000057	jgi|Exoaq1|5750|A1O9_03277T0	coassemb76_002751-T1
OG0000057	jgi|Exoaq1|5750|A1O9_03277T0	jgi|Sclsc1|3304|SS1G_09760T0
OG0000057	jgi|Exoaq1|5750|A1O9_03277T0	coassemb378_004412-T1
OG0000057	jgi|Exoaq1|6021|A1O9_03551T0	jgi|Podan3|204746|mRNA_3574
OG0000057	jgi|Exoaq1|6021|A1O9_03551T0	jgi|Fusgr1|4571|FGSG_03551T0
OG0000061	jgi|Exoaq1|11632|A1O9_07968T0	jgi|Clagr3|3920|CLAGR_003743-RA
OG0000061	jgi|Exoaq1|10177|A1O9_06610T0, jgi|Exoaq1|8952|A1O9_05376T0	jgi|Penexp1|1729|PEXP_074030T0
OG0000061	jgi|Exoaq1|10177|A1O9_06610T0	coassemb378_010755-T1
OG0000063	jgi|Exoaq1|12303|A1O9_13131T0	jgi|Phach1|2642|rna2641
OG0000066	jgi|Exoaq1|3320|A1O9_10837T0	jgi|Dibbae1|4642|DIBA_001639-RA
OG0000073	jgi|Exoaq1|10521|A1O9_06889T0	jgi|Fusgr1|4450|FGSG_12400T0
OG0000075	jgi|Exoaq1|9387|A1O9_05815T0	jgi|Dibbae1|130|DIBA_001267-RA
OG0000076	jgi|Exoaq1|6051|A1O9_03581T0	jgi|Penexp1|8723|PEXP_014370T0
OG0000080	jgi|Exoaq1|7991|A1O9_04524T0, jgi|Exoaq1|6583|A1O9_12385T0	CAF9935426.1
OG0000080	jgi|Exoaq1|6583|A1O9_12385T0	jgi|Fonmu1|6290|Z520_10103T0
OG0000089	jgi|Exoaq1|11521|A1O9_07857T0	jgi|Penexp1|3664|PEXP_085460T0
OG0000089	jgi|Exoaq1|3473|A1O9_10992T0	jgi|Penexp1|10754|PEXP_090930T0
OG0000089	jgi|Exoaq1|3473|A1O9_10992T0	jgi|Altal1|1024789|fgenesh1_kg.25_#_6_#_Locus12034v1rpkm0.91
OG0000089	jgi|Exoaq1|3473|A1O9_10992T0	jgi|Capcor1|98786|A1O1_05953T0
OG0000089	jgi|Exoaq1|3473|A1O9_10992T0	XP_008715604.1
OG0000089	jgi|Exoaq1|3473|A1O9_10992T0	coassemb376_001997-T1
OG0000089	jgi|Exoaq1|3473|A1O9_10992T0	jgi|EndpusZ1|8388|EPUS_06259T0
OG0000089	jgi|Exoaq1|3473|A1O9_10992T0	jgi|Fusgr1|6643|FGSG_12795T0
OG0000092	jgi|Exoaq1|8590|A1O9_05127T0	jgi|Clagr3|5199|CLAGR_004539-RA
OG0000097	jgi|Exoaq1|822|A1O9_00823T0, jgi|Exoaq1|13104|A1O9_09390T0, jgi|Exoaq1|2414|A1O9_09940T0, jgi|Exoaq1|9172|A1O9_05597T0	jgi|Grascr1|4501|GST1_002567-RA
OG0000097	jgi|Exoaq1|8669|A1O9_12924T0	KAI9839840.1
OG0000097	jgi|Exoaq1|8669|A1O9_12924T0	KAI9817380.1
OG0000097	jgi|Exoaq1|8669|A1O9_12924T0	KAI9696417.1
OG0000097	jgi|Exoaq1|8669|A1O9_12924T0	KAI9727470.1
OG0000097	jgi|Exoaq1|8669|A1O9_12924T0	jgi|Phach1|4361|rna4360
OG0000097	jgi|Exoaq1|8669|A1O9_12924T0	jgi|Penexp1|9185|PEXP_064880T0, jgi|Penexp1|4413|PEXP_035550T0
OG0000097	jgi|Exoaq1|8669|A1O9_12924T0	KAI9719610.1
OG0000097	jgi|Exoaq1|8669|A1O9_12924T0	GTX0486b100_005534-T1
OG0000097	jgi|Exoaq1|8669|A1O9_12924T0	jgi|Umbpus1|102740|LPUS_09336T0
OG0000097	jgi|Exoaq1|8669|A1O9_12924T0	jgi|Grascr1|568|GST1_005961-RA, jgi|Grascr1|288|GST1_006578-RA
OG0000097	jgi|Exoaq1|4776|A1O9_02295T0	KAI4264560.1
OG0000098	jgi|Exoaq1|44|A1O9_00044T0	jgi|Penexp1|3045|PEXP_104880T0
OG0000098	jgi|Exoaq1|44|A1O9_00044T0	coassemb378_009633-T1, coassemb378_010526-T1
OG0000098	jgi|Exoaq1|44|A1O9_00044T0	jgi|Aspni_DSM_1|158355|An03g03620m.01
OG0000098	jgi|Exoaq1|44|A1O9_00044T0	jgi|Claba1|133685|Z519_11085T0
OG0000098	jgi|Exoaq1|44|A1O9_00044T0	jgi|Fonmu1|7961|Z520_10934T0
OG0000098	jgi|Exoaq1|44|A1O9_00044T0	jgi|PseVKM4520_1|7996|transcript_KFZ24633
OG0000098	jgi|Exoaq1|44|A1O9_00044T0	jgi|Sclsc1|11223|SS1G_04252T0
OG0000098	jgi|Exoaq1|44|A1O9_00044T0	jgi|Aurpu_var_mel1|89036|gm1.9432_g
OG0000098	jgi|Exoaq1|44|A1O9_00044T0	coassemb64_006252-T1
OG0000098	jgi|Exoaq1|44|A1O9_00044T0	jgi|Penexp1|3045|PEXP_104880T0
OG0000098	jgi|Exoaq1|10862|A1O9_07231T0	coassemb64_006252-T1
OG0000098	jgi|Exoaq1|10862|A1O9_07231T0	jgi|Penexp1|3045|PEXP_104880T0
OG0000098	jgi|Exoaq1|10862|A1O9_07231T0	jgi|Penexp1|3045|PEXP_104880T0
OG0000098	jgi|Exoaq1|10862|A1O9_07231T0	jgi|Aurpu_var_mel1|89036|gm1.9432_g
OG0000098	jgi|Exoaq1|10862|A1O9_07231T0	jgi|Aspni_DSM_1|158355|An03g03620m.01
OG0000098	jgi|Exoaq1|10862|A1O9_07231T0	jgi|Sclsc1|11223|SS1G_04252T0
OG0000098	jgi|Exoaq1|10862|A1O9_07231T0	jgi|PseVKM4520_1|7996|transcript_KFZ24633
OG0000098	jgi|Exoaq1|10862|A1O9_07231T0	jgi|Claba1|133685|Z519_11085T0
OG0000098	jgi|Exoaq1|10862|A1O9_07231T0	jgi|Fonmu1|7961|Z520_10934T0
OG0000098	jgi|Exoaq1|10862|A1O9_07231T0	coassemb378_010526-T1
OG0000098	jgi|Exoaq1|44|A1O9_00044T0	jgi|Phach1|2768|rna2767
OG0000100	jgi|Exoaq1|13082|A1O9_09368T0	coassemb376_007318-T1
OG0000101	jgi|Exoaq1|5205|A1O9_02728T0	jgi|Podan3|203496|mRNA_2324
OG0000101	jgi|Exoaq1|5205|A1O9_02728T0	jgi|Neucr_trp3_1|595|Neucr2.NCU01861T0
OG0000101	jgi|Exoaq1|5205|A1O9_02728T0	jgi|Fusgr1|5436|FGSG_02792T0
OG0000101	jgi|Exoaq1|5205|A1O9_02728T0	coassemb76_004063-T1
OG0000101	jgi|Exoaq1|5205|A1O9_02728T0	GTX0466b15_006242-T1
OG0000108	jgi|Exoaq1|12850|A1O9_09135T0	coassemb64_004549-T1
OG0000112	jgi|Exoaq1|6159|A1O9_11960T0	jgi|Cocpo1_1|3516|XM_003068469.1
OG0000112	jgi|Exoaq1|6159|A1O9_11960T0	jgi|Aspni_DSM_1|157179|An02g06560m.01
OG0000112	jgi|Exoaq1|6159|A1O9_11960T0	jgi|Penexp1|2158|PEXP_050110T0
OG0000112	jgi|Exoaq1|6159|A1O9_11960T0	KAI9727641.1
OG0000112	jgi|Exoaq1|6159|A1O9_11960T0	jgi|Altal1|687848|CE687847_9406
OG0000112	jgi|Exoaq1|6159|A1O9_11960T0	KAI9817639.1
OG0000112	jgi|Exoaq1|6159|A1O9_11960T0	KAI9833023.1
OG0000112	jgi|Exoaq1|6159|A1O9_11960T0	jgi|Umbpus1|106190|LPUS_04258T0
OG0000112	jgi|Exoaq1|6159|A1O9_11960T0	jgi|Clagr3|7967|CLAGR_007766-RA
OG0000112	jgi|Exoaq1|6159|A1O9_11960T0	CAF9937361.1
OG0000112	jgi|Exoaq1|6159|A1O9_11960T0	GTX0486b100_001026-T1
OG0000112	jgi|Exoaq1|6159|A1O9_11960T0	KAI9720813.1
OG0000112	jgi|Exoaq1|6159|A1O9_11960T0	jgi|Acastr1|126109|AST1_004348-RA
OG0000112	jgi|Exoaq1|6159|A1O9_11960T0	jgi|Dibbae1|3223|DIBA_007807-RA
OG0000112	jgi|Exoaq1|6159|A1O9_11960T0	coassemb376_001693-T1
OG0000112	jgi|Exoaq1|6159|A1O9_11960T0	KAI4221655.1
OG0000112	jgi|Exoaq1|6159|A1O9_11960T0	GTX0494b19_005932-T1
OG0000112	jgi|Exoaq1|6159|A1O9_11960T0	FUN_000634_T1_FUN_000634
OG0000112	jgi|Exoaq1|6159|A1O9_11960T0	KAI4108321.1
OG0000112	jgi|Exoaq1|6159|A1O9_11960T0	KAI4237764.1
OG0000112	jgi|Exoaq1|6159|A1O9_11960T0	coassemb378_004140-T1
OG0000112	jgi|Exoaq1|6159|A1O9_11960T0	jgi|Grascr1|9840|GST1_000699-RA
OG0000112	jgi|Exoaq1|6159|A1O9_11960T0	jgi|Sclsc1|14166|SS1G_07195T0
OG0000112	jgi|Exoaq1|6159|A1O9_11960T0	jgi|PseVKM4520_1|3237|transcript_KFZ15577
OG0000115	jgi|Exoaq1|11438|A1O9_07774T0	jgi|Clagr3|7930|CLAGR_008371-RA
OG0000115	jgi|Exoaq1|11438|A1O9_07774T0	jgi|EndpusZ1|331|EPUS_04299T0
OG0000115	jgi|Exoaq1|11438|A1O9_07774T0	coassemb378_010588-T1
OG0000115	jgi|Exoaq1|11438|A1O9_07774T0	CAF9913506.1
OG0000115	jgi|Exoaq1|11438|A1O9_07774T0	KAI9671342.1
OG0000115	jgi|Exoaq1|11438|A1O9_07774T0	KAI9834920.1
OG0000115	jgi|Exoaq1|11438|A1O9_07774T0	jgi|PseVKM4520_1|5756|transcript_KFZ10894, jgi|PseVKM4520_1|10407|transcript_KFZ25356
OG0000115	jgi|Exoaq1|11438|A1O9_07774T0	coassemb376_004822-T1
OG0000115	jgi|Exoaq1|11438|A1O9_07774T0	jgi|Penexp1|183|PEXP_021380T0
OG0000115	jgi|Exoaq1|11438|A1O9_07774T0	jgi|Capcor1|95989|A1O1_03132T0
OG0000115	jgi|Exoaq1|11438|A1O9_07774T0	jgi|Claba1|130051|Z519_08358T0
OG0000115	jgi|Exoaq1|11438|A1O9_07774T0	jgi|Clagr3|7930|CLAGR_008371-RA
OG0000115	jgi|Exoaq1|11438|A1O9_07774T0	jgi|Ascim1|306858|fgenesh1_pg.38_#_64, jgi|Ascim1|328353|gm1.8353_g
OG0000118	jgi|Exoaq1|7783|A1O9_04314T0	jgi|Cocpo1_1|3053|XM_003068006.1
OG0000118	jgi|Exoaq1|7783|A1O9_04314T0	coassemb378_007005-T1, coassemb378_009584-T1
OG0000118	jgi|Exoaq1|7783|A1O9_04314T0	GTX0494b19_006211-T1
OG0000120	jgi|Exoaq1|2562|A1O9_10085T0	jgi|Fonmu1|10481|Z520_12348T0
OG0000127	jgi|Exoaq1|2938|A1O9_10460T0	coassemb76_004097-T1
OG0000127	jgi|Exoaq1|5162|A1O9_02685T0	jgi|Fusgr1|9109|FGSG_07870T0
OG0000127	jgi|Exoaq1|5162|A1O9_02685T0	jgi|Neucr_trp3_1|9611|Neucr2.NCU12152T0
OG0000127	jgi|Exoaq1|5162|A1O9_02685T0	jgi|Aurpu_var_mel1|77119|fgenesh1_pm.18_#_113
OG0000127	jgi|Exoaq1|5162|A1O9_02685T0	jgi|Cocpo1_1|973|XM_003065925.1
OG0000127	jgi|Exoaq1|5162|A1O9_02685T0	KAJ9660206.1
OG0000127	jgi|Exoaq1|5162|A1O9_02685T0	jgi|Grascr1|8137|GST1_003838-RA
OG0000127	jgi|Exoaq1|5162|A1O9_02685T0	KAI9719176.1
OG0000127	jgi|Exoaq1|5162|A1O9_02685T0	KAI9837291.1
OG0000127	jgi|Exoaq1|5162|A1O9_02685T0	coassemb76_009015-T1
OG0000127	jgi|Exoaq1|5162|A1O9_02685T0	GTX0466b15_000527-T1
OG0000127	jgi|Exoaq1|6965|A1O9_12767T0	XP_008719660.1
OG0000131	jgi|Exoaq1|9475|A1O9_05905T0	jgi|Aurpu_var_mel1|63718|fgenesh1_pg.4_#_55, jgi|Aurpu_var_mel1|56530|e_gw1.24.372.1
OG0000131	jgi|Exoaq1|9475|A1O9_05905T0	KAI9653286.1
OG0000131	jgi|Exoaq1|9475|A1O9_05905T0	jgi|Grascr1|8627|GST1_012291-RA
OG0000137	jgi|Exoaq1|12701|A1O9_08986T0	GTX0466b15_001196-T1
OG0000146	jgi|Exoaq1|1455|A1O9_01461T0	jgi|Fonmu1|2522|Z520_07156T0
OG0000152	jgi|Exoaq1|6157|A1O9_11958T0	CAF9924211.1
OG0000152	jgi|Exoaq1|6157|A1O9_11958T0	jgi|Clagr3|10889|CLAGR_010651-RA
OG0000152	jgi|Exoaq1|6157|A1O9_11958T0	KAI9825299.1
OG0000152	jgi|Exoaq1|6157|A1O9_11958T0	KAI9830358.1
OG0000152	jgi|Exoaq1|10471|A1O9_06839T0	KAI4099107.1
OG0000152	jgi|Exoaq1|10471|A1O9_06839T0	jgi|Dibbae1|8133|DIBA_011648-RA
OG0000152	jgi|Exoaq1|10471|A1O9_06839T0	jgi|PseVKM4520_1|7089|transcript_KFZ08863
OG0000153	jgi|Exoaq1|1357|A1O9_01362T0	jgi|Grascr1|4402|GST1_009774-RA
OG0000154	jgi|Exoaq1|6909|A1O9_12711T0, jgi|Exoaq1|9062|A1O9_05487T0, jgi|Exoaq1|9701|A1O9_06134T0, jgi|Exoaq1|12948|A1O9_09233T0	jgi|Dibbae1|7779|DIBA_003252-RA
OG0000154	jgi|Exoaq1|9062|A1O9_05487T0	XP_008711644.1
OG0000164	jgi|Exoaq1|2290|A1O9_09816T0	jgi|Podan3|206414|mRNA_5242
OG0000165	jgi|Exoaq1|4404|A1O9_01922T0	KAI9708568.1
OG0000171	jgi|Exoaq1|8178|A1O9_04713T0	jgi|Grascr1|7942|GST1_003744-RA
OG0000171	jgi|Exoaq1|8178|A1O9_04713T0	coassemb378_009396-T1
OG0000171	jgi|Exoaq1|8178|A1O9_04713T0	jgi|Dibbae1|12575|DIBA_004251-RA
OG0000171	jgi|Exoaq1|8178|A1O9_04713T0	KAI4105718.1
OG0000171	jgi|Exoaq1|8178|A1O9_04713T0	KAI4223099.1
OG0000171	jgi|Exoaq1|8178|A1O9_04713T0	KAI4235091.1
OG0000171	jgi|Exoaq1|8178|A1O9_04713T0	GTX0494b19_007491-T1
OG0000171	jgi|Exoaq1|8178|A1O9_04713T0	FUN_001975_T1_FUN_001975
OG0000171	jgi|Exoaq1|8178|A1O9_04713T0	jgi|Podan3|208705|mRNA_7533
OG0000171	jgi|Exoaq1|8178|A1O9_04713T0	jgi|Acastr1|124946|AST1_006829-RA
OG0000171	jgi|Exoaq1|8178|A1O9_04713T0	jgi|Neucr_trp3_1|10589|Neucr2.NCU08173T0
OG0000171	jgi|Exoaq1|8178|A1O9_04713T0	coassemb76_007072-T1
OG0000171	jgi|Exoaq1|8178|A1O9_04713T0	coassemb76_007072-T1
OG0000171	jgi|Exoaq1|8178|A1O9_04713T0	KAI9727719.1
OG0000171	jgi|Exoaq1|8178|A1O9_04713T0	jgi|Altal1|1081957|MIX13855_236_19, jgi|Altal1|1055789|gm1.24_g
OG0000172	jgi|Exoaq1|12525|A1O9_08822T0	XP_008716838.1
OG0000176	jgi|Exoaq1|11622|A1O9_07958T0	KAJ9653578.1
OG0000176	jgi|Exoaq1|11622|A1O9_07958T0	KAI9726293.1
OG0000176	jgi|Exoaq1|11622|A1O9_07958T0	KAI9668803.1
OG0000176	jgi|Exoaq1|11622|A1O9_07958T0	jgi|Dibbae1|4946|DIBA_008476-RA
OG0000176	jgi|Exoaq1|11622|A1O9_07958T0	jgi|Phach1|6444|rna6443
OG0000176	jgi|Exoaq1|11622|A1O9_07958T0	jgi|Altal1|164662|CE164661_6166
OG0000176	jgi|Exoaq1|11622|A1O9_07958T0	jgi|Aurpu_var_mel1|47419|e_gw1.9.148.1
OG0000176	jgi|Exoaq1|11622|A1O9_07958T0	KAI9709026.1
OG0000176	jgi|Exoaq1|11622|A1O9_07958T0	GTX0486b100_003883-T1
OG0000176	jgi|Exoaq1|11622|A1O9_07958T0	KAI9696258.1
OG0000176	jgi|Exoaq1|11622|A1O9_07958T0	KAJ9653578.1
OG0000176	jgi|Exoaq1|11622|A1O9_07958T0	jgi|Penexp1|5324|PEXP_046490T0
OG0000176	jgi|Exoaq1|11622|A1O9_07958T0	jgi|Aspni_DSM_1|159622|An04g09410m.01
OG0000176	jgi|Exoaq1|11622|A1O9_07958T0	jgi|Grascr1|7436|GST1_010741-RA, jgi|Grascr1|4201|GST1_001185-RA
OG0000176	jgi|Exoaq1|11622|A1O9_07958T0	XP_008713361.1
OG0000176	jgi|Exoaq1|11622|A1O9_07958T0	XP_008713361.1
OG0000176	jgi|Exoaq1|11622|A1O9_07958T0	coassemb378_002349-T1
OG0000176	jgi|Exoaq1|11622|A1O9_07958T0	jgi|Fusgr1|2600|FGSG_02266T0
OG0000181	jgi|Exoaq1|10324|A1O9_06690T0	coassemb378_005990-T1
OG0000193	jgi|Exoaq1|2882|A1O9_10404T0	jgi|Aurpu_var_mel1|86688|gm1.7084_g
OG0000200	jgi|Exoaq1|2341|A1O9_09867T0	jgi|Fusgr1|3068|FGSG_02688T0, jgi|Fusgr1|4515|FGSG_12409T0
OG0000200	jgi|Exoaq1|174|A1O9_00174T0	jgi|Grascr1|8319|GST1_012131-RA
OG0000201	jgi|Exoaq1|8711|A1O9_12966T0, jgi|Exoaq1|2022|A1O9_09554T0, jgi|Exoaq1|3275|A1O9_10791T0	coassemb378_001789-T1
OG0000202	jgi|Exoaq1|1538|A1O9_01544T0, jgi|Exoaq1|8439|A1O9_04976T0	jgi|Fusgr1|8832|FGSG_07636T0
OG0000206	jgi|Exoaq1|2788|A1O9_10313T0, jgi|Exoaq1|1613|A1O9_01619T0	jgi|Penexp1|3673|PEXP_041520T0
OG0000207	jgi|Exoaq1|3329|A1O9_10846T0, jgi|Exoaq1|7938|A1O9_04471T0	jgi|Clagr3|10122|CLAGR_009704-RA
OG0000209	jgi|Exoaq1|208|A1O9_00208T0	jgi|Acastr1|123098|AST1_004223-RA
OG0000209	jgi|Exoaq1|208|A1O9_00208T0	KAI9714216.1
OG0000214	jgi|Exoaq1|8773|A1O9_05197T0	jgi|Fusgr1|4397|FGSG_03711T0
OG0000222	jgi|Exoaq1|7793|A1O9_04324T0	jgi|Sclsc1|2679|SS1G_09135T0
OG0000222	jgi|Exoaq1|7793|A1O9_04324T0	coassemb76_005374-T1
OG0000225	jgi|Exoaq1|4289|A1O9_11813T0	KAI4288535.1
OG0000235	jgi|Exoaq1|5104|A1O9_02627T0, jgi|Exoaq1|2487|A1O9_10014T0, jgi|Exoaq1|7011|A1O9_12813T0	jgi|Penexp1|8163|PEXP_075040T0
OG0000235	jgi|Exoaq1|1989|A1O9_09521T0	KAI9834035.1, KAI9824842.1
OG0000235	jgi|Exoaq1|1989|A1O9_09521T0	jgi|Dibbae1|2949|DIBA_006212-RA
OG0000235	jgi|Exoaq1|1989|A1O9_09521T0	jgi|Fonmu1|11622|Z520_04827T0, jgi|Fonmu1|8396|Z520_11371T0
OG0000235	jgi|Exoaq1|1989|A1O9_09521T0	jgi|Claba1|140256|Z519_06790T0, jgi|Claba1|133075|Z519_01553T0
OG0000235	jgi|Exoaq1|1989|A1O9_09521T0	KAI9815832.1, KAI9817617.1
OG0000235	jgi|Exoaq1|1989|A1O9_09521T0	KAI4097937.1
OG0000235	jgi|Exoaq1|1989|A1O9_09521T0	GTX0486b100_008230-T1, GTX0486b100_007610-T1
OG0000235	jgi|Exoaq1|1989|A1O9_09521T0	KAI9706591.1, KAI9703738.1
OG0000235	jgi|Exoaq1|1989|A1O9_09521T0	KAI9710447.1, KAI9716644.1
OG0000235	jgi|Exoaq1|1989|A1O9_09521T0	KAI9757277.1
OG0000235	jgi|Exoaq1|1989|A1O9_09521T0	KAJ9657519.1
OG0000235	jgi|Exoaq1|1989|A1O9_09521T0	jgi|PseVKM4520_1|5488|transcript_KFZ11337
OG0000235	jgi|Exoaq1|1989|A1O9_09521T0	jgi|Sclsc1|6756|SS1G_11853T0
OG0000235	jgi|Exoaq1|1989|A1O9_09521T0	jgi|Erypu1|2442|transcript_POS82876
OG0000238	jgi|Exoaq1|2615|A1O9_10139T0	jgi|Altal1|1057710|gm1.1945_g
OG0000238	jgi|Exoaq1|2615|A1O9_10139T0	KAI4109259.1
OG0000238	jgi|Exoaq1|2615|A1O9_10139T0	jgi|Aurpu_var_mel1|49698|e_gw1.11.49.1
OG0000259	jgi|Exoaq1|9275|A1O9_05702T0	jgi|Ascim1|20765|CE20764_3261, jgi|Ascim1|87839|CE87838_2289, jgi|Ascim1|415372|fgenesh1_RNNotator_kg.43_#_40_#_Locus9877v1rpkm3.75, jgi|Ascim1|320807|gm1.807_g
OG0000259	jgi|Exoaq1|9275|A1O9_05702T0	jgi|Morco1|539259|fgenesh1_kg.59_#_38_#_Locus5608v1rpkm21.09, jgi|Morco1|487458|e_gw1.23.124.1
OG0000259	jgi|Exoaq1|9275|A1O9_05702T0	jgi|Dibbae1|10192|DIBA_012283-RA
OG0000259	jgi|Exoaq1|9275|A1O9_05702T0	jgi|Clagr3|10372|CLAGR_009955-RA
OG0000259	jgi|Exoaq1|9275|A1O9_05702T0	CAF9931021.1
OG0000259	jgi|Exoaq1|9275|A1O9_05702T0	jgi|Phach1|3246|rna3245
OG0000259	jgi|Exoaq1|9275|A1O9_05702T0	jgi|Monha1|10457|H072_11079m.01
OG0000259	jgi|Exoaq1|9275|A1O9_05702T0	KAJ9654501.1
OG0000259	jgi|Exoaq1|9275|A1O9_05702T0	jgi|Penexp1|1380|PEXP_026240T0
OG0000259	jgi|Exoaq1|9275|A1O9_05702T0	jgi|Sclsc1|3021|SS1G_09477T0
OG0000259	jgi|Exoaq1|9275|A1O9_05702T0	jgi|Fusgr1|1321|FGSG_01126T0
OG0000259	jgi|Exoaq1|9275|A1O9_05702T0	jgi|Podan3|205467|mRNA_4295
OG0000259	jgi|Exoaq1|9275|A1O9_05702T0	jgi|Altal1|1045423|estExt_fgenesh1_pm.C_460024
OG0000264	jgi|Exoaq1|12153|A1O9_08469T0	jgi|Grascr1|467|GST1_006106-RA
OG0000264	jgi|Exoaq1|3970|A1O9_11492T0	coassemb378_006769-T1
OG0000264	jgi|Exoaq1|3970|A1O9_11492T0	KAI9725226.1
OG0000264	jgi|Exoaq1|3970|A1O9_11492T0	CAF9939886.1
OG0000264	jgi|Exoaq1|3970|A1O9_11492T0	jgi|Grascr1|467|GST1_006106-RA
OG0000264	jgi|Exoaq1|3970|A1O9_11492T0	jgi|Grascr1|467|GST1_006106-RA
OG0000269	jgi|Exoaq1|288|A1O9_00288T0	jgi|EndpusZ1|7107|EPUS_05393T0
OG0000269	jgi|Exoaq1|288|A1O9_00288T0	coassemb378_001140-T1
OG0000269	jgi|Exoaq1|288|A1O9_00288T0	jgi|Altal1|937635|e_gw1.12.285.1
OG0000269	jgi|Exoaq1|288|A1O9_00288T0	jgi|Fusgr1|12105|FGSG_10470T0
OG0000282	jgi|Exoaq1|7029|A1O9_12831T0	KAI9753821.1
OG0000282	jgi|Exoaq1|7029|A1O9_12831T0	jgi|Fusgr1|4991|FGSG_12496T0
OG0000282	jgi|Exoaq1|463|A1O9_00464T0	KAJ9652262.1
OG0000283	jgi|Exoaq1|3680|A1O9_11200T0	coassemb376_007093-T1
OG0000289	jgi|Exoaq1|7604|A1O9_04135T0	jgi|Sclsc1|4475|SS1G_10931T0
OG0000310	jgi|Exoaq1|10552|A1O9_06921T0	GTX0486b100_008067-T1
OG0000311	jgi|Exoaq1|4151|A1O9_11674T0	jgi|Penexp1|9779|PEXP_098470T0
OG0000314	jgi|Exoaq1|12012|A1O9_08328T0	jgi|Aspni_DSM_1|159224|An04g05380m.01
OG0000314	jgi|Exoaq1|12012|A1O9_08328T0	jgi|Penexp1|6805|PEXP_080450T0
OG0000314	jgi|Exoaq1|12012|A1O9_08328T0	GTX0494b19_003371-T1
OG0000314	jgi|Exoaq1|12012|A1O9_08328T0	FUN_009258_T1_FUN_009258
OG0000314	jgi|Exoaq1|12012|A1O9_08328T0	KAI4109105.1
OG0000314	jgi|Exoaq1|12012|A1O9_08328T0	KAI4221898.1
OG0000314	jgi|Exoaq1|12012|A1O9_08328T0	KAI4234455.1
OG0000314	jgi|Exoaq1|12012|A1O9_08328T0	KAI4286368.1
OG0000314	jgi|Exoaq1|12012|A1O9_08328T0	KAI9821621.1
OG0000314	jgi|Exoaq1|12012|A1O9_08328T0	KAI9838322.1
OG0000314	jgi|Exoaq1|12012|A1O9_08328T0	jgi|Clagr3|2002|CLAGR_001990-RA
OG0000314	jgi|Exoaq1|12012|A1O9_08328T0	CAF9911982.1
OG0000315	jgi|Exoaq1|5136|A1O9_02659T0	jgi|Penexp1|2729|PEXP_108930T0
OG0000315	jgi|Exoaq1|5136|A1O9_02659T0	jgi|Cocpo1_1|4194|XM_003069147.1
OG0000317	jgi|Exoaq1|10923|A1O9_07292T0	jgi|Sclsc1|1845|SS1G_08301T0
OG0000317	jgi|Exoaq1|10923|A1O9_07292T0	GTX0486b100_006784-T1
OG0000331	jgi|Exoaq1|2100|A1O9_09633T0	coassemb76_003014-T1
OG0000331	jgi|Exoaq1|2100|A1O9_09633T0	GTX0466b15_005631-T1
OG0000331	jgi|Exoaq1|2100|A1O9_09633T0	XP_008720782.1
OG0000331	jgi|Exoaq1|2100|A1O9_09633T0	KAJ9655689.1
OG0000331	jgi|Exoaq1|2100|A1O9_09633T0	jgi|Altal1|250465|CE250464_165
OG0000333	jgi|Exoaq1|8783|A1O9_05207T0	coassemb378_010980-T1
OG0000360	jgi|Exoaq1|7515|A1O9_04046T0	jgi|Penexp1|5287|PEXP_046120T0
OG0000361	jgi|Exoaq1|5868|A1O9_03396T0	jgi|Fusgr1|9924|FGSG_08350T0
OG0000378	jgi|Exoaq1|11487|A1O9_07823T0	GTX0486b100_005092-T1
OG0000381	jgi|Exoaq1|10665|A1O9_07034T0	FUN_000190_T1_FUN_000190
OG0000399	jgi|Exoaq1|5972|A1O9_03502T0, jgi|Exoaq1|10020|A1O9_06453T0	jgi|Morco1|470072|gw1.20.229.1
OG0000399	jgi|Exoaq1|3000|A1O9_10522T0	jgi|Cocpo1_1|2934|XM_003067887.1
OG0000399	jgi|Exoaq1|3000|A1O9_10522T0	jgi|Cocpo1_1|2934|XM_003067887.1
OG0000399	jgi|Exoaq1|3000|A1O9_10522T0	jgi|Morco1|576520|gm1.7296_g
OG0000399	jgi|Exoaq1|3000|A1O9_10522T0	jgi|Ascim1|411927|fgenesh1_RNNotator_kg.9_#_78_#_Locus6906v1rpkm14.50
OG0000399	jgi|Exoaq1|3000|A1O9_10522T0	jgi|Altal1|79588|CE79587_46535
OG0000399	jgi|Exoaq1|3000|A1O9_10522T0	jgi|PseVKM4520_1|3390|transcript_KFZ15324
OG0000399	jgi|Exoaq1|3000|A1O9_10522T0	coassemb378_010874-T1
OG0000399	jgi|Exoaq1|3000|A1O9_10522T0	jgi|Sclsc1|3122|SS1G_09578T0
OG0000399	jgi|Exoaq1|3000|A1O9_10522T0	jgi|Artol1|889|AOL_s00006g229m.01
OG0000399	jgi|Exoaq1|3000|A1O9_10522T0	jgi|Monha1|4127|H072_4163m.01
OG0000399	jgi|Exoaq1|3000|A1O9_10522T0	jgi|Fonmu1|756|Z520_00758T0, jgi|Fonmu1|7017|Z520_02227T0
OG0000399	jgi|Exoaq1|3000|A1O9_10522T0	KAJ9656001.1
OG0000399	jgi|Exoaq1|3000|A1O9_10522T0	jgi|Fusgr1|933|FGSG_00793T0
OG0000399	jgi|Exoaq1|3000|A1O9_10522T0	jgi|Neucr_trp3_1|2412|Neucr2.NCU02884T0
OG0000399	jgi|Exoaq1|3000|A1O9_10522T0	jgi|Podan3|201323|mRNA_151
OG0000399	jgi|Exoaq1|3000|A1O9_10522T0	jgi|Claba1|131177|Z519_09490T0
OG0000401	jgi|Exoaq1|1718|A1O9_01724T0	jgi|Monha1|4268|H072_4348m.01
OG0000412	jgi|Exoaq1|434|A1O9_00434T0	jgi|Aurpu_var_mel1|55275|e_gw1.21.335.1
OG0000417	jgi|Exoaq1|8689|A1O9_12944T0	jgi|Podan3|207916|mRNA_6744, jgi|Podan3|203446|mRNA_2274
OG0000421	jgi|Exoaq1|4746|A1O9_02265T0	jgi|Capcor1|96917|A1O1_04070T0
OG0000421	jgi|Exoaq1|10134|A1O9_06567T0	jgi|Acastr1|120502|AST1_004836-RA
OG0000421	jgi|Exoaq1|10134|A1O9_06567T0	GTX0494b19_006022-T1
OG0000428	jgi|Exoaq1|9309|A1O9_05736T0	KAI9826689.1
OG0000455	jgi|Exoaq1|12420|A1O9_08716T0	jgi|Grascr1|12662|GST1_001956-RA
OG0000462	jgi|Exoaq1|11459|A1O9_07795T0	jgi|PseVKM4520_1|9164|transcript_KFZ03549
OG0000463	jgi|Exoaq1|1516|A1O9_01522T0	GTX0466b15_001346-T1
OG0000466	jgi|Exoaq1|11715|A1O9_08051T0	jgi|Grascr1|11362|GST1_005242-RA
OG0000483	jgi|Exoaq1|11542|A1O9_07878T0	FUN_009084_T1_FUN_009084
OG0000485	jgi|Exoaq1|7945|A1O9_04478T0	jgi|Fusgr1|5084|FGSG_03103T0
OG0000485	jgi|Exoaq1|7945|A1O9_04478T0	KAI9826477.1
OG0000528	jgi|Exoaq1|5655|A1O9_03181T0	coassemb76_003245-T1
OG0000538	jgi|Exoaq1|7006|A1O9_12808T0	jgi|Aurpu_var_mel1|65547|fgenesh1_pg.8_#_221
OG0000542	jgi|Exoaq1|7664|A1O9_04195T0	jgi|Clagr3|1814|CLAGR_001610-RA
OG0000580	jgi|Exoaq1|1565|A1O9_01571T0, jgi|Exoaq1|3066|A1O9_10588T0	jgi|Aspni_DSM_1|158126|An03g01130m.01
OG0000580	jgi|Exoaq1|3066|A1O9_10588T0	coassemb378_009052-T1
OG0000590	jgi|Exoaq1|10474|A1O9_06842T0	coassemb378_008024-T1
OG0000599	jgi|Exoaq1|7285|A1O9_03815T0	jgi|Erypu1|4278|transcript_POS86091
OG0000599	jgi|Exoaq1|7285|A1O9_03815T0	jgi|PseVKM4520_1|1973|transcript_KFZ17795
OG0000599	jgi|Exoaq1|7285|A1O9_03815T0	jgi|Sclsc1|4365|SS1G_10821T0
OG0000599	jgi|Exoaq1|7285|A1O9_03815T0	jgi|Penexp1|9046|PEXP_063490T0
OG0000599	jgi|Exoaq1|7285|A1O9_03815T0	KAI9662148.1
OG0000599	jgi|Exoaq1|7285|A1O9_03815T0	jgi|Umbpus1|106380|LPUS_02095T0
OG0000599	jgi|Exoaq1|7285|A1O9_03815T0	jgi|Grascr1|12597|GST1_006410-RA
OG0000599	jgi|Exoaq1|7285|A1O9_03815T0	XP_008717682.1
OG0000599	jgi|Exoaq1|7285|A1O9_03815T0	jgi|Monha1|6200|H072_6395m.01
OG0000599	jgi|Exoaq1|7285|A1O9_03815T0	jgi|Claba1|133694|Z519_11094T0
OG0000599	jgi|Exoaq1|7285|A1O9_03815T0	jgi|Claba1|133694|Z519_11094T0
OG0000599	jgi|Exoaq1|7285|A1O9_03815T0	coassemb64_005015-T1
OG0000599	jgi|Exoaq1|7285|A1O9_03815T0	coassemb376_000436-T1
OG0000599	jgi|Exoaq1|7285|A1O9_03815T0	KAI4230437.1
OG0000599	jgi|Exoaq1|7285|A1O9_03815T0	GTX0494b19_002644-T1
OG0000599	jgi|Exoaq1|7285|A1O9_03815T0	FUN_006658_T1_FUN_006658
OG0000599	jgi|Exoaq1|7285|A1O9_03815T0	KAI4110516.1
OG0000599	jgi|Exoaq1|7285|A1O9_03815T0	jgi|Morco1|538039|fgenesh1_kg.43_#_33_#_Locus7767v2rpkm6.84
OG0000599	jgi|Exoaq1|7285|A1O9_03815T0	CAF9927897.1
OG0000609	jgi|Exoaq1|11646|A1O9_07982T0, jgi|Exoaq1|5619|A1O9_03145T0	jgi|Artol1|4636|AOL_s00078g22m.01
OG0000615	jgi|Exoaq1|4979|A1O9_02501T0	CAF9926602.1
OG0000635	jgi|Exoaq1|10496|A1O9_06864T0	KAI4093645.1
OG0000635	jgi|Exoaq1|10496|A1O9_06864T0	CAF9943021.1
OG0000635	jgi|Exoaq1|10496|A1O9_06864T0	jgi|Altal1|718771|CE718770_1137
OG0000635	jgi|Exoaq1|10496|A1O9_06864T0	jgi|Grascr1|9664|GST1_012242-RA, jgi|Grascr1|7482|GST1_011173-RA
OG0000635	jgi|Exoaq1|2043|A1O9_09575T0	coassemb76_005142-T1
OG0000635	jgi|Exoaq1|1485|A1O9_01491T0, jgi|Exoaq1|8562|A1O9_05099T0	coassemb76_002157-T1
OG0000654	jgi|Exoaq1|12309|A1O9_08604T0, jgi|Exoaq1|12818|A1O9_09103T0	KAI9729029.1
OG0000654	jgi|Exoaq1|12309|A1O9_08604T0, jgi|Exoaq1|12818|A1O9_09103T0	jgi|Umbpus1|106300|LPUS_04434T0
OG0000654	jgi|Exoaq1|12309|A1O9_08604T0, jgi|Exoaq1|12818|A1O9_09103T0	CAF9925568.1
OG0000654	jgi|Exoaq1|12309|A1O9_08604T0, jgi|Exoaq1|12818|A1O9_09103T0	jgi|Clagr3|3805|CLAGR_003507-RA
OG0000654	jgi|Exoaq1|12309|A1O9_08604T0	jgi|PseVKM4520_1|6116|transcript_KFZ10314
OG0000654	jgi|Exoaq1|12309|A1O9_08604T0	KAI4276143.1
OG0000654	jgi|Exoaq1|12818|A1O9_09103T0	coassemb376_004863-T1
OG0000654	jgi|Exoaq1|12818|A1O9_09103T0	KAI4281737.1
OG0000654	jgi|Exoaq1|12818|A1O9_09103T0	KAI4228247.1
OG0000654	jgi|Exoaq1|12818|A1O9_09103T0	KAI4219752.1
OG0000654	jgi|Exoaq1|12818|A1O9_09103T0	GTX0494b19_003227-T1
OG0000654	jgi|Exoaq1|12818|A1O9_09103T0	KAI4105384.1
OG0000654	jgi|Exoaq1|12818|A1O9_09103T0	jgi|Altal1|1057038|gm1.1273_g
OG0000654	jgi|Exoaq1|12818|A1O9_09103T0	jgi|Dibbae1|11749|DIBA_004465-RA
OG0000654	jgi|Exoaq1|12818|A1O9_09103T0	jgi|PseVKM4520_1|388|transcript_KFZ20940
OG0000654	jgi|Exoaq1|12818|A1O9_09103T0	jgi|Grascr1|8952|GST1_003561-RA
OG0000654	jgi|Exoaq1|12818|A1O9_09103T0	jgi|Artol1|10348|AOL_s00210g195m.01
OG0000654	jgi|Exoaq1|12818|A1O9_09103T0	KAJ9654437.1
OG0000654	jgi|Exoaq1|12818|A1O9_09103T0	jgi|Podan3|210753|mRNA_9581
OG0000660	jgi|Exoaq1|10674|A1O9_07043T0	jgi|Artol1|1003|AOL_s00006g343m.01
OG0000673	jgi|Exoaq1|4173|A1O9_11696T0	GTX0494b19_003768-T1
OG0000673	jgi|Exoaq1|4173|A1O9_11696T0	FUN_007895_T1_FUN_007895
OG0000673	jgi|Exoaq1|4173|A1O9_11696T0	KAI4219176.1
OG0000673	jgi|Exoaq1|4173|A1O9_11696T0	coassemb376_006255-T1
OG0000673	jgi|Exoaq1|4173|A1O9_11696T0	KAI4093617.1
OG0000673	jgi|Exoaq1|4173|A1O9_11696T0	jgi|Grascr1|10576|GST1_004537-RA
OG0000673	jgi|Exoaq1|4173|A1O9_11696T0	jgi|Claba1|130518|Z519_08825T0
OG0000673	jgi|Exoaq1|4173|A1O9_11696T0	KAJ9651415.1
OG0000673	jgi|Exoaq1|4173|A1O9_11696T0	GTX0466b15_001598-T1
OG0000673	jgi|Exoaq1|4173|A1O9_11696T0	GTX0466b15_001598-T1
OG0000673	jgi|Exoaq1|4173|A1O9_11696T0	XP_008717838.1
OG0000684	jgi|Exoaq1|9267|A1O9_05694T0	jgi|Sclsc1|10766|SS1G_03795T0
OG0000688	jgi|Exoaq1|9555|A1O9_05985T0	KAI9722806.1
OG0000688	jgi|Exoaq1|9555|A1O9_05985T0	jgi|Clagr3|7015|CLAGR_006751-RA
OG0000688	jgi|Exoaq1|9555|A1O9_05985T0	coassemb378_001950-T1
OG0000688	jgi|Exoaq1|9555|A1O9_05985T0	jgi|Aurpu_var_mel1|83715|gm1.4111_g
OG0000688	jgi|Exoaq1|9555|A1O9_05985T0	KAJ9655021.1
OG0000688	jgi|Exoaq1|9555|A1O9_05985T0	KAJ9655021.1
OG0000688	jgi|Exoaq1|9555|A1O9_05985T0	KAI9750258.1
OG0000688	jgi|Exoaq1|9555|A1O9_05985T0	jgi|EndpusZ1|9016|EPUS_05276T0
OG0000688	jgi|Exoaq1|9555|A1O9_05985T0	jgi|Sclsc1|6662|SS1G_11759T0
OG0000688	jgi|Exoaq1|9555|A1O9_05985T0	jgi|EndpusZ1|9016|EPUS_05276T0
OG0000691	jgi|Exoaq1|7487|A1O9_04018T0	coassemb378_007181-T1
OG0000696	jgi|Exoaq1|8075|A1O9_04610T0	jgi|Altal1|1019116|fgenesh1_kg.7_#_251_#_Locus2570v1rpkm58.59
OG0000698	jgi|Exoaq1|1413|A1O9_01419T0	GTX0466b15_001449-T1
OG0000703	jgi|Exoaq1|8453|A1O9_04990T0	jgi|Altal1|1099843|estExt_Genemark1.C_310035
OG0000708	jgi|Exoaq1|1826|A1O9_01832T0	jgi|Monha1|665|H072_665m.01
OG0000708	jgi|Exoaq1|1826|A1O9_01832T0	jgi|Artol1|6686|AOL_s00083g156m.01, jgi|Artol1|7537|AOL_s00097g353m.01
OG0000708	jgi|Exoaq1|1826|A1O9_01832T0	coassemb64_000528-T1
OG0000708	jgi|Exoaq1|1826|A1O9_01832T0	coassemb378_004716-T1
OG0000713	jgi|Exoaq1|1458|A1O9_01464T0	coassemb378_007793-T1
OG0000713	jgi|Exoaq1|1458|A1O9_01464T0	coassemb376_002469-T1
OG0000721	jgi|Exoaq1|10385|A1O9_06752T0	jgi|Clagr3|10693|CLAGR_010801-RA
OG0000742	jgi|Exoaq1|7865|A1O9_04396T0	CAF9912950.1
OG0000748	jgi|Exoaq1|5966|A1O9_03496T0	coassemb378_006069-T1
OG0000749	jgi|Exoaq1|1831|A1O9_01837T0	jgi|Aurpu_var_mel1|85019|gm1.5415_g
OG0000770	jgi|Exoaq1|6179|A1O9_11980T0	jgi|Aspni_DSM_1|156861|An02g03380m.01
OG0000772	jgi|Exoaq1|7458|A1O9_03989T0	CAF9916536.1
OG0000772	jgi|Exoaq1|7458|A1O9_03989T0	coassemb376_004625-T1
OG0000772	jgi|Exoaq1|7458|A1O9_03989T0	jgi|Umbpus1|100824|LPUS_07529T0
OG0000779	jgi|Exoaq1|12575|A1O9_08872T0	jgi|Dibbae1|4836|DIBA_009724-RA
OG0000780	jgi|Exoaq1|11873|A1O9_08189T0	jgi|PseVKM4520_1|10673|transcript_KFZ25328
OG0000780	jgi|Exoaq1|11873|A1O9_08189T0	KAI9718072.1
OG0000780	jgi|Exoaq1|11873|A1O9_08189T0	coassemb378_005839-T1
OG0000792	jgi|Exoaq1|10370|A1O9_06737T0	jgi|Fusgr1|5336|FGSG_02884T0
OG0000793	jgi|Exoaq1|10605|A1O9_06974T0	coassemb378_010898-T1
OG0000797	jgi|Exoaq1|10688|A1O9_07057T0, jgi|Exoaq1|2759|A1O9_10284T0, jgi|Exoaq1|7958|A1O9_04491T0	jgi|Monha1|6753|H072_6970m.01, jgi|Monha1|5858|H072_6047m.01, jgi|Monha1|212|H072_212m.01
OG0000814	jgi|Exoaq1|12903|A1O9_09188T0	CAF9935020.1
OG0000826	jgi|Exoaq1|9339|A1O9_05767T0	coassemb378_009464-T1
OG0000888	jgi|Exoaq1|4877|A1O9_02397T0	jgi|Fusgr1|11376|FGSG_09826T0
OG0000891	jgi|Exoaq1|4058|A1O9_11580T0	jgi|PseVKM4520_1|11425|transcript_KFZ23017
OG0000891	jgi|Exoaq1|4058|A1O9_11580T0	jgi|Neucr_trp3_1|1492|Neucr2.NCU08361T0
OG0000891	jgi|Exoaq1|4058|A1O9_11580T0	jgi|Sclsc1|12349|SS1G_05378T0
OG0000891	jgi|Exoaq1|4058|A1O9_11580T0	jgi|Fusgr1|2616|FGSG_02280T0
OG0000891	jgi|Exoaq1|4058|A1O9_11580T0	jgi|Clagr3|2242|CLAGR_001640-RA
OG0000891	jgi|Exoaq1|4058|A1O9_11580T0	CAF9922458.1
OG0000891	jgi|Exoaq1|4058|A1O9_11580T0	KAI9830633.1
OG0000891	jgi|Exoaq1|4058|A1O9_11580T0	GTX0466b15_009377-T1, GTX0466b15_006137-T1
OG0000891	jgi|Exoaq1|4058|A1O9_11580T0	GTX0466b15_009377-T1, GTX0466b15_006137-T1
OG0000894	jgi|Exoaq1|4495|A1O9_02014T0	KAJ9662613.1, KAJ9658160.1, KAJ9654031.1
OG0000897	jgi|Exoaq1|4405|A1O9_01923T0	jgi|Fonmu1|6990|Z520_02200T0
OG0000897	jgi|Exoaq1|4405|A1O9_01923T0	GTX0486b100_000479-T1
OG0000898	jgi|Exoaq1|8622|A1O9_12877T0	jgi|Artol1|7246|AOL_s00097g62m.01
OG0000909	jgi|Exoaq1|3901|A1O9_11423T0	jgi|Acastr1|121351|AST1_002291-RA
OG0000913	jgi|Exoaq1|846|A1O9_00847T0	jgi|Acastr1|122178|AST1_005884-RA
OG0000928	jgi|Exoaq1|1205|A1O9_01210T0	CAF9924993.1
OG0000929	jgi|Exoaq1|8850|A1O9_05274T0, jgi|Exoaq1|8851|A1O9_05275T0, jgi|Exoaq1|6884|A1O9_12686T0	jgi|Sclsc1|3721|SS1G_10177T0
OG0000929	jgi|Exoaq1|8850|A1O9_05274T0, jgi|Exoaq1|8851|A1O9_05275T0	jgi|Fusgr1|12527|FGSG_11124T0
OG0000929	jgi|Exoaq1|6884|A1O9_12686T0	jgi|Fusgr1|7534|FGSG_06516T0
OG0000934	jgi|Exoaq1|10360|A1O9_06727T0, jgi|Exoaq1|6147|A1O9_11948T0	KAI9833474.1
OG0000944	jgi|Exoaq1|8108|A1O9_04643T0	jgi|Neucr_trp3_1|4794|Neucr2.NCU00463T0
OG0000944	jgi|Exoaq1|8108|A1O9_04643T0	jgi|Podan3|211020|mRNA_9848
OG0000944	jgi|Exoaq1|8108|A1O9_04643T0	jgi|Sclsc1|1|SS1G_00001T0
OG0000944	jgi|Exoaq1|8108|A1O9_04643T0	jgi|Fusgr1|3918|FGSG_04131T0
OG0000944	jgi|Exoaq1|8108|A1O9_04643T0	jgi|Erypu1|5053|transcript_POS85607, jgi|Erypu1|4887|transcript_POS85711
OG0000944	jgi|Exoaq1|8108|A1O9_04643T0	jgi|PseVKM4520_1|4920|transcript_KFZ12512
OG0000945	jgi|Exoaq1|11488|A1O9_07824T0	jgi|Fusgr1|8994|FGSG_07770T0
OG0000956	jgi|Exoaq1|3965|A1O9_11487T0, jgi|Exoaq1|3351|A1O9_10868T0	jgi|Clagr3|1466|CLAGR_002260-RA
OG0000973	jgi|Exoaq1|12503|A1O9_08800T0	jgi|Erypu1|6454|transcript_POS81727
OG0000974	jgi|Exoaq1|730|A1O9_00731T0	jgi|Dibbae1|9218|DIBA_011494-RA
OG0000976	jgi|Exoaq1|5696|A1O9_03222T0	FUN_000406_T1_FUN_000406
OG0000976	jgi|Exoaq1|5696|A1O9_03222T0	CAF9943318.1
OG0000993	jgi|Exoaq1|12064|A1O9_08380T0	coassemb378_001917-T1
OG0001005	jgi|Exoaq1|7036|A1O9_12838T0	GTX0466b15_004548-T1
OG0001006	jgi|Exoaq1|3323|A1O9_10840T0	jgi|Monha1|9388|H072_9849m.01
OG0001011	jgi|Exoaq1|4242|A1O9_11765T0	jgi|Fusgr1|3303|FGSG_04677T0
OG0001015	jgi|Exoaq1|3877|A1O9_11399T0	jgi|PseVKM4520_1|4468|transcript_KFZ13406
OG0001015	jgi|Exoaq1|3877|A1O9_11399T0	jgi|Neucr_trp3_1|8152|Neucr2.NCU04161T0
OG0001015	jgi|Exoaq1|3877|A1O9_11399T0	jgi|Podan3|205035|mRNA_3863
OG0001015	jgi|Exoaq1|3877|A1O9_11399T0	jgi|Fusgr1|8483|FGSG_07325T0
OG0001017	jgi|Exoaq1|9297|A1O9_05724T0	jgi|Altal1|938817|e_gw1.14.419.1
OG0001023	jgi|Exoaq1|11285|A1O9_07621T0	KAI4234030.1
OG0001034	jgi|Exoaq1|6106|A1O9_11906T0	jgi|Altal1|1015420|fgenesh1_kg.1_#_398_#_Locus12168v1rpkm0.86
OG0001060	jgi|Exoaq1|7134|A1O9_03664T0	jgi|Morco1|578177|gm1.8953_g, jgi|Morco1|578182|gm1.8958_g, jgi|Morco1|578180|gm1.8956_g, jgi|Morco1|493985|e_gw1.58.72.1
OG0001064	jgi|Exoaq1|3300|A1O9_10817T0	jgi|Acastr1|122065|AST1_007057-RA
OG0001077	jgi|Exoaq1|10978|A1O9_07347T0	KAI4105648.1
OG0001077	jgi|Exoaq1|10978|A1O9_07347T0	KAI4286386.1
OG0001084	jgi|Exoaq1|5930|A1O9_03460T0	jgi|Fusgr1|6893|FGSG_05944T0
OG0001085	jgi|Exoaq1|5870|A1O9_03398T0	jgi|Erypu1|5735|transcript_POS88363
OG0001100	jgi|Exoaq1|1631|A1O9_01637T0	CAF9903761.1
OG0001101	jgi|Exoaq1|12510|A1O9_08807T0	coassemb76_008086-T1
OG0001101	jgi|Exoaq1|2245|A1O9_09771T0	jgi|Dibbae1|4095|DIBA_001679-RA
OG0001115	jgi|Exoaq1|11687|A1O9_08023T0	jgi|Morco1|18387|CE18386_180
OG0001132	jgi|Exoaq1|12202|A1O9_08519T0	jgi|Monha1|3678|H072_3701m.01
OG0001132	jgi|Exoaq1|12202|A1O9_08519T0	jgi|Artol1|8132|AOL_s00110g91m.01
OG0001132	jgi|Exoaq1|12202|A1O9_08519T0	jgi|Morco1|543743|fgenesh1_pg.13_#_130
OG0001132	jgi|Exoaq1|12202|A1O9_08519T0	jgi|Ascim1|218487|e_gw1.334.1.1
OG0001133	jgi|Exoaq1|7366|A1O9_03896T0	jgi|Artol1|5242|AOL_s00079g16m.01
OG0001133	jgi|Exoaq1|7366|A1O9_03896T0	jgi|Monha1|8546|H072_8855m.01
OG0001133	jgi|Exoaq1|7366|A1O9_03896T0	jgi|Sclsc1|3276|SS1G_09732T0
OG0001133	jgi|Exoaq1|7366|A1O9_03896T0	KAI9655450.1
OG0001133	jgi|Exoaq1|7366|A1O9_03896T0	jgi|Aurpu_var_mel1|48808|e_gw1.10.27.1
OG0001133	jgi|Exoaq1|7366|A1O9_03896T0	jgi|Altal1|618770|CE618769_1922
OG0001133	jgi|Exoaq1|7366|A1O9_03896T0	jgi|Dibbae1|12525|DIBA_005543-RA
OG0001133	jgi|Exoaq1|7366|A1O9_03896T0	jgi|Umbpus1|107212|LPUS_02201T0
OG0001133	jgi|Exoaq1|7366|A1O9_03896T0	coassemb376_007075-T1
OG0001133	jgi|Exoaq1|7366|A1O9_03896T0	CAF9927557.1
OG0001133	jgi|Exoaq1|7366|A1O9_03896T0	jgi|Acastr1|127542|AST1_004766-RA
OG0001133	jgi|Exoaq1|7366|A1O9_03896T0	KAI9720169.1
OG0001133	jgi|Exoaq1|7366|A1O9_03896T0	KAI9704714.1
OG0001133	jgi|Exoaq1|7366|A1O9_03896T0	GTX0486b100_007799-T1
OG0001133	jgi|Exoaq1|7366|A1O9_03896T0	KAI9839272.1
OG0001133	jgi|Exoaq1|7366|A1O9_03896T0	KAI4285279.1
OG0001133	jgi|Exoaq1|7366|A1O9_03896T0	KAI4100045.1
OG0001133	jgi|Exoaq1|7366|A1O9_03896T0	FUN_006440_T1_FUN_006440
OG0001133	jgi|Exoaq1|7366|A1O9_03896T0	GTX0494b19_006601-T1
OG0001133	jgi|Exoaq1|7366|A1O9_03896T0	KAI4237894.1
OG0001133	jgi|Exoaq1|7366|A1O9_03896T0	KAI4226354.1
OG0001133	jgi|Exoaq1|7366|A1O9_03896T0	KAI4103610.1
OG0001133	jgi|Exoaq1|7366|A1O9_03896T0	jgi|Phach1|5209|rna5208
OG0001133	jgi|Exoaq1|7366|A1O9_03896T0	jgi|EndpusZ1|1805|EPUS_03174T0
OG0001133	jgi|Exoaq1|7366|A1O9_03896T0	KAJ9653957.1
OG0001133	jgi|Exoaq1|7366|A1O9_03896T0	XP_008714405.1
OG0001133	jgi|Exoaq1|7366|A1O9_03896T0	coassemb76_008128-T1
OG0001133	jgi|Exoaq1|7366|A1O9_03896T0	GTX0466b15_002236-T1, GTX0466b15_002237-T1
OG0001133	jgi|Exoaq1|7366|A1O9_03896T0	jgi|Grascr1|11155|GST1_004327-RA
OG0001133	jgi|Exoaq1|7366|A1O9_03896T0	coassemb378_009686-T1
OG0001135	jgi|Exoaq1|11691|A1O9_08027T0	jgi|Artol1|3669|AOL_s00075g7m.01
OG0001136	jgi|Exoaq1|544|A1O9_00545T0	jgi|PseVKM4520_1|8458|transcript_KFZ24508, jgi|PseVKM4520_1|6258|transcript_KFZ10076
OG0001147	jgi|Exoaq1|3084|A1O9_10602T0	jgi|Podan3|203462|mRNA_2290
OG0001150	jgi|Exoaq1|5989|A1O9_03519T0	jgi|Fusgr1|11434|FGSG_13666T0
OG0001159	jgi|Exoaq1|2665|A1O9_10189T0	jgi|Sclsc1|11022|SS1G_04051T0
OG0001165	jgi|Exoaq1|7013|A1O9_12815T0, jgi|Exoaq1|2871|A1O9_10393T0	jgi|PseVKM4520_1|2149|transcript_KFZ17507
OG0001173	jgi|Exoaq1|603|A1O9_00604T0	FUN_003555_T1_FUN_003555
OG0001177	jgi|Exoaq1|9940|A1O9_06373T0	jgi|PseVKM4520_1|2876|transcript_KFZ16243
OG0001184	jgi|Exoaq1|10328|A1O9_06694T0	jgi|PseVKM4520_1|7830|transcript_KFZ07710
OG0001184	jgi|Exoaq1|6235|A1O9_12036T0	jgi|Fusgr1|551|FGSG_00454T0
OG0001184	jgi|Exoaq1|6235|A1O9_12036T0	jgi|Podan3|203143|mRNA_1971
OG0001184	jgi|Exoaq1|6235|A1O9_12036T0	jgi|Neucr_trp3_1|2215|Neucr2.NCU00522T0
OG0001184	jgi|Exoaq1|6235|A1O9_12036T0	jgi|Sclsc1|11196|SS1G_04225T0
OG0001184	jgi|Exoaq1|6235|A1O9_12036T0	jgi|PseVKM4520_1|1460|transcript_KFZ18784
OG0001184	jgi|Exoaq1|6235|A1O9_12036T0	jgi|Erypu1|1881|transcript_POS83192
OG0001184	jgi|Exoaq1|6235|A1O9_12036T0	KAI9724299.1
OG0001184	jgi|Exoaq1|6235|A1O9_12036T0	KAI9670216.1
OG0001184	jgi|Exoaq1|6235|A1O9_12036T0	jgi|Altal1|1064519|gm1.8754_g
OG0001184	jgi|Exoaq1|6235|A1O9_12036T0	jgi|Aurpu_var_mel1|40729|e_gw1.3.337.1
OG0001184	jgi|Exoaq1|6235|A1O9_12036T0	KAI9717900.1
OG0001184	jgi|Exoaq1|6235|A1O9_12036T0	GTX0486b100_005335-T1
OG0001184	jgi|Exoaq1|6235|A1O9_12036T0	KAI9704924.1
OG0001184	jgi|Exoaq1|6235|A1O9_12036T0	jgi|Dibbae1|11990|DIBA_005674-RA
OG0001184	jgi|Exoaq1|6235|A1O9_12036T0	CAF9938400.1
OG0001184	jgi|Exoaq1|6235|A1O9_12036T0	jgi|Clagr3|6603|CLAGR_006316-RA
OG0001184	jgi|Exoaq1|6235|A1O9_12036T0	coassemb376_000391-T1
OG0001184	jgi|Exoaq1|6235|A1O9_12036T0	GTX0494b19_004664-T1
OG0001184	jgi|Exoaq1|6235|A1O9_12036T0	FUN_008610_T1_FUN_008610
OG0001184	jgi|Exoaq1|6235|A1O9_12036T0	KAI4224333.1
OG0001184	jgi|Exoaq1|6235|A1O9_12036T0	KAI4107225.1
OG0001184	jgi|Exoaq1|6235|A1O9_12036T0	KAI4286661.1
OG0001184	jgi|Exoaq1|6235|A1O9_12036T0	KAI4233318.1
OG0001184	jgi|Exoaq1|6235|A1O9_12036T0	jgi|Acastr1|125470|AST1_007907-RA
OG0001184	jgi|Exoaq1|6235|A1O9_12036T0	jgi|Umbpus1|105221|LPUS_12113T0
OG0001184	jgi|Exoaq1|6235|A1O9_12036T0	jgi|Grascr1|8631|GST1_012295-RA, jgi|Grascr1|7923|GST1_011481-RA
OG0001191	jgi|Exoaq1|5050|A1O9_02572T0	jgi|Morco1|547704|fgenesh1_pg.43_#_83
OG0001196	jgi|Exoaq1|10264|A1O9_13001T0, jgi|Exoaq1|6012|A1O9_03542T0	jgi|Acastr1|124709|AST1_002374-RA
OG0001203	jgi|Exoaq1|4197|A1O9_11720T0	jgi|Clagr3|9146|CLAGR_009773-RA
OG0001214	jgi|Exoaq1|9095|A1O9_05520T0	coassemb378_006048-T1
OG0001214	jgi|Exoaq1|9095|A1O9_05520T0	KAI9717070.1
OG0001227	jgi|Exoaq1|8241|A1O9_04776T0	jgi|Artol1|4183|AOL_s00076g279m.01
OG0001227	jgi|Exoaq1|8241|A1O9_04776T0	jgi|Aspni_DSM_1|158193|An03g01800m.01
OG0001250	jgi|Exoaq1|7247|A1O9_03777T0	GTX0466b15_001962-T1
OG0001267	jgi|Exoaq1|2197|A1O9_09723T0	coassemb76_005710-T1
OG0001270	jgi|Exoaq1|3274|A1O9_10790T0	jgi|Sclsc1|2142|SS1G_08599T0
OG0001281	jgi|Exoaq1|3215|A1O9_10733T0	jgi|Artol1|5|AOL_s00004g4m.01
OG0001281	jgi|Exoaq1|3215|A1O9_10733T0	jgi|Fusgr1|13314|FGSG_11241T0, jgi|Fusgr1|10669|FGSG_09212T0
OG0001300	jgi|Exoaq1|5753|A1O9_03280T0	jgi|Artol1|5665|AOL_s00079g439m.01
OG0001301	jgi|Exoaq1|11089|A1O9_13086T0	jgi|Fonmu1|9777|Z520_12184T0
OG0001329	jgi|Exoaq1|6561|A1O9_12363T0	KAI4233996.1
OG0001334	jgi|Exoaq1|8619|A1O9_12874T0	jgi|Acastr1|119917|AST1_001234-RA
OG0001334	jgi|Exoaq1|8619|A1O9_12874T0	CAF9908021.1
OG0001334	jgi|Exoaq1|8619|A1O9_12874T0	GTX0486b100_004657-T1
OG0001334	jgi|Exoaq1|8619|A1O9_12874T0	KAI4287844.1
OG0001362	jgi|Exoaq1|6465|A1O9_12267T0	KAI9700632.1
OG0001365	jgi|Exoaq1|5732|A1O9_03259T0	jgi|Podan3|208764|mRNA_7592
OG0001372	jgi|Exoaq1|4599|A1O9_02118T0	CAF9922714.1
OG0001427	jgi|Exoaq1|4871|A1O9_02391T0	KAI9838537.1
OG0001428	jgi|Exoaq1|5019|A1O9_02541T0	jgi|Grascr1|4396|GST1_010145-RA
OG0001435	jgi|Exoaq1|9348|A1O9_05776T0	coassemb376_005892-T1
OG0001435	jgi|Exoaq1|9348|A1O9_05776T0	KAI4287589.1
OG0001454	jgi|Exoaq1|11283|A1O9_07619T0	coassemb376_007399-T1
OG0001473	jgi|Exoaq1|3908|A1O9_11430T0	jgi|Fusgr1|2642|FGSG_02304T0
OG0001497	jgi|Exoaq1|11788|A1O9_08104T0, jgi|Exoaq1|3225|A1O9_10743T0, jgi|Exoaq1|3224|A1O9_10742T0	jgi|Sclsc1|3190|SS1G_09646T0
OG0001497	jgi|Exoaq1|11788|A1O9_08104T0, jgi|Exoaq1|3225|A1O9_10743T0, jgi|Exoaq1|3224|A1O9_10742T0	jgi|Dibbae1|9770|DIBA_012322-RA
OG0001506	jgi|Exoaq1|6233|A1O9_12034T0	jgi|PseVKM4520_1|102|transcript_KFZ22811
OG0001506	jgi|Exoaq1|6233|A1O9_12034T0	jgi|Neucr_trp3_1|9147|Neucr2.NCU03935T0
OG0001506	jgi|Exoaq1|6233|A1O9_12034T0	jgi|Podan3|207294|mRNA_6122
OG0001506	jgi|Exoaq1|6233|A1O9_12034T0	jgi|Fusgr1|10751|FGSG_09284T0
OG0001506	jgi|Exoaq1|6233|A1O9_12034T0	jgi|Sclsc1|9999|SS1G_14424T0
OG0001506	jgi|Exoaq1|6233|A1O9_12034T0	jgi|Erypu1|5142|transcript_POS87889
OG0001512	jgi|Exoaq1|12023|A1O9_08339T0, jgi|Exoaq1|12226|A1O9_08543T0	jgi|Sclsc1|6419|SS1G_01919T0
OG0001518	jgi|Exoaq1|12129|A1O9_08445T0	jgi|Penexp1|8657|PEXP_013540T0
OG0001536	jgi|Exoaq1|4992|A1O9_02514T0	jgi|Podan3|211277|mRNA_10105
OG0001572	jgi|Exoaq1|3931|A1O9_11453T0	KAI4289398.1
OG0001572	jgi|Exoaq1|3931|A1O9_11453T0	jgi|Clagr3|3038|CLAGR_002700-RA
OG0001580	jgi|Exoaq1|349|A1O9_00349T0	KAI4287607.1
OG0001581	jgi|Exoaq1|10502|A1O9_06870T0	KAI9825660.1
OG0001609	jgi|Exoaq1|7353|A1O9_03883T0	KAI9669354.1
OG0001609	jgi|Exoaq1|7353|A1O9_03883T0	KAI4281491.1
OG0001618	jgi|Exoaq1|1753|A1O9_01759T0	jgi|Acastr1|119091|AST1_006272-RA
OG0001624	jgi|Exoaq1|12952|A1O9_09237T0	jgi|Sclsc1|5173|SS1G_11629T0
OG0001624	jgi|Exoaq1|12952|A1O9_09237T0	jgi|PseVKM4520_1|7991|transcript_KFZ24628
OG0001669	jgi|Exoaq1|484|A1O9_00485T0	jgi|Fusgr1|12287|FGSG_10624T0
OG0001702	jgi|Exoaq1|9289|A1O9_05716T0	GTX0486b100_005054-T1
OG0001702	jgi|Exoaq1|9289|A1O9_05716T0	KAI9839547.1
OG0001744	jgi|Exoaq1|5424|A1O9_02948T0	jgi|Umbpus1|99583|LPUS_06157T0
OG0001748	jgi|Exoaq1|11580|A1O9_07916T0	jgi|Monha1|5511|H072_5647m.01
OG0001752	jgi|Exoaq1|3763|A1O9_11284T0	jgi|Grascr1|3314|GST1_008158-RA
OG0001764	jgi|Exoaq1|12061|A1O9_08377T0	jgi|Podan3|209159|mRNA_7987, jgi|Podan3|210190|mRNA_9018
OG0001782	jgi|Exoaq1|5649|A1O9_03175T0	FUN_008736_T1_FUN_008736
OG0001796	jgi|Exoaq1|6376|A1O9_12178T0	jgi|PseVKM4520_1|2442|transcript_KFZ16962
OG0001841	jgi|Exoaq1|8746|A1O9_05170T0	jgi|Acastr1|123786|AST1_006423-RA
OG0001860	jgi|Exoaq1|8030|A1O9_04563T0	jgi|Aurpu_var_mel1|70521|fgenesh1_pg.47_#_5
OG0001860	jgi|Exoaq1|8030|A1O9_04563T0	coassemb378_011336-T1
OG0001873	jgi|Exoaq1|1386|A1O9_01392T0	jgi|PseVKM4520_1|4677|transcript_KFZ12996
OG0001889	jgi|Exoaq1|9660|A1O9_06093T0	KAI9651668.1
OG0001890	jgi|Exoaq1|10451|A1O9_06819T0	GTX0466b15_002312-T1
OG0001892	jgi|Exoaq1|7983|A1O9_04516T0	KAI9720200.1
OG0001900	jgi|Exoaq1|6117|A1O9_11918T0	CAF9932967.1, CAF9938707.1, CAF9938704.1, CAF9927524.1
OG0001900	jgi|Exoaq1|6117|A1O9_11918T0	jgi|Podan3|209699|mRNA_8527, jgi|Podan3|207569|mRNA_6397
OG0001908	jgi|Exoaq1|11367|A1O9_07703T0	coassemb378_011231-T1
OG0001909	jgi|Exoaq1|7182|A1O9_03712T0	coassemb76_006671-T1
OG0001929	jgi|Exoaq1|10806|A1O9_07175T0	jgi|Grascr1|10011|GST1_004182-RA
OG0001932	jgi|Exoaq1|10736|A1O9_07105T0	jgi|Neucr_trp3_1|5863|Neucr2.NCU06385T0
OG0001935	jgi|Exoaq1|7994|A1O9_04527T0	jgi|Morco1|203785|CE203784_1176
OG0001950	jgi|Exoaq1|11009|A1O9_07378T0	jgi|Erypu1|5784|transcript_POS81829
OG0001955	jgi|Exoaq1|2508|A1O9_10030T0	KAI9837859.1
OG0001985	jgi|Exoaq1|8945|A1O9_05369T0	jgi|Acastr1|124185|AST1_007313-RA
OG0001991	jgi|Exoaq1|11775|A1O9_08091T0	KAI4091663.1
OG0001998	jgi|Exoaq1|1328|A1O9_01333T0	coassemb64_008335-T1
OG0002008	jgi|Exoaq1|6841|A1O9_12643T0	coassemb376_004075-T1
OG0002021	jgi|Exoaq1|405|A1O9_00405T0	jgi|Umbpus1|102516|LPUS_09074T0
OG0002022	jgi|Exoaq1|11678|A1O9_08014T0	CAF9938633.1
OG0002035	jgi|Exoaq1|3205|A1O9_10723T0	coassemb376_006802-T1
OG0002048	jgi|Exoaq1|9925|A1O9_06358T0, jgi|Exoaq1|4207|A1O9_11730T0	CAF9927521.1
OG0002082	jgi|Exoaq1|11990|A1O9_08306T0	jgi|Neucr_trp3_1|8808|Neucr2.NCU04822T0
OG0002084	jgi|Exoaq1|2228|A1O9_09754T0	KAI4087851.1
OG0002105	jgi|Exoaq1|11890|A1O9_08206T0	KAI4108199.1
OG0002119	jgi|Exoaq1|5513|A1O9_03037T0	coassemb378_007820-T1
OG0002138	jgi|Exoaq1|5296|A1O9_02819T0	jgi|Grascr1|1555|GST1_006163-RA
OG0002154	jgi|Exoaq1|2080|A1O9_09613T0	jgi|Sclsc1|8089|SS1G_13512T0
OG0002156	jgi|Exoaq1|7974|A1O9_04507T0	KAI9712472.1
OG0002214	jgi|Exoaq1|12672|A1O9_08969T0	coassemb378_011679-T1
OG0002221	jgi|Exoaq1|5420|A1O9_02944T0	jgi|Aurpu_var_mel1|54398|e_gw1.20.209.1
OG0002226	jgi|Exoaq1|3864|A1O9_11385T0	coassemb64_005395-T1
OG0002226	jgi|Exoaq1|3864|A1O9_11385T0	jgi|Fusgr1|1996|FGSG_01733T0
OG0002238	jgi|Exoaq1|3709|A1O9_11229T0	jgi|Acastr1|123805|AST1_002833-RA
OG0002279	jgi|Exoaq1|11417|A1O9_07753T0	KAI9715989.1
OG0002279	jgi|Exoaq1|11417|A1O9_07753T0	coassemb378_006065-T1
OG0002283	jgi|Exoaq1|9535|A1O9_05965T0	jgi|Sclsc1|13646|SS1G_06675T0
OG0002345	jgi|Exoaq1|6967|A1O9_12769T0, jgi|Exoaq1|6966|A1O9_12768T0	coassemb378_002074-T1
OG0002349	jgi|Exoaq1|839|A1O9_00840T0	jgi|Acastr1|122567|AST1_006589-RA
OG0002349	jgi|Exoaq1|839|A1O9_00840T0	jgi|Grascr1|958|GST1_006961-RA
OG0002355	jgi|Exoaq1|10993|A1O9_07362T0	KAI4209376.1
OG0002367	jgi|Exoaq1|2455|A1O9_09981T0	jgi|Fusgr1|5161|FGSG_12527T0
OG0002373	jgi|Exoaq1|8955|A1O9_05379T0	FUN_005923_T1_FUN_005923
OG0002459	jgi|Exoaq1|12336|A1O9_08631T0	jgi|Grascr1|1927|GST1_006382-RA
OG0002488	jgi|Exoaq1|3367|A1O9_10885T0	jgi|Acastr1|125060|AST1_002012-RA
OG0002553	jgi|Exoaq1|5149|A1O9_02672T0	coassemb376_006157-T1
OG0002575	jgi|Exoaq1|5479|A1O9_03003T0	GTX0486b100_008436-T1
OG0002575	jgi|Exoaq1|5479|A1O9_03003T0	GTX0494b19_000543-T1
OG0002676	jgi|Exoaq1|990|A1O9_00993T0	KAI9831149.1
OG0002676	jgi|Exoaq1|990|A1O9_00993T0	coassemb376_003947-T1
OG0002682	jgi|Exoaq1|6173|A1O9_11974T0	jgi|Erypu1|5639|transcript_POS81857
OG0002705	jgi|Exoaq1|4824|A1O9_02344T0	KAI4286705.1
OG0002738	jgi|Exoaq1|8358|A1O9_04895T0	jgi|Monha1|1364|H072_1364m.01
OG0002738	jgi|Exoaq1|8358|A1O9_04895T0	jgi|Sclsc1|3554|SS1G_10010T0
OG0002760	jgi|Exoaq1|3258|A1O9_10776T0	jgi|Monha1|5677|H072_5862m.01
OG0002764	jgi|Exoaq1|3744|A1O9_11264T0	KAI9812097.1
OG0002764	jgi|Exoaq1|3744|A1O9_11264T0	jgi|Ascim1|377009|estExt_fgenesh1_pg.C_420059
OG0002767	jgi|Exoaq1|1434|A1O9_01440T0	coassemb378_001833-T1
OG0002769	jgi|Exoaq1|6621|A1O9_12423T0	KAI4232683.1
OG0002828	jgi|Exoaq1|10799|A1O9_07168T0	jgi|Podan3|207818|mRNA_6646
OG0002870	jgi|Exoaq1|9465|A1O9_05895T0, jgi|Exoaq1|9464|A1O9_05894T0	CAF9925069.1, CAF9904013.1
OG0002884	jgi|Exoaq1|12058|A1O9_08374T0	jgi|Umbpus1|99828|LPUS_06401T0
OG0002909	jgi|Exoaq1|13105|A1O9_13145T0	GTX0494b19_005790-T1
OG0002915	jgi|Exoaq1|7861|A1O9_04392T0	jgi|Podan3|210066|mRNA_8894
OG0002978	jgi|Exoaq1|2625|A1O9_10149T0	jgi|Dibbae1|6486|DIBA_008345-RA
OG0002986	jgi|Exoaq1|12661|A1O9_08958T0	KAI9717607.1
OG0003013	jgi|Exoaq1|4863|A1O9_02383T0	jgi|Sclsc1|8112|SS1G_13535T0
OG0003013	jgi|Exoaq1|4863|A1O9_02383T0	KAI4221834.1
OG0003031	jgi|Exoaq1|5208|A1O9_02731T0	KAI9724042.1
OG0003031	jgi|Exoaq1|5208|A1O9_02731T0	KAI9705517.1
OG0003031	jgi|Exoaq1|5208|A1O9_02731T0	GTX0486b100_002865-T1
OG0003031	jgi|Exoaq1|5208|A1O9_02731T0	jgi|Umbpus1|104267|LPUS_10990T0
OG0003031	jgi|Exoaq1|5208|A1O9_02731T0	coassemb376_001076-T1
OG0003031	jgi|Exoaq1|5208|A1O9_02731T0	jgi|Clagr3|10910|CLAGR_010497-RA
OG0003031	jgi|Exoaq1|5208|A1O9_02731T0	CAF9911820.1
OG0003031	jgi|Exoaq1|5208|A1O9_02731T0	KAI4108791.1
OG0003031	jgi|Exoaq1|5208|A1O9_02731T0	KAI4239223.1
OG0003031	jgi|Exoaq1|5208|A1O9_02731T0	KAI4229512.1
OG0003031	jgi|Exoaq1|5208|A1O9_02731T0	KAI4103791.1
OG0003031	jgi|Exoaq1|5208|A1O9_02731T0	FUN_004300_T2_FUN_004300, FUN_004300_T1_FUN_004300
OG0003031	jgi|Exoaq1|5208|A1O9_02731T0	GTX0494b19_000008-T1
OG0003031	jgi|Exoaq1|5208|A1O9_02731T0	KAI4287062.1
OG0003031	jgi|Exoaq1|5208|A1O9_02731T0	KAI9836424.1
OG0003031	jgi|Exoaq1|5208|A1O9_02731T0	jgi|Dibbae1|3108|DIBA_001901-RA
OG0003031	jgi|Exoaq1|5208|A1O9_02731T0	KAI9748408.1
OG0003031	jgi|Exoaq1|5208|A1O9_02731T0	KAI9828055.1
OG0003031	jgi|Exoaq1|5208|A1O9_02731T0	jgi|Acastr1|118911|AST1_007198-RA
OG0003031	jgi|Exoaq1|5208|A1O9_02731T0	jgi|Neucr_trp3_1|9938|Neucr2.NCU17186T0
OG0003046	jgi|Exoaq1|3401|A1O9_10920T0	jgi|Umbpus1|106843|LPUS_05054T0
OG0003218	jgi|Exoaq1|2556|A1O9_10079T0	jgi|Umbpus1|101609|LPUS_08336T0
OG0003236	jgi|Exoaq1|9198|A1O9_05623T0	jgi|Umbpus1|99689|LPUS_06290T0
OG0003243	jgi|Exoaq1|9306|A1O9_05733T0	jgi|Dibbae1|11908|DIBA_001082-RA
OG0003289	jgi|Exoaq1|1979|A1O9_09511T0	coassemb76_004571-T1
OG0003326	jgi|Exoaq1|10143|A1O9_06576T0	KAI9669084.1
OG0003326	jgi|Exoaq1|10143|A1O9_06576T0	jgi|Aurpu_var_mel1|62740|fgenesh1_pg.2_#_354
OG0003326	jgi|Exoaq1|10143|A1O9_06576T0	KAI4098300.1
OG0003326	jgi|Exoaq1|10143|A1O9_06576T0	CAF9909782.1
OG0003326	jgi|Exoaq1|10143|A1O9_06576T0	KAI9724157.1
OG0003326	jgi|Exoaq1|10143|A1O9_06576T0	GTX0466b15_006083-T1
OG0003326	jgi|Exoaq1|10143|A1O9_06576T0	jgi|Altal1|1042792|estExt_fgenesh1_pm.C_190009
OG0003326	jgi|Exoaq1|10143|A1O9_06576T0	KAI4109835.1
OG0003326	jgi|Exoaq1|10143|A1O9_06576T0	KAI4288120.1
OG0003326	jgi|Exoaq1|10143|A1O9_06576T0	GTX0494b19_005862-T1
OG0003326	jgi|Exoaq1|10143|A1O9_06576T0	KAI4228509.1
OG0003326	jgi|Exoaq1|10143|A1O9_06576T0	FUN_004577_T1_FUN_004577
OG0003326	jgi|Exoaq1|10143|A1O9_06576T0	jgi|Grascr1|5524|GST1_001846-RA
OG0003368	jgi|Exoaq1|10062|A1O9_06495T0	jgi|Umbpus1|100922|LPUS_07632T0
OG0003398	jgi|Exoaq1|7736|A1O9_04267T0	jgi|Fusgr1|12761|FGSG_10917T0
OG0003422	jgi|Exoaq1|485|A1O9_00486T0	jgi|Grascr1|6991|GST1_002829-RA
OG0003433	jgi|Exoaq1|11004|A1O9_07373T0	jgi|Aurpu_var_mel1|49057|e_gw1.11.239.1
OG0003433	jgi|Exoaq1|11004|A1O9_07373T0	jgi|Cocpo1_1|5326|XM_003070279.1
OG0003433	jgi|Exoaq1|11004|A1O9_07373T0	jgi|Aspni_DSM_1|161300|An08g00370m.01
OG0003433	jgi|Exoaq1|11004|A1O9_07373T0	jgi|Penexp1|10325|PEXP_062470T0, jgi|Penexp1|9698|PEXP_100050T0
OG0003433	jgi|Exoaq1|11004|A1O9_07373T0	jgi|Phach1|3739|rna3738
OG0003433	jgi|Exoaq1|11004|A1O9_07373T0	XP_008712402.1
OG0003433	jgi|Exoaq1|11004|A1O9_07373T0	jgi|Claba1|133077|Z519_01555T0
OG0003433	jgi|Exoaq1|11004|A1O9_07373T0	jgi|Capcor1|100526|A1O1_07710T0
OG0003433	jgi|Exoaq1|11004|A1O9_07373T0	jgi|Fonmu1|5037|Z520_08848T0
OG0003433	jgi|Exoaq1|11004|A1O9_07373T0	GTX0466b15_005974-T1
OG0003433	jgi|Exoaq1|11004|A1O9_07373T0	jgi|Umbpus1|104429|LPUS_11198T0
OG0003433	jgi|Exoaq1|11004|A1O9_07373T0	XP_008712402.1
OG0003465	jgi|Exoaq1|2260|A1O9_09786T0	jgi|Grascr1|8572|GST1_003093-RA
OG0003465	jgi|Exoaq1|2260|A1O9_09786T0	jgi|Acastr1|126311|AST1_007276-RA
OG0003467	jgi|Exoaq1|12808|A1O9_09093T0	jgi|Dibbae1|12474|DIBA_004861-RA
OG0003488	jgi|Exoaq1|4829|A1O9_02349T0	jgi|Neucr_trp3_1|1223006|e_gw1.223.19.1
OG0003493	jgi|Exoaq1|6638|A1O9_12440T0	coassemb376_007882-T1
OG0003534	jgi|Exoaq1|783|A1O9_00784T0	KAI9724968.1
OG0003578	jgi|Exoaq1|4437|A1O9_01955T0	jgi|Fusgr1|5216|FGSG_02990T0
OG0003617	jgi|Exoaq1|2440|A1O9_09966T0	CAF9906519.1
OG0003625	jgi|Exoaq1|7046|A1O9_12848T0	jgi|Podan3|206030|mRNA_4858
OG0003625	jgi|Exoaq1|7046|A1O9_12848T0	jgi|Neucr_trp3_1|2930|Neucr2.NCU03332T0
OG0003625	jgi|Exoaq1|7046|A1O9_12848T0	jgi|Fusgr1|1703|FGSG_01469T0
OG0003625	jgi|Exoaq1|7046|A1O9_12848T0	jgi|Erypu1|1719|transcript_POS83295
OG0003629	jgi|Exoaq1|2281|A1O9_09807T0	coassemb376_000939-T1
OG0003680	jgi|Exoaq1|1256|A1O9_01261T0	jgi|Morco1|577490|gm1.8266_g
OG0003689	jgi|Exoaq1|2054|A1O9_09587T0	jgi|Clagr3|7431|CLAGR_007028-RA
OG0003739	jgi|Exoaq1|1210|A1O9_01215T0	KAI4289387.1
OG0003750	jgi|Exoaq1|6738|A1O9_12540T0	jgi|Umbpus1|101693|LPUS_08431T0
OG0003752	jgi|Exoaq1|1045|A1O9_01049T0	jgi|Umbpus1|101274|LPUS_08013T0
OG0003775	jgi|Exoaq1|9784|A1O9_06217T0	jgi|Umbpus1|102243|LPUS_08996T0
OG0003783	jgi|Exoaq1|255|A1O9_00255T0	jgi|Umbpus1|101691|LPUS_08429T0
OG0003794	jgi|Exoaq1|8383|A1O9_04920T0	KAI9817910.1
OG0003859	jgi|Exoaq1|10388|A1O9_06755T0	coassemb76_009691-T1
OG0003880	jgi|Exoaq1|5483|A1O9_03007T0	jgi|Umbpus1|105574|LPUS_12582T0
OG0003885	jgi|Exoaq1|7297|A1O9_03827T0	jgi|Acastr1|126374|AST1_002463-RA
OG0003907	jgi|Exoaq1|78|A1O9_00078T0	jgi|Fusgr1|4797|FGSG_12452T0
OG0003978	jgi|Exoaq1|8220|A1O9_04755T0	CAF9943228.1
OG0004009	jgi|Exoaq1|6089|A1O9_11889T0	coassemb376_003178-T1
OG0004009	jgi|Exoaq1|6089|A1O9_11889T0	jgi|EndpusZ1|8704|EPUS_05650T0
OG0004009	jgi|Exoaq1|6089|A1O9_11889T0	GTX0466b15_002221-T1
OG0004009	jgi|Exoaq1|6089|A1O9_11889T0	coassemb76_006311-T1
OG0004009	jgi|Exoaq1|6089|A1O9_11889T0	XP_008714882.1
OG0004009	jgi|Exoaq1|6089|A1O9_11889T0	jgi|Podan3|202895|mRNA_1723
OG0004009	jgi|Exoaq1|6089|A1O9_11889T0	jgi|Neucr_trp3_1|1880|Neucr2.NCU00830T0
OG0004009	jgi|Exoaq1|6089|A1O9_11889T0	jgi|Aspni_DSM_1|160775|An07g05500m.01
OG0004009	jgi|Exoaq1|6089|A1O9_11889T0	jgi|Fusgr1|7022|FGSG_06061T0
OG0004009	jgi|Exoaq1|6089|A1O9_11889T0	jgi|Penexp1|6108|PEXP_083350T0
OG0004009	jgi|Exoaq1|6089|A1O9_11889T0	KAJ9656403.1
OG0004009	jgi|Exoaq1|6089|A1O9_11889T0	jgi|Altal1|1026434|fgenesh1_kg.39_#_40_#_Locus479v1rpkm333.93
OG0004009	jgi|Exoaq1|6089|A1O9_11889T0	jgi|Aurpu_var_mel1|84252|gm1.4648_g
OG0004032	jgi|Exoaq1|12527|A1O9_08824T0	jgi|Umbpus1|101987|LPUS_08764T0
OG0004124	jgi|Exoaq1|5535|A1O9_03060T0	jgi|Grascr1|7304|GST1_010154-RA
OG0004251	jgi|Exoaq1|6274|A1O9_12075T0	jgi|Clagr3|1524|CLAGR_002318-RA
OG0004251	jgi|Exoaq1|6274|A1O9_12075T0	jgi|EndpusZ1|2054|EPUS_00758T0
OG0004251	jgi|Exoaq1|6274|A1O9_12075T0	jgi|Clagr3|1524|CLAGR_002318-RA
OG0004251	jgi|Exoaq1|6274|A1O9_12075T0	jgi|Altal1|2682|CE2681_315
OG0004251	jgi|Exoaq1|6274|A1O9_12075T0	GTX0486b100_006330-T1
OG0004251	jgi|Exoaq1|6274|A1O9_12075T0	KAI9653454.1
OG0004251	jgi|Exoaq1|6274|A1O9_12075T0	jgi|Ascim1|197872|gw1.20.81.1
OG0004251	jgi|Exoaq1|6274|A1O9_12075T0	jgi|Phach1|1759|rna1758
OG0004251	jgi|Exoaq1|6274|A1O9_12075T0	KAJ9659968.1, KAJ9655999.1, KAJ9654572.1
OG0004251	jgi|Exoaq1|6274|A1O9_12075T0	jgi|PseVKM4520_1|581|transcript_KFZ20612, jgi|PseVKM4520_1|7932|transcript_KFZ24659
OG0004251	jgi|Exoaq1|6274|A1O9_12075T0	jgi|Capcor1|99094|A1O1_06265T0
OG0004251	jgi|Exoaq1|6274|A1O9_12075T0	GTX0466b15_009006-T1
OG0004251	jgi|Exoaq1|6274|A1O9_12075T0	jgi|Penexp1|684|PEXP_093130T0
OG0004251	jgi|Exoaq1|6274|A1O9_12075T0	jgi|Morco1|535948|fgenesh1_kg.24_#_170_#_Locus10990v3rpkm0.30_PRE
OG0004251	jgi|Exoaq1|6274|A1O9_12075T0	KAI9722466.1
OG0004264	jgi|Exoaq1|4950|A1O9_02472T0	coassemb378_011412-T1
OG0004318	jgi|Exoaq1|8937|A1O9_05361T0	jgi|PseVKM4520_1|3541|transcript_KFZ14981
OG0004369	jgi|Exoaq1|10706|A1O9_07075T0	jgi|Morco1|534707|fgenesh1_kg.17_#_43_#_Locus16834v1rpkm0.80
OG0004375	jgi|Exoaq1|8117|A1O9_04652T0	GTX0466b15_006757-T1
OG0004419	jgi|Exoaq1|6529|A1O9_12331T0	jgi|Acastr1|121195|AST1_003133-RA
OG0004435	jgi|Exoaq1|11937|A1O9_08253T0	GTX0486b100_006750-T1
OG0004500	jgi|Exoaq1|3819|A1O9_11340T0	jgi|Umbpus1|99363|LPUS_05933T0
OG0004527	jgi|Exoaq1|1161|A1O9_01166T0	KAI9652523.1
OG0004596	jgi|Exoaq1|5001|A1O9_02523T0	jgi|Podan3|203261|mRNA_2089
OG0004683	jgi|Exoaq1|8707|A1O9_12962T0	jgi|Podan3|206003|mRNA_4831
OG0004739	jgi|Exoaq1|3884|A1O9_11406T0	jgi|Umbpus1|101492|LPUS_08193T0
OG0004754	jgi|Exoaq1|2790|A1O9_13179T0	jgi|Sclsc1|8359|SS1G_13782T0
OG0004754	jgi|Exoaq1|2790|A1O9_13179T0	jgi|PseVKM4520_1|6930|transcript_KFZ09060
OG0004754	jgi|Exoaq1|2790|A1O9_13179T0	jgi|Podan3|209865|mRNA_8693
OG0004754	jgi|Exoaq1|2790|A1O9_13179T0	jgi|Neucr_trp3_1|1209710|e_gw1.56.69.1
OG0004754	jgi|Exoaq1|2790|A1O9_13179T0	jgi|Fusgr1|6120|FGSG_05270T0
OG0004760	jgi|Exoaq1|11792|A1O9_08108T0	jgi|Artol1|5540|AOL_s00079g314m.01
OG0004778	jgi|Exoaq1|5299|A1O9_02822T0	coassemb378_004240-T1
OG0004907	jgi|Exoaq1|9570|A1O9_06000T0	jgi|Umbpus1|102915|LPUS_09505T0
OG0004951	jgi|Exoaq1|12324|A1O9_08619T0	jgi|Acastr1|127638|AST1_004262-RA
OG0004993	jgi|Exoaq1|5687|A1O9_03213T0	jgi|Aspni_DSM_1|160798|An07g05740m.01
OG0005015	jgi|Exoaq1|5107|A1O9_02630T0	GTX0466b15_000133-T1
OG0005075	jgi|Exoaq1|6679|A1O9_12481T0	jgi|Grascr1|10864|GST1_000957-RA
OG0005152	jgi|Exoaq1|9081|A1O9_05506T0	jgi|Podan3|206814|mRNA_5642
OG0005152	jgi|Exoaq1|9081|A1O9_05506T0	XP_008716112.1
OG0005177	jgi|Exoaq1|4382|A1O9_01900T0	jgi|Grascr1|8130|GST1_003831-RA
OG0005228	jgi|Exoaq1|12922|A1O9_09207T0	jgi|Monha1|8323|H072_8618m.01
OG0005288	jgi|Exoaq1|8124|A1O9_04659T0	KAJ9656546.1
OG0005312	jgi|Exoaq1|3436|A1O9_10955T0	jgi|Altal1|957071|estExt_Genewise1.C_4_t30029
OG0005312	jgi|Exoaq1|3561|A1O9_11081T0	jgi|Altal1|1062038|gm1.6273_g
OG0005342	jgi|Exoaq1|8166|A1O9_04701T0	jgi|Fusgr1|1869|FGSG_11980T0
OG0005343	jgi|Exoaq1|1002|A1O9_01006T0	coassemb376_004507-T1
OG0005366	jgi|Exoaq1|2158|A1O9_09691T0	KAI4231955.1
OG0005383	jgi|Exoaq1|3186|A1O9_10704T0	coassemb76_006220-T1
OG0005383	jgi|Exoaq1|3186|A1O9_10704T0	coassemb76_006220-T1
OG0005383	jgi|Exoaq1|3186|A1O9_10704T0	jgi|EndpusZ1|8287|EPUS_04485T0
OG0005383	jgi|Exoaq1|3186|A1O9_10704T0	jgi|Phach1|3624|rna3623
OG0005383	jgi|Exoaq1|3186|A1O9_10704T0	jgi|Monha1|8127|H072_8413m.01
OG0005383	jgi|Exoaq1|3186|A1O9_10704T0	jgi|Penexp1|9355|PEXP_066590T0
OG0005383	jgi|Exoaq1|3186|A1O9_10704T0	jgi|Aspni_DSM_1|157622|An02g11060m.01, jgi|Aspni_DSM_1|165537|An13g01480m.01
OG0005383	jgi|Exoaq1|3186|A1O9_10704T0	jgi|Cocpo1_1|3094|XM_003068047.1
OG0005383	jgi|Exoaq1|3186|A1O9_10704T0	jgi|Altal1|913976|gw1.2.165.1
OG0005391	jgi|Exoaq1|11652|A1O9_07988T0	jgi|Aspni_DSM_1|155726|An01g06850m.01
OG0005404	jgi|Exoaq1|647|A1O9_00648T0	FUN_003800_T1_FUN_003800
OG0005404	jgi|Exoaq1|647|A1O9_00648T0	GTX0486b100_003784-T1
OG0005415	jgi|Exoaq1|11805|A1O9_08121T0	GTX0486b100_003618-T1
OG0005425	jgi|Exoaq1|13056|A1O9_09342T0	jgi|Phach1|1154|rna1153
OG0005427	jgi|Exoaq1|11675|A1O9_08011T0	KAI9814970.1
OG0005485	jgi|Exoaq1|4650|A1O9_02169T0	coassemb76_008192-T1
OG0005485	jgi|Exoaq1|4650|A1O9_02169T0	coassemb64_007365-T1
OG0005485	jgi|Exoaq1|4650|A1O9_02169T0	coassemb64_007365-T1
OG0005485	jgi|Exoaq1|4650|A1O9_02169T0	KAI4224289.1
OG0005485	jgi|Exoaq1|4650|A1O9_02169T0	FUN_002540_T1_FUN_002540
OG0005485	jgi|Exoaq1|4650|A1O9_02169T0	KAI4221159.1
OG0005485	jgi|Exoaq1|4650|A1O9_02169T0	GTX0494b19_003568-T1
OG0005485	jgi|Exoaq1|4650|A1O9_02169T0	KAI4097006.1
OG0005485	jgi|Exoaq1|4650|A1O9_02169T0	jgi|Fusgr1|9025|FGSG_07797T0
OG0005485	jgi|Exoaq1|4650|A1O9_02169T0	XP_008719450.1, XP_008721102.1
OG0005488	jgi|Exoaq1|12441|A1O9_08737T0, jgi|Exoaq1|5129|A1O9_02652T0	jgi|Morco1|578739|gm1.9515_g, jgi|Morco1|524214|estExt_Genewise1Plus.C_310004
OG0005499	jgi|Exoaq1|4779|A1O9_02298T0, jgi|Exoaq1|9599|A1O9_06029T0	CAF9919804.1
OG0005499	jgi|Exoaq1|4779|A1O9_02298T0, jgi|Exoaq1|9599|A1O9_06029T0	jgi|Clagr3|6750|CLAGR_006939-RA
OG0005499	jgi|Exoaq1|4779|A1O9_02298T0, jgi|Exoaq1|9599|A1O9_06029T0	coassemb378_001808-T1
OG0005499	jgi|Exoaq1|4779|A1O9_02298T0, jgi|Exoaq1|9599|A1O9_06029T0	jgi|Grascr1|7262|GST1_010885-RA
OG0005499	jgi|Exoaq1|4779|A1O9_02298T0, jgi|Exoaq1|9599|A1O9_06029T0	jgi|Cocpo1_1|5391|XM_003070344.1
OG0005499	jgi|Exoaq1|4779|A1O9_02298T0, jgi|Exoaq1|9599|A1O9_06029T0	jgi|Phach1|1599|rna1598
OG0005499	jgi|Exoaq1|4779|A1O9_02298T0, jgi|Exoaq1|9599|A1O9_06029T0	jgi|Aspni_DSM_1|162151|An08g08950m.01
OG0005499	jgi|Exoaq1|4779|A1O9_02298T0, jgi|Exoaq1|9599|A1O9_06029T0	jgi|Penexp1|6978|PEXP_039420T0
OG0005499	jgi|Exoaq1|4779|A1O9_02298T0, jgi|Exoaq1|9599|A1O9_06029T0	KAI4098379.1
OG0005499	jgi|Exoaq1|4779|A1O9_02298T0, jgi|Exoaq1|9599|A1O9_06029T0	KAI4105756.1
OG0005499	jgi|Exoaq1|4779|A1O9_02298T0, jgi|Exoaq1|9599|A1O9_06029T0	KAI4224671.1
OG0005499	jgi|Exoaq1|4779|A1O9_02298T0, jgi|Exoaq1|9599|A1O9_06029T0	KAI4217851.1
OG0005499	jgi|Exoaq1|4779|A1O9_02298T0, jgi|Exoaq1|9599|A1O9_06029T0	GTX0494b19_004689-T1
OG0005499	jgi|Exoaq1|4779|A1O9_02298T0, jgi|Exoaq1|9599|A1O9_06029T0	KAI4272611.1
OG0005499	jgi|Exoaq1|4779|A1O9_02298T0, jgi|Exoaq1|9599|A1O9_06029T0	coassemb376_004201-T1
OG0005499	jgi|Exoaq1|4779|A1O9_02298T0, jgi|Exoaq1|9599|A1O9_06029T0	jgi|Penexp1|2970|PEXP_089060T0
OG0005499	jgi|Exoaq1|4779|A1O9_02298T0, jgi|Exoaq1|9599|A1O9_06029T0	jgi|Penexp1|2970|PEXP_089060T0
OG0005505	jgi|Exoaq1|11031|A1O9_07400T0	jgi|Acastr1|123637|AST1_009027-RA
OG0005642	jgi|Exoaq1|579|A1O9_00580T0	jgi|Grascr1|5566|GST1_001888-RA
OG0005657	jgi|Exoaq1|7631|A1O9_04162T0, jgi|Exoaq1|1898|A1O9_09430T0, jgi|Exoaq1|6956|A1O9_12758T0	jgi|Dibbae1|10027|DIBA_002947-RA
OG0005657	jgi|Exoaq1|7631|A1O9_04162T0, jgi|Exoaq1|1898|A1O9_09430T0, jgi|Exoaq1|6956|A1O9_12758T0	jgi|Clagr3|11138|CLAGR_010750-RA
OG0005657	jgi|Exoaq1|7631|A1O9_04162T0, jgi|Exoaq1|1898|A1O9_09430T0, jgi|Exoaq1|6956|A1O9_12758T0	jgi|Monha1|5041|H072_5147m.01
OG0005662	jgi|Exoaq1|8021|A1O9_04554T0	KAI9719829.1
OG0005662	jgi|Exoaq1|8021|A1O9_04554T0	jgi|Grascr1|2591|GST1_006896-RA
OG0005662	jgi|Exoaq1|8021|A1O9_04554T0	CAF9941370.1
OG0005682	jgi|Exoaq1|5927|A1O9_03457T0	jgi|Dibbae1|11879|DIBA_001053-RA
OG0005703	jgi|Exoaq1|4028|A1O9_11550T0	jgi|Neucr_trp3_1|5771|Neucr2.NCU07660T0
OG0005703	jgi|Exoaq1|4028|A1O9_11550T0	jgi|Penexp1|5410|PEXP_058710T0
OG0005718	jgi|Exoaq1|7005|A1O9_12807T0	GTX0466b15_006999-T1
OG0005825	jgi|Exoaq1|3172|A1O9_10690T0	KAI9705914.1
OG0005850	jgi|Exoaq1|11817|A1O9_08133T0	jgi|Clagr3|11036|CLAGR_010911-RA
OG0005867	jgi|Exoaq1|470|A1O9_00471T0	KAI4218542.1
OG0005904	jgi|Exoaq1|4421|A1O9_01939T0, jgi|Exoaq1|297|A1O9_00297T0	jgi|PseVKM4520_1|5407|transcript_KFZ11491
OG0005921	jgi|Exoaq1|9191|A1O9_05616T0	jgi|Grascr1|2195|GST1_001314-RA
OG0005921	jgi|Exoaq1|9191|A1O9_05616T0	jgi|Monha1|9690|H072_10193m.01
OG0005978	jgi|Exoaq1|2122|A1O9_09655T0	coassemb376_005815-T1
OG0006003	jgi|Exoaq1|11713|A1O9_08049T0	coassemb378_011469-T1
OG0006007	jgi|Exoaq1|294|A1O9_00294T0	jgi|Aspni_DSM_1|164921|An12g06090m.01
OG0006037	jgi|Exoaq1|6153|A1O9_11954T0, jgi|Exoaq1|2377|A1O9_09903T0	jgi|Neucr_trp3_1|9642|Neucr2.NCU17154T0, jgi|Neucr_trp3_1|9558|Neucr2.NCU05047T0
OG0006092	jgi|Exoaq1|6459|A1O9_12261T0	FUN_006046_T1_FUN_006046
OG0006137	jgi|Exoaq1|12750|A1O9_09035T0	jgi|Grascr1|745|GST1_008999-RA
OG0006178	jgi|Exoaq1|1643|A1O9_01649T0	jgi|Grascr1|8723|GST1_011775-RA
OG0006178	jgi|Exoaq1|1643|A1O9_01649T0	jgi|Acastr1|127717|AST1_006475-RA
OG0006292	jgi|Exoaq1|6880|A1O9_12682T0	KAI4228881.1
OG0006297	jgi|Exoaq1|3232|A1O9_10750T0	KAJ9661893.1
OG0006297	jgi|Exoaq1|3232|A1O9_10750T0	KAJ9661893.1
OG0006297	jgi|Exoaq1|3232|A1O9_10750T0	jgi|Neucr_trp3_1|9253|Neucr2.NCU04039T0
OG0006297	jgi|Exoaq1|3232|A1O9_10750T0	jgi|Podan3|207335|mRNA_6163
OG0006297	jgi|Exoaq1|3232|A1O9_10750T0	jgi|Fusgr1|10772|FGSG_09301T0
OG0006297	jgi|Exoaq1|3232|A1O9_10750T0	jgi|Altal1|1022271|fgenesh1_kg.15_#_295_#_Locus2626v2rpkm0.00_PRE
OG0006297	jgi|Exoaq1|3232|A1O9_10750T0	jgi|Aurpu_var_mel1|57082|e_gw1.25.51.1
OG0006297	jgi|Exoaq1|3232|A1O9_10750T0	jgi|Acastr1|120570|AST1_007936-RA
OG0006297	jgi|Exoaq1|3232|A1O9_10750T0	jgi|Umbpus1|103113|LPUS_03416T0
OG0006297	jgi|Exoaq1|3232|A1O9_10750T0	jgi|Dibbae1|1789|DIBA_005805-RA
OG0006297	jgi|Exoaq1|3232|A1O9_10750T0	jgi|Grascr1|11313|GST1_005342-RA
OG0006297	jgi|Exoaq1|3232|A1O9_10750T0	KAI9834058.1
OG0006312	jgi|Exoaq1|8019|A1O9_04552T0	coassemb378_011409-T1
OG0006313	jgi|Exoaq1|6771|A1O9_12573T0	GTX0486b100_008052-T1
OG0006375	jgi|Exoaq1|7124|A1O9_03654T0	coassemb76_006523-T1
OG0006375	jgi|Exoaq1|7124|A1O9_03654T0	XP_008719663.1
OG0006463	jgi|Exoaq1|1975|A1O9_09507T0	jgi|Penexp1|10962|PEXP_021960T0
OG0006502	jgi|Exoaq1|1469|A1O9_01475T0	jgi|Fusgr1|5160|FGSG_03039T0
OG0006530	jgi|Exoaq1|7957|A1O9_04490T0	jgi|Grascr1|2299|GST1_009044-RA
OG0006584	jgi|Exoaq1|9369|A1O9_05797T0, jgi|Exoaq1|7606|A1O9_04137T0	KAI4235233.1
OG0006584	jgi|Exoaq1|9369|A1O9_05797T0, jgi|Exoaq1|7606|A1O9_04137T0	KAI4221854.1
OG0006584	jgi|Exoaq1|9369|A1O9_05797T0, jgi|Exoaq1|7606|A1O9_04137T0	GTX0494b19_003238-T1
OG0006584	jgi|Exoaq1|9369|A1O9_05797T0, jgi|Exoaq1|7606|A1O9_04137T0	FUN_010736_T1_FUN_010736
OG0006584	jgi|Exoaq1|9369|A1O9_05797T0, jgi|Exoaq1|7606|A1O9_04137T0	KAI4105397.1
OG0006584	jgi|Exoaq1|9369|A1O9_05797T0, jgi|Exoaq1|7606|A1O9_04137T0	KAI4100784.1
OG0006584	jgi|Exoaq1|9369|A1O9_05797T0, jgi|Exoaq1|7606|A1O9_04137T0	coassemb64_000676-T1
OG0006584	jgi|Exoaq1|9369|A1O9_05797T0	jgi|PseVKM4520_1|9673|transcript_KFZ02982
OG0006584	jgi|Exoaq1|9369|A1O9_05797T0	GTX0466b15_004429-T1
OG0006584	jgi|Exoaq1|9369|A1O9_05797T0	coassemb76_009027-T1
OG0006601	jgi|Exoaq1|6549|A1O9_12351T0, jgi|Exoaq1|895|A1O9_00897T0	coassemb378_010661-T1
OG0006601	jgi|Exoaq1|6891|A1O9_12693T0	jgi|Fusgr1|11393|FGSG_09841T0
OG0006601	jgi|Exoaq1|6891|A1O9_12693T0	jgi|Aurpu_var_mel1|51309|e_gw1.14.640.1
OG0006601	jgi|Exoaq1|6891|A1O9_12693T0	coassemb378_010661-T1
OG0006601	jgi|Exoaq1|6891|A1O9_12693T0	coassemb378_010661-T1
OG0006601	jgi|Exoaq1|6891|A1O9_12693T0	jgi|Altal1|436249|CE436248_44
OG0006606	jgi|Exoaq1|6386|A1O9_12188T0	jgi|Monha1|1924|H072_1925m.01
OG0006626	jgi|Exoaq1|6084|A1O9_11884T0	CAF9932318.1
OG0006626	jgi|Exoaq1|6084|A1O9_11884T0	KAI4099957.1
OG0006626	jgi|Exoaq1|6084|A1O9_11884T0	GTX0466b15_008120-T1
OG0006626	jgi|Exoaq1|6084|A1O9_11884T0	coassemb76_007415-T1
OG0006626	jgi|Exoaq1|6084|A1O9_11884T0	jgi|Grascr1|11322|GST1_005351-RA
OG0006740	jgi|Exoaq1|11705|A1O9_08041T0	jgi|Grascr1|719|GST1_007019-RA
OG0006759	jgi|Exoaq1|9985|A1O9_06418T0	CAF9925470.1
OG0006766	jgi|Exoaq1|2630|A1O9_10154T0	jgi|Grascr1|3287|GST1_008423-RA
OG0006766	jgi|Exoaq1|2630|A1O9_10154T0	coassemb64_000257-T1
OG0006766	jgi|Exoaq1|2630|A1O9_10154T0	jgi|Sclsc1|9282|SS1G_02697T0
OG0006766	jgi|Exoaq1|2630|A1O9_10154T0	KAI9836376.1
OG0006766	jgi|Exoaq1|2630|A1O9_10154T0	GTX0466b15_009229-T1
OG0006766	jgi|Exoaq1|2630|A1O9_10154T0	KAI9707055.1
OG0006766	jgi|Exoaq1|2630|A1O9_10154T0	jgi|Podan3|209673|mRNA_8501
OG0006766	jgi|Exoaq1|2630|A1O9_10154T0	jgi|Aspni_DSM_1|164580|An12g02490m.01
OG0006766	jgi|Exoaq1|2630|A1O9_10154T0	jgi|PseVKM4520_1|9574|transcript_KFZ03072
OG0006841	jgi|Exoaq1|10150|A1O9_06583T0, jgi|Exoaq1|6236|A1O9_12037T0	jgi|Altal1|1024702|fgenesh1_kg.24_#_129_#_Locus9357v1rpkm3.48
OG0006841	jgi|Exoaq1|10150|A1O9_06583T0, jgi|Exoaq1|6236|A1O9_12037T0	jgi|Fusgr1|12020|FGSG_10394T0
OG0006841	jgi|Exoaq1|10150|A1O9_06583T0, jgi|Exoaq1|6236|A1O9_12037T0	jgi|PseVKM4520_1|5957|transcript_KFZ10573
OG0006841	jgi|Exoaq1|10150|A1O9_06583T0, jgi|Exoaq1|6236|A1O9_12037T0	jgi|Sclsc1|8175|SS1G_13598T0
OG0006841	jgi|Exoaq1|10150|A1O9_06583T0, jgi|Exoaq1|6236|A1O9_12037T0	KAI4221008.1
OG0006841	jgi|Exoaq1|10150|A1O9_06583T0, jgi|Exoaq1|6236|A1O9_12037T0	KAI4233309.1
OG0006841	jgi|Exoaq1|10150|A1O9_06583T0, jgi|Exoaq1|6236|A1O9_12037T0	KAI4105389.1
OG0006841	jgi|Exoaq1|10150|A1O9_06583T0, jgi|Exoaq1|6236|A1O9_12037T0	GTX0494b19_003231-T1
OG0006841	jgi|Exoaq1|10150|A1O9_06583T0, jgi|Exoaq1|6236|A1O9_12037T0	KAI4106913.1
OG0006841	jgi|Exoaq1|10150|A1O9_06583T0, jgi|Exoaq1|6236|A1O9_12037T0	KAI9712882.1
OG0006841	jgi|Exoaq1|10150|A1O9_06583T0, jgi|Exoaq1|6236|A1O9_12037T0	KAI9700321.1
OG0006841	jgi|Exoaq1|10150|A1O9_06583T0, jgi|Exoaq1|6236|A1O9_12037T0	KAI9836875.1
OG0006841	jgi|Exoaq1|10150|A1O9_06583T0, jgi|Exoaq1|6236|A1O9_12037T0	coassemb376_006168-T1
OG0006841	jgi|Exoaq1|10150|A1O9_06583T0, jgi|Exoaq1|6236|A1O9_12037T0	coassemb378_003009-T1
OG0006843	jgi|Exoaq1|10158|A1O9_06591T0	KAI9725670.1
OG0006843	jgi|Exoaq1|10158|A1O9_06591T0	KAI9837285.1
OG0006843	jgi|Exoaq1|10158|A1O9_06591T0	jgi|Altal1|836683|CE836682_800
OG0006843	jgi|Exoaq1|10158|A1O9_06591T0	KAJ9650342.1
OG0006843	jgi|Exoaq1|10158|A1O9_06591T0	jgi|Penexp1|681|PEXP_093100T0
OG0006860	jgi|Exoaq1|11992|A1O9_08308T0	jgi|Penexp1|61|PEXP_021520T0
OG0006886	jgi|Exoaq1|6403|A1O9_12205T0	CAF9936313.1
OG0006920	jgi|Exoaq1|11069|A1O9_13066T0	jgi|Podan3|210739|mRNA_9567
OG0006920	jgi|Exoaq1|11069|A1O9_13066T0	jgi|Phach1|1234|rna1233
OG0006920	jgi|Exoaq1|11069|A1O9_13066T0	jgi|Penexp1|205|PEXP_000160T0
OG0006920	jgi|Exoaq1|11069|A1O9_13066T0	jgi|Acastr1|124780|AST1_005255-RA
OG0006920	jgi|Exoaq1|10176|A1O9_06609T0	coassemb378_010756-T1
OG0006945	jgi|Exoaq1|5385|A1O9_02909T0	GTX0466b15_009134-T1
OG0006945	jgi|Exoaq1|7916|A1O9_04449T0, jgi|Exoaq1|7917|A1O9_04450T0	GTX0466b15_003812-T1
OG0006958	jgi|Exoaq1|2779|A1O9_10304T0	jgi|PseVKM4520_1|10221|transcript_KFZ24104
OG0006958	jgi|Exoaq1|2779|A1O9_10304T0	coassemb376_004759-T1
OG0006958	jgi|Exoaq1|2779|A1O9_10304T0	jgi|Clagr3|3702|CLAGR_003907-RA
OG0006958	jgi|Exoaq1|2779|A1O9_10304T0	jgi|Sclsc1|11861|SS1G_04890T0
OG0006958	jgi|Exoaq1|2779|A1O9_10304T0	coassemb64_004257-T1
OG0006958	jgi|Exoaq1|2779|A1O9_10304T0	jgi|Fusgr1|5133|FGSG_12521T0
OG0006958	jgi|Exoaq1|2779|A1O9_10304T0	KAI9826493.1
OG0006958	jgi|Exoaq1|2779|A1O9_10304T0	jgi|Penexp1|8758|PEXP_014720T0, jgi|Penexp1|8759|PEXP_014730T0
OG0006958	jgi|Exoaq1|2779|A1O9_10304T0	jgi|Aspni_DSM_1|165733|An13g03480m.01, jgi|Aspni_DSM_1|168515|An18g00620m.01, jgi|Aspni_DSM_1|158567|An03g05770m.01
OG0007011	jgi|Exoaq1|4101|A1O9_11624T0	jgi|Penexp1|7655|PEXP_006350T0
OG0007011	jgi|Exoaq1|4101|A1O9_11624T0	jgi|Aspni_DSM_1|168597|An18g01520m.01
OG0007011	jgi|Exoaq1|4101|A1O9_11624T0	jgi|Fusgr1|10253|FGSG_08061T0
OG0007011	jgi|Exoaq1|4101|A1O9_11624T0	coassemb378_004265-T1
OG0007011	jgi|Exoaq1|4101|A1O9_11624T0	jgi|Aurpu_var_mel1|52329|e_gw1.15.602.1
OG0007011	jgi|Exoaq1|4101|A1O9_11624T0	KAJ9663852.1
OG0007121	jgi|Exoaq1|49|A1O9_00049T0	jgi|Acastr1|120406|AST1_005459-RA
OG0007121	jgi|Exoaq1|49|A1O9_00049T0	jgi|Fusgr1|12221|FGSG_10565T0
OG0007121	jgi|Exoaq1|49|A1O9_00049T0	jgi|Monha1|6458|H072_6667m.01, jgi|Monha1|10683|H072_11352m.01
OG0007121	jgi|Exoaq1|49|A1O9_00049T0	jgi|Podan3|203066|mRNA_1894
OG0007121	jgi|Exoaq1|49|A1O9_00049T0	coassemb376_006444-T1
OG0007121	jgi|Exoaq1|49|A1O9_00049T0	coassemb376_006444-T1
OG0007121	jgi|Exoaq1|49|A1O9_00049T0	jgi|Artol1|9818|AOL_s00188g219m.01
OG0007121	jgi|Exoaq1|49|A1O9_00049T0	jgi|Penexp1|320|PEXP_001310T0
OG0007121	jgi|Exoaq1|49|A1O9_00049T0	coassemb378_000025-T1
OG0007165	jgi|Exoaq1|9957|A1O9_06390T0	coassemb76_009436-T1
OG0007209	jgi|Exoaq1|9896|A1O9_06329T0	KAI4218697.1
OG0007215	jgi|Exoaq1|8800|A1O9_05224T0	jgi|Aspni_DSM_1|162669|An09g02090m.01
OG0007290	jgi|Exoaq1|7675|A1O9_04206T0	jgi|PseVKM4520_1|1308|transcript_KFZ19197
OG0007306	jgi|Exoaq1|11608|A1O9_07944T0	jgi|Ascim1|365017|estExt_Genemark1.C_1000002
OG0007306	jgi|Exoaq1|11608|A1O9_07944T0	jgi|Aspni_DSM_1|166555|An15g00320m.01
OG0007306	jgi|Exoaq1|11608|A1O9_07944T0	jgi|Penexp1|7095|PEXP_076310T0
OG0007306	jgi|Exoaq1|11608|A1O9_07944T0	jgi|Aspni_DSM_1|160209|An06g02420m.01
OG0007306	jgi|Exoaq1|11608|A1O9_07944T0	jgi|Claba1|129356|Z519_07659T0
OG0007306	jgi|Exoaq1|11608|A1O9_07944T0	KAJ9659601.1
OG0007306	jgi|Exoaq1|11608|A1O9_07944T0	jgi|Aurpu_var_mel1|37040|e_gw1.1.1566.1
OG0007306	jgi|Exoaq1|11608|A1O9_07944T0	jgi|Capcor1|99514|A1O1_06686T0
OG0007306	jgi|Exoaq1|11608|A1O9_07944T0	jgi|Altal1|1028146|fgenesh1_pm.3_#_37
OG0007306	jgi|Exoaq1|11608|A1O9_07944T0	jgi|Morco1|495599|e_gw1.76.6.1
OG0007306	jgi|Exoaq1|11608|A1O9_07944T0	jgi|PseVKM4520_1|11144|transcript_KFZ23267
OG0007306	jgi|Exoaq1|11608|A1O9_07944T0	coassemb64_007532-T1
OG0007306	jgi|Exoaq1|11608|A1O9_07944T0	jgi|Fusgr1|4874|FGSG_03288T0
OG0007306	jgi|Exoaq1|11608|A1O9_07944T0	jgi|Aspni_DSM_1|160209|An06g02420m.01
OG0007306	jgi|Exoaq1|11608|A1O9_07944T0	jgi|Claba1|129356|Z519_07659T0
OG0007306	jgi|Exoaq1|11608|A1O9_07944T0	KAJ9659601.1
OG0007320	jgi|Exoaq1|12318|A1O9_08613T0	jgi|Podan3|202203|mRNA_1031
OG0007357	jgi|Exoaq1|276|A1O9_00276T0	jgi|Morco1|515957|estExt_Genewise1Plus.C_3_t10073
OG0007414	jgi|Exoaq1|5433|A1O9_02957T0	KAJ9653552.1, KAJ9650252.1
OG0007420	jgi|Exoaq1|7817|A1O9_04348T0	jgi|PseVKM4520_1|6948|transcript_KFZ09051
OG0007714	jgi|Exoaq1|3892|A1O9_11414T0	jgi|Podan3|207866|mRNA_6694
OG0007748	jgi|Exoaq1|1094|A1O9_01098T0, jgi|Exoaq1|8679|A1O9_12934T0	jgi|Altal1|941203|e_gw1.17.125.1
OG0007857	jgi|Exoaq1|5613|A1O9_03139T0	KAI4218735.1
OG0007997	jgi|Exoaq1|9167|A1O9_05592T0	jgi|Penexp1|820|PEXP_094490T0
OG0007997	jgi|Exoaq1|9167|A1O9_05592T0	jgi|Fusgr1|12265|FGSG_13795T0
OG0008650	jgi|Exoaq1|2331|A1O9_09857T0	jgi|Aspni_DSM_1|160365|An07g01310m.01
OG0008650	jgi|Exoaq1|2331|A1O9_09857T0	jgi|Penexp1|4940|PEXP_043410T0
OG0008650	jgi|Exoaq1|2331|A1O9_09857T0	jgi|EndpusZ1|8988|EPUS_05248T0
OG0008650	jgi|Exoaq1|2331|A1O9_09857T0	jgi|PseVKM4520_1|5121|transcript_KFZ12162
