Orthogroup	Fonmu1_GeneCatalog_proteins_20160827.aa	Other
OG0000000	jgi|Fonmu1|971|Z520_05601T0	jgi|Clagr3|6472|CLAGR_006578-RA
OG0000002	jgi|Fonmu1|4178|Z520_01163T0	coassemb378_006986-T1, coassemb378_008971-T1
OG0000004	jgi|Fonmu1|11895|Z520_05100T0	KAI4106465.1
OG0000004	jgi|Fonmu1|7809|Z520_10781T0	coassemb378_002494-T1
OG0000008	jgi|Fonmu1|3884|Z520_08521T0	coassemb378_005289-T1
OG0000008	jgi|Fonmu1|840|Z520_00842T0	coassemb64_004636-T1
OG0000008	jgi|Fonmu1|840|Z520_00842T0	coassemb378_004363-T1
OG0000008	jgi|Fonmu1|5786|Z520_09599T0	KAJ9651914.1
OG0000008	jgi|Fonmu1|5786|Z520_09599T0	coassemb76_008184-T1
OG0000008	jgi|Fonmu1|5786|Z520_09599T0	GTX0466b15_001521-T1
OG0000008	jgi|Fonmu1|5786|Z520_09599T0	jgi|Altal1|964677|estExt_Genewise1.C_12_t20033, jgi|Altal1|895838|gw1.1.200.1
OG0000008	jgi|Fonmu1|5786|Z520_09599T0	jgi|Podan3|209685|mRNA_8513, jgi|Podan3|209174|mRNA_8002
OG0000008	jgi|Fonmu1|5786|Z520_09599T0	jgi|Fusgr1|2495|FGSG_02180T0
OG0000010	jgi|Fonmu1|9542|Z520_11949T0, jgi|Fonmu1|7093|Z520_02303T0	KAJ9654589.1
OG0000015	jgi|Fonmu1|9975|Z520_03372T0	jgi|Penexp1|3668|PEXP_085500T0
OG0000015	jgi|Fonmu1|9975|Z520_03372T0	jgi|Aspni_DSM_1|159833|An05g01120m.01, jgi|Aspni_DSM_1|163216|An10g00660m.01, jgi|Aspni_DSM_1|162661|An09g02000m.01
OG0000015	jgi|Fonmu1|9975|Z520_03372T0	jgi|Cocpo1_1|2685|XM_003067638.1
OG0000025	jgi|Fonmu1|9583|Z520_11990T0	jgi|Penexp1|1127|PEXP_028860T0
OG0000025	jgi|Fonmu1|9583|Z520_11990T0	jgi|Sclsc1|3180|SS1G_09636T0
OG0000025	jgi|Fonmu1|9583|Z520_11990T0	coassemb64_000427-T1, coassemb64_007401-T1
OG0000025	jgi|Fonmu1|9583|Z520_11990T0	jgi|Claba1|132263|Z519_10582T0
OG0000025	jgi|Fonmu1|9583|Z520_11990T0	jgi|Claba1|132263|Z519_10582T0
OG0000025	jgi|Fonmu1|9583|Z520_11990T0	jgi|Dibbae1|2052|DIBA_006708-RA
OG0000025	jgi|Fonmu1|9583|Z520_11990T0	jgi|Grascr1|7665|GST1_010974-RA
OG0000025	jgi|Fonmu1|9583|Z520_11990T0	KAJ9659846.1
OG0000025	jgi|Fonmu1|9583|Z520_11990T0	jgi|Phach1|231|rna230
OG0000025	jgi|Fonmu1|9583|Z520_11990T0	XP_008717519.1
OG0000034	jgi|Fonmu1|7962|Z520_10935T0	jgi|Exoaq1|10859|A1O9_07228T0
OG0000037	jgi|Fonmu1|11922|Z520_05127T0	coassemb378_006802-T1
OG0000038	jgi|Fonmu1|8420|Z520_11395T0	jgi|Dibbae1|3651|DIBA_008332-RA, jgi|Dibbae1|3655|DIBA_008336-RA
OG0000038	jgi|Fonmu1|8420|Z520_11395T0	jgi|Dibbae1|10385|DIBA_012139-RA
OG0000038	jgi|Fonmu1|119|Z520_00120T0, jgi|Fonmu1|6765|Z520_01975T0, jgi|Fonmu1|4510|Z520_01496T0, jgi|Fonmu1|30|Z520_00031T0	jgi|Dibbae1|4142|DIBA_008763-RA
OG0000042	jgi|Fonmu1|6760|Z520_01970T0	jgi|Aurpu_var_mel1|67995|fgenesh1_pg.18_#_182
OG0000042	jgi|Fonmu1|6760|Z520_01970T0	jgi|Altal1|937936|e_gw1.13.91.1
OG0000043	jgi|Fonmu1|2726|Z520_07361T0	GTX0466b15_007331-T1
OG0000048	jgi|Fonmu1|4665|Z520_01652T0	coassemb76_005968-T1
OG0000057	jgi|Fonmu1|9360|Z520_11766T0	jgi|Podan3|204746|mRNA_3574
OG0000057	jgi|Fonmu1|9360|Z520_11766T0	jgi|Fusgr1|4571|FGSG_03551T0
OG0000061	jgi|Fonmu1|1396|Z520_06026T0, jgi|Fonmu1|5796|Z520_09609T0	jgi|Penexp1|1729|PEXP_074030T0
OG0000061	jgi|Fonmu1|1396|Z520_06026T0	coassemb378_010755-T1
OG0000063	jgi|Fonmu1|9793|Z520_12200T0	jgi|Phach1|2642|rna2641
OG0000066	jgi|Fonmu1|612|Z520_00614T0	jgi|Dibbae1|4642|DIBA_001639-RA
OG0000073	jgi|Fonmu1|7348|Z520_02559T0	jgi|Fusgr1|4450|FGSG_12400T0
OG0000075	jgi|Fonmu1|3858|Z520_08495T0	jgi|Dibbae1|130|DIBA_001267-RA
OG0000080	jgi|Fonmu1|6290|Z520_10103T0, jgi|Fonmu1|5387|Z520_09199T0	CAF9935426.1
OG0000080	jgi|Fonmu1|6290|Z520_10103T0	jgi|Fusgr1|5154|FGSG_03045T0
OG0000080	jgi|Fonmu1|6290|Z520_10103T0	KAJ9661015.1
OG0000080	jgi|Fonmu1|6290|Z520_10103T0	GTX0466b15_003310-T1
OG0000080	jgi|Fonmu1|6290|Z520_10103T0	coassemb76_002707-T1
OG0000080	jgi|Fonmu1|6290|Z520_10103T0	XP_008714454.1
OG0000080	jgi|Fonmu1|6290|Z520_10103T0	jgi|Exoaq1|6583|A1O9_12385T0
OG0000092	jgi|Fonmu1|3778|Z520_08414T0	jgi|Clagr3|5199|CLAGR_004539-RA
OG0000097	jgi|Fonmu1|2314|Z520_06947T0	jgi|Grascr1|4501|GST1_002567-RA
OG0000098	jgi|Fonmu1|7961|Z520_10934T0	jgi|Exoaq1|44|A1O9_00044T0
OG0000098	jgi|Fonmu1|7961|Z520_10934T0	jgi|Penexp1|3045|PEXP_104880T0
OG0000098	jgi|Fonmu1|7961|Z520_10934T0	jgi|Exoaq1|10862|A1O9_07231T0
OG0000100	jgi|Fonmu1|11485|Z520_04690T0	coassemb376_007318-T1
OG0000112	jgi|Fonmu1|11777|Z520_04982T0	jgi|Dibbae1|10710|DIBA_004515-RA
OG0000120	jgi|Fonmu1|10481|Z520_12348T0	coassemb76_003599-T1, coassemb76_004460-T1
OG0000120	jgi|Fonmu1|10481|Z520_12348T0	KAI4091738.1
OG0000120	jgi|Fonmu1|10481|Z520_12348T0	jgi|Altal1|1023379|fgenesh1_kg.19_#_170_#_Locus6001v1rpkm16.61
OG0000120	jgi|Fonmu1|10481|Z520_12348T0	jgi|Exoaq1|2562|A1O9_10085T0
OG0000120	jgi|Fonmu1|10481|Z520_12348T0	KAJ9657489.1
OG0000127	jgi|Fonmu1|10394|Z520_12261T0	jgi|Altal1|1053301|estExt_fgenesh1_pg.C_210194
OG0000127	jgi|Fonmu1|10394|Z520_12261T0	jgi|Aurpu_var_mel1|36057|e_gw1.1.331.1
OG0000127	jgi|Fonmu1|10394|Z520_12261T0	coassemb64_007910-T1
OG0000127	jgi|Fonmu1|10394|Z520_12261T0	jgi|Phach1|6473|rna6472
OG0000127	jgi|Fonmu1|10394|Z520_12261T0	jgi|PseVKM4520_1|169|transcript_KFZ22738
OG0000127	jgi|Fonmu1|10971|Z520_04172T0	coassemb76_004097-T1
OG0000131	jgi|Fonmu1|8863|Z520_02938T0	jgi|Aurpu_var_mel1|63718|fgenesh1_pg.4_#_55, jgi|Aurpu_var_mel1|56530|e_gw1.24.372.1
OG0000131	jgi|Fonmu1|8863|Z520_02938T0	KAI9653286.1
OG0000131	jgi|Fonmu1|8863|Z520_02938T0	jgi|Grascr1|8627|GST1_012291-RA
OG0000137	jgi|Fonmu1|5192|Z520_09003T0	GTX0466b15_001196-T1
OG0000143	jgi|Fonmu1|7642|Z520_10614T0	jgi|Artol1|2365|AOL_s00043g528m.01
OG0000144	jgi|Fonmu1|6756|Z520_01966T0, jgi|Fonmu1|2033|Z520_06666T0	jgi|Clagr3|667|CLAGR_000658-RA
OG0000144	jgi|Fonmu1|6756|Z520_01966T0, jgi|Fonmu1|2033|Z520_06666T0	jgi|Grascr1|812|GST1_008983-RA
OG0000144	jgi|Fonmu1|2033|Z520_06666T0	jgi|Dibbae1|4934|DIBA_008464-RA
OG0000146	jgi|Fonmu1|2522|Z520_07156T0	jgi|Grascr1|4603|GST1_010510-RA
OG0000146	jgi|Fonmu1|2522|Z520_07156T0	jgi|Aspni_DSM_1|160178|An06g02120m.01
OG0000146	jgi|Fonmu1|2522|Z520_07156T0	jgi|Artol1|10215|AOL_s00210g62m.01
OG0000146	jgi|Fonmu1|2522|Z520_07156T0	jgi|Monha1|4084|H072_4117m.01
OG0000146	jgi|Fonmu1|2522|Z520_07156T0	jgi|Exoaq1|1455|A1O9_01461T0
OG0000146	jgi|Fonmu1|2901|Z520_07537T0	coassemb378_003750-T1
OG0000146	jgi|Fonmu1|2901|Z520_07537T0	jgi|Grascr1|714|GST1_007014-RA
OG0000153	jgi|Fonmu1|267|Z520_00268T0	jgi|Grascr1|4402|GST1_009774-RA
OG0000154	jgi|Fonmu1|1578|Z520_06210T0, jgi|Fonmu1|248|Z520_00249T0, jgi|Fonmu1|7880|Z520_10852T0	jgi|Dibbae1|7779|DIBA_003252-RA
OG0000160	jgi|Fonmu1|8828|Z520_02903T0	jgi|Dibbae1|4438|DIBA_008630-RA, jgi|Dibbae1|4432|DIBA_008624-RA
OG0000160	jgi|Fonmu1|8828|Z520_02903T0	CAF9906258.1
OG0000160	jgi|Fonmu1|8828|Z520_02903T0	KAI4092738.1
OG0000160	jgi|Fonmu1|8828|Z520_02903T0	jgi|Fusgr1|10148|FGSG_08156T0
OG0000160	jgi|Fonmu1|8828|Z520_02903T0	jgi|Sclsc1|6848|SS1G_11945T0
OG0000160	jgi|Fonmu1|8828|Z520_02903T0	jgi|Amamu1|167793|fgenesh1_kg.73_#_3_#_Locus8212v1rpkm20.68, jgi|Amamu1|159641|fgenesh1_kg.11_#_74_#_Locus8316v1rpkm20.26
OG0000160	jgi|Fonmu1|8828|Z520_02903T0	jgi|Monha1|1130|H072_1130m.01, jgi|Monha1|675|H072_675m.01, jgi|Monha1|1583|H072_1583m.01, jgi|Monha1|9789|H072_10303m.01
OG0000160	jgi|Fonmu1|8828|Z520_02903T0	jgi|Ascim1|151040|CE151039_18458
OG0000160	jgi|Fonmu1|8828|Z520_02903T0	KAI4225969.1, KAI4235184.1, KAI4236786.1
OG0000160	jgi|Fonmu1|8828|Z520_02903T0	KAI4223597.1
OG0000160	jgi|Fonmu1|8828|Z520_02903T0	FUN_005774_T1_FUN_005774
OG0000160	jgi|Fonmu1|8828|Z520_02903T0	GTX0494b19_004441-T1
OG0000160	jgi|Fonmu1|8828|Z520_02903T0	KAI4087977.1
OG0000160	jgi|Fonmu1|8828|Z520_02903T0	jgi|Altal1|938129|e_gw1.13.798.1
OG0000160	jgi|Fonmu1|8828|Z520_02903T0	jgi|Altal1|938129|e_gw1.13.798.1
OG0000164	jgi|Fonmu1|10942|Z520_04143T0	jgi|Podan3|206414|mRNA_5242
OG0000165	jgi|Fonmu1|11307|Z520_04509T0	KAI9708568.1
OG0000170	jgi|Fonmu1|9401|Z520_11807T0	jgi|Penexp1|120|PEXP_020750T0
OG0000170	jgi|Fonmu1|9401|Z520_11807T0	jgi|Altal1|702313|CE702312_36332, jgi|Altal1|993239|estExt_Genewise1Plus.C_15_t20144
OG0000181	jgi|Fonmu1|11781|Z520_04986T0	CAF9937712.1
OG0000181	jgi|Fonmu1|11781|Z520_04986T0	CAF9937712.1
OG0000181	jgi|Fonmu1|11781|Z520_04986T0	jgi|Dibbae1|3615|DIBA_007539-RA
OG0000181	jgi|Fonmu1|11781|Z520_04986T0	KAI4105960.1
OG0000181	jgi|Fonmu1|11781|Z520_04986T0	KAI9704923.1
OG0000181	jgi|Fonmu1|11781|Z520_04986T0	KAI9717901.1
OG0000181	jgi|Fonmu1|11781|Z520_04986T0	jgi|Acastr1|123689|AST1_005557-RA
OG0000181	jgi|Fonmu1|11781|Z520_04986T0	coassemb376_000637-T1
OG0000181	jgi|Fonmu1|11781|Z520_04986T0	GTX0494b19_004653-T1
OG0000181	jgi|Fonmu1|11781|Z520_04986T0	KAI4220850.1
OG0000181	jgi|Fonmu1|11781|Z520_04986T0	KAI9747609.1
OG0000181	jgi|Fonmu1|11781|Z520_04986T0	coassemb378_009033-T1
OG0000181	jgi|Fonmu1|11781|Z520_04986T0	KAI4211994.1
OG0000181	jgi|Fonmu1|11781|Z520_04986T0	KAI4107235.1
OG0000181	jgi|Fonmu1|11781|Z520_04986T0	FUN_008621_T3_FUN_008621, FUN_008621_T2_FUN_008621, FUN_008621_T1_FUN_008621
OG0000181	jgi|Fonmu1|11781|Z520_04986T0	KAI9838876.1
OG0000181	jgi|Fonmu1|9189|Z520_11595T0, jgi|Fonmu1|6595|Z520_01804T0	coassemb378_005990-T1
OG0000193	jgi|Fonmu1|887|Z520_00890T0, jgi|Fonmu1|2170|Z520_06803T0	jgi|Aurpu_var_mel1|86688|gm1.7084_g
OG0000200	jgi|Fonmu1|6673|Z520_01883T0	jgi|Fusgr1|3068|FGSG_02688T0, jgi|Fusgr1|4515|FGSG_12409T0
OG0000201	jgi|Fonmu1|964|Z520_05594T0, jgi|Fonmu1|6677|Z520_01887T0	coassemb378_001789-T1
OG0000206	jgi|Fonmu1|9414|Z520_11820T0	jgi|Penexp1|3673|PEXP_041520T0
OG0000207	jgi|Fonmu1|10749|Z520_03950T0, jgi|Fonmu1|770|Z520_00772T0	jgi|Clagr3|10122|CLAGR_009704-RA
OG0000209	jgi|Fonmu1|11540|Z520_04745T0	jgi|Acastr1|123098|AST1_004223-RA
OG0000209	jgi|Fonmu1|11540|Z520_04745T0	KAI9714216.1
OG0000214	jgi|Fonmu1|10818|Z520_04019T0	jgi|Fusgr1|4397|FGSG_03711T0
OG0000216	jgi|Fonmu1|11100|Z520_04301T0	jgi|Cocpo1_1|6066|XM_003071019.1
OG0000222	jgi|Fonmu1|8081|Z520_11054T0	jgi|Sclsc1|2679|SS1G_09135T0
OG0000225	jgi|Fonmu1|1153|Z520_05783T0	KAI4288535.1
OG0000235	jgi|Fonmu1|5636|Z520_09449T0, jgi|Fonmu1|1999|Z520_06632T0	jgi|Penexp1|8163|PEXP_075040T0
OG0000235	jgi|Fonmu1|11622|Z520_04827T0, jgi|Fonmu1|8396|Z520_11371T0	jgi|Exoaq1|1989|A1O9_09521T0
OG0000238	jgi|Fonmu1|4373|Z520_01358T0	jgi|Altal1|1057710|gm1.1945_g
OG0000238	jgi|Fonmu1|4373|Z520_01358T0	KAI4109259.1
OG0000238	jgi|Fonmu1|4373|Z520_01358T0	jgi|Aurpu_var_mel1|49698|e_gw1.11.49.1
OG0000250	jgi|Fonmu1|3815|Z520_08452T0	KAI9661417.1
OG0000250	jgi|Fonmu1|3815|Z520_08452T0	KAI9716980.1
OG0000250	jgi|Fonmu1|3815|Z520_08452T0	jgi|Penexp1|1054|PEXP_096810T0
OG0000250	jgi|Fonmu1|3815|Z520_08452T0	coassemb378_000710-T1
OG0000250	jgi|Fonmu1|3815|Z520_08452T0	jgi|Grascr1|4935|GST1_010044-RA
OG0000250	jgi|Fonmu1|3815|Z520_08452T0	jgi|Altal1|1018669|fgenesh1_kg.6_#_315_#_Locus7465v1rpkm8.84
OG0000262	jgi|Fonmu1|2351|Z520_06984T0, jgi|Fonmu1|3005|Z520_07641T0	coassemb376_006722-T1
OG0000264	jgi|Fonmu1|8805|Z520_02880T0	jgi|Grascr1|467|GST1_006106-RA
OG0000279	jgi|Fonmu1|6674|Z520_01884T0	jgi|Neucr_trp3_1|6469|Neucr2.NCU06980T0
OG0000282	jgi|Fonmu1|9103|Z520_03178T0	KAI9753821.1
OG0000282	jgi|Fonmu1|9103|Z520_03178T0	jgi|Fusgr1|4991|FGSG_12496T0
OG0000282	jgi|Fonmu1|4564|Z520_01551T0	KAJ9652262.1
OG0000283	jgi|Fonmu1|8323|Z520_11298T0	coassemb376_007093-T1
OG0000286	jgi|Fonmu1|5538|Z520_09351T0	jgi|Acastr1|125721|AST1_002884-RA
OG0000286	jgi|Fonmu1|5538|Z520_09351T0	jgi|Umbpus1|106146|LPUS_04215T0
OG0000286	jgi|Fonmu1|5538|Z520_09351T0	jgi|Dibbae1|1702|DIBA_005607-RA
OG0000286	jgi|Fonmu1|5538|Z520_09351T0	jgi|Clagr3|715|CLAGR_000706-RA
OG0000286	jgi|Fonmu1|5538|Z520_09351T0	CAF9906966.1
OG0000286	jgi|Fonmu1|5538|Z520_09351T0	coassemb376_007063-T1
OG0000286	jgi|Fonmu1|5538|Z520_09351T0	KAI4104198.1
OG0000295	jgi|Fonmu1|10690|Z520_03891T0	jgi|Morco1|606068|estExt_Genemark1.C_280061
OG0000295	jgi|Fonmu1|10690|Z520_03891T0	jgi|Monha1|99|H072_99m.01, jgi|Monha1|8731|H072_9064m.01
OG0000311	jgi|Fonmu1|5878|Z520_09691T0	jgi|Clagr3|9403|CLAGR_009348-RA
OG0000315	jgi|Fonmu1|5520|Z520_09333T0	jgi|Penexp1|2729|PEXP_108930T0
OG0000315	jgi|Fonmu1|5520|Z520_09333T0	jgi|Cocpo1_1|4194|XM_003069147.1
OG0000317	jgi|Fonmu1|5624|Z520_09437T0	jgi|Sclsc1|1845|SS1G_08301T0
OG0000317	jgi|Fonmu1|5624|Z520_09437T0	GTX0486b100_006784-T1
OG0000332	jgi|Fonmu1|4666|Z520_01653T0	GTX0486b100_005093-T1
OG0000333	jgi|Fonmu1|110|Z520_00111T0	coassemb378_010980-T1
OG0000355	jgi|Fonmu1|4648|Z520_01635T0	coassemb64_000572-T1
OG0000360	jgi|Fonmu1|10500|Z520_12367T0	jgi|Penexp1|5287|PEXP_046120T0
OG0000361	jgi|Fonmu1|10446|Z520_12313T0	jgi|Fusgr1|9924|FGSG_08350T0
OG0000378	jgi|Fonmu1|8145|Z520_11120T0	GTX0486b100_005092-T1
OG0000381	jgi|Fonmu1|7406|Z520_02617T0	FUN_000190_T1_FUN_000190
OG0000399	jgi|Fonmu1|756|Z520_00758T0, jgi|Fonmu1|7017|Z520_02227T0	jgi|Cocpo1_1|2934|XM_003067887.1
OG0000399	jgi|Fonmu1|756|Z520_00758T0, jgi|Fonmu1|7017|Z520_02227T0	jgi|Exoaq1|3000|A1O9_10522T0
OG0000399	jgi|Fonmu1|756|Z520_00758T0	jgi|Artol1|889|AOL_s00006g229m.01
OG0000399	jgi|Fonmu1|756|Z520_00758T0	jgi|Monha1|4127|H072_4163m.01
OG0000399	jgi|Fonmu1|756|Z520_00758T0	jgi|Fusgr1|933|FGSG_00793T0
OG0000399	jgi|Fonmu1|756|Z520_00758T0	jgi|Neucr_trp3_1|2412|Neucr2.NCU02884T0
OG0000399	jgi|Fonmu1|756|Z520_00758T0	jgi|Podan3|201323|mRNA_151
OG0000399	jgi|Fonmu1|756|Z520_00758T0	KAJ9656001.1
OG0000401	jgi|Fonmu1|12202|Z520_05408T0	jgi|Monha1|4268|H072_4348m.01
OG0000412	jgi|Fonmu1|4251|Z520_01236T0	jgi|Aurpu_var_mel1|55275|e_gw1.21.335.1
OG0000421	jgi|Fonmu1|595|Z520_00597T0, jgi|Fonmu1|5533|Z520_09346T0, jgi|Fonmu1|10645|Z520_03846T0	jgi|Capcor1|96917|A1O1_04070T0
OG0000428	jgi|Fonmu1|11001|Z520_04202T0	KAI9826689.1
OG0000455	jgi|Fonmu1|3210|Z520_07846T0	jgi|Grascr1|12662|GST1_001956-RA
OG0000462	jgi|Fonmu1|6067|Z520_09880T0	jgi|PseVKM4520_1|9164|transcript_KFZ03549
OG0000463	jgi|Fonmu1|7425|Z520_10396T0	GTX0466b15_001346-T1
OG0000464	jgi|Fonmu1|4359|Z520_01344T0	jgi|Clagr3|9550|CLAGR_009003-RA
OG0000466	jgi|Fonmu1|5988|Z520_09801T0	jgi|Grascr1|11362|GST1_005242-RA
OG0000483	jgi|Fonmu1|7147|Z520_02357T0	FUN_009084_T1_FUN_009084
OG0000485	jgi|Fonmu1|3486|Z520_08122T0	jgi|Fusgr1|5084|FGSG_03103T0
OG0000485	jgi|Fonmu1|3486|Z520_08122T0	KAI9826477.1
OG0000488	jgi|Fonmu1|9309|Z520_11715T0	XP_008721379.1
OG0000518	jgi|Fonmu1|7241|Z520_02451T0	jgi|Penexp1|8081|PEXP_103240T0
OG0000525	jgi|Fonmu1|4038|Z520_01023T0	jgi|Altal1|986667|estExt_Genewise1Plus.C_8_t10153
OG0000525	jgi|Fonmu1|4038|Z520_01023T0	jgi|Penexp1|8547|PEXP_070070T0
OG0000538	jgi|Fonmu1|5611|Z520_09424T0	jgi|Aurpu_var_mel1|65547|fgenesh1_pg.8_#_221
OG0000578	jgi|Fonmu1|3818|Z520_08455T0	KAI4226395.1
OG0000580	jgi|Fonmu1|11623|Z520_04828T0, jgi|Fonmu1|9500|Z520_11907T0	jgi|Aspni_DSM_1|158126|An03g01130m.01
OG0000580	jgi|Fonmu1|9500|Z520_11907T0	coassemb378_009052-T1
OG0000581	jgi|Fonmu1|6763|Z520_01973T0	jgi|PseVKM4520_1|10584|transcript_KFZ23782
OG0000581	jgi|Fonmu1|6763|Z520_01973T0	jgi|Podan3|210941|mRNA_9769
OG0000581	jgi|Fonmu1|6763|Z520_01973T0	jgi|Neucr_trp3_1|4609|Neucr2.NCU00299T0
OG0000581	jgi|Fonmu1|6763|Z520_01973T0	jgi|Aurpu_var_mel1|77286|fgenesh1_pm.19_#_95
OG0000581	jgi|Fonmu1|6763|Z520_01973T0	jgi|Fusgr1|7467|FGSG_06459T0
OG0000590	jgi|Fonmu1|12015|Z520_05221T0	coassemb378_008024-T1
OG0000607	jgi|Fonmu1|11791|Z520_04996T0	KAI9727352.1
OG0000607	jgi|Fonmu1|11791|Z520_04996T0	KAI9654579.1
OG0000607	jgi|Fonmu1|11791|Z520_04996T0	jgi|Sclsc1|1898|SS1G_08354T0
OG0000607	jgi|Fonmu1|11791|Z520_04996T0	jgi|PseVKM4520_1|7726|transcript_KFZ07840
OG0000607	jgi|Fonmu1|11791|Z520_04996T0	jgi|Penexp1|1056|PEXP_096830T0
OG0000609	jgi|Fonmu1|4885|Z520_08696T0, jgi|Fonmu1|1487|Z520_06118T0	jgi|Artol1|4636|AOL_s00078g22m.01
OG0000615	jgi|Fonmu1|6126|Z520_09939T0	CAF9926602.1
OG0000635	jgi|Fonmu1|989|Z520_05619T0	coassemb76_005142-T1
OG0000635	jgi|Fonmu1|10955|Z520_04156T0, jgi|Fonmu1|4123|Z520_01108T0	coassemb76_002157-T1
OG0000660	jgi|Fonmu1|84|Z520_00085T0	jgi|Artol1|1003|AOL_s00006g343m.01
OG0000684	jgi|Fonmu1|10836|Z520_04037T0	jgi|Sclsc1|10766|SS1G_03795T0
OG0000691	jgi|Fonmu1|4806|Z520_08617T0	coassemb378_007181-T1
OG0000698	jgi|Fonmu1|11848|Z520_05053T0	GTX0466b15_001449-T1
OG0000698	jgi|Fonmu1|8935|Z520_03010T0	GTX0466b15_005270-T1
OG0000713	jgi|Fonmu1|7866|Z520_10838T0	coassemb378_007793-T1
OG0000713	jgi|Fonmu1|7866|Z520_10838T0	coassemb376_002469-T1
OG0000721	jgi|Fonmu1|9136|Z520_11542T0	jgi|Clagr3|10693|CLAGR_010801-RA
OG0000721	jgi|Fonmu1|6103|Z520_09916T0, jgi|Fonmu1|9041|Z520_03116T0	jgi|Penexp1|937|PEXP_095670T0
OG0000740	jgi|Fonmu1|2667|Z520_07301T0, jgi|Fonmu1|3586|Z520_08222T0	KAJ9656401.1
OG0000740	jgi|Fonmu1|2667|Z520_07301T0	GTX0466b15_003366-T1
OG0000742	jgi|Fonmu1|227|Z520_00228T0	CAF9912950.1
OG0000746	jgi|Fonmu1|5160|Z520_08971T0	KAI9712186.1
OG0000746	jgi|Fonmu1|5160|Z520_08971T0	jgi|Aurpu_var_mel1|51785|e_gw1.15.13.1
OG0000748	jgi|Fonmu1|7657|Z520_10629T0	coassemb378_006069-T1
OG0000749	jgi|Fonmu1|1765|Z520_06398T0	jgi|Aurpu_var_mel1|85019|gm1.5415_g
OG0000772	jgi|Fonmu1|3937|Z520_08574T0	CAF9912694.1
OG0000772	jgi|Fonmu1|3937|Z520_08574T0	jgi|Podan3|208155|mRNA_6983
OG0000772	jgi|Fonmu1|3937|Z520_08574T0	jgi|Capcor1|100078|A1O1_07256T0
OG0000772	jgi|Fonmu1|3937|Z520_08574T0	jgi|Aspni_DSM_1|169137|An19g00150m.01
OG0000772	jgi|Fonmu1|3937|Z520_08574T0	jgi|Penexp1|6648|PEXP_078880T0
OG0000779	jgi|Fonmu1|3316|Z520_07952T0	jgi|Dibbae1|4836|DIBA_009724-RA
OG0000780	jgi|Fonmu1|542|Z520_00543T0	jgi|PseVKM4520_1|10673|transcript_KFZ25328
OG0000780	jgi|Fonmu1|542|Z520_00543T0	KAI9718072.1
OG0000780	jgi|Fonmu1|542|Z520_00543T0	coassemb378_005839-T1
OG0000792	jgi|Fonmu1|5723|Z520_09536T0	jgi|Fusgr1|5336|FGSG_02884T0
OG0000793	jgi|Fonmu1|7069|Z520_02279T0	coassemb378_010898-T1
OG0000797	jgi|Fonmu1|7831|Z520_10803T0	jgi|Monha1|6753|H072_6970m.01, jgi|Monha1|5858|H072_6047m.01, jgi|Monha1|212|H072_212m.01
OG0000814	jgi|Fonmu1|6321|Z520_10134T0	CAF9935020.1
OG0000850	jgi|Fonmu1|2378|Z520_07012T0	coassemb64_005783-T1
OG0000882	jgi|Fonmu1|7956|Z520_10929T0	jgi|Grascr1|1203|GST1_006173-RA
OG0000894	jgi|Fonmu1|2150|Z520_06783T0	KAJ9662613.1, KAJ9658160.1, KAJ9654031.1
OG0000897	jgi|Fonmu1|11306|Z520_04508T0	GTX0486b100_000479-T1
OG0000897	jgi|Fonmu1|6990|Z520_02200T0	jgi|Grascr1|3638|GST1_009482-RA
OG0000897	jgi|Fonmu1|6990|Z520_02200T0	jgi|PseVKM4520_1|4456|transcript_KFZ13428, jgi|PseVKM4520_1|5601|transcript_KFZ11172
OG0000897	jgi|Fonmu1|6990|Z520_02200T0	KAI4209895.1
OG0000897	jgi|Fonmu1|6990|Z520_02200T0	KAI9750166.1
OG0000897	jgi|Fonmu1|6990|Z520_02200T0	coassemb378_007981-T1
OG0000897	jgi|Fonmu1|6990|Z520_02200T0	KAI9831557.1
OG0000897	jgi|Fonmu1|6990|Z520_02200T0	KAI9704257.1
OG0000897	jgi|Fonmu1|6990|Z520_02200T0	GTX0466b15_007027-T1
OG0000897	jgi|Fonmu1|6990|Z520_02200T0	coassemb64_001335-T1
OG0000897	jgi|Fonmu1|6990|Z520_02200T0	jgi|Exoaq1|4405|A1O9_01923T0
OG0000897	jgi|Fonmu1|6990|Z520_02200T0	jgi|Sclsc1|13539|SS1G_06568T0
OG0000897	jgi|Fonmu1|6990|Z520_02200T0	KAI4104628.1
OG0000897	jgi|Fonmu1|6990|Z520_02200T0	jgi|Phach1|5710|rna5709
OG0000897	jgi|Fonmu1|6990|Z520_02200T0	KAI9654050.1
OG0000897	jgi|Fonmu1|6990|Z520_02200T0	GTX0486b100_000479-T1
OG0000897	jgi|Fonmu1|6990|Z520_02200T0	GTX0486b100_000479-T1
OG0000902	jgi|Fonmu1|1445|Z520_06076T0	FUN_000975_T1_FUN_000975
OG0000909	jgi|Fonmu1|4152|Z520_01137T0	jgi|Acastr1|121351|AST1_002291-RA
OG0000913	jgi|Fonmu1|4748|Z520_01735T0	jgi|Acastr1|122178|AST1_005884-RA
OG0000928	jgi|Fonmu1|4131|Z520_01116T0	CAF9924993.1
OG0000945	jgi|Fonmu1|8140|Z520_11115T0	jgi|Fusgr1|8994|FGSG_07770T0
OG0000973	jgi|Fonmu1|3478|Z520_08114T0	jgi|Erypu1|6454|transcript_POS81727
OG0000974	jgi|Fonmu1|1852|Z520_06485T0	jgi|Dibbae1|9218|DIBA_011494-RA
OG0000976	jgi|Fonmu1|6108|Z520_09921T0	FUN_000406_T1_FUN_000406
OG0000976	jgi|Fonmu1|6108|Z520_09921T0	CAF9943318.1
OG0000993	jgi|Fonmu1|872|Z520_00874T0	coassemb378_001917-T1
OG0001005	jgi|Fonmu1|8013|Z520_10986T0	GTX0466b15_004548-T1
OG0001006	jgi|Fonmu1|609|Z520_00611T0	jgi|Monha1|9388|H072_9849m.01
OG0001011	jgi|Fonmu1|3105|Z520_07741T0	jgi|Fusgr1|3303|FGSG_04677T0
OG0001014	jgi|Fonmu1|4494|Z520_01480T0	jgi|Dibbae1|875|DIBA_000977-RA
OG0001014	jgi|Fonmu1|4494|Z520_01480T0	FUN_005427_T1_FUN_005427, FUN_005426_T1_FUN_005426
OG0001014	jgi|Fonmu1|4494|Z520_01480T0	KAI4286544.1
OG0001014	jgi|Fonmu1|4494|Z520_01480T0	GTX0494b19_001972-T1
OG0001014	jgi|Fonmu1|4494|Z520_01480T0	KAI4096050.1
OG0001014	jgi|Fonmu1|4494|Z520_01480T0	KAI4237153.1
OG0001014	jgi|Fonmu1|4494|Z520_01480T0	KAI4230103.1
OG0001014	jgi|Fonmu1|4494|Z520_01480T0	KAI4088981.1
OG0001014	jgi|Fonmu1|4494|Z520_01480T0	jgi|Acastr1|126840|AST1_002756-RA
OG0001014	jgi|Fonmu1|4494|Z520_01480T0	KAI9704410.1
OG0001014	jgi|Fonmu1|4494|Z520_01480T0	KAI9717312.1
OG0001014	jgi|Fonmu1|4494|Z520_01480T0	GTX0486b100_006518-T1
OG0001014	jgi|Fonmu1|4494|Z520_01480T0	KAI9812658.1
OG0001014	jgi|Fonmu1|4494|Z520_01480T0	KAI9826468.1
OG0001014	jgi|Fonmu1|4494|Z520_01480T0	coassemb378_002393-T1
OG0001014	jgi|Fonmu1|4494|Z520_01480T0	jgi|Grascr1|10257|GST1_012579-RA, jgi|Grascr1|7498|GST1_010547-RA
OG0001014	jgi|Fonmu1|4494|Z520_01480T0	jgi|Sclsc1|7928|SS1G_13351T0, jgi|Sclsc1|3608|SS1G_10064T0
OG0001014	jgi|Fonmu1|4494|Z520_01480T0	CAF9934292.1
OG0001014	jgi|Fonmu1|4494|Z520_01480T0	jgi|EndpusZ1|9098|EPUS_06929T0, jgi|EndpusZ1|9099|EPUS_06930T0
OG0001017	jgi|Fonmu1|11012|Z520_04213T0	jgi|Altal1|938817|e_gw1.14.419.1
OG0001023	jgi|Fonmu1|5323|Z520_09134T0	KAI4234030.1
OG0001034	jgi|Fonmu1|7979|Z520_10952T0	jgi|Altal1|1015420|fgenesh1_kg.1_#_398_#_Locus12168v1rpkm0.86
OG0001047	jgi|Fonmu1|5162|Z520_08973T0	jgi|Altal1|1091087|estExt_Genemark1.C_2_t20134
OG0001060	jgi|Fonmu1|5880|Z520_09693T0	jgi|Morco1|578177|gm1.8953_g, jgi|Morco1|578182|gm1.8958_g, jgi|Morco1|578180|gm1.8956_g, jgi|Morco1|493985|e_gw1.58.72.1
OG0001064	jgi|Fonmu1|9128|Z520_11534T0	jgi|Acastr1|122065|AST1_007057-RA
OG0001077	jgi|Fonmu1|10351|Z520_12217T0	KAI4105648.1
OG0001077	jgi|Fonmu1|10351|Z520_12217T0	KAI4286386.1
OG0001084	jgi|Fonmu1|7556|Z520_10528T0	jgi|Fusgr1|6893|FGSG_05944T0
OG0001100	jgi|Fonmu1|10035|Z520_03432T0	CAF9903761.1
OG0001101	jgi|Fonmu1|6373|Z520_10186T0	coassemb76_008086-T1
OG0001115	jgi|Fonmu1|6089|Z520_09902T0	jgi|Morco1|18387|CE18386_180
OG0001136	jgi|Fonmu1|3966|Z520_00951T0	jgi|PseVKM4520_1|8458|transcript_KFZ24508, jgi|PseVKM4520_1|6258|transcript_KFZ10076
OG0001147	jgi|Fonmu1|7193|Z520_02403T0	jgi|Podan3|203462|mRNA_2290
OG0001150	jgi|Fonmu1|7663|Z520_10635T0	jgi|Fusgr1|11434|FGSG_13666T0
OG0001159	jgi|Fonmu1|2256|Z520_06889T0	jgi|Sclsc1|11022|SS1G_04051T0
OG0001165	jgi|Fonmu1|3386|Z520_08022T0	jgi|PseVKM4520_1|2149|transcript_KFZ17507
OG0001173	jgi|Fonmu1|4649|Z520_01636T0	FUN_003555_T1_FUN_003555
OG0001177	jgi|Fonmu1|3842|Z520_08479T0	jgi|PseVKM4520_1|2876|transcript_KFZ16243
OG0001181	jgi|Fonmu1|8464|Z520_11439T0	jgi|Podan3|201905|mRNA_733
OG0001181	jgi|Fonmu1|8464|Z520_11439T0	jgi|Capcor1|97411|A1O1_04569T0
OG0001181	jgi|Fonmu1|8464|Z520_11439T0	jgi|Phach1|3833|rna3832
OG0001181	jgi|Fonmu1|8464|Z520_11439T0	GTX0466b15_005849-T1
OG0001181	jgi|Fonmu1|8464|Z520_11439T0	KAI9652828.1
OG0001181	jgi|Fonmu1|8464|Z520_11439T0	jgi|Cocpo1_1|5363|XM_003070316.1
OG0001181	jgi|Fonmu1|8464|Z520_11439T0	jgi|Dibbae1|9435|DIBA_000884-RA, jgi|Dibbae1|279|DIBA_005161-RA
OG0001181	jgi|Fonmu1|8464|Z520_11439T0	GTX0486b100_002007-T1
OG0001181	jgi|Fonmu1|8464|Z520_11439T0	jgi|Grascr1|8201|GST1_011508-RA
OG0001181	jgi|Fonmu1|8464|Z520_11439T0	jgi|EndpusZ1|6620|EPUS_05236T0
OG0001181	jgi|Fonmu1|8464|Z520_11439T0	KAI4088700.1
OG0001181	jgi|Fonmu1|8464|Z520_11439T0	jgi|Morco1|549390|fgenesh1_pg.69_#_12
OG0001181	jgi|Fonmu1|8464|Z520_11439T0	jgi|Fusgr1|5469|FGSG_04697T0
OG0001181	jgi|Fonmu1|8464|Z520_11439T0	jgi|Clagr3|6179|CLAGR_005730-RA
OG0001182	jgi|Fonmu1|10688|Z520_03889T0	jgi|Umbpus1|105524|LPUS_12508T0
OG0001182	jgi|Fonmu1|10688|Z520_03889T0	jgi|Acastr1|121259|AST1_007435-RA
OG0001182	jgi|Fonmu1|10688|Z520_03889T0	KAI4094557.1
OG0001182	jgi|Fonmu1|10688|Z520_03889T0	KAI4111207.1
OG0001182	jgi|Fonmu1|10688|Z520_03889T0	KAI4220703.1
OG0001182	jgi|Fonmu1|10688|Z520_03889T0	KAI4229233.1, KAI4229232.1
OG0001182	jgi|Fonmu1|10688|Z520_03889T0	GTX0494b19_008669-T1
OG0001182	jgi|Fonmu1|10688|Z520_03889T0	FUN_005643_T1_FUN_005643
OG0001182	jgi|Fonmu1|10688|Z520_03889T0	coassemb376_003723-T1
OG0001182	jgi|Fonmu1|10688|Z520_03889T0	jgi|Clagr3|8827|CLAGR_008268-RA
OG0001182	jgi|Fonmu1|10688|Z520_03889T0	CAF9920789.1
OG0001182	jgi|Fonmu1|10688|Z520_03889T0	KAI4282777.1
OG0001182	jgi|Fonmu1|10688|Z520_03889T0	coassemb378_000195-T1, coassemb378_009524-T1, coassemb378_010699-T1, coassemb378_009523-T1, coassemb378_009522-T1
OG0001182	jgi|Fonmu1|10688|Z520_03889T0	jgi|Grascr1|5226|GST1_008136-RA
OG0001184	jgi|Fonmu1|5593|Z520_09406T0	jgi|PseVKM4520_1|7830|transcript_KFZ07710
OG0001191	jgi|Fonmu1|352|Z520_00353T0	jgi|Morco1|547704|fgenesh1_pg.43_#_83
OG0001196	jgi|Fonmu1|6214|Z520_10027T0	jgi|Acastr1|124709|AST1_002374-RA
OG0001203	jgi|Fonmu1|1091|Z520_05721T0	jgi|Clagr3|9146|CLAGR_009773-RA
OG0001227	jgi|Fonmu1|7735|Z520_10707T0	jgi|Artol1|4183|AOL_s00076g279m.01
OG0001227	jgi|Fonmu1|7735|Z520_10707T0	jgi|Aspni_DSM_1|158193|An03g01800m.01
OG0001250	jgi|Fonmu1|5935|Z520_09748T0	GTX0466b15_001962-T1
OG0001251	jgi|Fonmu1|619|Z520_00621T0	jgi|PseVKM4520_1|10980|transcript_KFZ23420
OG0001251	jgi|Fonmu1|619|Z520_00621T0	coassemb76_007234-T1
OG0001251	jgi|Fonmu1|619|Z520_00621T0	GTX0466b15_006719-T1
OG0001251	jgi|Fonmu1|619|Z520_00621T0	XP_008720179.1
OG0001251	jgi|Fonmu1|619|Z520_00621T0	jgi|Fusgr1|1644|FGSG_11947T0
OG0001251	jgi|Fonmu1|619|Z520_00621T0	KAJ9656044.1
OG0001267	jgi|Fonmu1|8425|Z520_11400T0	coassemb76_005710-T1
OG0001270	jgi|Fonmu1|6678|Z520_01888T0	jgi|Sclsc1|2142|SS1G_08599T0
OG0001300	jgi|Fonmu1|1240|Z520_05870T0	jgi|Artol1|5666|AOL_s00079g440m.01
OG0001300	jgi|Fonmu1|1240|Z520_05870T0	FUN_007913_T1_FUN_007913
OG0001301	jgi|Fonmu1|10383|Z520_12249T0, jgi|Fonmu1|9777|Z520_12184T0	jgi|PseVKM4520_1|4566|transcript_KFZ13226
OG0001301	jgi|Fonmu1|10383|Z520_12249T0, jgi|Fonmu1|9777|Z520_12184T0	jgi|Acastr1|123205|AST1_006393-RA
OG0001301	jgi|Fonmu1|10383|Z520_12249T0, jgi|Fonmu1|9777|Z520_12184T0	jgi|Umbpus1|106832|LPUS_05041T0, jgi|Umbpus1|106780|LPUS_04978T0, jgi|Umbpus1|107108|LPUS_05356T0, jgi|Umbpus1|100324|LPUS_06907T0
OG0001301	jgi|Fonmu1|10383|Z520_12249T0, jgi|Fonmu1|9777|Z520_12184T0	KAI9826622.1
OG0001301	jgi|Fonmu1|10383|Z520_12249T0, jgi|Fonmu1|9777|Z520_12184T0	KAI9710163.1
OG0001301	jgi|Fonmu1|10383|Z520_12249T0	KAJ9653658.1
OG0001301	jgi|Fonmu1|10383|Z520_12249T0	coassemb64_004535-T1
OG0001301	jgi|Fonmu1|9777|Z520_12184T0	jgi|Exoaq1|11089|A1O9_13086T0
OG0001301	jgi|Fonmu1|9777|Z520_12184T0	coassemb64_005538-T1
OG0001301	jgi|Fonmu1|9777|Z520_12184T0	XP_008721599.1
OG0001305	jgi|Fonmu1|3962|Z520_08599T0	CAF9922516.1
OG0001329	jgi|Fonmu1|6378|Z520_10191T0	KAI4233996.1
OG0001362	jgi|Fonmu1|558|Z520_00559T0	KAI9700632.1
OG0001372	jgi|Fonmu1|2924|Z520_07560T0	CAF9922714.1
OG0001427	jgi|Fonmu1|11208|Z520_04410T0	KAI9838537.1
OG0001428	jgi|Fonmu1|11287|Z520_04489T0	jgi|Grascr1|4396|GST1_010145-RA
OG0001435	jgi|Fonmu1|1743|Z520_06376T0	coassemb376_005892-T1
OG0001435	jgi|Fonmu1|1743|Z520_06376T0	KAI4287589.1
OG0001454	jgi|Fonmu1|6052|Z520_09865T0	coassemb376_007399-T1
OG0001473	jgi|Fonmu1|7457|Z520_10429T0	jgi|Fusgr1|2642|FGSG_02304T0
OG0001497	jgi|Fonmu1|8066|Z520_11039T0, jgi|Fonmu1|8070|Z520_11043T0, jgi|Fonmu1|8068|Z520_11041T0	jgi|Sclsc1|3190|SS1G_09646T0
OG0001497	jgi|Fonmu1|8066|Z520_11039T0, jgi|Fonmu1|8070|Z520_11043T0, jgi|Fonmu1|8068|Z520_11041T0	jgi|Dibbae1|9770|DIBA_012322-RA
OG0001512	jgi|Fonmu1|6724|Z520_01934T0	jgi|Sclsc1|6419|SS1G_01919T0
OG0001518	jgi|Fonmu1|539|Z520_00540T0	jgi|Penexp1|8657|PEXP_013540T0
OG0001536	jgi|Fonmu1|6148|Z520_09961T0	jgi|Podan3|211277|mRNA_10105
OG0001572	jgi|Fonmu1|7479|Z520_10451T0	KAI4289398.1
OG0001572	jgi|Fonmu1|7479|Z520_10451T0	jgi|Clagr3|3038|CLAGR_002700-RA
OG0001580	jgi|Fonmu1|1949|Z520_06582T0	KAI4287607.1
OG0001581	jgi|Fonmu1|8079|Z520_11052T0	KAI9825660.1
OG0001609	jgi|Fonmu1|51|Z520_00052T0	KAI9669354.1
OG0001609	jgi|Fonmu1|51|Z520_00052T0	KAI4281491.1
OG0001618	jgi|Fonmu1|12228|Z520_05434T0	jgi|Acastr1|119091|AST1_006272-RA
OG0001624	jgi|Fonmu1|11894|Z520_05099T0	jgi|Sclsc1|5173|SS1G_11629T0
OG0001624	jgi|Fonmu1|11894|Z520_05099T0	jgi|PseVKM4520_1|7991|transcript_KFZ24628
OG0001668	jgi|Fonmu1|4137|Z520_01122T0	coassemb76_009897-T1
OG0001669	jgi|Fonmu1|4078|Z520_01063T0	jgi|Fusgr1|12287|FGSG_10624T0
OG0001702	jgi|Fonmu1|10785|Z520_03986T0	GTX0486b100_005054-T1
OG0001702	jgi|Fonmu1|10785|Z520_03986T0	KAI9839547.1
OG0001704	jgi|Fonmu1|11833|Z520_05038T0	KAI9715680.1
OG0001744	jgi|Fonmu1|11118|Z520_04319T0	jgi|Umbpus1|99583|LPUS_06157T0
OG0001748	jgi|Fonmu1|6047|Z520_09860T0	jgi|Monha1|5511|H072_5647m.01
OG0001752	jgi|Fonmu1|5141|Z520_08952T0	jgi|Grascr1|3314|GST1_008158-RA
OG0001752	jgi|Fonmu1|5141|Z520_08952T0	coassemb64_007656-T1
OG0001761	jgi|Fonmu1|1328|Z520_05958T0	jgi|Dibbae1|10002|DIBA_012243-RA
OG0001761	jgi|Fonmu1|1328|Z520_05958T0	jgi|Acastr1|123619|AST1_006943-RA
OG0001761	jgi|Fonmu1|1328|Z520_05958T0	KAI9816659.1
OG0001761	jgi|Fonmu1|1328|Z520_05958T0	KAI9706590.1
OG0001761	jgi|Fonmu1|1328|Z520_05958T0	GTX0486b100_006239-T1
OG0001761	jgi|Fonmu1|1328|Z520_05958T0	KAI9721713.1
OG0001761	jgi|Fonmu1|1328|Z520_05958T0	KAI9831011.1
OG0001761	jgi|Fonmu1|1328|Z520_05958T0	KAI4286113.1
OG0001761	jgi|Fonmu1|1328|Z520_05958T0	jgi|Clagr3|1519|CLAGR_002313-RA
OG0001761	jgi|Fonmu1|1328|Z520_05958T0	jgi|Altal1|929032|e_gw1.4.906.1
OG0001761	jgi|Fonmu1|1328|Z520_05958T0	jgi|Umbpus1|100022|LPUS_02443T0
OG0001761	jgi|Fonmu1|1328|Z520_05958T0	FUN_000153_T1_FUN_000153
OG0001761	jgi|Fonmu1|1328|Z520_05958T0	coassemb376_006372-T1
OG0001761	jgi|Fonmu1|1328|Z520_05958T0	CAF9930221.1
OG0001764	jgi|Fonmu1|1265|Z520_05895T0, jgi|Fonmu1|6713|Z520_01923T0	jgi|Podan3|209159|mRNA_7987, jgi|Podan3|210190|mRNA_9018
OG0001782	jgi|Fonmu1|1460|Z520_06091T0	FUN_008736_T1_FUN_008736
OG0001796	jgi|Fonmu1|10922|Z520_04123T0	jgi|PseVKM4520_1|2442|transcript_KFZ16962
OG0001841	jgi|Fonmu1|2217|Z520_06850T0	jgi|Acastr1|123786|AST1_006423-RA
OG0001860	jgi|Fonmu1|33|Z520_00034T0	jgi|Aurpu_var_mel1|70521|fgenesh1_pg.47_#_5
OG0001860	jgi|Fonmu1|33|Z520_00034T0	coassemb378_011336-T1
OG0001873	jgi|Fonmu1|11837|Z520_05042T0	jgi|PseVKM4520_1|4677|transcript_KFZ12996
OG0001889	jgi|Fonmu1|2538|Z520_07172T0	KAI9651668.1
OG0001890	jgi|Fonmu1|9122|Z520_11528T0	GTX0466b15_002312-T1
OG0001892	jgi|Fonmu1|7788|Z520_10760T0	KAI9720200.1
OG0001900	jgi|Fonmu1|2605|Z520_07239T0, jgi|Fonmu1|11703|Z520_04908T0	jgi|Podan3|209699|mRNA_8527, jgi|Podan3|207569|mRNA_6397
OG0001900	jgi|Fonmu1|2605|Z520_07239T0, jgi|Fonmu1|11703|Z520_04908T0	CAF9932967.1, CAF9938707.1, CAF9938704.1
OG0001908	jgi|Fonmu1|5152|Z520_08963T0	coassemb378_011231-T1
OG0001909	jgi|Fonmu1|10334|Z520_03732T0	coassemb76_006671-T1
OG0001929	jgi|Fonmu1|7259|Z520_02469T0	jgi|Grascr1|10011|GST1_004182-RA
OG0001932	jgi|Fonmu1|5763|Z520_09576T0	jgi|Neucr_trp3_1|5863|Neucr2.NCU06385T0
OG0001935	jgi|Fonmu1|10109|Z520_03507T0	jgi|Morco1|203785|CE203784_1176
OG0001950	jgi|Fonmu1|5061|Z520_08872T0	jgi|Erypu1|5784|transcript_POS81829
OG0001955	jgi|Fonmu1|4297|Z520_01282T0	KAI9837859.1
OG0001985	jgi|Fonmu1|5784|Z520_09597T0	jgi|Acastr1|124185|AST1_007313-RA
OG0001991	jgi|Fonmu1|478|Z520_00479T0	KAI4091663.1
OG0002008	jgi|Fonmu1|11534|Z520_04739T0	coassemb376_004075-T1
OG0002021	jgi|Fonmu1|9603|Z520_12010T0	jgi|Umbpus1|102516|LPUS_09074T0
OG0002022	jgi|Fonmu1|5966|Z520_09779T0	CAF9938633.1
OG0002035	jgi|Fonmu1|7305|Z520_02515T0	coassemb376_006802-T1
OG0002048	jgi|Fonmu1|3439|Z520_08075T0	CAF9927521.1
OG0002082	jgi|Fonmu1|6734|Z520_01944T0	jgi|Neucr_trp3_1|8808|Neucr2.NCU04822T0
OG0002084	jgi|Fonmu1|3626|Z520_08262T0, jgi|Fonmu1|8651|Z520_02726T0	KAI4087851.1
OG0002105	jgi|Fonmu1|6642|Z520_01852T0	KAI4108199.1
OG0002119	jgi|Fonmu1|2871|Z520_07507T0	coassemb378_007820-T1
OG0002138	jgi|Fonmu1|1673|Z520_06305T0	jgi|Grascr1|1555|GST1_006163-RA
OG0002154	jgi|Fonmu1|1015|Z520_05645T0	jgi|Sclsc1|8089|SS1G_13512T0
OG0002156	jgi|Fonmu1|10872|Z520_04073T0	KAI9712472.1
OG0002214	jgi|Fonmu1|3396|Z520_08032T0	coassemb378_011679-T1
OG0002221	jgi|Fonmu1|11115|Z520_04316T0	jgi|Aurpu_var_mel1|54398|e_gw1.20.209.1
OG0002226	jgi|Fonmu1|12234|Z520_05440T0	jgi|Fusgr1|1996|FGSG_01733T0
OG0002238	jgi|Fonmu1|5305|Z520_09116T0	jgi|Acastr1|123805|AST1_002833-RA
OG0002279	jgi|Fonmu1|4949|Z520_08760T0	KAI9715989.1
OG0002279	jgi|Fonmu1|4949|Z520_08760T0	coassemb378_006065-T1
OG0002283	jgi|Fonmu1|3826|Z520_08463T0	jgi|Sclsc1|13646|SS1G_06675T0
OG0002345	jgi|Fonmu1|5067|Z520_08878T0	coassemb378_002074-T1
OG0002349	jgi|Fonmu1|4656|Z520_01643T0	jgi|Acastr1|122567|AST1_006589-RA
OG0002349	jgi|Fonmu1|4656|Z520_01643T0	jgi|Grascr1|958|GST1_006961-RA
OG0002355	jgi|Fonmu1|5444|Z520_09257T0	KAI4209376.1
OG0002373	jgi|Fonmu1|5799|Z520_09612T0	FUN_005923_T1_FUN_005923
OG0002458	jgi|Fonmu1|8979|Z520_03054T0	CAF9922504.1
OG0002458	jgi|Fonmu1|357|Z520_00358T0	KAI4095057.1
OG0002458	jgi|Fonmu1|357|Z520_00358T0	jgi|Aspni_DSM_1|155094|An01g00290m.01, jgi|Aspni_DSM_1|168257|An17g00430m.01
OG0002458	jgi|Fonmu1|357|Z520_00358T0	jgi|Aurpu_var_mel1|50106|e_gw1.12.486.1
OG0002458	jgi|Fonmu1|357|Z520_00358T0	coassemb378_005600-T1
OG0002458	jgi|Fonmu1|357|Z520_00358T0	CAF9922504.1
OG0002458	jgi|Fonmu1|357|Z520_00358T0	CAF9922504.1
OG0002459	jgi|Fonmu1|9787|Z520_12194T0	jgi|Grascr1|1927|GST1_006382-RA
OG0002488	jgi|Fonmu1|6691|Z520_01901T0	jgi|Acastr1|125060|AST1_002012-RA
OG0002553	jgi|Fonmu1|2842|Z520_07478T0	coassemb376_006157-T1
OG0002575	jgi|Fonmu1|6166|Z520_09979T0	GTX0486b100_008436-T1
OG0002575	jgi|Fonmu1|6166|Z520_09979T0	GTX0494b19_000543-T1
OG0002676	jgi|Fonmu1|2058|Z520_06691T0	KAI9831149.1
OG0002676	jgi|Fonmu1|2058|Z520_06691T0	coassemb376_003947-T1
OG0002682	jgi|Fonmu1|7534|Z520_10506T0	jgi|Erypu1|5639|transcript_POS81857
OG0002705	jgi|Fonmu1|74|Z520_00075T0	KAI4286705.1
OG0002738	jgi|Fonmu1|12006|Z520_05212T0	jgi|Monha1|1364|H072_1364m.01
OG0002738	jgi|Fonmu1|12006|Z520_05212T0	jgi|Sclsc1|3554|SS1G_10010T0
OG0002760	jgi|Fonmu1|5947|Z520_09760T0	jgi|Monha1|5677|H072_5862m.01
OG0002764	jgi|Fonmu1|5246|Z520_09057T0	KAI9812097.1
OG0002764	jgi|Fonmu1|5246|Z520_09057T0	jgi|Ascim1|377009|estExt_fgenesh1_pg.C_420059
OG0002767	jgi|Fonmu1|8257|Z520_11232T0	coassemb378_001833-T1
OG0002769	jgi|Fonmu1|1243|Z520_05873T0	KAI4232683.1
OG0002828	jgi|Fonmu1|7265|Z520_02475T0	jgi|Podan3|207818|mRNA_6646
OG0002870	jgi|Fonmu1|11455|Z520_04660T0	CAF9925069.1, CAF9904013.1
OG0002884	jgi|Fonmu1|6718|Z520_01928T0	jgi|Umbpus1|99828|LPUS_06401T0
OG0002915	jgi|Fonmu1|232|Z520_00233T0	jgi|Podan3|210066|mRNA_8894
OG0002978	jgi|Fonmu1|4586|Z520_01573T0	jgi|Dibbae1|6486|DIBA_008345-RA
OG0002986	jgi|Fonmu1|2114|Z520_06747T0	KAI9717607.1
OG0003013	jgi|Fonmu1|11220|Z520_04422T0	jgi|Sclsc1|8112|SS1G_13535T0
OG0003013	jgi|Fonmu1|11220|Z520_04422T0	KAI4221834.1
OG0003046	jgi|Fonmu1|8711|Z520_02786T0	jgi|Umbpus1|106843|LPUS_05054T0
OG0003218	jgi|Fonmu1|1964|Z520_06597T0	jgi|Umbpus1|101609|LPUS_08336T0
OG0003236	jgi|Fonmu1|2295|Z520_06928T0	jgi|Umbpus1|99689|LPUS_06290T0
OG0003289	jgi|Fonmu1|9737|Z520_12144T0	coassemb76_004571-T1
OG0003368	jgi|Fonmu1|10590|Z520_03791T0	jgi|Umbpus1|100922|LPUS_07632T0
OG0003398	jgi|Fonmu1|10084|Z520_03482T0	jgi|Fusgr1|12761|FGSG_10917T0
OG0003422	jgi|Fonmu1|4077|Z520_01062T0	jgi|Grascr1|6991|GST1_002829-RA
OG0003433	jgi|Fonmu1|5037|Z520_08848T0	jgi|Exoaq1|11004|A1O9_07373T0
OG0003433	jgi|Fonmu1|5037|Z520_08848T0	XP_008712402.1
OG0003465	jgi|Fonmu1|8677|Z520_02752T0	jgi|Grascr1|8572|GST1_003093-RA
OG0003465	jgi|Fonmu1|8677|Z520_02752T0	jgi|Acastr1|126311|AST1_007276-RA
OG0003488	jgi|Fonmu1|11178|Z520_04380T0	jgi|Neucr_trp3_1|1223006|e_gw1.223.19.1
OG0003493	jgi|Fonmu1|1299|Z520_05929T0	coassemb376_007882-T1
OG0003534	jgi|Fonmu1|4710|Z520_01697T0	KAI9724968.1
OG0003578	jgi|Fonmu1|11376|Z520_04580T0	jgi|Fusgr1|5216|FGSG_02990T0
OG0003617	jgi|Fonmu1|6887|Z520_02097T0	CAF9906519.1
OG0003617	jgi|Fonmu1|6707|Z520_01917T0	jgi|Grascr1|7720|GST1_011726-RA
OG0003617	jgi|Fonmu1|6707|Z520_01917T0	jgi|Erypu1|1901|transcript_POS83177
OG0003617	jgi|Fonmu1|6707|Z520_01917T0	jgi|Clagr3|9214|CLAGR_008564-RA
OG0003617	jgi|Fonmu1|6707|Z520_01917T0	coassemb378_006899-T1
OG0003617	jgi|Fonmu1|6707|Z520_01917T0	jgi|PseVKM4520_1|5071|transcript_KFZ12240, jgi|PseVKM4520_1|6189|transcript_KFZ10184
OG0003617	jgi|Fonmu1|6707|Z520_01917T0	jgi|EndpusZ1|4099|EPUS_09402T0
OG0003617	jgi|Fonmu1|6707|Z520_01917T0	CAF9906519.1
OG0003617	jgi|Fonmu1|6707|Z520_01917T0	jgi|EndpusZ1|4099|EPUS_09402T0
OG0003617	jgi|Fonmu1|6707|Z520_01917T0	CAF9906519.1
OG0003617	jgi|Fonmu1|6707|Z520_01917T0	jgi|Podan3|208761|mRNA_7589
OG0003617	jgi|Fonmu1|6707|Z520_01917T0	jgi|Fusgr1|10953|FGSG_09451T0
OG0003629	jgi|Fonmu1|8584|Z520_02659T0	coassemb376_000939-T1
OG0003680	jgi|Fonmu1|1178|Z520_05808T0	jgi|Morco1|577490|gm1.8266_g
OG0003689	jgi|Fonmu1|1030|Z520_05660T0	jgi|Clagr3|7431|CLAGR_007028-RA
OG0003739	jgi|Fonmu1|3708|Z520_08344T0	KAI4289387.1
OG0003750	jgi|Fonmu1|1824|Z520_06457T0	jgi|Umbpus1|101693|LPUS_08431T0
OG0003752	jgi|Fonmu1|7545|Z520_10517T0	jgi|Umbpus1|101274|LPUS_08013T0
OG0003775	jgi|Fonmu1|2613|Z520_07247T0	jgi|Umbpus1|102243|LPUS_08996T0
OG0003783	jgi|Fonmu1|4045|Z520_01030T0	jgi|Umbpus1|101691|LPUS_08429T0
OG0003794	jgi|Fonmu1|12292|Z520_05498T0	KAI9817910.1
OG0003880	jgi|Fonmu1|125|Z520_00126T0	jgi|Umbpus1|105574|LPUS_12582T0
OG0003885	jgi|Fonmu1|9989|Z520_03386T0	jgi|Acastr1|126374|AST1_002463-RA
OG0003978	jgi|Fonmu1|10144|Z520_03542T0	CAF9943228.1
OG0004024	jgi|Fonmu1|6334|Z520_10147T0	jgi|EndpusZ1|3967|EPUS_08731T0
OG0004024	jgi|Fonmu1|6334|Z520_10147T0	KAI4229371.1
OG0004024	jgi|Fonmu1|6334|Z520_10147T0	KAI4234033.1
OG0004024	jgi|Fonmu1|6334|Z520_10147T0	FUN_008170_T1_FUN_008170
OG0004024	jgi|Fonmu1|6334|Z520_10147T0	FUN_008171_T1_FUN_008171
OG0004024	jgi|Fonmu1|6334|Z520_10147T0	jgi|Fusgr1|10244|FGSG_13446T0
OG0004024	jgi|Fonmu1|6334|Z520_10147T0	FUN_008171_T1_FUN_008171
OG0004024	jgi|Fonmu1|6334|Z520_10147T0	jgi|Artol1|7600|AOL_s00097g416m.01
OG0004024	jgi|Fonmu1|6334|Z520_10147T0	jgi|Monha1|4713|H072_4815m.01
OG0004024	jgi|Fonmu1|6334|Z520_10147T0	jgi|Morco1|519369|estExt_Genewise1Plus.C_110257
OG0004024	jgi|Fonmu1|6334|Z520_10147T0	jgi|Sclsc1|5671|SS1G_01172T0
OG0004024	jgi|Fonmu1|6334|Z520_10147T0	CAF9941160.1
OG0004024	jgi|Fonmu1|6334|Z520_10147T0	jgi|Clagr3|5087|CLAGR_005380-RA
OG0004024	jgi|Fonmu1|6334|Z520_10147T0	coassemb378_002070-T1
OG0004024	jgi|Fonmu1|6334|Z520_10147T0	jgi|Acastr1|126173|AST1_001632-RA
OG0004024	jgi|Fonmu1|6334|Z520_10147T0	jgi|Dibbae1|8161|DIBA_011818-RA
OG0004024	jgi|Fonmu1|6334|Z520_10147T0	jgi|Umbpus1|106451|LPUS_04590T0
OG0004032	jgi|Fonmu1|3381|Z520_08017T0	jgi|Umbpus1|101987|LPUS_08764T0
OG0004124	jgi|Fonmu1|6152|Z520_09965T0	jgi|Grascr1|7304|GST1_010154-RA
OG0004200	jgi|Fonmu1|9323|Z520_11729T0	jgi|Erypu1|6121|transcript_POS84939
OG0004200	jgi|Fonmu1|9323|Z520_11729T0	jgi|Sclsc1|11293|SS1G_04322T0
OG0004200	jgi|Fonmu1|9323|Z520_11729T0	jgi|PseVKM4520_1|5544|transcript_KFZ11243
OG0004200	jgi|Fonmu1|9323|Z520_11729T0	jgi|Podan3|203258|mRNA_2086
OG0004200	jgi|Fonmu1|9323|Z520_11729T0	jgi|Fusgr1|9644|FGSG_08597T0
OG0004200	jgi|Fonmu1|9323|Z520_11729T0	jgi|Neucr_trp3_1|219|Neucr2.NCU09093T0, jgi|Neucr_trp3_1|3040|Neucr2.NCU05480T0, jgi|Neucr_trp3_1|1307834|fgenesh1_pm.39_#_1
OG0004250	jgi|Fonmu1|12364|Z520_05570T0	jgi|Monha1|1644|H072_1644m.01
OG0004264	jgi|Fonmu1|80|Z520_00081T0	coassemb378_011412-T1
OG0004318	jgi|Fonmu1|5781|Z520_09594T0	jgi|PseVKM4520_1|3541|transcript_KFZ14981
OG0004369	jgi|Fonmu1|5683|Z520_09496T0	jgi|Morco1|534707|fgenesh1_kg.17_#_43_#_Locus16834v1rpkm0.80
OG0004375	jgi|Fonmu1|9812|Z520_03207T0	GTX0466b15_006757-T1
OG0004419	jgi|Fonmu1|6926|Z520_02136T0	jgi|Acastr1|121195|AST1_003133-RA
OG0004435	jgi|Fonmu1|618|Z520_00620T0	GTX0486b100_006750-T1
OG0004500	jgi|Fonmu1|1038|Z520_05668T0	jgi|Umbpus1|99363|LPUS_05933T0
OG0004527	jgi|Fonmu1|6450|Z520_10264T0	KAI9652523.1
OG0004596	jgi|Fonmu1|130|Z520_00131T0	jgi|Podan3|203261|mRNA_2089
OG0004648	jgi|Fonmu1|3939|Z520_08576T0	jgi|Altal1|938183|e_gw1.13.805.1
OG0004648	jgi|Fonmu1|3939|Z520_08576T0	jgi|Aurpu_var_mel1|88785|gm1.9181_g
OG0004648	jgi|Fonmu1|3939|Z520_08576T0	KAI9657256.1
OG0004648	jgi|Fonmu1|3939|Z520_08576T0	KAI9715029.1
OG0004648	jgi|Fonmu1|3939|Z520_08576T0	coassemb64_005715-T1
OG0004739	jgi|Fonmu1|4175|Z520_01160T0	jgi|Umbpus1|101492|LPUS_08193T0
OG0004760	jgi|Fonmu1|467|Z520_00468T0	jgi|Artol1|5540|AOL_s00079g314m.01
OG0004778	jgi|Fonmu1|1670|Z520_06302T0	coassemb378_004240-T1
OG0004907	jgi|Fonmu1|8950|Z520_03025T0	jgi|Umbpus1|102915|LPUS_09505T0
OG0004946	jgi|Fonmu1|9138|Z520_11544T0	KAI9725621.1
OG0004946	jgi|Fonmu1|9138|Z520_11544T0	KAI9660777.1
OG0004946	jgi|Fonmu1|9138|Z520_11544T0	jgi|Altal1|1044396|estExt_fgenesh1_pm.C_280089
OG0004946	jgi|Fonmu1|9138|Z520_11544T0	jgi|Aurpu_var_mel1|50645|e_gw1.13.8.1
OG0004946	jgi|Fonmu1|9138|Z520_11544T0	KAI9820138.1
OG0004946	jgi|Fonmu1|9138|Z520_11544T0	jgi|Dibbae1|7203|DIBA_010920-RA
OG0004946	jgi|Fonmu1|9138|Z520_11544T0	coassemb378_010210-T1
OG0004946	jgi|Fonmu1|9138|Z520_11544T0	CAF9937023.1
OG0004946	jgi|Fonmu1|9138|Z520_11544T0	jgi|Clagr3|6612|CLAGR_006325-RA
OG0004946	jgi|Fonmu1|9138|Z520_11544T0	coassemb376_005475-T1
OG0004946	jgi|Fonmu1|9138|Z520_11544T0	jgi|Umbpus1|99925|LPUS_06523T0
OG0004946	jgi|Fonmu1|9138|Z520_11544T0	KAI4105652.1
OG0004946	jgi|Fonmu1|9138|Z520_11544T0	GTX0494b19_004679-T1
OG0004946	jgi|Fonmu1|9138|Z520_11544T0	jgi|Grascr1|10038|GST1_004209-RA
OG0004946	jgi|Fonmu1|9138|Z520_11544T0	KAI9837108.1
OG0004951	jgi|Fonmu1|2253|Z520_06886T0	jgi|Acastr1|127638|AST1_004262-RA
OG0004993	jgi|Fonmu1|10433|Z520_12300T0	jgi|Aspni_DSM_1|160798|An07g05740m.01
OG0005015	jgi|Fonmu1|10698|Z520_03899T0	GTX0466b15_000133-T1
OG0005075	jgi|Fonmu1|3174|Z520_07810T0	jgi|Grascr1|10864|GST1_000957-RA
OG0005152	jgi|Fonmu1|7746|Z520_10718T0	jgi|Podan3|206814|mRNA_5642
OG0005152	jgi|Fonmu1|7746|Z520_10718T0	XP_008716112.1
OG0005177	jgi|Fonmu1|2877|Z520_07513T0	jgi|Grascr1|8130|GST1_003831-RA
OG0005212	jgi|Fonmu1|2724|Z520_07359T0	jgi|Sclsc1|572|SS1G_00572T0
OG0005227	jgi|Fonmu1|7569|Z520_10541T0	jgi|Dibbae1|5833|DIBA_008034-RA
OG0005228	jgi|Fonmu1|1318|Z520_05948T0	jgi|Monha1|8323|H072_8618m.01
OG0005288	jgi|Fonmu1|9819|Z520_03214T0	KAJ9656546.1
OG0005312	jgi|Fonmu1|8680|Z520_02755T0, jgi|Fonmu1|8681|Z520_02756T0	jgi|Altal1|957071|estExt_Genewise1.C_4_t30029
OG0005342	jgi|Fonmu1|11200|Z520_04402T0, jgi|Fonmu1|9505|Z520_11912T0	jgi|Fusgr1|1869|FGSG_11980T0
OG0005343	jgi|Fonmu1|6567|Z520_10381T0	coassemb376_004507-T1
OG0005352	jgi|Fonmu1|11768|Z520_04973T0	KAJ9650446.1
OG0005366	jgi|Fonmu1|8264|Z520_11239T0	KAI4231955.1
OG0005391	jgi|Fonmu1|10502|Z520_12369T0	jgi|Aurpu_var_mel1|55537|e_gw1.22.212.1
OG0005391	jgi|Fonmu1|10502|Z520_12369T0	GTX0466b15_008735-T1
OG0005391	jgi|Fonmu1|10502|Z520_12369T0	KAI9701537.1
OG0005391	jgi|Fonmu1|10502|Z520_12369T0	KAI9709173.1
OG0005391	jgi|Fonmu1|10502|Z520_12369T0	GTX0486b100_002403-T1
OG0005391	jgi|Fonmu1|10502|Z520_12369T0	jgi|Umbpus1|104965|LPUS_11799T0
OG0005391	jgi|Fonmu1|10502|Z520_12369T0	jgi|Aspni_DSM_1|169020|An18g05840m.01
OG0005391	jgi|Fonmu1|10502|Z520_12369T0	jgi|Penexp1|8848|PEXP_013040T0
OG0005391	jgi|Fonmu1|10502|Z520_12369T0	coassemb376_002647-T1
OG0005391	jgi|Fonmu1|10502|Z520_12369T0	jgi|Acastr1|127302|AST1_007758-RA
OG0005391	jgi|Fonmu1|10502|Z520_12369T0	KAI9835520.1
OG0005391	jgi|Fonmu1|10502|Z520_12369T0	jgi|Sclsc1|10683|SS1G_03712T0
OG0005391	jgi|Fonmu1|10502|Z520_12369T0	CAF9923644.1, CAF9917473.1
OG0005391	jgi|Fonmu1|10502|Z520_12369T0	jgi|Clagr3|6952|CLAGR_006610-RA
OG0005404	jgi|Fonmu1|4715|Z520_01702T0	FUN_003800_T1_FUN_003800
OG0005404	jgi|Fonmu1|4715|Z520_01702T0	GTX0486b100_003784-T1
OG0005415	jgi|Fonmu1|6801|Z520_02011T0	GTX0486b100_003618-T1
OG0005425	jgi|Fonmu1|11643|Z520_04848T0	jgi|Phach1|1154|rna1153
OG0005427	jgi|Fonmu1|5969|Z520_09782T0	KAI9814970.1
OG0005484	jgi|Fonmu1|2034|Z520_06667T0	jgi|Phach1|1620|rna1619
OG0005484	jgi|Fonmu1|2034|Z520_06667T0	coassemb378_006690-T1
OG0005484	jgi|Fonmu1|2034|Z520_06667T0	jgi|Dibbae1|2337|DIBA_005664-RA
OG0005484	jgi|Fonmu1|2034|Z520_06667T0	KAI9712602.1
OG0005484	jgi|Fonmu1|2034|Z520_06667T0	jgi|Clagr3|668|CLAGR_000659-RA, jgi|Clagr3|2839|CLAGR_002807-RA
OG0005484	jgi|Fonmu1|2034|Z520_06667T0	CAF9922650.1, CAF9905784.1
OG0005484	jgi|Fonmu1|2034|Z520_06667T0	KAI4289157.1
OG0005484	jgi|Fonmu1|2034|Z520_06667T0	FUN_009298_T1_FUN_009298
OG0005484	jgi|Fonmu1|2034|Z520_06667T0	KAI4219559.1, KAI4223318.1
OG0005484	jgi|Fonmu1|2034|Z520_06667T0	KAI4095432.1
OG0005484	jgi|Fonmu1|2034|Z520_06667T0	KAI4109143.1
OG0005484	jgi|Fonmu1|2034|Z520_06667T0	coassemb76_009460-T1
OG0005484	jgi|Fonmu1|2034|Z520_06667T0	jgi|Podan3|208652|mRNA_7480
OG0005484	jgi|Fonmu1|2034|Z520_06667T0	jgi|Clagr3|10117|CLAGR_009699-RA
OG0005484	jgi|Fonmu1|2034|Z520_06667T0	jgi|Clagr3|10117|CLAGR_009699-RA
OG0005484	jgi|Fonmu1|2034|Z520_06667T0	KAI9702126.1
OG0005484	jgi|Fonmu1|2034|Z520_06667T0	GTX0486b100_007629-T1
OG0005505	jgi|Fonmu1|5119|Z520_08930T0	jgi|Acastr1|123637|AST1_009027-RA
OG0005624	jgi|Fonmu1|10465|Z520_12332T0	jgi|Fusgr1|2622|FGSG_02285T0
OG0005624	jgi|Fonmu1|10465|Z520_12332T0	jgi|Altal1|1066176|gm1.10411_g
OG0005624	jgi|Fonmu1|10465|Z520_12332T0	jgi|EndpusZ1|4675|EPUS_02165T0
OG0005624	jgi|Fonmu1|10465|Z520_12332T0	jgi|PseVKM4520_1|8323|transcript_KFZ04459, jgi|PseVKM4520_1|3279|transcript_KFZ15525
OG0005642	jgi|Fonmu1|4109|Z520_01094T0	jgi|Grascr1|5566|GST1_001888-RA
OG0005657	jgi|Fonmu1|12097|Z520_05303T0, jgi|Fonmu1|9522|Z520_11929T0, jgi|Fonmu1|10495|Z520_12362T0, jgi|Fonmu1|9525|Z520_11932T0, jgi|Fonmu1|5052|Z520_08863T0	jgi|Dibbae1|10027|DIBA_002947-RA
OG0005657	jgi|Fonmu1|12097|Z520_05303T0, jgi|Fonmu1|9522|Z520_11929T0, jgi|Fonmu1|10495|Z520_12362T0, jgi|Fonmu1|9525|Z520_11932T0, jgi|Fonmu1|5052|Z520_08863T0	jgi|Clagr3|11138|CLAGR_010750-RA
OG0005657	jgi|Fonmu1|12097|Z520_05303T0, jgi|Fonmu1|9522|Z520_11929T0, jgi|Fonmu1|10495|Z520_12362T0, jgi|Fonmu1|9525|Z520_11932T0, jgi|Fonmu1|5052|Z520_08863T0	jgi|Monha1|5041|H072_5147m.01
OG0005662	jgi|Fonmu1|10129|Z520_03527T0	KAI9719829.1
OG0005662	jgi|Fonmu1|10129|Z520_03527T0	jgi|Grascr1|2591|GST1_006896-RA
OG0005662	jgi|Fonmu1|10129|Z520_03527T0	CAF9941370.1
OG0005682	jgi|Fonmu1|1370|Z520_06000T0	jgi|Dibbae1|11879|DIBA_001053-RA
OG0005703	jgi|Fonmu1|4668|Z520_01655T0, jgi|Fonmu1|11240|Z520_04442T0	jgi|Neucr_trp3_1|5771|Neucr2.NCU07660T0
OG0005703	jgi|Fonmu1|4668|Z520_01655T0, jgi|Fonmu1|11240|Z520_04442T0	jgi|Penexp1|5410|PEXP_058710T0
OG0005718	jgi|Fonmu1|5617|Z520_09430T0	GTX0466b15_006999-T1
OG0005816	jgi|Fonmu1|4959|Z520_08770T0	KAI4267027.1
OG0005825	jgi|Fonmu1|7060|Z520_02270T0	KAI9705914.1
OG0005829	jgi|Fonmu1|3061|Z520_07697T0	jgi|Penexp1|9658|PEXP_099650T0
OG0005829	jgi|Fonmu1|3061|Z520_07697T0	jgi|Aspni_DSM_1|158666|An03g06800m.01
OG0005829	jgi|Fonmu1|3061|Z520_07697T0	jgi|Cocpo1_1|5852|XM_003070805.1
OG0005829	jgi|Fonmu1|3061|Z520_07697T0	jgi|Phach1|2257|rna2256
OG0005829	jgi|Fonmu1|3061|Z520_07697T0	jgi|EndpusZ1|6936|EPUS_00436T0
OG0005850	jgi|Fonmu1|6806|Z520_02016T0	jgi|Clagr3|11036|CLAGR_010911-RA
OG0005885	jgi|Fonmu1|8546|Z520_11522T0	CAF9917154.1, CAF9905518.1, CAF9927105.1
OG0005904	jgi|Fonmu1|208|Z520_00209T0, jgi|Fonmu1|71|Z520_00072T0	jgi|PseVKM4520_1|5407|transcript_KFZ11491
OG0005915	jgi|Fonmu1|6201|Z520_10014T0	jgi|Altal1|932956|e_gw1.8.890.1
OG0005921	jgi|Fonmu1|2346|Z520_06979T0	jgi|Grascr1|2195|GST1_001314-RA
OG0005921	jgi|Fonmu1|2346|Z520_06979T0	jgi|Monha1|9690|H072_10193m.01
OG0005978	jgi|Fonmu1|6792|Z520_02002T0	coassemb376_005815-T1
OG0006001	jgi|Fonmu1|7930|Z520_10903T0	jgi|Grascr1|7261|GST1_010884-RA
OG0006003	jgi|Fonmu1|5989|Z520_09802T0, jgi|Fonmu1|7311|Z520_02521T0	coassemb378_011469-T1
OG0006137	jgi|Fonmu1|11683|Z520_04888T0	jgi|Grascr1|745|GST1_008999-RA
OG0006153	jgi|Fonmu1|6416|Z520_10230T0	jgi|Capcor1|97911|A1O1_05073T0
OG0006180	jgi|Fonmu1|10398|Z520_12265T0	CAF9942121.1
OG0006180	jgi|Fonmu1|10398|Z520_12265T0	jgi|Artol1|335|AOL_s00004g334m.01
OG0006180	jgi|Fonmu1|10398|Z520_12265T0	jgi|Acastr1|124484|AST1_001611-RA
OG0006180	jgi|Fonmu1|10398|Z520_12265T0	KAI9658845.1
OG0006265	jgi|Fonmu1|7641|Z520_10613T0	jgi|Artol1|2364|AOL_s00043g527m.01
OG0006292	jgi|Fonmu1|11517|Z520_04722T0	KAI4228881.1
OG0006312	jgi|Fonmu1|10304|Z520_03702T0	coassemb378_011409-T1
OG0006313	jgi|Fonmu1|8021|Z520_10994T0	GTX0486b100_008052-T1
OG0006375	jgi|Fonmu1|5026|Z520_08837T0	coassemb76_006523-T1
OG0006375	jgi|Fonmu1|5026|Z520_08837T0	XP_008719663.1
OG0006463	jgi|Fonmu1|9595|Z520_12002T0, jgi|Fonmu1|315|Z520_00316T0	jgi|Penexp1|10962|PEXP_021960T0
OG0006502	jgi|Fonmu1|2769|Z520_07404T0	jgi|Fusgr1|5160|FGSG_03039T0
OG0006638	jgi|Fonmu1|9986|Z520_03383T0	jgi|Dibbae1|8770|DIBA_002263-RA
OG0006638	jgi|Fonmu1|9986|Z520_03383T0	jgi|Artol1|6195|AOL_s00081g25m.01
OG0006638	jgi|Fonmu1|9986|Z520_03383T0	jgi|Clagr3|6591|CLAGR_006304-RA
OG0006706	jgi|Fonmu1|10545|Z520_03746T0	coassemb64_003206-T1
OG0006706	jgi|Fonmu1|10545|Z520_03746T0	coassemb64_003206-T1
OG0006706	jgi|Fonmu1|10545|Z520_03746T0	jgi|PseVKM4520_1|7958|transcript_KFZ24649
OG0006706	jgi|Fonmu1|10545|Z520_03746T0	KAI9839473.1
OG0006758	jgi|Fonmu1|5107|Z520_08918T0	jgi|Artol1|5650|AOL_s00079g424m.01
OG0006759	jgi|Fonmu1|3918|Z520_08555T0	CAF9925470.1
OG0006768	jgi|Fonmu1|6741|Z520_01951T0	jgi|Cocpo1_1|611|XM_003065563.1
OG0006768	jgi|Fonmu1|6741|Z520_01951T0	jgi|Penexp1|92|PEXP_020470T0
OG0006768	jgi|Fonmu1|6741|Z520_01951T0	jgi|Aspni_DSM_1|168247|An17g00330m.01
OG0006768	jgi|Fonmu1|6741|Z520_01951T0	jgi|Aurpu_var_mel1|14796|gw1.1.722.1
OG0006768	jgi|Fonmu1|6741|Z520_01951T0	jgi|Sclsc1|2379|SS1G_08835T0, jgi|Sclsc1|12791|SS1G_05820T0
OG0006768	jgi|Fonmu1|6741|Z520_01951T0	jgi|Altal1|982022|estExt_Genewise1Plus.C_3_t30042
OG0006860	jgi|Fonmu1|6732|Z520_01942T0	jgi|Penexp1|61|PEXP_021520T0
OG0006945	jgi|Fonmu1|7417|Z520_10388T0	GTX0466b15_009134-T1, GTX0466b15_003812-T1
OG0006954	jgi|Fonmu1|10251|Z520_03649T0	jgi|EndpusZ1|5846|EPUS_09116T0
OG0006954	jgi|Fonmu1|10251|Z520_03649T0	jgi|Dibbae1|3607|DIBA_007345-RA
OG0006954	jgi|Fonmu1|10251|Z520_03649T0	jgi|PseVKM4520_1|986|transcript_KFZ19741
OG0006954	jgi|Fonmu1|10251|Z520_03649T0	coassemb64_002060-T1
OG0007057	jgi|Fonmu1|1365|Z520_05995T0	jgi|Neucr_trp3_1|1310622|fgenesh1_pm.88_#_4
OG0007174	jgi|Fonmu1|11943|Z520_05148T0	GTX0466b15_004339-T1
OG0007290	jgi|Fonmu1|10320|Z520_03718T0	jgi|PseVKM4520_1|1308|transcript_KFZ19197
OG0007331	jgi|Fonmu1|413|Z520_00414T0	jgi|Umbpus1|99812|LPUS_06386T0
OG0007748	jgi|Fonmu1|6534|Z520_10348T0	jgi|Altal1|941203|e_gw1.17.125.1
OG0007857	jgi|Fonmu1|6002|Z520_09815T0	KAI4218735.1
OG0007995	jgi|Fonmu1|2902|Z520_07538T0	KAJ9654690.1
OG0008446	jgi|Fonmu1|4270|Z520_01255T0	jgi|PseVKM4520_1|3938|transcript_KFZ14307
OG0008446	jgi|Fonmu1|4270|Z520_01255T0	jgi|Podan3|206870|mRNA_5698
OG0008446	jgi|Fonmu1|4270|Z520_01255T0	jgi|Aurpu_var_mel1|71060|fgenesh1_pm.1_#_280
OG0008446	jgi|Fonmu1|4270|Z520_01255T0	jgi|Aspni_DSM_1|159504|An04g08210m.01
OG0008446	jgi|Fonmu1|4270|Z520_01255T0	jgi|Penexp1|9921|PEXP_016440T0
