Orthogroup	Fusgr1_GeneCatalog_proteins_20110524.aa	Other
OG0000000	jgi|Fusgr1|11166|FGSG_09640T0	CAF9931851.1
OG0000000	jgi|Fusgr1|11166|FGSG_09640T0	jgi|Exoaq1|3558|A1O9_11078T0
OG0000000	jgi|Fusgr1|3501|FGSG_04505T0	jgi|Exoaq1|3410|A1O9_10929T0
OG0000000	jgi|Fusgr1|3495|FGSG_12239T0	KAI4109131.1
OG0000000	jgi|Fusgr1|8800|FGSG_13170T0	KAI4090072.1
OG0000000	jgi|Fusgr1|8800|FGSG_13170T0	jgi|EndpusZ1|3758|EPUS_07130T0
OG0000001	jgi|Fusgr1|4665|FGSG_03464T0, jgi|Fusgr1|8673|FGSG_07489T0, jgi|Fusgr1|5511|FGSG_04731T0	jgi|Podan3|208805|mRNA_7633
OG0000002	jgi|Fusgr1|5067|FGSG_03117T0	KAJ9652770.1
OG0000003	jgi|Fusgr1|5577|FGSG_12613T0	jgi|Dibbae1|10627|DIBA_003191-RA
OG0000003	jgi|Fusgr1|5577|FGSG_12613T0	KAI4232974.1
OG0000004	jgi|Fusgr1|3650|FGSG_04370T0	jgi|Exoaq1|11121|A1O9_07456T0
OG0000004	jgi|Fusgr1|5352|FGSG_02869T0	coassemb378_002494-T1
OG0000008	jgi|Fusgr1|4442|FGSG_03669T0	coassemb378_005289-T1
OG0000008	jgi|Fusgr1|160|FGSG_00130T0	coassemb378_004363-T1
OG0000008	jgi|Fusgr1|160|FGSG_00130T0	coassemb64_004636-T1
OG0000008	jgi|Fusgr1|2495|FGSG_02180T0	jgi|Fonmu1|5786|Z520_09599T0
OG0000010	jgi|Fusgr1|3308|FGSG_04672T0	KAJ9654589.1
OG0000010	jgi|Fusgr1|8870|FGSG_07669T0	CAF9932876.1
OG0000011	jgi|Fusgr1|4468|FGSG_03646T0	jgi|Penexp1|1017|PEXP_096440T0
OG0000011	jgi|Fusgr1|3314|FGSG_12204T0	jgi|EndpusZ1|5497|EPUS_00653T0
OG0000012	jgi|Fusgr1|10858|FGSG_09370T0	jgi|Altal1|936260|e_gw1.11.581.1
OG0000012	jgi|Fusgr1|8980|FGSG_07757T0, jgi|Fusgr1|5530|FGSG_04749T0	jgi|Altal1|560505|CE560504_3234
OG0000014	jgi|Fusgr1|5372|FGSG_12566T0	KAI4208758.1
OG0000015	jgi|Fusgr1|51|FGSG_11655T0	jgi|Cocpo1_1|2685|XM_003067638.1
OG0000015	jgi|Fusgr1|51|FGSG_11655T0	jgi|Penexp1|3668|PEXP_085500T0
OG0000015	jgi|Fusgr1|51|FGSG_11655T0	jgi|Aspni_DSM_1|162661|An09g02000m.01
OG0000015	jgi|Fusgr1|7030|FGSG_06068T0	jgi|Aspni_DSM_1|163638|An11g03940m.01, jgi|Aspni_DSM_1|166170|An14g03870m.01
OG0000017	jgi|Fusgr1|11926|FGSG_10310T0	XP_008715630.1
OG0000024	jgi|Fusgr1|6889|FGSG_05940T0	jgi|Altal1|928293|e_gw1.3.1200.1
OG0000025	jgi|Fusgr1|2602|FGSG_02268T0	jgi|Exoaq1|11624|A1O9_07960T0
OG0000027	jgi|Fusgr1|6723|FGSG_05792T0	jgi|Penexp1|2017|PEXP_024290T0
OG0000033	jgi|Fusgr1|2422|FGSG_02117T0, jgi|Fusgr1|10648|FGSG_09195T0, jgi|Fusgr1|6191|FGSG_05334T0	jgi|Grascr1|7424|GST1_012001-RA
OG0000033	jgi|Fusgr1|2422|FGSG_02117T0, jgi|Fusgr1|10648|FGSG_09195T0	coassemb378_000587-T1
OG0000033	jgi|Fusgr1|2055|FGSG_01786T0	jgi|Exoaq1|1692|A1O9_01698T0
OG0000033	jgi|Fusgr1|95|FGSG_00071T0, jgi|Fusgr1|3052|FGSG_02672T0, jgi|Fusgr1|5495|FGSG_04717T0, jgi|Fusgr1|12667|FGSG_11002T0, jgi|Fusgr1|10116|FGSG_08187T0	jgi|Exoaq1|5505|A1O9_03029T0, jgi|Exoaq1|2387|A1O9_09913T0
OG0000038	jgi|Fusgr1|5068|FGSG_03116T0, jgi|Fusgr1|4626|FGSG_03500T0, jgi|Fusgr1|2486|FGSG_02172T0	jgi|Dibbae1|4142|DIBA_008763-RA
OG0000038	jgi|Fusgr1|11675|FGSG_10086T0, jgi|Fusgr1|4455|FGSG_03658T0	jgi|Dibbae1|6222|DIBA_009290-RA
OG0000042	jgi|Fusgr1|7472|FGSG_06464T0	jgi|Altal1|937936|e_gw1.13.91.1
OG0000042	jgi|Fusgr1|7472|FGSG_06464T0	jgi|Aurpu_var_mel1|67995|fgenesh1_pg.18_#_182
OG0000043	jgi|Fusgr1|9166|FGSG_07920T0, jgi|Fusgr1|6642|FGSG_05725T0	jgi|Neucr_trp3_1|5665|Neucr2.NCU09739T0
OG0000043	jgi|Fusgr1|9166|FGSG_07920T0, jgi|Fusgr1|6642|FGSG_05725T0	jgi|Neucr_trp3_1|5665|Neucr2.NCU09739T0
OG0000043	jgi|Fusgr1|9166|FGSG_07920T0, jgi|Fusgr1|6642|FGSG_05725T0	jgi|Exoaq1|3472|A1O9_10991T0
OG0000043	jgi|Fusgr1|4384|FGSG_03723T0	GTX0466b15_007331-T1
OG0000053	jgi|Fusgr1|12249|FGSG_10588T0	CAF9904081.1
OG0000055	jgi|Fusgr1|8399|FGSG_07252T0	jgi|Clagr3|2322|CLAGR_001720-RA
OG0000057	jgi|Fusgr1|2767|FGSG_12134T0, jgi|Fusgr1|3417|FGSG_04581T0	KAI9749727.1
OG0000057	jgi|Fusgr1|2767|FGSG_12134T0, jgi|Fusgr1|3417|FGSG_04581T0	jgi|Acastr1|120756|AST1_005982-RA
OG0000057	jgi|Fusgr1|2767|FGSG_12134T0, jgi|Fusgr1|3417|FGSG_04581T0	jgi|Penexp1|4503|PEXP_032230T0
OG0000057	jgi|Fusgr1|2767|FGSG_12134T0, jgi|Fusgr1|3417|FGSG_04581T0	KAI9725373.1
OG0000057	jgi|Fusgr1|2767|FGSG_12134T0, jgi|Fusgr1|3417|FGSG_04581T0	jgi|PseVKM4520_1|9968|transcript_KFZ24337
OG0000057	jgi|Fusgr1|2767|FGSG_12134T0, jgi|Fusgr1|3417|FGSG_04581T0	GTX0486b100_005609-T1
OG0000057	jgi|Fusgr1|2767|FGSG_12134T0, jgi|Fusgr1|3417|FGSG_04581T0	KAI4105630.1
OG0000057	jgi|Fusgr1|2767|FGSG_12134T0, jgi|Fusgr1|3417|FGSG_04581T0	jgi|Dibbae1|8837|DIBA_011841-RA
OG0000057	jgi|Fusgr1|2767|FGSG_12134T0, jgi|Fusgr1|3417|FGSG_04581T0	coassemb376_001135-T1
OG0000057	jgi|Fusgr1|2767|FGSG_12134T0, jgi|Fusgr1|3417|FGSG_04581T0	jgi|Monha1|9665|H072_10163m.01
OG0000057	jgi|Fusgr1|2767|FGSG_12134T0, jgi|Fusgr1|3417|FGSG_04581T0	FUN_005600_T1_FUN_005600
OG0000057	jgi|Fusgr1|2767|FGSG_12134T0, jgi|Fusgr1|3417|FGSG_04581T0	FUN_005600_T1_FUN_005600
OG0000057	jgi|Fusgr1|4571|FGSG_03551T0	jgi|Podan3|204746|mRNA_3574
OG0000057	jgi|Fusgr1|4571|FGSG_03551T0	jgi|Podan3|204746|mRNA_3574
OG0000057	jgi|Fusgr1|4571|FGSG_03551T0	coassemb64_006558-T1
OG0000057	jgi|Fusgr1|4571|FGSG_03551T0	jgi|Fonmu1|9360|Z520_11766T0
OG0000057	jgi|Fusgr1|4571|FGSG_03551T0	jgi|Claba1|130154|Z519_08461T0
OG0000057	jgi|Fusgr1|4571|FGSG_03551T0	jgi|Clagr3|9344|CLAGR_009043-RA
OG0000057	jgi|Fusgr1|4571|FGSG_03551T0	CAF9943061.1
OG0000057	jgi|Fusgr1|4571|FGSG_03551T0	jgi|Exoaq1|6021|A1O9_03551T0
OG0000057	jgi|Fusgr1|4571|FGSG_03551T0	XP_008719464.1
OG0000057	jgi|Fusgr1|4571|FGSG_03551T0	jgi|Sclsc1|8723|SS1G_02138T0
OG0000057	jgi|Fusgr1|4571|FGSG_03551T0	jgi|Penexp1|6845|PEXP_080850T0
OG0000057	jgi|Fusgr1|4571|FGSG_03551T0	jgi|Grascr1|8261|GST1_003172-RA
OG0000057	jgi|Fusgr1|4571|FGSG_03551T0	coassemb378_001181-T1
OG0000061	jgi|Fusgr1|13042|FGSG_11473T0, jgi|Fusgr1|12170|FGSG_10521T0	jgi|Clagr3|3920|CLAGR_003743-RA
OG0000063	jgi|Fusgr1|12329|FGSG_13806T0	jgi|Umbpus1|99717|LPUS_02360T0
OG0000073	jgi|Fusgr1|4450|FGSG_12400T0	KAI9836986.1
OG0000073	jgi|Fusgr1|4450|FGSG_12400T0	jgi|Claba1|133831|Z519_11232T0
OG0000073	jgi|Fusgr1|4450|FGSG_12400T0	jgi|Fonmu1|7348|Z520_02559T0
OG0000073	jgi|Fusgr1|4450|FGSG_12400T0	coassemb64_008161-T1
OG0000073	jgi|Fusgr1|4450|FGSG_12400T0	jgi|Exoaq1|10521|A1O9_06889T0
OG0000073	jgi|Fusgr1|4450|FGSG_12400T0	jgi|Capcor1|96694|A1O1_03844T0
OG0000073	jgi|Fusgr1|4450|FGSG_12400T0	jgi|Altal1|646393|CE646392_1267
OG0000074	jgi|Fusgr1|6637|FGSG_05721T0	coassemb378_008734-T1
OG0000079	jgi|Fusgr1|13096|FGSG_11427T0	KAI4287114.1
OG0000080	jgi|Fusgr1|10666|FGSG_09210T0, jgi|Fusgr1|3485|FGSG_04517T0	jgi|Aurpu_var_mel1|72038|fgenesh1_pm.2_#_249
OG0000080	jgi|Fusgr1|10666|FGSG_09210T0, jgi|Fusgr1|3485|FGSG_04517T0	coassemb76_002910-T1
OG0000080	jgi|Fusgr1|10666|FGSG_09210T0, jgi|Fusgr1|3485|FGSG_04517T0	XP_008715417.1, XP_008720023.1, XP_008712494.1
OG0000080	jgi|Fusgr1|5154|FGSG_03045T0	CAF9935426.1
OG0000080	jgi|Fusgr1|5154|FGSG_03045T0	jgi|Fonmu1|6290|Z520_10103T0
OG0000087	jgi|Fusgr1|7833|FGSG_06775T0	jgi|Grascr1|5981|GST1_011598-RA
OG0000089	jgi|Fusgr1|6643|FGSG_12795T0	jgi|Exoaq1|3473|A1O9_10992T0
OG0000097	jgi|Fusgr1|8091|FGSG_07000T0	KAI4264560.1
OG0000101	jgi|Fusgr1|4836|FGSG_03318T0	KAI9659590.1
OG0000101	jgi|Fusgr1|4836|FGSG_03318T0	jgi|Aspni_DSM_1|165047|An12g07490m.01
OG0000101	jgi|Fusgr1|10296|FGSG_08024T0	CAF9918053.1
OG0000101	jgi|Fusgr1|5436|FGSG_02792T0	jgi|Exoaq1|5205|A1O9_02728T0
OG0000108	jgi|Fusgr1|13026|FGSG_11486T0	coassemb64_004549-T1
OG0000115	jgi|Fusgr1|7915|FGSG_06853T0	jgi|EndpusZ1|5818|EPUS_06007T0
OG0000127	jgi|Fusgr1|9109|FGSG_07870T0	jgi|Exoaq1|5162|A1O9_02685T0
OG0000144	jgi|Fusgr1|8808|FGSG_07614T0	jgi|Clagr3|667|CLAGR_000658-RA
OG0000144	jgi|Fusgr1|8808|FGSG_07614T0	jgi|Dibbae1|4934|DIBA_008464-RA
OG0000144	jgi|Fusgr1|8808|FGSG_07614T0	jgi|Grascr1|812|GST1_008983-RA
OG0000160	jgi|Fusgr1|10148|FGSG_08156T0	jgi|EndpusZ1|1203|EPUS_00014T0
OG0000160	jgi|Fusgr1|10148|FGSG_08156T0	jgi|Fonmu1|8828|Z520_02903T0
OG0000160	jgi|Fusgr1|10148|FGSG_08156T0	jgi|Altal1|938129|e_gw1.13.798.1
OG0000164	jgi|Fusgr1|10134|FGSG_08169T0, jgi|Fusgr1|8681|FGSG_07496T0	jgi|Podan3|206414|mRNA_5242
OG0000170	jgi|Fusgr1|5346|FGSG_02875T0	jgi|Altal1|702313|CE702312_36332, jgi|Altal1|993239|estExt_Genewise1Plus.C_15_t20144
OG0000170	jgi|Fusgr1|5346|FGSG_02875T0	jgi|Penexp1|120|PEXP_020750T0
OG0000176	jgi|Fusgr1|2600|FGSG_02266T0	KAJ9653578.1
OG0000176	jgi|Fusgr1|2600|FGSG_02266T0	XP_008713361.1
OG0000176	jgi|Fusgr1|2600|FGSG_02266T0	jgi|Exoaq1|11622|A1O9_07958T0
OG0000192	jgi|Fusgr1|4838|FGSG_03316T0	jgi|Aspni_DSM_1|159911|An05g01960m.01
OG0000192	jgi|Fusgr1|4838|FGSG_03316T0	XP_008715063.1, XP_008721146.1, XP_008716705.1
OG0000196	jgi|Fusgr1|10137|FGSG_08166T0, jgi|Fusgr1|156|FGSG_00126T0	jgi|Cocpo1_1|3633|XM_003068586.1
OG0000200	jgi|Fusgr1|3068|FGSG_02688T0, jgi|Fusgr1|4515|FGSG_12409T0	coassemb376_003842-T1
OG0000200	jgi|Fusgr1|3068|FGSG_02688T0, jgi|Fusgr1|4515|FGSG_12409T0	jgi|Dibbae1|3157|DIBA_001950-RA
OG0000200	jgi|Fusgr1|3068|FGSG_02688T0, jgi|Fusgr1|4515|FGSG_12409T0	coassemb378_001191-T1
OG0000200	jgi|Fusgr1|3068|FGSG_02688T0, jgi|Fusgr1|4515|FGSG_12409T0	jgi|Umbpus1|104280|LPUS_11004T0
OG0000200	jgi|Fusgr1|3068|FGSG_02688T0, jgi|Fusgr1|4515|FGSG_12409T0	KAI9724052.1
OG0000200	jgi|Fusgr1|3068|FGSG_02688T0, jgi|Fusgr1|4515|FGSG_12409T0	KAI9705528.1
OG0000200	jgi|Fusgr1|3068|FGSG_02688T0, jgi|Fusgr1|4515|FGSG_12409T0	GTX0486b100_002855-T1
OG0000200	jgi|Fusgr1|3068|FGSG_02688T0, jgi|Fusgr1|4515|FGSG_12409T0	jgi|Acastr1|127203|AST1_008029-RA
OG0000200	jgi|Fusgr1|3068|FGSG_02688T0, jgi|Fusgr1|4515|FGSG_12409T0	jgi|Capcor1|95341|A1O1_02480T0
OG0000200	jgi|Fusgr1|3068|FGSG_02688T0, jgi|Fusgr1|4515|FGSG_12409T0	jgi|Claba1|132932|Z519_01410T0
OG0000200	jgi|Fusgr1|3068|FGSG_02688T0, jgi|Fusgr1|4515|FGSG_12409T0	jgi|Fonmu1|6673|Z520_01883T0
OG0000200	jgi|Fusgr1|3068|FGSG_02688T0, jgi|Fusgr1|4515|FGSG_12409T0	jgi|Exoaq1|2341|A1O9_09867T0
OG0000200	jgi|Fusgr1|3068|FGSG_02688T0, jgi|Fusgr1|4515|FGSG_12409T0	coassemb64_003186-T1
OG0000200	jgi|Fusgr1|3068|FGSG_02688T0, jgi|Fusgr1|4515|FGSG_12409T0	KAJ9653682.1
OG0000200	jgi|Fusgr1|3068|FGSG_02688T0, jgi|Fusgr1|4515|FGSG_12409T0	jgi|Phach1|4648|rna4647
OG0000200	jgi|Fusgr1|3068|FGSG_02688T0, jgi|Fusgr1|4515|FGSG_12409T0	jgi|Cocpo1_1|2134|XM_003067087.1
OG0000200	jgi|Fusgr1|3068|FGSG_02688T0, jgi|Fusgr1|4515|FGSG_12409T0	KAI9747683.1
OG0000200	jgi|Fusgr1|3068|FGSG_02688T0, jgi|Fusgr1|4515|FGSG_12409T0	jgi|Penexp1|8156|PEXP_074970T0, jgi|Penexp1|10006|PEXP_017290T0
OG0000200	jgi|Fusgr1|3068|FGSG_02688T0, jgi|Fusgr1|4515|FGSG_12409T0	jgi|Aspni_DSM_1|165769|An13g03890m.01
OG0000200	jgi|Fusgr1|3068|FGSG_02688T0, jgi|Fusgr1|4515|FGSG_12409T0	jgi|Aurpu_var_mel1|68723|fgenesh1_pg.23_#_45
OG0000200	jgi|Fusgr1|3068|FGSG_02688T0, jgi|Fusgr1|4515|FGSG_12409T0	jgi|Altal1|932470|e_gw1.7.285.1
OG0000200	jgi|Fusgr1|3068|FGSG_02688T0, jgi|Fusgr1|4515|FGSG_12409T0	KAI9728211.1
OG0000200	jgi|Fusgr1|8959|FGSG_13210T0, jgi|Fusgr1|2469|FGSG_02158T0	jgi|Grascr1|8319|GST1_012131-RA
OG0000201	jgi|Fusgr1|391|FGSG_00314T0	coassemb378_001789-T1
OG0000202	jgi|Fusgr1|8832|FGSG_07636T0	jgi|Capcor1|93986|A1O1_01123T0
OG0000202	jgi|Fusgr1|8832|FGSG_07636T0	coassemb378_004819-T1
OG0000202	jgi|Fusgr1|8832|FGSG_07636T0	coassemb64_004221-T1
OG0000202	jgi|Fusgr1|8832|FGSG_07636T0	XP_008711855.1
OG0000202	jgi|Fusgr1|8832|FGSG_07636T0	jgi|Phach1|3964|rna3963
OG0000202	jgi|Fusgr1|8832|FGSG_07636T0	GTX0466b15_005538-T1
OG0000202	jgi|Fusgr1|8832|FGSG_07636T0	coassemb76_003082-T1
OG0000202	jgi|Fusgr1|8832|FGSG_07636T0	jgi|Aurpu_var_mel1|39366|e_gw1.2.1326.1
OG0000202	jgi|Fusgr1|8832|FGSG_07636T0	jgi|Exoaq1|1538|A1O9_01544T0, jgi|Exoaq1|8439|A1O9_04976T0
OG0000209	jgi|Fusgr1|7897|FGSG_06835T0	jgi|Acastr1|123098|AST1_004223-RA
OG0000209	jgi|Fusgr1|7897|FGSG_06835T0	KAI9714216.1
OG0000214	jgi|Fusgr1|4397|FGSG_03711T0	jgi|Phach1|2244|rna2243
OG0000214	jgi|Fusgr1|4397|FGSG_03711T0	coassemb64_006200-T1
OG0000214	jgi|Fusgr1|4397|FGSG_03711T0	jgi|Exoaq1|8773|A1O9_05197T0
OG0000214	jgi|Fusgr1|4397|FGSG_03711T0	jgi|Capcor1|93016|A1O1_00145T0
OG0000214	jgi|Fusgr1|4397|FGSG_03711T0	jgi|Fonmu1|10818|Z520_04019T0
OG0000214	jgi|Fusgr1|4397|FGSG_03711T0	jgi|Claba1|136832|Z519_03366T0
OG0000214	jgi|Fusgr1|4397|FGSG_03711T0	XP_008720124.1
OG0000214	jgi|Fusgr1|4397|FGSG_03711T0	GTX0466b15_006014-T1
OG0000214	jgi|Fusgr1|4397|FGSG_03711T0	coassemb76_004472-T1
OG0000214	jgi|Fusgr1|4397|FGSG_03711T0	KAJ9657599.1
OG0000214	jgi|Fusgr1|4397|FGSG_03711T0	jgi|PseVKM4520_1|1086|transcript_KFZ19550
OG0000214	jgi|Fusgr1|4397|FGSG_03711T0	jgi|Sclsc1|8297|SS1G_13720T0, jgi|Sclsc1|2731|SS1G_09187T0
OG0000214	jgi|Fusgr1|4397|FGSG_03711T0	jgi|Aspni_DSM_1|157308|An02g07880m.01
OG0000214	jgi|Fusgr1|4397|FGSG_03711T0	jgi|Penexp1|4081|PEXP_031540T0
OG0000217	jgi|Fusgr1|5705|FGSG_04895T0	jgi|Grascr1|9385|GST1_011897-RA
OG0000225	jgi|Fusgr1|6322|FGSG_05446T0	KAI4288535.1
OG0000238	jgi|Fusgr1|3901|FGSG_04143T0	KAI9828742.1
OG0000238	jgi|Fusgr1|3901|FGSG_04143T0	KAI9753701.1
OG0000238	jgi|Fusgr1|3901|FGSG_04143T0	coassemb378_007912-T1
OG0000238	jgi|Fusgr1|3901|FGSG_04143T0	jgi|Clagr3|835|CLAGR_000825-RA
OG0000238	jgi|Fusgr1|3901|FGSG_04143T0	CAF9908894.1
OG0000238	jgi|Fusgr1|3901|FGSG_04143T0	jgi|Grascr1|1283|GST1_006666-RA
OG0000238	jgi|Fusgr1|3901|FGSG_04143T0	jgi|Dibbae1|3934|DIBA_006906-RA
OG0000238	jgi|Fusgr1|3901|FGSG_04143T0	jgi|Acastr1|127451|AST1_000267-RA
OG0000238	jgi|Fusgr1|4528|FGSG_03591T0, jgi|Fusgr1|12980|FGSG_10729T0, jgi|Fusgr1|1306|FGSG_11903T0	jgi|Altal1|2778|CE2777_3532
OG0000238	jgi|Fusgr1|1306|FGSG_11903T0	jgi|Artol1|7140|AOL_s00091g31m.01
OG0000238	jgi|Fusgr1|12735|FGSG_10939T0	jgi|Aurpu_var_mel1|49698|e_gw1.11.49.1
OG0000238	jgi|Fusgr1|12735|FGSG_10939T0	jgi|Altal1|1057710|gm1.1945_g
OG0000238	jgi|Fusgr1|12735|FGSG_10939T0	KAI4109259.1
OG0000259	jgi|Fusgr1|1321|FGSG_01126T0	jgi|Exoaq1|9275|A1O9_05702T0
OG0000269	jgi|Fusgr1|12105|FGSG_10470T0	jgi|Exoaq1|288|A1O9_00288T0
OG0000272	jgi|Fusgr1|12640|FGSG_11023T0, jgi|Fusgr1|1944|FGSG_01687T0	jgi|Penexp1|7672|PEXP_006520T0
OG0000282	jgi|Fusgr1|4991|FGSG_12496T0	KAI9753821.1
OG0000282	jgi|Fusgr1|4991|FGSG_12496T0	KAI9753821.1
OG0000282	jgi|Fusgr1|4991|FGSG_12496T0	jgi|Fonmu1|9103|Z520_03178T0
OG0000282	jgi|Fusgr1|4991|FGSG_12496T0	jgi|Claba1|130825|Z519_09135T0
OG0000282	jgi|Fusgr1|4991|FGSG_12496T0	jgi|Capcor1|93555|A1O1_00688T0
OG0000282	jgi|Fusgr1|4991|FGSG_12496T0	jgi|Exoaq1|7029|A1O9_12831T0
OG0000282	jgi|Fusgr1|4991|FGSG_12496T0	jgi|Penexp1|10467|PEXP_061450T0
OG0000282	jgi|Fusgr1|4991|FGSG_12496T0	jgi|Aspni_DSM_1|158329|An03g03350m.01
OG0000282	jgi|Fusgr1|4991|FGSG_12496T0	jgi|Altal1|688826|CE688825_3399
OG0000282	jgi|Fusgr1|4991|FGSG_12496T0	jgi|Monha1|10627|H072_11289m.01
OG0000282	jgi|Fusgr1|4991|FGSG_12496T0	jgi|Artol1|9460|AOL_s00173g367m.01
OG0000282	jgi|Fusgr1|4991|FGSG_12496T0	XP_008718184.1
OG0000289	jgi|Fusgr1|12878|FGSG_10816T0	jgi|Sclsc1|4475|SS1G_10931T0
OG0000294	jgi|Fusgr1|5617|FGSG_04826T0	jgi|Claba1|136555|Z519_03086T0
OG0000310	jgi|Fusgr1|8326|FGSG_07192T0	GTX0486b100_008067-T1
OG0000314	jgi|Fusgr1|10249|FGSG_08065T0	coassemb378_006733-T1
OG0000315	jgi|Fusgr1|4884|FGSG_03278T0	jgi|Penexp1|2729|PEXP_108930T0
OG0000315	jgi|Fusgr1|4884|FGSG_03278T0	jgi|Cocpo1_1|4194|XM_003069147.1
OG0000337	jgi|Fusgr1|6728|FGSG_05797T0	coassemb64_001600-T1
OG0000337	jgi|Fusgr1|6728|FGSG_05797T0	jgi|Capcor1|101114|A1O1_08302T0
OG0000342	jgi|Fusgr1|6327|FGSG_05451T0	jgi|Ascim1|123924|CE123923_1326
OG0000360	jgi|Fusgr1|11326|FGSG_09782T0	jgi|Penexp1|5287|PEXP_046120T0
OG0000361	jgi|Fusgr1|11431|FGSG_09873T0	jgi|EndpusZ1|3311|EPUS_07951T0
OG0000361	jgi|Fusgr1|9924|FGSG_08350T0	jgi|Phach1|5664|rna5663
OG0000361	jgi|Fusgr1|9924|FGSG_08350T0	jgi|EndpusZ1|8971|EPUS_08661T0
OG0000361	jgi|Fusgr1|9924|FGSG_08350T0	XP_008716894.1
OG0000361	jgi|Fusgr1|9924|FGSG_08350T0	jgi|Fonmu1|10446|Z520_12313T0
OG0000361	jgi|Fusgr1|9924|FGSG_08350T0	jgi|Claba1|127782|Z519_00163T0
OG0000361	jgi|Fusgr1|9924|FGSG_08350T0	jgi|Capcor1|101324|A1O1_08514T0
OG0000361	jgi|Fusgr1|9924|FGSG_08350T0	jgi|Exoaq1|5868|A1O9_03396T0
OG0000361	jgi|Fusgr1|9924|FGSG_08350T0	KAJ9650809.1
OG0000361	jgi|Fusgr1|9924|FGSG_08350T0	GTX0466b15_004078-T1
OG0000361	jgi|Fusgr1|9924|FGSG_08350T0	coassemb76_000789-T1
OG0000372	jgi|Fusgr1|9942|FGSG_08338T0	jgi|EndpusZ1|4056|EPUS_04249T0
OG0000372	jgi|Fusgr1|9942|FGSG_08338T0	jgi|Penexp1|2427|PEXP_052820T0
OG0000384	jgi|Fusgr1|10489|FGSG_09052T0	XP_008716125.1
OG0000399	jgi|Fusgr1|933|FGSG_00793T0	jgi|Cocpo1_1|2934|XM_003067887.1
OG0000399	jgi|Fusgr1|933|FGSG_00793T0	jgi|Exoaq1|3000|A1O9_10522T0
OG0000399	jgi|Fusgr1|933|FGSG_00793T0	jgi|Fonmu1|756|Z520_00758T0
OG0000411	jgi|Fusgr1|5827|FGSG_05007T0	KAI4091501.1
OG0000412	jgi|Fusgr1|9242|FGSG_08943T0	jgi|Aspni_DSM_1|158967|An04g02770m.01
OG0000421	jgi|Fusgr1|5112|FGSG_12515T0	GTX0494b19_006022-T1
OG0000421	jgi|Fusgr1|5112|FGSG_12515T0	jgi|Acastr1|120502|AST1_004836-RA
OG0000431	jgi|Fusgr1|10904|FGSG_09412T0, jgi|Fusgr1|7578|FGSG_06559T0	jgi|Dibbae1|456|DIBA_005890-RA
OG0000431	jgi|Fusgr1|7578|FGSG_06559T0	jgi|Grascr1|12567|GST1_006084-RA
OG0000455	jgi|Fusgr1|9449|FGSG_13300T0	jgi|Grascr1|12662|GST1_001956-RA
OG0000464	jgi|Fusgr1|3282|FGSG_14028T0	KAI4287467.1
OG0000466	jgi|Fusgr1|11027|FGSG_09512T0	jgi|Grascr1|11362|GST1_005242-RA
OG0000466	jgi|Fusgr1|3429|FGSG_04570T0	jgi|Penexp1|9794|PEXP_098620T0
OG0000485	jgi|Fusgr1|9700|FGSG_08546T0	KAI9826477.1
OG0000485	jgi|Fusgr1|5084|FGSG_03103T0	jgi|EndpusZ1|1976|EPUS_00680T0
OG0000485	jgi|Fusgr1|5084|FGSG_03103T0	jgi|Phach1|6805|rna6804
OG0000485	jgi|Fusgr1|5084|FGSG_03103T0	KAJ9653450.1
OG0000485	jgi|Fusgr1|5084|FGSG_03103T0	KAI9826477.1
OG0000485	jgi|Fusgr1|5084|FGSG_03103T0	jgi|Claba1|136622|Z519_03154T0
OG0000485	jgi|Fusgr1|5084|FGSG_03103T0	jgi|Fonmu1|3486|Z520_08122T0
OG0000485	jgi|Fusgr1|5084|FGSG_03103T0	jgi|Exoaq1|7945|A1O9_04478T0
OG0000485	jgi|Fusgr1|5084|FGSG_03103T0	jgi|Capcor1|93354|A1O1_00486T0
OG0000485	jgi|Fusgr1|5084|FGSG_03103T0	GTX0466b15_003406-T1
OG0000485	jgi|Fusgr1|5084|FGSG_03103T0	KAI9826477.1
OG0000485	jgi|Fusgr1|5084|FGSG_03103T0	coassemb76_007172-T1
OG0000485	jgi|Fusgr1|5084|FGSG_03103T0	XP_008718575.1
OG0000488	jgi|Fusgr1|10154|FGSG_08150T0	XP_008721379.1
OG0000494	jgi|Fusgr1|6813|FGSG_05871T0	KAI4283754.1
OG0000518	jgi|Fusgr1|4425|FGSG_03685T0	jgi|Penexp1|8081|PEXP_103240T0
OG0000525	jgi|Fusgr1|4590|FGSG_03533T0	jgi|Penexp1|8547|PEXP_070070T0
OG0000525	jgi|Fusgr1|4590|FGSG_03533T0	jgi|Altal1|986667|estExt_Genewise1Plus.C_8_t10153
OG0000525	jgi|Fusgr1|4590|FGSG_03533T0	jgi|Sclsc1|9153|SS1G_02568T0
OG0000528	jgi|Fusgr1|6826|FGSG_05882T0	coassemb76_003245-T1
OG0000556	jgi|Fusgr1|487|FGSG_00397T0	jgi|Acastr1|125819|AST1_000507-RA
OG0000580	jgi|Fusgr1|2772|FGSG_02423T0, jgi|Fusgr1|927|FGSG_00788T0, jgi|Fusgr1|12540|FGSG_11114T0	jgi|Aspni_DSM_1|158126|An03g01130m.01
OG0000580	jgi|Fusgr1|927|FGSG_00788T0, jgi|Fusgr1|12540|FGSG_11114T0	coassemb378_009052-T1
OG0000581	jgi|Fusgr1|7467|FGSG_06459T0	jgi|Fonmu1|6763|Z520_01973T0
OG0000605	jgi|Fusgr1|1810|FGSG_01569T0	coassemb64_007527-T1
OG0000609	jgi|Fusgr1|10465|FGSG_09031T0	jgi|Artol1|4636|AOL_s00078g22m.01
OG0000630	jgi|Fusgr1|10415|FGSG_13493T0	jgi|Dibbae1|12595|DIBA_004271-RA
OG0000636	jgi|Fusgr1|4762|FGSG_03380T0	jgi|Clagr3|6601|CLAGR_006314-RA
OG0000656	jgi|Fusgr1|3766|FGSG_04267T0	jgi|Dibbae1|4268|DIBA_008731-RA
OG0000656	jgi|Fusgr1|3766|FGSG_04267T0	coassemb378_005954-T1
OG0000660	jgi|Fusgr1|11206|FGSG_09677T0	jgi|Artol1|1003|AOL_s00006g343m.01
OG0000661	jgi|Fusgr1|9163|FGSG_07917T0, jgi|Fusgr1|10068|FGSG_08230T0	jgi|Penexp1|3400|PEXP_084810T0
OG0000692	jgi|Fusgr1|4699|FGSG_03435T0	XP_008718180.1
OG0000698	jgi|Fusgr1|5949|FGSG_05114T0, jgi|Fusgr1|13203|FGSG_11337T0	jgi|Aurpu_var_mel1|68258|fgenesh1_pg.20_#_96
OG0000703	jgi|Fusgr1|2071|FGSG_01802T0	jgi|Altal1|1099843|estExt_Genemark1.C_310035
OG0000704	jgi|Fusgr1|12632|FGSG_11030T0, jgi|Fusgr1|10188|FGSG_08121T0	jgi|Penexp1|9359|PEXP_066630T0
OG0000738	jgi|Fusgr1|9627|FGSG_08611T0	jgi|Capcor1|97123|A1O1_04278T0
OG0000738	jgi|Fusgr1|9627|FGSG_08611T0	jgi|Morco1|535914|fgenesh1_kg.24_#_136_#_Locus11128v1rpkm3.00
OG0000738	jgi|Fusgr1|9627|FGSG_08611T0	jgi|Grascr1|2339|GST1_008007-RA
OG0000738	jgi|Fusgr1|9627|FGSG_08611T0	coassemb378_003944-T1
OG0000738	jgi|Fusgr1|9627|FGSG_08611T0	jgi|Altal1|1050991|estExt_fgenesh1_pg.C_130035
OG0000738	jgi|Fusgr1|9627|FGSG_08611T0	jgi|PseVKM4520_1|8101|transcript_KFZ24594
OG0000738	jgi|Fusgr1|9627|FGSG_08611T0	jgi|Sclsc1|3254|SS1G_09710T0
OG0000738	jgi|Fusgr1|9627|FGSG_08611T0	jgi|Penexp1|5866|PEXP_011750T0
OG0000738	jgi|Fusgr1|9627|FGSG_08611T0	jgi|Aspni_DSM_1|157342|An02g08230m.01
OG0000745	jgi|Fusgr1|50|FGSG_00036T0	jgi|Aspni_DSM_1|162662|An09g02010m.01
OG0000745	jgi|Fusgr1|50|FGSG_00036T0	jgi|Penexp1|3667|PEXP_085490T0
OG0000746	jgi|Fusgr1|6548|FGSG_12772T0	KAI9712186.1
OG0000746	jgi|Fusgr1|6548|FGSG_12772T0	jgi|Aurpu_var_mel1|51785|e_gw1.15.13.1
OG0000752	jgi|Fusgr1|3576|FGSG_04440T0, jgi|Fusgr1|793|FGSG_00669T0	jgi|Dibbae1|3999|DIBA_006726-RA
OG0000770	jgi|Fusgr1|8537|FGSG_07366T0	jgi|Aspni_DSM_1|156861|An02g03380m.01
OG0000780	jgi|Fusgr1|8112|FGSG_07017T0	coassemb378_005839-T1
OG0000791	jgi|Fusgr1|9214|FGSG_07959T0	GTX0466b15_004002-T1
OG0000791	jgi|Fusgr1|9214|FGSG_07959T0	jgi|EndpusZ1|9090|EPUS_06921T0
OG0000792	jgi|Fusgr1|5336|FGSG_02884T0	coassemb378_000347-T1
OG0000792	jgi|Fusgr1|5336|FGSG_02884T0	coassemb376_004860-T1
OG0000792	jgi|Fusgr1|5336|FGSG_02884T0	KAI4096568.1
OG0000792	jgi|Fusgr1|5336|FGSG_02884T0	KAI4230261.1
OG0000792	jgi|Fusgr1|5336|FGSG_02884T0	GTX0494b19_003818-T1
OG0000792	jgi|Fusgr1|5336|FGSG_02884T0	FUN_000665_T1_FUN_000665
OG0000792	jgi|Fusgr1|5336|FGSG_02884T0	KAI4237210.1
OG0000792	jgi|Fusgr1|5336|FGSG_02884T0	KAI4102143.1
OG0000792	jgi|Fusgr1|5336|FGSG_02884T0	jgi|Cocpo1_1|4047|XM_003069000.1
OG0000792	jgi|Fusgr1|5336|FGSG_02884T0	KAI4282560.1
OG0000792	jgi|Fusgr1|5336|FGSG_02884T0	CAF9927144.1
OG0000792	jgi|Fusgr1|5336|FGSG_02884T0	jgi|Clagr3|1705|CLAGR_001502-RA
OG0000792	jgi|Fusgr1|5336|FGSG_02884T0	jgi|Altal1|1032716|fgenesh1_pm.15_#_184
OG0000792	jgi|Fusgr1|5336|FGSG_02884T0	jgi|Aurpu_var_mel1|37157|e_gw1.1.1080.1
OG0000792	jgi|Fusgr1|5336|FGSG_02884T0	KAI9838086.1
OG0000792	jgi|Fusgr1|5336|FGSG_02884T0	GTX0486b100_005267-T1
OG0000792	jgi|Fusgr1|5336|FGSG_02884T0	jgi|Dibbae1|7849|DIBA_009605-RA
OG0000792	jgi|Fusgr1|5336|FGSG_02884T0	KAI9726501.1
OG0000792	jgi|Fusgr1|5336|FGSG_02884T0	KAI9668634.1
OG0000792	jgi|Fusgr1|5336|FGSG_02884T0	jgi|Grascr1|7558|GST1_002234-RA
OG0000792	jgi|Fusgr1|5336|FGSG_02884T0	jgi|Morco1|489961|e_gw1.34.135.1
OG0000792	jgi|Fusgr1|5336|FGSG_02884T0	jgi|Ascim1|319403|fgenesh1_pm.116_#_2
OG0000792	jgi|Fusgr1|5336|FGSG_02884T0	jgi|Aspni_DSM_1|158299|An03g02920m.01
OG0000792	jgi|Fusgr1|5336|FGSG_02884T0	jgi|EndpusZ1|6136|EPUS_02403T0
OG0000792	jgi|Fusgr1|5336|FGSG_02884T0	jgi|Fonmu1|5723|Z520_09536T0
OG0000792	jgi|Fusgr1|5336|FGSG_02884T0	jgi|Claba1|133944|Z519_11345T0
OG0000792	jgi|Fusgr1|5336|FGSG_02884T0	coassemb64_006578-T1
OG0000792	jgi|Fusgr1|5336|FGSG_02884T0	jgi|Capcor1|97058|A1O1_04211T0
OG0000792	jgi|Fusgr1|5336|FGSG_02884T0	KAJ9661942.1
OG0000792	jgi|Fusgr1|5336|FGSG_02884T0	GTX0466b15_006448-T1
OG0000792	jgi|Fusgr1|5336|FGSG_02884T0	coassemb76_003673-T1
OG0000792	jgi|Fusgr1|5336|FGSG_02884T0	XP_008711013.1
OG0000792	jgi|Fusgr1|5336|FGSG_02884T0	jgi|Exoaq1|10370|A1O9_06737T0
OG0000792	jgi|Fusgr1|5336|FGSG_02884T0	jgi|Phach1|2589|rna2588
OG0000792	jgi|Fusgr1|5336|FGSG_02884T0	jgi|Penexp1|10082|PEXP_018050T0
OG0000792	jgi|Fusgr1|5336|FGSG_02884T0	KAI9818600.1
OG0000792	jgi|Fusgr1|5336|FGSG_02884T0	KAI9749527.1
OG0000793	jgi|Fusgr1|776|FGSG_00655T0	coassemb378_010898-T1
OG0000797	jgi|Fusgr1|9175|FGSG_07927T0	jgi|Monha1|8780|H072_9122m.01
OG0000811	jgi|Fusgr1|4529|FGSG_03590T0	jgi|EndpusZ1|5260|EPUS_05586T0
OG0000847	jgi|Fusgr1|6523|FGSG_05623T0	jgi|Penexp1|4253|PEXP_033940T0
OG0000868	jgi|Fusgr1|8545|FGSG_07373T0	jgi|Capcor1|95944|A1O1_03087T0
OG0000888	jgi|Fusgr1|11376|FGSG_09826T0	jgi|Aspni_DSM_1|157832|An02g13120m.01, jgi|Aspni_DSM_1|159488|An04g08050m.01
OG0000888	jgi|Fusgr1|11376|FGSG_09826T0	jgi|Phach1|4810|rna4809
OG0000888	jgi|Fusgr1|11376|FGSG_09826T0	jgi|Aurpu_var_mel1|77006|fgenesh1_pm.17_#_194
OG0000888	jgi|Fusgr1|11376|FGSG_09826T0	jgi|Exoaq1|4877|A1O9_02397T0
OG0000888	jgi|Fusgr1|11376|FGSG_09826T0	jgi|Claba1|139122|Z519_05654T0
OG0000888	jgi|Fusgr1|11376|FGSG_09826T0	coassemb64_001021-T1
OG0000888	jgi|Fusgr1|11376|FGSG_09826T0	jgi|Altal1|904181|gw1.10.105.1
OG0000888	jgi|Fusgr1|11376|FGSG_09826T0	XP_008715520.1
OG0000891	jgi|Fusgr1|2616|FGSG_02280T0	jgi|Exoaq1|4058|A1O9_11580T0
OG0000891	jgi|Fusgr1|2616|FGSG_02280T0	GTX0466b15_009377-T1, GTX0466b15_006137-T1
OG0000894	jgi|Fusgr1|173|FGSG_00141T0	KAJ9662613.1, KAJ9658160.1, KAJ9654031.1
OG0000900	jgi|Fusgr1|3783|FGSG_04250T0	KAI9749528.1
OG0000900	jgi|Fusgr1|3783|FGSG_04250T0	jgi|Umbpus1|106859|LPUS_05071T0
OG0000900	jgi|Fusgr1|3783|FGSG_04250T0	KAI9727175.1
OG0000900	jgi|Fusgr1|3783|FGSG_04250T0	CAF9915549.1
OG0000900	jgi|Fusgr1|3783|FGSG_04250T0	jgi|Acastr1|126732|AST1_008098-RA
OG0000900	jgi|Fusgr1|3783|FGSG_04250T0	jgi|Grascr1|1595|GST1_007640-RA
OG0000900	jgi|Fusgr1|3783|FGSG_04250T0	jgi|EndpusZ1|2875|EPUS_05549T0
OG0000900	jgi|Fusgr1|3783|FGSG_04250T0	jgi|Altal1|128999|CE128998_16389
OG0000900	jgi|Fusgr1|3783|FGSG_04250T0	jgi|Aurpu_var_mel1|72402|fgenesh1_pm.2_#_613
OG0000900	jgi|Fusgr1|3783|FGSG_04250T0	jgi|Dibbae1|1390|DIBA_007678-RA
OG0000900	jgi|Fusgr1|3783|FGSG_04250T0	coassemb378_000038-T1
OG0000900	jgi|Fusgr1|3783|FGSG_04250T0	jgi|Capcor1|96810|A1O1_03961T0
OG0000900	jgi|Fusgr1|3783|FGSG_04250T0	jgi|Clagr3|5192|CLAGR_004532-RA
OG0000900	jgi|Fusgr1|3783|FGSG_04250T0	KAI9665541.1
OG0000923	jgi|Fusgr1|6536|FGSG_05634T0, jgi|Fusgr1|3870|FGSG_04172T0	jgi|Penexp1|332|PEXP_056510T0
OG0000928	jgi|Fusgr1|4745|FGSG_03396T0	CAF9924993.1
OG0000929	jgi|Fusgr1|5566|FGSG_04782T0, jgi|Fusgr1|12527|FGSG_11124T0, jgi|Fusgr1|7534|FGSG_06516T0	coassemb378_009341-T1
OG0000929	jgi|Fusgr1|5566|FGSG_04782T0, jgi|Fusgr1|12527|FGSG_11124T0, jgi|Fusgr1|7534|FGSG_06516T0	jgi|Sclsc1|3721|SS1G_10177T0
OG0000929	jgi|Fusgr1|5566|FGSG_04782T0, jgi|Fusgr1|12527|FGSG_11124T0, jgi|Fusgr1|7534|FGSG_06516T0	jgi|Sclsc1|3721|SS1G_10177T0
OG0000929	jgi|Fusgr1|5566|FGSG_04782T0	jgi|Capcor1|100408|A1O1_07591T0
OG0000929	jgi|Fusgr1|12527|FGSG_11124T0	KAI9726144.1
OG0000929	jgi|Fusgr1|12527|FGSG_11124T0	XP_008717985.1
OG0000929	jgi|Fusgr1|12527|FGSG_11124T0	jgi|Exoaq1|8850|A1O9_05274T0, jgi|Exoaq1|8851|A1O9_05275T0
OG0000929	jgi|Fusgr1|7534|FGSG_06516T0	jgi|Exoaq1|6884|A1O9_12686T0
OG0000929	jgi|Fusgr1|7534|FGSG_06516T0	KAJ9650467.1
OG0000929	jgi|Fusgr1|7534|FGSG_06516T0	jgi|Aspni_DSM_1|163616|An11g03690m.01
OG0000929	jgi|Fusgr1|7534|FGSG_06516T0	GTX0466b15_003771-T1
OG0000929	jgi|Fusgr1|7534|FGSG_06516T0	jgi|Altal1|1052887|estExt_fgenesh1_pg.C_190285
OG0000931	jgi|Fusgr1|1494|FGSG_01285T0	jgi|Penexp1|7856|PEXP_008370T0
OG0000944	jgi|Fusgr1|3918|FGSG_04131T0	jgi|Exoaq1|8108|A1O9_04643T0
OG0000945	jgi|Fusgr1|8994|FGSG_07770T0	GTX0486b100_002749-T1
OG0000945	jgi|Fusgr1|8994|FGSG_07770T0	KAI4225528.1
OG0000945	jgi|Fusgr1|8994|FGSG_07770T0	KAI4229908.1
OG0000945	jgi|Fusgr1|8994|FGSG_07770T0	KAI4099606.1
OG0000945	jgi|Fusgr1|8994|FGSG_07770T0	GTX0494b19_005070-T1
OG0000945	jgi|Fusgr1|8994|FGSG_07770T0	FUN_002386_T1_FUN_002386
OG0000945	jgi|Fusgr1|8994|FGSG_07770T0	KAI4281901.1
OG0000945	jgi|Fusgr1|8994|FGSG_07770T0	jgi|Penexp1|882|PEXP_095120T0
OG0000945	jgi|Fusgr1|8994|FGSG_07770T0	jgi|Aspni_DSM_1|157937|An02g14170m.01
OG0000945	jgi|Fusgr1|8994|FGSG_07770T0	jgi|EndpusZ1|8952|EPUS_02791T0
OG0000945	jgi|Fusgr1|8994|FGSG_07770T0	KAI9832669.1
OG0000945	jgi|Fusgr1|8994|FGSG_07770T0	jgi|Acastr1|127815|AST1_008628-RA
OG0000945	jgi|Fusgr1|8994|FGSG_07770T0	jgi|Cocpo1_1|1297|XM_003066249.1
OG0000945	jgi|Fusgr1|8994|FGSG_07770T0	jgi|PseVKM4520_1|3562|transcript_KFZ24946
OG0000945	jgi|Fusgr1|8994|FGSG_07770T0	XP_008714780.1
OG0000945	jgi|Fusgr1|8994|FGSG_07770T0	GTX0466b15_009386-T1, GTX0466b15_009250-T1
OG0000945	jgi|Fusgr1|8994|FGSG_07770T0	jgi|Exoaq1|11488|A1O9_07824T0
OG0000945	jgi|Fusgr1|8994|FGSG_07770T0	jgi|Capcor1|99865|A1O1_07042T0
OG0000945	jgi|Fusgr1|8994|FGSG_07770T0	jgi|Fonmu1|8140|Z520_11115T0
OG0000945	jgi|Fusgr1|8994|FGSG_07770T0	jgi|Claba1|133538|Z519_10938T0
OG0000945	jgi|Fusgr1|8994|FGSG_07770T0	KAJ9664719.1
OG0000945	jgi|Fusgr1|8994|FGSG_07770T0	jgi|Aurpu_var_mel1|56142|e_gw1.23.318.1
OG0000945	jgi|Fusgr1|8994|FGSG_07770T0	KAI9754583.1
OG0000946	jgi|Fusgr1|9079|FGSG_07845T0	coassemb378_006682-T1
OG0000946	jgi|Fusgr1|9079|FGSG_07845T0	jgi|EndpusZ1|7377|EPUS_03685T0
OG0000946	jgi|Fusgr1|9079|FGSG_07845T0	coassemb376_007823-T1
OG0000946	jgi|Fusgr1|9079|FGSG_07845T0	jgi|Grascr1|11501|GST1_005065-RA, jgi|Grascr1|2775|GST1_009204-RA
OG0000946	jgi|Fusgr1|9079|FGSG_07845T0	jgi|Sclsc1|7347|SS1G_12770T0
OG0000946	jgi|Fusgr1|9079|FGSG_07845T0	jgi|Sclsc1|7347|SS1G_12770T0
OG0000961	jgi|Fusgr1|2036|FGSG_01768T0, jgi|Fusgr1|2020|FGSG_01755T0, jgi|Fusgr1|1751|FGSG_01514T0	jgi|Penexp1|7215|PEXP_004080T0
OG0000974	jgi|Fusgr1|9656|FGSG_08585T0	jgi|Dibbae1|9218|DIBA_011494-RA
OG0000991	jgi|Fusgr1|11580|FGSG_10003T0	KAJ9652281.1
OG0000993	jgi|Fusgr1|9332|FGSG_08869T0, jgi|Fusgr1|12113|FGSG_13764T0	coassemb378_001917-T1
OG0000997	jgi|Fusgr1|3017|FGSG_02638T0	jgi|Artol1|71|AOL_s00004g70m.01
OG0001006	jgi|Fusgr1|3759|FGSG_04272T0	jgi|Monha1|9388|H072_9849m.01
OG0001008	jgi|Fusgr1|8578|FGSG_07401T0	jgi|EndpusZ1|9085|EPUS_06916T0
OG0001011	jgi|Fusgr1|3303|FGSG_04677T0	jgi|Cocpo1_1|1279|XM_003066231.1
OG0001011	jgi|Fusgr1|3303|FGSG_04677T0	KAJ9652202.1
OG0001011	jgi|Fusgr1|3303|FGSG_04677T0	jgi|Capcor1|96718|A1O1_03868T0
OG0001011	jgi|Fusgr1|3303|FGSG_04677T0	jgi|Exoaq1|4242|A1O9_11765T0
OG0001011	jgi|Fusgr1|3303|FGSG_04677T0	coassemb64_000530-T1
OG0001011	jgi|Fusgr1|3303|FGSG_04677T0	jgi|Claba1|139359|Z519_05891T0
OG0001011	jgi|Fusgr1|3303|FGSG_04677T0	jgi|Fonmu1|3105|Z520_07741T0
OG0001011	jgi|Fusgr1|3303|FGSG_04677T0	GTX0466b15_004626-T1
OG0001011	jgi|Fusgr1|3303|FGSG_04677T0	XP_008718636.1
OG0001015	jgi|Fusgr1|8483|FGSG_07325T0	jgi|Exoaq1|3877|A1O9_11399T0
OG0001017	jgi|Fusgr1|3359|FGSG_04628T0	jgi|Altal1|938817|e_gw1.14.419.1
OG0001034	jgi|Fusgr1|6610|FGSG_05696T0	jgi|Acastr1|122575|AST1_008451-RA
OG0001034	jgi|Fusgr1|6610|FGSG_05696T0	KAI9754741.1
OG0001034	jgi|Fusgr1|6610|FGSG_05696T0	KAI9826786.1
OG0001034	jgi|Fusgr1|66|FGSG_00049T0	jgi|Ascim1|222551|estExt_Genewise1.C_120088
OG0001034	jgi|Fusgr1|66|FGSG_00049T0	jgi|Capcor1|98785|A1O1_05952T0
OG0001034	jgi|Fusgr1|66|FGSG_00049T0	XP_008715603.1
OG0001034	jgi|Fusgr1|66|FGSG_00049T0	jgi|Penexp1|3669|PEXP_085510T0
OG0001034	jgi|Fusgr1|66|FGSG_00049T0	KAI9826786.1
OG0001034	jgi|Fusgr1|66|FGSG_00049T0	KAI9826786.1
OG0001034	jgi|Fusgr1|66|FGSG_00049T0	coassemb64_004311-T1
OG0001034	jgi|Fusgr1|66|FGSG_00049T0	jgi|Aspni_DSM_1|162660|An09g01990m.01, jgi|Aspni_DSM_1|159831|An05g01100m.01, jgi|Aspni_DSM_1|163212|An10g00620m.01, jgi|Aspni_DSM_1|164617|An12g02890m.01
OG0001034	jgi|Fusgr1|66|FGSG_00049T0	jgi|Acastr1|122575|AST1_008451-RA
OG0001034	jgi|Fusgr1|66|FGSG_00049T0	KAI9754741.1
OG0001034	jgi|Fusgr1|66|FGSG_00049T0	jgi|Acastr1|122575|AST1_008451-RA
OG0001034	jgi|Fusgr1|66|FGSG_00049T0	KAI9754741.1
OG0001034	jgi|Fusgr1|6610|FGSG_05696T0	jgi|Altal1|1015420|fgenesh1_kg.1_#_398_#_Locus12168v1rpkm0.86
OG0001056	jgi|Fusgr1|8935|FGSG_07723T0	jgi|Clagr3|2884|CLAGR_002851-RA
OG0001060	jgi|Fusgr1|6436|FGSG_05549T0	jgi|Morco1|578177|gm1.8953_g, jgi|Morco1|578182|gm1.8958_g, jgi|Morco1|578180|gm1.8956_g, jgi|Morco1|493985|e_gw1.58.72.1
OG0001084	jgi|Fusgr1|6893|FGSG_05944T0	XP_008716969.1
OG0001084	jgi|Fusgr1|6893|FGSG_05944T0	coassemb64_001129-T1
OG0001084	jgi|Fusgr1|6893|FGSG_05944T0	jgi|Exoaq1|5930|A1O9_03460T0
OG0001084	jgi|Fusgr1|6893|FGSG_05944T0	jgi|Capcor1|101515|A1O1_08707T0
OG0001084	jgi|Fusgr1|6893|FGSG_05944T0	jgi|Claba1|135403|Z519_02265T0
OG0001084	jgi|Fusgr1|6893|FGSG_05944T0	jgi|Fonmu1|7556|Z520_10528T0
OG0001084	jgi|Fusgr1|6893|FGSG_05944T0	KAJ9658507.1
OG0001084	jgi|Fusgr1|6893|FGSG_05944T0	jgi|EndpusZ1|1911|EPUS_04899T0
OG0001084	jgi|Fusgr1|6893|FGSG_05944T0	jgi|Phach1|5651|rna5650
OG0001084	jgi|Fusgr1|6893|FGSG_05944T0	GTX0466b15_008811-T1
OG0001084	jgi|Fusgr1|6893|FGSG_05944T0	jgi|Clagr3|4207|CLAGR_004279-RA
OG0001084	jgi|Fusgr1|6893|FGSG_05944T0	KAI9708407.1
OG0001084	jgi|Fusgr1|6893|FGSG_05944T0	jgi|Altal1|1084199|MIX16097_2291_42, jgi|Altal1|1037521|estExt_fgenesh1_pm.C_20319
OG0001084	jgi|Fusgr1|6893|FGSG_05944T0	coassemb378_010093-T1
OG0001084	jgi|Fusgr1|6893|FGSG_05944T0	jgi|Grascr1|256|GST1_000530-RA
OG0001084	jgi|Fusgr1|6893|FGSG_05944T0	jgi|Monha1|4681|H072_4783m.01
OG0001084	jgi|Fusgr1|6893|FGSG_05944T0	jgi|Artol1|7571|AOL_s00097g387m.01
OG0001084	jgi|Fusgr1|6893|FGSG_05944T0	KAI4227116.1
OG0001084	jgi|Fusgr1|6893|FGSG_05944T0	KAI4222913.1
OG0001084	jgi|Fusgr1|6893|FGSG_05944T0	KAI4086492.1
OG0001084	jgi|Fusgr1|6893|FGSG_05944T0	GTX0494b19_006489-T1
OG0001084	jgi|Fusgr1|6893|FGSG_05944T0	FUN_002941_T1_FUN_002941
OG0001084	jgi|Fusgr1|6893|FGSG_05944T0	KAI4096209.1
OG0001084	jgi|Fusgr1|6893|FGSG_05944T0	jgi|Penexp1|232|PEXP_000430T0
OG0001084	jgi|Fusgr1|6893|FGSG_05944T0	jgi|Cocpo1_1|4312|XM_003069265.1
OG0001084	jgi|Fusgr1|6893|FGSG_05944T0	KAI4288897.1
OG0001084	jgi|Fusgr1|6893|FGSG_05944T0	coassemb376_002388-T1
OG0001084	jgi|Fusgr1|6893|FGSG_05944T0	CAF9933817.1
OG0001085	jgi|Fusgr1|12930|FGSG_10772T0	jgi|Clagr3|6700|CLAGR_007845-RA
OG0001085	jgi|Fusgr1|12930|FGSG_10772T0	KAI9665173.1
OG0001085	jgi|Fusgr1|7214|FGSG_06229T0	jgi|Artol1|10554|AOL_s00215g1m.01
OG0001085	jgi|Fusgr1|7214|FGSG_06229T0	jgi|Monha1|1798|H072_1799m.01
OG0001085	jgi|Fusgr1|7214|FGSG_06229T0	jgi|Ascim1|315009|fgenesh1_pg.234_#_16
OG0001085	jgi|Fusgr1|7214|FGSG_06229T0	jgi|Morco1|572110|gm1.2886_g
OG0001085	jgi|Fusgr1|7214|FGSG_06229T0	jgi|SacceM3707_1|38397|fgenesh1_kg.22_#_18_#_NP_011077.1
OG0001085	jgi|Fusgr1|7214|FGSG_06229T0	CAF9920874.1
OG0001100	jgi|Fusgr1|12388|FGSG_13819T0	CAF9903761.1
OG0001115	jgi|Fusgr1|690|FGSG_00576T0	coassemb76_002847-T1, coassemb76_003966-T1
OG0001129	jgi|Fusgr1|4782|FGSG_03364T0	coassemb64_000930-T1, coassemb64_007700-T1
OG0001149	jgi|Fusgr1|11185|FGSG_09660T0	coassemb64_007578-T1
OG0001150	jgi|Fusgr1|11434|FGSG_13666T0	coassemb76_001308-T1
OG0001150	jgi|Fusgr1|11434|FGSG_13666T0	GTX0466b15_004084-T1
OG0001150	jgi|Fusgr1|11434|FGSG_13666T0	XP_008716902.1
OG0001150	jgi|Fusgr1|11434|FGSG_13666T0	jgi|Fonmu1|7663|Z520_10635T0
OG0001150	jgi|Fusgr1|11434|FGSG_13666T0	jgi|Claba1|135256|Z519_02118T0
OG0001150	jgi|Fusgr1|11434|FGSG_13666T0	jgi|Capcor1|101175|A1O1_08363T0
OG0001150	jgi|Fusgr1|11434|FGSG_13666T0	jgi|Exoaq1|5989|A1O9_03519T0
OG0001150	jgi|Fusgr1|11434|FGSG_13666T0	KAJ9652583.1
OG0001150	jgi|Fusgr1|11434|FGSG_13666T0	jgi|EndpusZ1|8975|EPUS_08665T0
OG0001150	jgi|Fusgr1|11434|FGSG_13666T0	jgi|Phach1|2971|rna2970
OG0001150	jgi|Fusgr1|11434|FGSG_13666T0	jgi|Penexp1|4614|PEXP_047390T0
OG0001150	jgi|Fusgr1|11434|FGSG_13666T0	jgi|Aspni_DSM_1|159773|An05g00530m.01
OG0001150	jgi|Fusgr1|11434|FGSG_13666T0	jgi|Cocpo1_1|1203|XM_003066155.1
OG0001150	jgi|Fusgr1|11434|FGSG_13666T0	KAI9756031.1
OG0001150	jgi|Fusgr1|11434|FGSG_13666T0	jgi|Aurpu_var_mel1|85541|gm1.5937_g
OG0001150	jgi|Fusgr1|11434|FGSG_13666T0	jgi|Altal1|1025151|fgenesh1_kg.27_#_9_#_Locus5802v1rpkm17.83
OG0001150	jgi|Fusgr1|11434|FGSG_13666T0	KAI9717380.1
OG0001150	jgi|Fusgr1|11434|FGSG_13666T0	GTX0486b100_000943-T1
OG0001150	jgi|Fusgr1|11434|FGSG_13666T0	KAI9707298.1
OG0001150	jgi|Fusgr1|11434|FGSG_13666T0	KAI9836856.1
OG0001150	jgi|Fusgr1|11434|FGSG_13666T0	jgi|Acastr1|126097|AST1_007351-RA
OG0001150	jgi|Fusgr1|11434|FGSG_13666T0	coassemb378_007887-T1
OG0001150	jgi|Fusgr1|11434|FGSG_13666T0	coassemb376_005449-T1
OG0001150	jgi|Fusgr1|11434|FGSG_13666T0	KAI9818320.1
OG0001155	jgi|Fusgr1|9235|FGSG_08950T0	CAF9922875.1
OG0001161	jgi|Fusgr1|9003|FGSG_07777T0	coassemb378_003837-T1
OG0001161	jgi|Fusgr1|9003|FGSG_07777T0	jgi|Grascr1|10701|GST1_003867-RA
OG0001164	jgi|Fusgr1|4390|FGSG_03717T0	KAJ9656002.1
OG0001165	jgi|Fusgr1|4367|FGSG_03739T0	jgi|PseVKM4520_1|2149|transcript_KFZ17507
OG0001173	jgi|Fusgr1|11391|FGSG_13657T0	FUN_003555_T1_FUN_003555
OG0001178	jgi|Fusgr1|6900|FGSG_05950T0	jgi|Cocpo1_1|6081|XM_003071034.1
OG0001181	jgi|Fusgr1|5469|FGSG_04697T0	jgi|Fonmu1|8464|Z520_11439T0
OG0001184	jgi|Fusgr1|551|FGSG_00454T0	jgi|Exoaq1|6235|A1O9_12036T0
OG0001191	jgi|Fusgr1|3743|FGSG_04287T0	jgi|Morco1|547704|fgenesh1_pg.43_#_83
OG0001196	jgi|Fusgr1|11642|FGSG_10057T0	jgi|Acastr1|124709|AST1_002374-RA
OG0001204	jgi|Fusgr1|7787|FGSG_06735T0	coassemb76_010163-T1
OG0001227	jgi|Fusgr1|11251|FGSG_09719T0	jgi|Artol1|4183|AOL_s00076g279m.01
OG0001227	jgi|Fusgr1|11251|FGSG_09719T0	jgi|Aspni_DSM_1|158193|An03g01800m.01
OG0001251	jgi|Fusgr1|1644|FGSG_11947T0	jgi|Fonmu1|619|Z520_00621T0
OG0001281	jgi|Fusgr1|1157|FGSG_00982T0	jgi|Artol1|5|AOL_s00004g4m.01
OG0001281	jgi|Fusgr1|13314|FGSG_11241T0, jgi|Fusgr1|10669|FGSG_09212T0	KAI9835276.1
OG0001281	jgi|Fusgr1|13314|FGSG_11241T0, jgi|Fusgr1|10669|FGSG_09212T0	KAI4238607.1
OG0001281	jgi|Fusgr1|13314|FGSG_11241T0, jgi|Fusgr1|10669|FGSG_09212T0	FUN_004834_T1_FUN_004834
OG0001281	jgi|Fusgr1|13314|FGSG_11241T0, jgi|Fusgr1|10669|FGSG_09212T0	GTX0494b19_001048-T1
OG0001281	jgi|Fusgr1|13314|FGSG_11241T0, jgi|Fusgr1|10669|FGSG_09212T0	KAI4223780.1
OG0001281	jgi|Fusgr1|13314|FGSG_11241T0, jgi|Fusgr1|10669|FGSG_09212T0	KAI4110988.1
OG0001281	jgi|Fusgr1|13314|FGSG_11241T0, jgi|Fusgr1|10669|FGSG_09212T0	KAI4101190.1
OG0001281	jgi|Fusgr1|13314|FGSG_11241T0, jgi|Fusgr1|10669|FGSG_09212T0	KAI4281966.1
OG0001281	jgi|Fusgr1|13314|FGSG_11241T0, jgi|Fusgr1|10669|FGSG_09212T0	jgi|Grascr1|131|GST1_000131-RA
OG0001281	jgi|Fusgr1|13314|FGSG_11241T0, jgi|Fusgr1|10669|FGSG_09212T0	CAF9919008.1
OG0001281	jgi|Fusgr1|13314|FGSG_11241T0, jgi|Fusgr1|10669|FGSG_09212T0	jgi|Clagr3|10654|CLAGR_010524-RA
OG0001281	jgi|Fusgr1|13314|FGSG_11241T0, jgi|Fusgr1|10669|FGSG_09212T0	coassemb376_004033-T1
OG0001281	jgi|Fusgr1|13314|FGSG_11241T0, jgi|Fusgr1|10669|FGSG_09212T0	jgi|Umbpus1|107158|LPUS_05411T0
OG0001281	jgi|Fusgr1|13314|FGSG_11241T0, jgi|Fusgr1|10669|FGSG_09212T0	jgi|Dibbae1|7935|DIBA_000398-RA
OG0001281	jgi|Fusgr1|13314|FGSG_11241T0, jgi|Fusgr1|10669|FGSG_09212T0	jgi|Acastr1|121168|AST1_006043-RA
OG0001281	jgi|Fusgr1|13314|FGSG_11241T0, jgi|Fusgr1|10669|FGSG_09212T0	KAI9720585.1
OG0001281	jgi|Fusgr1|13314|FGSG_11241T0, jgi|Fusgr1|10669|FGSG_09212T0	GTX0486b100_001248-T1
OG0001281	jgi|Fusgr1|13314|FGSG_11241T0, jgi|Fusgr1|10669|FGSG_09212T0	KAI9701861.1
OG0001281	jgi|Fusgr1|13314|FGSG_11241T0, jgi|Fusgr1|10669|FGSG_09212T0	jgi|Altal1|992490|estExt_Genewise1Plus.C_14_t20186
OG0001281	jgi|Fusgr1|13314|FGSG_11241T0, jgi|Fusgr1|10669|FGSG_09212T0	jgi|Cocpo1_1|1032|XM_003065984.1
OG0001281	jgi|Fusgr1|13314|FGSG_11241T0, jgi|Fusgr1|10669|FGSG_09212T0	jgi|Aspni_DSM_1|163423|An11g01700m.01
OG0001281	jgi|Fusgr1|13314|FGSG_11241T0, jgi|Fusgr1|10669|FGSG_09212T0	jgi|EndpusZ1|8591|EPUS_07190T0
OG0001281	jgi|Fusgr1|13314|FGSG_11241T0, jgi|Fusgr1|10669|FGSG_09212T0	jgi|Phach1|3635|rna3634
OG0001281	jgi|Fusgr1|13314|FGSG_11241T0, jgi|Fusgr1|10669|FGSG_09212T0	GTX0466b15_008089-T1
OG0001281	jgi|Fusgr1|13314|FGSG_11241T0, jgi|Fusgr1|10669|FGSG_09212T0	coassemb76_008710-T1, coassemb76_002382-T1
OG0001281	jgi|Fusgr1|13314|FGSG_11241T0, jgi|Fusgr1|10669|FGSG_09212T0	KAI9754540.1
OG0001281	jgi|Fusgr1|13314|FGSG_11241T0, jgi|Fusgr1|10669|FGSG_09212T0	jgi|Capcor1|98309|A1O1_05473T0
OG0001281	jgi|Fusgr1|13314|FGSG_11241T0, jgi|Fusgr1|10669|FGSG_09212T0	KAJ9650036.1
OG0001281	jgi|Fusgr1|13314|FGSG_11241T0, jgi|Fusgr1|10669|FGSG_09212T0	jgi|Aurpu_var_mel1|71959|fgenesh1_pm.2_#_170
OG0001281	jgi|Fusgr1|13314|FGSG_11241T0, jgi|Fusgr1|10669|FGSG_09212T0	jgi|Claba1|140084|Z519_06618T0
OG0001281	jgi|Fusgr1|13314|FGSG_11241T0, jgi|Fusgr1|10669|FGSG_09212T0	jgi|Exoaq1|3215|A1O9_10733T0
OG0001281	jgi|Fusgr1|13314|FGSG_11241T0, jgi|Fusgr1|10669|FGSG_09212T0	jgi|PseVKM4520_1|6276|transcript_KFZ24736
OG0001281	jgi|Fusgr1|13314|FGSG_11241T0, jgi|Fusgr1|10669|FGSG_09212T0	jgi|Penexp1|3776|PEXP_071740T0
OG0001281	jgi|Fusgr1|13314|FGSG_11241T0, jgi|Fusgr1|10669|FGSG_09212T0	jgi|Artol1|5|AOL_s00004g4m.01
OG0001281	jgi|Fusgr1|13314|FGSG_11241T0, jgi|Fusgr1|10669|FGSG_09212T0	jgi|Artol1|5|AOL_s00004g4m.01
OG0001299	jgi|Fusgr1|3431|FGSG_04568T0	jgi|EndpusZ1|3851|EPUS_02578T0
OG0001300	jgi|Fusgr1|8574|FGSG_07398T0	jgi|Artol1|5665|AOL_s00079g439m.01
OG0001428	jgi|Fusgr1|3989|FGSG_04069T0	jgi|Grascr1|4396|GST1_010145-RA
OG0001435	jgi|Fusgr1|2239|FGSG_01955T0	coassemb376_005892-T1
OG0001435	jgi|Fusgr1|2239|FGSG_01955T0	KAI4287589.1
OG0001473	jgi|Fusgr1|2642|FGSG_02304T0	coassemb378_008385-T1
OG0001473	jgi|Fusgr1|2642|FGSG_02304T0	jgi|Grascr1|2211|GST1_008380-RA
OG0001473	jgi|Fusgr1|2642|FGSG_02304T0	jgi|Phach1|6906|rna6905
OG0001473	jgi|Fusgr1|2642|FGSG_02304T0	GTX0466b15_001500-T1
OG0001473	jgi|Fusgr1|2642|FGSG_02304T0	coassemb76_003881-T1
OG0001473	jgi|Fusgr1|2642|FGSG_02304T0	KAJ9655019.1
OG0001473	jgi|Fusgr1|2642|FGSG_02304T0	XP_008719303.1
OG0001473	jgi|Fusgr1|2642|FGSG_02304T0	jgi|Capcor1|92639|A1O1_09063T0
OG0001473	jgi|Fusgr1|2642|FGSG_02304T0	jgi|Claba1|128020|Z519_00403T0
OG0001473	jgi|Fusgr1|2642|FGSG_02304T0	jgi|Fonmu1|7457|Z520_10429T0
OG0001473	jgi|Fusgr1|2642|FGSG_02304T0	coassemb64_007053-T1
OG0001473	jgi|Fusgr1|2642|FGSG_02304T0	jgi|Exoaq1|3908|A1O9_11430T0
OG0001473	jgi|Fusgr1|2642|FGSG_02304T0	jgi|EndpusZ1|1387|EPUS_00199T0
OG0001473	jgi|Fusgr1|2642|FGSG_02304T0	KAI4281881.1
OG0001473	jgi|Fusgr1|2642|FGSG_02304T0	KAI4225205.1
OG0001473	jgi|Fusgr1|2642|FGSG_02304T0	GTX0494b19_003519-T1
OG0001473	jgi|Fusgr1|2642|FGSG_02304T0	FUN_002667_T1_FUN_002667
OG0001473	jgi|Fusgr1|2642|FGSG_02304T0	KAI4225821.1
OG0001473	jgi|Fusgr1|2642|FGSG_02304T0	KAI4111626.1
OG0001473	jgi|Fusgr1|2642|FGSG_02304T0	KAI4106964.1
OG0001473	jgi|Fusgr1|2642|FGSG_02304T0	CAF9905555.1
OG0001473	jgi|Fusgr1|2642|FGSG_02304T0	jgi|Clagr3|5238|CLAGR_005218-RA
OG0001473	jgi|Fusgr1|2642|FGSG_02304T0	jgi|Umbpus1|107460|LPUS_05721T0
OG0001473	jgi|Fusgr1|2642|FGSG_02304T0	jgi|Dibbae1|11798|DIBA_002511-RA
OG0001473	jgi|Fusgr1|2642|FGSG_02304T0	coassemb376_005613-T1
OG0001473	jgi|Fusgr1|2642|FGSG_02304T0	jgi|Acastr1|123961|AST1_000583-RA
OG0001473	jgi|Fusgr1|2642|FGSG_02304T0	KAI9834845.1
OG0001473	jgi|Fusgr1|2642|FGSG_02304T0	KAI9812541.1
OG0001473	jgi|Fusgr1|2642|FGSG_02304T0	GTX0486b100_004882-T1
OG0001473	jgi|Fusgr1|2642|FGSG_02304T0	KAI9724518.1
OG0001473	jgi|Fusgr1|2642|FGSG_02304T0	KAI9704138.1
OG0001473	jgi|Fusgr1|2642|FGSG_02304T0	jgi|Cocpo1_1|132|XM_003065083.1
OG0001473	jgi|Fusgr1|2642|FGSG_02304T0	jgi|Penexp1|4011|PEXP_030840T0
OG0001473	jgi|Fusgr1|2642|FGSG_02304T0	jgi|Aspni_DSM_1|164096|An11g08870m.01, jgi|Aspni_DSM_1|159102|An04g04130m.01
OG0001499	jgi|Fusgr1|10704|FGSG_09244T0	jgi|EndpusZ1|2781|EPUS_05882T0
OG0001506	jgi|Fusgr1|10751|FGSG_09284T0	jgi|Exoaq1|6233|A1O9_12034T0
OG0001512	jgi|Fusgr1|5900|FGSG_05072T0	coassemb76_005891-T1
OG0001522	jgi|Fusgr1|9839|FGSG_08426T0	jgi|Aspni_DSM_1|158203|An03g01910m.01
OG0001526	jgi|Fusgr1|3281|FGSG_11586T0, jgi|Fusgr1|3341|FGSG_04645T0, jgi|Fusgr1|5066|FGSG_03118T0	jgi|Morco1|525878|estExt_Genewise1Plus.C_390184
OG0001526	jgi|Fusgr1|3281|FGSG_11586T0, jgi|Fusgr1|3341|FGSG_04645T0, jgi|Fusgr1|5066|FGSG_03118T0	jgi|Ascim1|325990|gm1.5990_g
OG0001526	jgi|Fusgr1|3281|FGSG_11586T0, jgi|Fusgr1|3341|FGSG_04645T0	jgi|Altal1|1018068|fgenesh1_kg.5_#_300_#_Locus8627v1rpkm5.09
OG0001526	jgi|Fusgr1|3281|FGSG_11586T0, jgi|Fusgr1|3341|FGSG_04645T0	GTX0466b15_001285-T1
OG0001526	jgi|Fusgr1|3281|FGSG_11586T0, jgi|Fusgr1|3341|FGSG_04645T0	jgi|Aspni_DSM_1|160678|An07g04510m.01
OG0001526	jgi|Fusgr1|3281|FGSG_11586T0, jgi|Fusgr1|3341|FGSG_04645T0	jgi|Penexp1|1509|PEXP_027530T0
OG0001526	jgi|Fusgr1|3281|FGSG_11586T0, jgi|Fusgr1|3341|FGSG_04645T0	jgi|Aurpu_var_mel1|28509|gw1.5.1319.1
OG0001526	jgi|Fusgr1|5066|FGSG_03118T0	jgi|Cocpo1_1|4983|XM_003069936.1
OG0001526	jgi|Fusgr1|5066|FGSG_03118T0	jgi|Penexp1|176|PEXP_021310T0
OG0001529	jgi|Fusgr1|6561|FGSG_12776T0	coassemb64_004123-T1
OG0001529	jgi|Fusgr1|6561|FGSG_12776T0	jgi|Aspni_DSM_1|168268|An17g00540m.01
OG0001538	jgi|Fusgr1|4823|FGSG_03328T0	jgi|Phach1|6057|rna6056
OG0001538	jgi|Fusgr1|4823|FGSG_03328T0	KAI9753376.1
OG0001538	jgi|Fusgr1|4823|FGSG_03328T0	KAI4100929.1
OG0001538	jgi|Fusgr1|4823|FGSG_03328T0	GTX0494b19_004791-T1
OG0001538	jgi|Fusgr1|4823|FGSG_03328T0	FUN_000869_T1_FUN_000869
OG0001538	jgi|Fusgr1|4823|FGSG_03328T0	KAI4218859.1
OG0001538	jgi|Fusgr1|4823|FGSG_03328T0	CAF9923261.1
OG0001538	jgi|Fusgr1|4823|FGSG_03328T0	jgi|Grascr1|5489|GST1_010829-RA
OG0001538	jgi|Fusgr1|4823|FGSG_03328T0	coassemb378_005206-T1
OG0001538	jgi|Fusgr1|4823|FGSG_03328T0	jgi|Dibbae1|9021|DIBA_003295-RA
OG0001538	jgi|Fusgr1|4823|FGSG_03328T0	jgi|Capcor1|97538|A1O1_04699T0
OG0001538	jgi|Fusgr1|4823|FGSG_03328T0	jgi|Claba1|132045|Z519_10363T0
OG0001604	jgi|Fusgr1|2762|FGSG_12133T0, jgi|Fusgr1|13318|FGSG_14008T0	jgi|Cocpo1_1|633|XM_003065585.1
OG0001610	jgi|Fusgr1|1596|FGSG_01371T0	jgi|EndpusZ1|9217|EPUS_05848T0
OG0001615	jgi|Fusgr1|7048|FGSG_12866T0	jgi|Acastr1|126436|AST1_001131-RA
OG0001640	jgi|Fusgr1|11097|FGSG_09575T0	KAI4086500.1
OG0001646	jgi|Fusgr1|1738|FGSG_01501T0, jgi|Fusgr1|10115|FGSG_08188T0	jgi|Altal1|1094038|estExt_Genemark1.C_80316
OG0001668	jgi|Fusgr1|11099|FGSG_09577T0	coassemb76_009897-T1
OG0001669	jgi|Fusgr1|12287|FGSG_10624T0	KAJ9650870.1
OG0001669	jgi|Fusgr1|12287|FGSG_10624T0	jgi|Capcor1|98966|A1O1_06136T0
OG0001669	jgi|Fusgr1|12287|FGSG_10624T0	jgi|Claba1|132203|Z519_10522T0
OG0001669	jgi|Fusgr1|12287|FGSG_10624T0	jgi|Fonmu1|4078|Z520_01063T0
OG0001669	jgi|Fusgr1|12287|FGSG_10624T0	jgi|Exoaq1|484|A1O9_00485T0
OG0001669	jgi|Fusgr1|12287|FGSG_10624T0	XP_008712177.1
OG0001669	jgi|Fusgr1|12287|FGSG_10624T0	GTX0466b15_004829-T1
OG0001669	jgi|Fusgr1|12287|FGSG_10624T0	jgi|Aspni_DSM_1|157759|An02g12420m.01
OG0001669	jgi|Fusgr1|12287|FGSG_10624T0	KAI9813197.1
OG0001669	jgi|Fusgr1|12287|FGSG_10624T0	jgi|Amamu1|7566|gm1.1576_g
OG0001669	jgi|Fusgr1|12287|FGSG_10624T0	KAI9756752.1
OG0001669	jgi|Fusgr1|12287|FGSG_10624T0	coassemb64_006409-T1
OG0001669	jgi|Fusgr1|12287|FGSG_10624T0	coassemb76_004970-T1
OG0001688	jgi|Fusgr1|7839|FGSG_06781T0	KAI4208429.1
OG0001704	jgi|Fusgr1|3804|FGSG_04232T0	KAI9715680.1
OG0001748	jgi|Fusgr1|12438|FGSG_11202T0	jgi|Aurpu_var_mel1|61401|fgenesh1_pg.1_#_3
OG0001748	jgi|Fusgr1|12438|FGSG_11202T0	jgi|Monha1|5511|H072_5647m.01
OG0001770	jgi|Fusgr1|9933|FGSG_08344T0	CAF9939273.1
OG0001770	jgi|Fusgr1|9933|FGSG_08344T0	jgi|Clagr3|1402|CLAGR_001385-RA
OG0001770	jgi|Fusgr1|9933|FGSG_08344T0	coassemb376_002271-T1
OG0001770	jgi|Fusgr1|9933|FGSG_08344T0	jgi|Acastr1|119244|AST1_001443-RA
OG0001770	jgi|Fusgr1|9933|FGSG_08344T0	KAI9697902.1
OG0001770	jgi|Fusgr1|9933|FGSG_08344T0	KAI9718973.1
OG0001770	jgi|Fusgr1|9933|FGSG_08344T0	GTX0486b100_003988-T1
OG0001770	jgi|Fusgr1|9933|FGSG_08344T0	KAI9836681.1
OG0001770	jgi|Fusgr1|9933|FGSG_08344T0	KAI9826798.1
OG0001770	jgi|Fusgr1|9933|FGSG_08344T0	jgi|Umbpus1|106921|LPUS_05132T0
OG0001770	jgi|Fusgr1|9933|FGSG_08344T0	coassemb378_000397-T1
OG0001770	jgi|Fusgr1|9933|FGSG_08344T0	jgi|Grascr1|5580|GST1_009894-RA
OG0001770	jgi|Fusgr1|9933|FGSG_08344T0	jgi|Erypu1|4545|transcript_POS85921
OG0001770	jgi|Fusgr1|9933|FGSG_08344T0	jgi|Aspni_DSM_1|166524|An15g00020m.01
OG0001770	jgi|Fusgr1|9933|FGSG_08344T0	jgi|Cocpo1_1|6198|XM_003071151.1
OG0001770	jgi|Fusgr1|9933|FGSG_08344T0	jgi|Aurpu_var_mel1|78101|fgenesh1_pm.24_#_130, jgi|Aurpu_var_mel1|88390|gm1.8786_g
OG0001770	jgi|Fusgr1|9933|FGSG_08344T0	KAI4229294.1
OG0001770	jgi|Fusgr1|9933|FGSG_08344T0	KAI4238888.1
OG0001770	jgi|Fusgr1|9933|FGSG_08344T0	FUN_008718_T1_FUN_008718
OG0001770	jgi|Fusgr1|9933|FGSG_08344T0	GTX0494b19_003086-T1
OG0001770	jgi|Fusgr1|9933|FGSG_08344T0	KAI4098099.1
OG0001770	jgi|Fusgr1|9933|FGSG_08344T0	KAI4091499.1
OG0001770	jgi|Fusgr1|9933|FGSG_08344T0	KAI4288034.1
OG0001770	jgi|Fusgr1|9933|FGSG_08344T0	jgi|Dibbae1|2271|DIBA_001398-RA
OG0001800	jgi|Fusgr1|1560|FGSG_01342T0	coassemb76_009563-T1
OG0001800	jgi|Fusgr1|1560|FGSG_01342T0	jgi|Claba1|131384|Z519_09698T0
OG0001804	jgi|Fusgr1|1365|FGSG_01168T0	CAF9930485.1
OG0001830	jgi|Fusgr1|1748|FGSG_01511T0	coassemb76_007596-T1
OG0001830	jgi|Fusgr1|1748|FGSG_01511T0	jgi|Grascr1|11554|GST1_001776-RA
OG0001845	jgi|Fusgr1|1682|FGSG_01448T0	coassemb76_008813-T1
OG0001845	jgi|Fusgr1|1682|FGSG_01448T0	jgi|Claba1|131841|Z519_10158T0
OG0001907	jgi|Fusgr1|4937|FGSG_12482T0	KAI4086770.1
OG0001907	jgi|Fusgr1|4937|FGSG_12482T0	KAI4220811.1
OG0001907	jgi|Fusgr1|4937|FGSG_12482T0	FUN_010373_T1_FUN_010373
OG0001907	jgi|Fusgr1|4937|FGSG_12482T0	GTX0494b19_004212-T1
OG0001907	jgi|Fusgr1|4937|FGSG_12482T0	KAI4221736.1
OG0001907	jgi|Fusgr1|4937|FGSG_12482T0	KAI4104933.1
OG0001907	jgi|Fusgr1|4937|FGSG_12482T0	coassemb376_005471-T1
OG0001907	jgi|Fusgr1|4937|FGSG_12482T0	jgi|Clagr3|1061|CLAGR_001048-RA
OG0001907	jgi|Fusgr1|4937|FGSG_12482T0	CAF9907622.1
OG0001907	jgi|Fusgr1|4937|FGSG_12482T0	jgi|Aurpu_var_mel1|75368|fgenesh1_pm.10_#_159
OG0001907	jgi|Fusgr1|4937|FGSG_12482T0	KAI9671375.1
OG0001907	jgi|Fusgr1|4937|FGSG_12482T0	KAI9727097.1
OG0001907	jgi|Fusgr1|4937|FGSG_12482T0	jgi|Altal1|940460|e_gw1.16.697.1
OG0001907	jgi|Fusgr1|4937|FGSG_12482T0	jgi|Acastr1|119498|AST1_004501-RA
OG0001907	jgi|Fusgr1|4937|FGSG_12482T0	jgi|Umbpus1|104973|LPUS_11807T0
OG0001907	jgi|Fusgr1|4937|FGSG_12482T0	jgi|Dibbae1|7860|DIBA_012103-RA
OG0001907	jgi|Fusgr1|4937|FGSG_12482T0	coassemb378_010739-T1
OG0001907	jgi|Fusgr1|4937|FGSG_12482T0	coassemb64_005617-T1
OG0001907	jgi|Fusgr1|4937|FGSG_12482T0	coassemb378_007129-T1
OG0001907	jgi|Fusgr1|4937|FGSG_12482T0	jgi|EndpusZ1|1990|EPUS_00694T0
OG0001907	jgi|Fusgr1|4937|FGSG_12482T0	coassemb378_007129-T1
OG0001907	jgi|Fusgr1|4937|FGSG_12482T0	jgi|Grascr1|5550|GST1_001872-RA
OG0001907	jgi|Fusgr1|4937|FGSG_12482T0	jgi|Capcor1|95151|A1O1_02290T0
OG0001927	jgi|Fusgr1|905|FGSG_00766T0	jgi|Capcor1|101303|A1O1_08493T0
OG0001931	jgi|Fusgr1|1475|FGSG_01267T0	jgi|Claba1|130937|Z519_09248T0
OG0001935	jgi|Fusgr1|5910|FGSG_05079T0	jgi|Morco1|203785|CE203784_1176
OG0001955	jgi|Fusgr1|9091|FGSG_07854T0	KAI9837859.1
OG0001991	jgi|Fusgr1|3084|FGSG_02701T0	KAI4091663.1
OG0002000	jgi|Fusgr1|1255|FGSG_01069T0	KAI4279879.1
OG0002022	jgi|Fusgr1|6034|FGSG_05187T0	CAF9938633.1
OG0002025	jgi|Fusgr1|278|FGSG_00225T0	KAI9715028.1
OG0002025	jgi|Fusgr1|278|FGSG_00225T0	KAI9657257.1
OG0002025	jgi|Fusgr1|278|FGSG_00225T0	KAI9696280.1
OG0002025	jgi|Fusgr1|278|FGSG_00225T0	GTX0486b100_006230-T1
OG0002025	jgi|Fusgr1|278|FGSG_00225T0	KAI9711670.1
OG0002025	jgi|Fusgr1|278|FGSG_00225T0	KAI9825057.1
OG0002025	jgi|Fusgr1|278|FGSG_00225T0	jgi|Dibbae1|12669|DIBA_006482-RA
OG0002025	jgi|Fusgr1|278|FGSG_00225T0	jgi|Aspni_DSM_1|156766|An02g02380m.01
OG0002025	jgi|Fusgr1|278|FGSG_00225T0	jgi|EndpusZ1|6721|EPUS_06347T0
OG0002025	jgi|Fusgr1|278|FGSG_00225T0	KAI4102261.1
OG0002025	jgi|Fusgr1|278|FGSG_00225T0	GTX0494b19_008231-T1
OG0002025	jgi|Fusgr1|278|FGSG_00225T0	coassemb376_003564-T1
OG0002025	jgi|Fusgr1|278|FGSG_00225T0	jgi|Acastr1|127603|AST1_007985-RA
OG0002081	jgi|Fusgr1|11577|FGSG_10000T0	coassemb64_004135-T1
OG0002141	jgi|Fusgr1|4126|FGSG_03951T0, jgi|Fusgr1|10319|FGSG_08005T0	jgi|Aspni_DSM_1|156977|An02g04530m.01
OG0002154	jgi|Fusgr1|9632|FGSG_08608T0	jgi|Sclsc1|8089|SS1G_13512T0
OG0002154	jgi|Fusgr1|9632|FGSG_08608T0	coassemb378_005423-T1
OG0002154	jgi|Fusgr1|9632|FGSG_08608T0	coassemb76_008216-T1
OG0002211	jgi|Fusgr1|326|FGSG_00257T0	jgi|Aspni_DSM_1|155098|An01g00340m.01
OG0002226	jgi|Fusgr1|1996|FGSG_01733T0	jgi|Dibbae1|5271|DIBA_008281-RA
OG0002226	jgi|Fusgr1|1996|FGSG_01733T0	coassemb378_011453-T1
OG0002226	jgi|Fusgr1|1996|FGSG_01733T0	jgi|Clagr3|6403|CLAGR_006039-RA
OG0002226	jgi|Fusgr1|1996|FGSG_01733T0	coassemb376_005419-T1
OG0002226	jgi|Fusgr1|1996|FGSG_01733T0	jgi|Phach1|1935|rna1934
OG0002226	jgi|Fusgr1|1996|FGSG_01733T0	XP_008720533.1
OG0002226	jgi|Fusgr1|1996|FGSG_01733T0	jgi|Claba1|134328|Z519_11730T0
OG0002226	jgi|Fusgr1|1996|FGSG_01733T0	jgi|Fonmu1|12234|Z520_05440T0
OG0002226	jgi|Fusgr1|1996|FGSG_01733T0	coassemb64_002832-T1
OG0002226	jgi|Fusgr1|1996|FGSG_01733T0	KAJ9662505.1
OG0002226	jgi|Fusgr1|1996|FGSG_01733T0	jgi|Cocpo1_1|2613|XM_003067566.1
OG0002226	jgi|Fusgr1|1996|FGSG_01733T0	jgi|Exoaq1|3864|A1O9_11385T0
OG0002226	jgi|Fusgr1|1996|FGSG_01733T0	coassemb64_005395-T1
OG0002226	jgi|Fusgr1|1996|FGSG_01733T0	GTX0466b15_009438-T1
OG0002226	jgi|Fusgr1|1996|FGSG_01733T0	coassemb76_008406-T1
OG0002226	jgi|Fusgr1|1996|FGSG_01733T0	jgi|Aspni_DSM_1|160277|An07g00390m.01
OG0002226	jgi|Fusgr1|1996|FGSG_01733T0	coassemb64_005395-T1
OG0002235	jgi|Fusgr1|2361|FGSG_02058T0	jgi|EndpusZ1|4631|EPUS_02121T0
OG0002345	jgi|Fusgr1|3180|FGSG_11633T0	coassemb378_002074-T1
OG0002367	jgi|Fusgr1|5161|FGSG_12527T0	jgi|Altal1|1061502|gm1.5737_g
OG0002367	jgi|Fusgr1|5161|FGSG_12527T0	KAI9839847.1
OG0002367	jgi|Fusgr1|5161|FGSG_12527T0	KAI9704073.1
OG0002367	jgi|Fusgr1|5161|FGSG_12527T0	GTX0486b100_007532-T1
OG0002367	jgi|Fusgr1|5161|FGSG_12527T0	jgi|EndpusZ1|2098|EPUS_00802T0
OG0002367	jgi|Fusgr1|5161|FGSG_12527T0	jgi|Cocpo1_1|5160|XM_003070113.1
OG0002367	jgi|Fusgr1|5161|FGSG_12527T0	jgi|Aspni_DSM_1|161622|An08g03600m.01
OG0002367	jgi|Fusgr1|5161|FGSG_12527T0	KAI9699143.1
OG0002367	jgi|Fusgr1|5161|FGSG_12527T0	jgi|Dibbae1|7372|DIBA_009545-RA
OG0002367	jgi|Fusgr1|5161|FGSG_12527T0	jgi|Exoaq1|2455|A1O9_09981T0
OG0002367	jgi|Fusgr1|5161|FGSG_12527T0	coassemb64_000982-T1
OG0002367	jgi|Fusgr1|5161|FGSG_12527T0	KAJ9652605.1
OG0002373	jgi|Fusgr1|3603|FGSG_04416T0	FUN_005923_T1_FUN_005923
OG0002396	jgi|Fusgr1|11173|FGSG_09647T0	jgi|Acastr1|125592|AST1_007869-RA
OG0002458	jgi|Fusgr1|4779|FGSG_03367T0	CAF9922504.1
OG0002575	jgi|Fusgr1|8006|FGSG_06930T0	GTX0486b100_008436-T1
OG0002575	jgi|Fusgr1|8006|FGSG_06930T0	GTX0494b19_000543-T1
OG0002624	jgi|Fusgr1|608|FGSG_00506T0	coassemb76_009612-T1
OG0002624	jgi|Fusgr1|608|FGSG_00506T0	KAJ9649871.1
OG0002704	jgi|Fusgr1|1683|FGSG_01449T0	coassemb76_008812-T1
OG0002705	jgi|Fusgr1|717|FGSG_00601T0	KAI4286705.1
OG0002705	jgi|Fusgr1|717|FGSG_00601T0	KAJ9651166.1
OG0002718	jgi|Fusgr1|802|FGSG_00677T0	coassemb64_002777-T1
OG0002738	jgi|Fusgr1|1434|FGSG_01231T0	jgi|Monha1|1364|H072_1364m.01
OG0002823	jgi|Fusgr1|5449|FGSG_12578T0	FUN_007174_T1_FUN_007174
OG0003192	jgi|Fusgr1|1211|FGSG_01029T0	jgi|Acastr1|123922|AST1_000544-RA
OG0003327	jgi|Fusgr1|9444|FGSG_08770T0	jgi|Cocpo1_1|298|XM_003065249.1
OG0003393	jgi|Fusgr1|1474|FGSG_01266T0	coassemb376_007251-T1
OG0003398	jgi|Fusgr1|12761|FGSG_10917T0	jgi|Fonmu1|10084|Z520_03482T0
OG0003398	jgi|Fusgr1|12761|FGSG_10917T0	jgi|Claba1|129248|Z519_07550T0
OG0003398	jgi|Fusgr1|12761|FGSG_10917T0	jgi|Capcor1|97218|A1O1_04374T0
OG0003398	jgi|Fusgr1|12761|FGSG_10917T0	jgi|Exoaq1|7736|A1O9_04267T0
OG0003398	jgi|Fusgr1|12761|FGSG_10917T0	coassemb64_005160-T1
OG0003398	jgi|Fusgr1|12761|FGSG_10917T0	XP_008711669.1
OG0003398	jgi|Fusgr1|12761|FGSG_10917T0	GTX0466b15_002010-T1
OG0003398	jgi|Fusgr1|12761|FGSG_10917T0	coassemb76_006053-T1, coassemb76_007309-T1
OG0003398	jgi|Fusgr1|12761|FGSG_10917T0	KAJ9664361.1
OG0003398	jgi|Fusgr1|12761|FGSG_10917T0	jgi|EndpusZ1|883|EPUS_01599T0
OG0003398	jgi|Fusgr1|12761|FGSG_10917T0	jgi|Penexp1|3888|PEXP_071420T0
OG0003398	jgi|Fusgr1|12761|FGSG_10917T0	jgi|Cocpo1_1|4168|XM_003069121.1
OG0003398	jgi|Fusgr1|12761|FGSG_10917T0	KAI9749353.1
OG0003398	jgi|Fusgr1|8080|FGSG_06990T0	jgi|Cocpo1_1|5470|XM_003070423.1
OG0003398	jgi|Fusgr1|8080|FGSG_06990T0	coassemb64_005159-T1
OG0003402	jgi|Fusgr1|10181|FGSG_08126T0	coassemb376_001305-T1
OG0003426	jgi|Fusgr1|7614|FGSG_06590T0	jgi|Dibbae1|12574|DIBA_004250-RA
OG0003578	jgi|Fusgr1|5216|FGSG_02990T0	jgi|Phach1|5705|rna5704
OG0003578	jgi|Fusgr1|5216|FGSG_02990T0	jgi|EndpusZ1|1265|EPUS_00076T0
OG0003578	jgi|Fusgr1|5216|FGSG_02990T0	jgi|Exoaq1|4437|A1O9_01955T0
OG0003578	jgi|Fusgr1|5216|FGSG_02990T0	coassemb64_007099-T1
OG0003578	jgi|Fusgr1|5216|FGSG_02990T0	jgi|Claba1|138834|Z519_05366T0
OG0003578	jgi|Fusgr1|5216|FGSG_02990T0	jgi|Fonmu1|11376|Z520_04580T0
OG0003578	jgi|Fusgr1|5216|FGSG_02990T0	jgi|Capcor1|97604|A1O1_04765T0
OG0003578	jgi|Fusgr1|5216|FGSG_02990T0	GTX0466b15_008965-T1
OG0003578	jgi|Fusgr1|5216|FGSG_02990T0	coassemb76_002897-T1
OG0003578	jgi|Fusgr1|5216|FGSG_02990T0	KAJ9655909.1
OG0003578	jgi|Fusgr1|5216|FGSG_02990T0	XP_008715729.1
OG0003617	jgi|Fusgr1|10953|FGSG_09451T0	jgi|EndpusZ1|4099|EPUS_09402T0
OG0003617	jgi|Fusgr1|10953|FGSG_09451T0	CAF9906519.1
OG0003617	jgi|Fusgr1|10953|FGSG_09451T0	jgi|Fonmu1|6707|Z520_01917T0
OG0003625	jgi|Fusgr1|1703|FGSG_01469T0	jgi|Exoaq1|7046|A1O9_12848T0
OG0003629	jgi|Fusgr1|532|FGSG_00436T0	coassemb376_000939-T1
OG0003680	jgi|Fusgr1|7550|FGSG_06531T0	jgi|Morco1|577490|gm1.8266_g
OG0003689	jgi|Fusgr1|11728|FGSG_10133T0	jgi|Clagr3|7431|CLAGR_007028-RA
OG0003709	jgi|Fusgr1|9878|FGSG_08390T0	coassemb376_002099-T1
OG0003709	jgi|Fusgr1|9878|FGSG_08390T0	jgi|Acastr1|119440|AST1_007522-RA
OG0003794	jgi|Fusgr1|631|FGSG_00527T0	KAI9817910.1
OG0003802	jgi|Fusgr1|12712|FGSG_10959T0	jgi|Claba1|130454|Z519_08761T0
OG0003840	jgi|Fusgr1|3104|FGSG_02719T0	jgi|Claba1|137073|Z519_12810T0
OG0003840	jgi|Fusgr1|3104|FGSG_02719T0	XP_008710554.1, XP_008721554.1
OG0003880	jgi|Fusgr1|4014|FGSG_04052T0	jgi|Umbpus1|105574|LPUS_12582T0
OG0003907	jgi|Fusgr1|4797|FGSG_12452T0, jgi|Fusgr1|5120|FGSG_03074T0	GTX0494b19_003766-T1
OG0003907	jgi|Fusgr1|4797|FGSG_12452T0, jgi|Fusgr1|5120|FGSG_03074T0	FUN_007893_T1_FUN_007893
OG0003907	jgi|Fusgr1|4797|FGSG_12452T0, jgi|Fusgr1|5120|FGSG_03074T0	KAI4218900.1
OG0003907	jgi|Fusgr1|4797|FGSG_12452T0, jgi|Fusgr1|5120|FGSG_03074T0	KAI4093614.1
OG0003907	jgi|Fusgr1|4797|FGSG_12452T0, jgi|Fusgr1|5120|FGSG_03074T0	jgi|Monha1|1803|H072_1804m.01
OG0003907	jgi|Fusgr1|4797|FGSG_12452T0	KAJ9656820.1
OG0003907	jgi|Fusgr1|4797|FGSG_12452T0	jgi|Exoaq1|78|A1O9_00078T0
OG0003907	jgi|Fusgr1|5120|FGSG_03074T0	jgi|Aspni_DSM_1|160727|An07g04990m.01
OG0003907	jgi|Fusgr1|5120|FGSG_03074T0	jgi|Altal1|304132|CE304131_1563
OG0003907	jgi|Fusgr1|5120|FGSG_03074T0	jgi|Aurpu_var_mel1|50665|e_gw1.13.359.1
OG0003907	jgi|Fusgr1|5120|FGSG_03074T0	jgi|Penexp1|3234|PEXP_107150T0
OG0003964	jgi|Fusgr1|8054|FGSG_06967T0	GTX0466b15_001705-T1
OG0003966	jgi|Fusgr1|5800|FGSG_04983T0	jgi|Claba1|138771|Z519_05302T0
OG0003978	jgi|Fusgr1|6544|FGSG_05643T0	CAF9943228.1
OG0003980	jgi|Fusgr1|7143|FGSG_06168T0	coassemb76_006176-T1
OG0004009	jgi|Fusgr1|7022|FGSG_06061T0	jgi|Exoaq1|6089|A1O9_11889T0
OG0004024	jgi|Fusgr1|10244|FGSG_13446T0	jgi|Fonmu1|6334|Z520_10147T0
OG0004024	jgi|Fusgr1|10244|FGSG_13446T0	FUN_008171_T1_FUN_008171
OG0004115	jgi|Fusgr1|7879|FGSG_06817T0	jgi|Penexp1|7114|PEXP_076500T0
OG0004123	jgi|Fusgr1|1960|FGSG_01702T0	jgi|Aspni_DSM_1|158129|An03g01160m.01
OG0004137	jgi|Fusgr1|6205|FGSG_05347T0	jgi|EndpusZ1|7542|EPUS_07291T0
OG0004186	jgi|Fusgr1|5994|FGSG_05152T0	KAI9839543.1
OG0004200	jgi|Fusgr1|9644|FGSG_08597T0	jgi|Fonmu1|9323|Z520_11729T0
OG0004250	jgi|Fusgr1|11644|FGSG_10059T0	jgi|Monha1|1644|H072_1644m.01
OG0004295	jgi|Fusgr1|12290|FGSG_10627T0	jgi|Cocpo1_1|6408|XM_003071361.1
OG0004295	jgi|Fusgr1|12290|FGSG_10627T0	jgi|Aspni_DSM_1|155403|An01g03550m.01
OG0004295	jgi|Fusgr1|12290|FGSG_10627T0	jgi|Penexp1|5491|PEXP_097350T0
OG0004295	jgi|Fusgr1|12290|FGSG_10627T0	KAI4234265.1
OG0004295	jgi|Fusgr1|12290|FGSG_10627T0	KAI4222328.1
OG0004295	jgi|Fusgr1|12290|FGSG_10627T0	KAI4099794.1
OG0004295	jgi|Fusgr1|12290|FGSG_10627T0	FUN_009057_T1_FUN_009057
OG0004295	jgi|Fusgr1|12290|FGSG_10627T0	GTX0494b19_008678-T1
OG0004295	jgi|Fusgr1|12290|FGSG_10627T0	KAI4104881.1
OG0004295	jgi|Fusgr1|12290|FGSG_10627T0	KAI4290286.1
OG0004308	jgi|Fusgr1|12415|FGSG_13829T0	KAI9672833.1
OG0004308	jgi|Fusgr1|12415|FGSG_13829T0	KAI9724647.1
OG0004308	jgi|Fusgr1|12415|FGSG_13829T0	jgi|Umbpus1|106673|LPUS_04869T0
OG0004308	jgi|Fusgr1|12415|FGSG_13829T0	jgi|Acastr1|126392|AST1_006566-RA
OG0004308	jgi|Fusgr1|12415|FGSG_13829T0	KAI9824154.1
OG0004308	jgi|Fusgr1|12415|FGSG_13829T0	GTX0486b100_001039-T1
OG0004308	jgi|Fusgr1|12415|FGSG_13829T0	KAI9703642.1
OG0004308	jgi|Fusgr1|12415|FGSG_13829T0	coassemb376_006519-T1
OG0004308	jgi|Fusgr1|12415|FGSG_13829T0	coassemb378_008157-T1
OG0004308	jgi|Fusgr1|12415|FGSG_13829T0	KAI9811386.1
OG0004308	jgi|Fusgr1|12415|FGSG_13829T0	jgi|Dibbae1|4487|DIBA_007635-RA
OG0004308	jgi|Fusgr1|12415|FGSG_13829T0	jgi|Penexp1|462|PEXP_057820T0
OG0004308	jgi|Fusgr1|12415|FGSG_13829T0	jgi|Aspni_DSM_1|168886|An18g04410m.01
OG0004308	jgi|Fusgr1|12415|FGSG_13829T0	jgi|Cocpo1_1|3410|XM_003068363.1
OG0004308	jgi|Fusgr1|12415|FGSG_13829T0	KAI4222783.1
OG0004308	jgi|Fusgr1|12415|FGSG_13829T0	FUN_002269_T1_FUN_002269
OG0004308	jgi|Fusgr1|12415|FGSG_13829T0	GTX0494b19_000765-T1
OG0004308	jgi|Fusgr1|12415|FGSG_13829T0	KAI4225626.1
OG0004308	jgi|Fusgr1|12415|FGSG_13829T0	KAI4089614.1
OG0004308	jgi|Fusgr1|12415|FGSG_13829T0	KAI4287360.1
OG0004308	jgi|Fusgr1|12415|FGSG_13829T0	jgi|Clagr3|2268|CLAGR_001666-RA
OG0004308	jgi|Fusgr1|12415|FGSG_13829T0	CAF9922138.1
OG0004308	jgi|Fusgr1|12415|FGSG_13829T0	jgi|Erypu1|5089|transcript_POS85576
OG0004308	jgi|Fusgr1|12415|FGSG_13829T0	jgi|Sclsc1|4829|SS1G_11285T0
OG0004308	jgi|Fusgr1|12415|FGSG_13829T0	jgi|Grascr1|692|GST1_001405-RA
OG0004308	jgi|Fusgr1|12415|FGSG_13829T0	jgi|Altal1|1059072|gm1.3307_g
OG0004308	jgi|Fusgr1|12415|FGSG_13829T0	jgi|Aurpu_var_mel1|45778|e_gw1.7.682.1
OG0004308	jgi|Fusgr1|12415|FGSG_13829T0	jgi|Aspni_DSM_1|159406|An04g07230m.01
OG0004308	jgi|Fusgr1|12415|FGSG_13829T0	jgi|Aspni_DSM_1|159406|An04g07230m.01
OG0004308	jgi|Fusgr1|12415|FGSG_13829T0	jgi|Penexp1|3549|PEXP_086730T0
OG0004308	jgi|Fusgr1|12415|FGSG_13829T0	jgi|Penexp1|3549|PEXP_086730T0
OG0004369	jgi|Fusgr1|5002|FGSG_03177T0, jgi|Fusgr1|10586|FGSG_09140T0	jgi|Cocpo1_1|1562|XM_003066514.1
OG0004369	jgi|Fusgr1|840|FGSG_00708T0	jgi|Morco1|534707|fgenesh1_kg.17_#_43_#_Locus16834v1rpkm0.80
OG0004411	jgi|Fusgr1|11714|FGSG_10120T0	jgi|Capcor1|101072|A1O1_08260T0
OG0004435	jgi|Fusgr1|11023|FGSG_09508T0	GTX0486b100_006750-T1
OG0004527	jgi|Fusgr1|3981|FGSG_12314T0, jgi|Fusgr1|3980|FGSG_12313T0	KAI9652523.1
OG0004589	jgi|Fusgr1|1508|FGSG_11926T0	KAJ9650549.1
OG0004592	jgi|Fusgr1|12519|FGSG_11132T0, jgi|Fusgr1|10108|FGSG_08194T0	jgi|PseVKM4520_1|8017|transcript_KFZ24611
OG0004754	jgi|Fusgr1|6120|FGSG_05270T0	jgi|Exoaq1|2790|A1O9_13179T0
OG0004795	jgi|Fusgr1|12102|FGSG_10467T0	jgi|Claba1|139160|Z519_05692T0
OG0004966	jgi|Fusgr1|12850|FGSG_10841T0	coassemb378_011168-T1
OG0005243	jgi|Fusgr1|5129|FGSG_03066T0	GTX0466b15_004710-T1
OG0005288	jgi|Fusgr1|2284|FGSG_01991T0	KAJ9656546.1
OG0005342	jgi|Fusgr1|1869|FGSG_11980T0	jgi|Exoaq1|8166|A1O9_04701T0
OG0005342	jgi|Fusgr1|1869|FGSG_11980T0	coassemb64_008010-T1, coassemb64_008517-T1, coassemb64_007896-T1
OG0005342	jgi|Fusgr1|1869|FGSG_11980T0	jgi|Fonmu1|11200|Z520_04402T0, jgi|Fonmu1|9505|Z520_11912T0
OG0005342	jgi|Fusgr1|1869|FGSG_11980T0	jgi|Claba1|133993|Z519_11394T0
OG0005366	jgi|Fusgr1|760|FGSG_00640T0	KAI4231955.1
OG0005369	jgi|Fusgr1|4514|FGSG_12408T0	KAI9710391.1
OG0005391	jgi|Fusgr1|4227|FGSG_12365T0	jgi|Aspni_DSM_1|162776|An09g03140m.01
OG0005404	jgi|Fusgr1|7016|FGSG_06056T0	GTX0486b100_003784-T1
OG0005404	jgi|Fusgr1|7016|FGSG_06056T0	FUN_003800_T1_FUN_003800
OG0005425	jgi|Fusgr1|7235|FGSG_06248T0	jgi|Phach1|1154|rna1153
OG0005432	jgi|Fusgr1|13227|FGSG_11317T0	coassemb378_005041-T1
OG0005435	jgi|Fusgr1|7039|FGSG_06077T0	jgi|Acastr1|121105|AST1_006607-RA
OG0005485	jgi|Fusgr1|9025|FGSG_07797T0	coassemb64_007365-T1
OG0005485	jgi|Fusgr1|9025|FGSG_07797T0	jgi|Exoaq1|4650|A1O9_02169T0
OG0005488	jgi|Fusgr1|7477|FGSG_06469T0	jgi|Morco1|578739|gm1.9515_g, jgi|Morco1|524214|estExt_Genewise1Plus.C_310004
OG0005539	jgi|Fusgr1|910|FGSG_00771T0, jgi|Fusgr1|11223|FGSG_09694T0	XP_008712375.1
OG0005575	jgi|Fusgr1|11775|FGSG_10178T0	jgi|Aspni_DSM_1|161719|An08g04560m.01
OG0005590	jgi|Fusgr1|7898|FGSG_06836T0	jgi|Dibbae1|7904|DIBA_000367-RA
OG0005624	jgi|Fusgr1|2622|FGSG_02285T0	jgi|Fonmu1|10465|Z520_12332T0
OG0005642	jgi|Fusgr1|7339|FGSG_06343T0	jgi|Grascr1|5566|GST1_001888-RA
OG0005825	jgi|Fusgr1|1766|FGSG_01528T0	KAI9705914.1
OG0005834	jgi|Fusgr1|894|FGSG_00756T0	XP_008716065.1
OG0005868	jgi|Fusgr1|8425|FGSG_07275T0	jgi|Clagr3|2959|CLAGR_002623-RA
OG0005881	jgi|Fusgr1|6288|FGSG_12734T0	jgi|Grascr1|7047|GST1_010577-RA
OG0005888	jgi|Fusgr1|5687|FGSG_12647T0	jgi|Claba1|130796|Z519_09106T0
OG0005898	jgi|Fusgr1|9218|FGSG_07963T0	KAI9723592.1
OG0005915	jgi|Fusgr1|2732|FGSG_02391T0, jgi|Fusgr1|4532|FGSG_03587T0	jgi|Altal1|932956|e_gw1.8.890.1
OG0005921	jgi|Fusgr1|3813|FGSG_04225T0	jgi|Monha1|9690|H072_10193m.01
OG0005921	jgi|Fusgr1|3813|FGSG_04225T0	jgi|Grascr1|2195|GST1_001314-RA
OG0005962	jgi|Fusgr1|10575|FGSG_13519T0	jgi|Aspni_DSM_1|156812|An02g02850m.01
OG0005978	jgi|Fusgr1|6699|FGSG_05772T0	coassemb376_005815-T1
OG0006003	jgi|Fusgr1|6882|FGSG_05933T0	XP_008717735.1
OG0006012	jgi|Fusgr1|3706|FGSG_04321T0	jgi|Acastr1|122148|AST1_007380-RA
OG0006025	jgi|Fusgr1|412|FGSG_00334T0	jgi|Penexp1|9708|PEXP_100150T0
OG0006059	jgi|Fusgr1|2494|FGSG_02179T0	KAI4239100.1
OG0006113	jgi|Fusgr1|11381|FGSG_09831T0	jgi|Penexp1|2031|PEXP_024430T0
OG0006224	jgi|Fusgr1|228|FGSG_00184T0, jgi|Fusgr1|12284|FGSG_10621T0, jgi|Fusgr1|7700|FGSG_06663T0	XP_008712127.1
OG0006237	jgi|Fusgr1|10668|FGSG_09211T0	KAI4093048.1
OG0006273	jgi|Fusgr1|5315|FGSG_12556T0, jgi|Fusgr1|3473|FGSG_04528T0	jgi|Dibbae1|8414|DIBA_011086-RA
OG0006297	jgi|Fusgr1|10231|FGSG_08082T0, jgi|Fusgr1|10772|FGSG_09301T0	KAJ9661893.1
OG0006297	jgi|Fusgr1|10772|FGSG_09301T0	jgi|Exoaq1|3232|A1O9_10750T0
OG0006351	jgi|Fusgr1|9995|FGSG_08289T0	coassemb378_008669-T1, coassemb378_003689-T1
OG0006384	jgi|Fusgr1|10506|FGSG_09067T0	XP_008719616.1
OG0006502	jgi|Fusgr1|5160|FGSG_03039T0	XP_008712235.1
OG0006502	jgi|Fusgr1|5160|FGSG_03039T0	jgi|Altal1|1080741|MIX12639_6_53, jgi|Altal1|1010030|fgenesh1_pg.14_#_10, jgi|Altal1|205237|CE205236_522
OG0006502	jgi|Fusgr1|5160|FGSG_03039T0	coassemb378_005300-T1
OG0006502	jgi|Fusgr1|5160|FGSG_03039T0	jgi|Fonmu1|2769|Z520_07404T0
OG0006502	jgi|Fusgr1|5160|FGSG_03039T0	jgi|Claba1|133507|Z519_10906T0
OG0006502	jgi|Fusgr1|5160|FGSG_03039T0	KAJ9654186.1, KAJ9664170.1
OG0006502	jgi|Fusgr1|5160|FGSG_03039T0	jgi|Exoaq1|1469|A1O9_01475T0
OG0006502	jgi|Fusgr1|5160|FGSG_03039T0	coassemb64_002107-T1
OG0006532	jgi|Fusgr1|3490|FGSG_04512T0	jgi|Claba1|130129|Z519_08436T0
OG0006556	jgi|Fusgr1|12624|FGSG_11035T0	KAJ9657159.1
OG0006589	jgi|Fusgr1|7478|FGSG_06470T0	jgi|Monha1|6980|H072_7205m.01
OG0006601	jgi|Fusgr1|11393|FGSG_09841T0	jgi|Exoaq1|6891|A1O9_12693T0
OG0006601	jgi|Fusgr1|11393|FGSG_09841T0	coassemb378_010661-T1
OG0006654	jgi|Fusgr1|3150|FGSG_02755T0	jgi|Dibbae1|6525|DIBA_002660-RA
OG0006806	jgi|Fusgr1|5650|FGSG_04848T0	coassemb378_001580-T1
OG0006841	jgi|Fusgr1|12020|FGSG_10394T0	jgi|Exoaq1|10150|A1O9_06583T0, jgi|Exoaq1|6236|A1O9_12037T0
OG0006884	jgi|Fusgr1|4317|FGSG_03784T0	jgi|Grascr1|4683|GST1_007954-RA
OG0006958	jgi|Fusgr1|5133|FGSG_12521T0	jgi|Exoaq1|2779|A1O9_10304T0
OG0006979	jgi|Fusgr1|10515|FGSG_09076T0	GTX0494b19_006997-T1
OG0006979	jgi|Fusgr1|10515|FGSG_09076T0	FUN_005397_T1_FUN_005397
OG0007011	jgi|Fusgr1|10253|FGSG_08061T0	jgi|Exoaq1|4101|A1O9_11624T0
OG0007038	jgi|Fusgr1|12407|FGSG_11227T0	KAJ9659347.1
OG0007038	jgi|Fusgr1|12407|FGSG_11227T0	KAI9717207.1
OG0007121	jgi|Fusgr1|12221|FGSG_10565T0	jgi|Exoaq1|49|A1O9_00049T0
OG0007121	jgi|Fusgr1|12221|FGSG_10565T0	coassemb376_006444-T1
OG0007133	jgi|Fusgr1|930|FGSG_11824T0	coassemb64_006249-T1
OG0007156	jgi|Fusgr1|6634|FGSG_05719T0, jgi|Fusgr1|4888|FGSG_03274T0	coassemb376_006264-T1
OG0007268	jgi|Fusgr1|6757|FGSG_12819T0	jgi|Dibbae1|8318|DIBA_002293-RA
OG0007268	jgi|Fusgr1|6757|FGSG_12819T0	KAI9651875.1
OG0007268	jgi|Fusgr1|6757|FGSG_12819T0	KAI9720135.1
OG0007268	jgi|Fusgr1|6757|FGSG_12819T0	CAF9929592.1
OG0007268	jgi|Fusgr1|6757|FGSG_12819T0	jgi|Grascr1|4746|GST1_002322-RA
OG0007306	jgi|Fusgr1|4874|FGSG_03288T0	jgi|Exoaq1|11608|A1O9_07944T0
OG0007306	jgi|Fusgr1|4874|FGSG_03288T0	KAJ9659601.1
OG0007306	jgi|Fusgr1|4874|FGSG_03288T0	jgi|Aspni_DSM_1|160209|An06g02420m.01
OG0007306	jgi|Fusgr1|4874|FGSG_03288T0	jgi|Claba1|129356|Z519_07659T0
OG0007316	jgi|Fusgr1|5368|FGSG_12564T0	KAJ9663687.1
OG0007357	jgi|Fusgr1|9376|FGSG_08829T0	jgi|Morco1|515957|estExt_Genewise1Plus.C_3_t10073
OG0007414	jgi|Fusgr1|10219|FGSG_08092T0	KAJ9653552.1, KAJ9650252.1
OG0007714	jgi|Fusgr1|3466|FGSG_04535T0, jgi|Fusgr1|7621|FGSG_06597T0	jgi|Podan3|207866|mRNA_6694
OG0007748	jgi|Fusgr1|6230|FGSG_05368T0	jgi|Altal1|941203|e_gw1.17.125.1
OG0007775	jgi|Fusgr1|12218|FGSG_10562T0, jgi|Fusgr1|2270|FGSG_01979T0	jgi|Monha1|4266|H072_4346m.01
OG0007804	jgi|Fusgr1|12331|FGSG_10664T0	jgi|Artol1|3714|AOL_s00075g52m.01, jgi|Artol1|409|AOL_s00004g409m.01, jgi|Artol1|3715|AOL_s00075g53m.01
OG0007997	jgi|Fusgr1|12265|FGSG_13795T0	jgi|Penexp1|820|PEXP_094490T0
OG0007997	jgi|Fusgr1|12265|FGSG_13795T0	KAI9839500.1
OG0007997	jgi|Fusgr1|12265|FGSG_13795T0	jgi|Penexp1|820|PEXP_094490T0
OG0007997	jgi|Fusgr1|12265|FGSG_13795T0	jgi|Aurpu_var_mel1|65791|fgenesh1_pg.9_#_180, jgi|Aurpu_var_mel1|76337|fgenesh1_pm.14_#_157
OG0007997	jgi|Fusgr1|12265|FGSG_13795T0	KAI9723066.1
OG0007997	jgi|Fusgr1|12265|FGSG_13795T0	KAI9668769.1
OG0007997	jgi|Fusgr1|12265|FGSG_13795T0	jgi|Exoaq1|9167|A1O9_05592T0
OG0007997	jgi|Fusgr1|12265|FGSG_13795T0	jgi|Capcor1|92400|A1O1_08823T0
OG0007997	jgi|Fusgr1|12265|FGSG_13795T0	XP_008715048.1
OG0008350	jgi|Fusgr1|12718|FGSG_13883T0	coassemb378_005020-T1
OG0008382	jgi|Fusgr1|3400|FGSG_12222T0	jgi|Clagr3|8778|CLAGR_008936-RA
OG0008382	jgi|Fusgr1|3400|FGSG_12222T0	jgi|Penexp1|9036|PEXP_063390T0
OG0008382	jgi|Fusgr1|3400|FGSG_12222T0	jgi|Acastr1|122718|AST1_004791-RA
OG0008382	jgi|Fusgr1|3400|FGSG_12222T0	jgi|Aspni_DSM_1|155810|An01g07680m.01, jgi|Aspni_DSM_1|163499|An11g02490m.01
