Orthogroup	Grascr1_GeneCatalog_proteins_20160731.aa	Other
OG0000003	jgi|Grascr1|1254|GST1_007678-RA	jgi|Podan3|201333|mRNA_161
OG0000004	jgi|Grascr1|1575|GST1_007306-RA	jgi|Exoaq1|11121|A1O9_07456T0
OG0000004	jgi|Grascr1|3744|GST1_009769-RA	jgi|Claba1|133761|Z519_11161T0
OG0000010	jgi|Grascr1|5553|GST1_001875-RA	CAF9932876.1
OG0000012	jgi|Grascr1|7771|GST1_002701-RA, jgi|Grascr1|3262|GST1_007483-RA	jgi|Altal1|936260|e_gw1.11.581.1
OG0000015	jgi|Grascr1|13026|GST1_005555-RA	jgi|Penexp1|3668|PEXP_085500T0
OG0000015	jgi|Grascr1|13026|GST1_005555-RA	jgi|Aspni_DSM_1|159833|An05g01120m.01, jgi|Aspni_DSM_1|163216|An10g00660m.01, jgi|Aspni_DSM_1|162661|An09g02000m.01
OG0000015	jgi|Grascr1|13026|GST1_005555-RA	jgi|Cocpo1_1|2685|XM_003067638.1
OG0000015	jgi|Grascr1|9633|GST1_012449-RA	jgi|Aspni_DSM_1|163638|An11g03940m.01, jgi|Aspni_DSM_1|166170|An14g03870m.01
OG0000015	jgi|Grascr1|8617|GST1_011570-RA	jgi|Monha1|7534|H072_7784m.01
OG0000024	jgi|Grascr1|1354|GST1_007395-RA	jgi|Altal1|928293|e_gw1.3.1200.1
OG0000025	jgi|Grascr1|7665|GST1_010974-RA	jgi|Claba1|132263|Z519_10582T0
OG0000025	jgi|Grascr1|7665|GST1_010974-RA	jgi|Fonmu1|9583|Z520_11990T0
OG0000027	jgi|Grascr1|7003|GST1_002841-RA	GTX0466b15_002962-T1
OG0000027	jgi|Grascr1|3249|GST1_007470-RA	GTX0466b15_000963-T1
OG0000028	jgi|Grascr1|347|GST1_005797-RA, jgi|Grascr1|7160|GST1_012779-RA	FUN_010538_T1_FUN_010538
OG0000031	jgi|Grascr1|5596|GST1_009855-RA	jgi|Altal1|169213|CE169212_281
OG0000033	jgi|Grascr1|7426|GST1_012003-RA	coassemb376_006317-T1
OG0000033	jgi|Grascr1|7426|GST1_012003-RA	GTX0494b19_008550-T1
OG0000033	jgi|Grascr1|7426|GST1_012003-RA	KAI4233520.1
OG0000033	jgi|Grascr1|7426|GST1_012003-RA	KAI4221182.1
OG0000033	jgi|Grascr1|7426|GST1_012003-RA	KAI4096798.1
OG0000033	jgi|Grascr1|7426|GST1_012003-RA	FUN_007987_T1_FUN_007987
OG0000033	jgi|Grascr1|7426|GST1_012003-RA	jgi|Clagr3|3091|CLAGR_003187-RA
OG0000033	jgi|Grascr1|7426|GST1_012003-RA	CAF9931029.1, CAF9924089.1
OG0000033	jgi|Grascr1|7424|GST1_012001-RA	coassemb376_005217-T1
OG0000033	jgi|Grascr1|7424|GST1_012001-RA	GTX0466b15_003848-T1, GTX0466b15_003852-T1
OG0000033	jgi|Grascr1|7424|GST1_012001-RA	jgi|Clagr3|11089|CLAGR_010982-RA
OG0000033	jgi|Grascr1|7424|GST1_012001-RA	CAF9929393.1
OG0000033	jgi|Grascr1|7424|GST1_012001-RA	jgi|Fusgr1|2422|FGSG_02117T0, jgi|Fusgr1|10648|FGSG_09195T0, jgi|Fusgr1|6191|FGSG_05334T0
OG0000033	jgi|Grascr1|7424|GST1_012001-RA	jgi|Neucr_trp3_1|9379|Neucr2.NCU05967T0
OG0000033	jgi|Grascr1|7424|GST1_012001-RA	jgi|Podan3|207374|mRNA_6202
OG0000033	jgi|Grascr1|7424|GST1_012001-RA	jgi|Altal1|985017|estExt_Genewise1Plus.C_6_t20036
OG0000033	jgi|Grascr1|7424|GST1_012001-RA	KAJ9656277.1, KAJ9659034.1
OG0000033	jgi|Grascr1|7424|GST1_012001-RA	jgi|PseVKM4520_1|8387|transcript_KFZ04397
OG0000033	jgi|Grascr1|7424|GST1_012001-RA	coassemb378_000587-T1
OG0000033	jgi|Grascr1|7424|GST1_012001-RA	coassemb378_000587-T1
OG0000033	jgi|Grascr1|3803|GST1_000192-RA	jgi|Exoaq1|1692|A1O9_01698T0
OG0000033	jgi|Grascr1|1637|GST1_008495-RA, jgi|Grascr1|2395|GST1_008671-RA	jgi|Exoaq1|5505|A1O9_03029T0, jgi|Exoaq1|2387|A1O9_09913T0
OG0000034	jgi|Grascr1|8325|GST1_012166-RA	KAI4231867.1
OG0000034	jgi|Grascr1|3383|GST1_009163-RA	KAI4231866.1
OG0000034	jgi|Grascr1|4401|GST1_009773-RA	KAI4231868.1
OG0000038	jgi|Grascr1|12352|GST1_005156-RA	jgi|Dibbae1|3651|DIBA_008332-RA, jgi|Dibbae1|3655|DIBA_008336-RA
OG0000038	jgi|Grascr1|12352|GST1_005156-RA	jgi|Dibbae1|10385|DIBA_012139-RA
OG0000038	jgi|Grascr1|1324|GST1_006641-RA	jgi|Aspni_DSM_1|168541|An18g00910m.01
OG0000043	jgi|Grascr1|756|GST1_009010-RA	GTX0466b15_007331-T1
OG0000048	jgi|Grascr1|8616|GST1_011569-RA	coassemb76_005968-T1
OG0000052	jgi|Grascr1|1647|GST1_007228-RA	jgi|Artol1|106|AOL_s00004g105m.01
OG0000052	jgi|Grascr1|1647|GST1_007228-RA	jgi|EndpusZ1|1901|EPUS_04889T0
OG0000052	jgi|Grascr1|1647|GST1_007228-RA	KAI4218008.1
OG0000052	jgi|Grascr1|1647|GST1_007228-RA	jgi|Aurpu_var_mel1|53308|e_gw1.17.103.1
OG0000052	jgi|Grascr1|1647|GST1_007228-RA	jgi|Aspni_DSM_1|164107|An11g08980m.01
OG0000052	jgi|Grascr1|1647|GST1_007228-RA	jgi|Sclsc1|859|SS1G_00859T0
OG0000052	jgi|Grascr1|1647|GST1_007228-RA	jgi|Dibbae1|5774|DIBA_002039-RA
OG0000052	jgi|Grascr1|1647|GST1_007228-RA	jgi|PseVKM4520_1|1334|transcript_KFZ19144
OG0000053	jgi|Grascr1|3569|GST1_007852-RA	CAF9904081.1
OG0000057	jgi|Grascr1|2439|GST1_006609-RA	jgi|Exoaq1|5750|A1O9_03277T0
OG0000057	jgi|Grascr1|8261|GST1_003172-RA	jgi|Podan3|204746|mRNA_3574
OG0000057	jgi|Grascr1|8261|GST1_003172-RA	jgi|Fusgr1|4571|FGSG_03551T0
OG0000066	jgi|Grascr1|5146|GST1_009302-RA	jgi|Phach1|1394|rna1393
OG0000067	jgi|Grascr1|9771|GST1_012139-RA	jgi|Podan3|206798|mRNA_5626
OG0000067	jgi|Grascr1|1098|GST1_001155-RA, jgi|Grascr1|800|GST1_008971-RA	coassemb378_005973-T1
OG0000067	jgi|Grascr1|1098|GST1_001155-RA, jgi|Grascr1|800|GST1_008971-RA	KAI9839199.1
OG0000067	jgi|Grascr1|1098|GST1_001155-RA, jgi|Grascr1|800|GST1_008971-RA	KAI4111251.1
OG0000067	jgi|Grascr1|1098|GST1_001155-RA, jgi|Grascr1|800|GST1_008971-RA	jgi|Dibbae1|4741|DIBA_007645-RA
OG0000067	jgi|Grascr1|1098|GST1_001155-RA, jgi|Grascr1|800|GST1_008971-RA	jgi|Clagr3|2762|CLAGR_002730-RA
OG0000067	jgi|Grascr1|1098|GST1_001155-RA, jgi|Grascr1|800|GST1_008971-RA	CAF9926558.1, CAF9907146.1, CAF9909513.1
OG0000067	jgi|Grascr1|1098|GST1_001155-RA, jgi|Grascr1|800|GST1_008971-RA	KAI9728204.1, KAI9727461.1
OG0000069	jgi|Grascr1|1601|GST1_007646-RA	KAI9717487.1
OG0000069	jgi|Grascr1|1601|GST1_007646-RA	jgi|Umbpus1|101558|LPUS_08276T0
OG0000069	jgi|Grascr1|1601|GST1_007646-RA	jgi|Sclsc1|10329|SS1G_03358T0
OG0000069	jgi|Grascr1|1601|GST1_007646-RA	jgi|EndpusZ1|8572|EPUS_07171T0
OG0000069	jgi|Grascr1|1601|GST1_007646-RA	coassemb378_005892-T1, coassemb378_010164-T1
OG0000069	jgi|Grascr1|1601|GST1_007646-RA	KAI9657571.1
OG0000072	jgi|Grascr1|4172|GST1_008947-RA, jgi|Grascr1|1691|GST1_007798-RA, jgi|Grascr1|8286|GST1_003197-RA, jgi|Grascr1|4030|GST1_010082-RA	jgi|Aspni_DSM_1|167721|An16g04250m.01
OG0000074	jgi|Grascr1|11787|GST1_005911-RA	jgi|Clagr3|11264|CLAGR_011075-RA
OG0000074	jgi|Grascr1|11787|GST1_005911-RA	coassemb376_001531-T1
OG0000079	jgi|Grascr1|10197|GST1_004652-RA, jgi|Grascr1|10287|GST1_004600-RA, jgi|Grascr1|11314|GST1_005343-RA	KAI4287114.1
OG0000087	jgi|Grascr1|5981|GST1_011598-RA	jgi|Podan3|210972|mRNA_9800
OG0000087	jgi|Grascr1|5981|GST1_011598-RA	jgi|Neucr_trp3_1|4620|Neucr2.NCU00309T0
OG0000087	jgi|Grascr1|5981|GST1_011598-RA	jgi|Fusgr1|7833|FGSG_06775T0
OG0000087	jgi|Grascr1|5981|GST1_011598-RA	jgi|Sclsc1|4783|SS1G_11239T0
OG0000087	jgi|Grascr1|5981|GST1_011598-RA	jgi|Erypu1|1769|transcript_POS83262
OG0000087	jgi|Grascr1|5981|GST1_011598-RA	jgi|Artol1|9933|AOL_s00188g334m.01
OG0000087	jgi|Grascr1|5981|GST1_011598-RA	jgi|Monha1|9316|H072_9752m.01
OG0000087	jgi|Grascr1|5981|GST1_011598-RA	jgi|Phach1|4599|rna4598
OG0000088	jgi|Grascr1|7285|GST1_011140-RA	KAI4287751.1
OG0000089	jgi|Grascr1|785|GST1_006936-RA	jgi|Penexp1|3664|PEXP_085460T0
OG0000091	jgi|Grascr1|1721|GST1_008606-RA	coassemb76_008068-T1
OG0000094	jgi|Grascr1|979|GST1_007104-RA	jgi|Aspni_DSM_1|158241|An03g02320m.01
OG0000097	jgi|Grascr1|4501|GST1_002567-RA	KAJ9651361.1
OG0000097	jgi|Grascr1|4501|GST1_002567-RA	jgi|Claba1|131278|Z519_09592T0, jgi|Claba1|134926|Z519_12333T0
OG0000097	jgi|Grascr1|4501|GST1_002567-RA	coassemb64_002571-T1, coassemb64_001214-T1, coassemb64_001650-T1
OG0000097	jgi|Grascr1|4501|GST1_002567-RA	jgi|Exoaq1|822|A1O9_00823T0, jgi|Exoaq1|13104|A1O9_09390T0, jgi|Exoaq1|2414|A1O9_09940T0, jgi|Exoaq1|9172|A1O9_05597T0
OG0000097	jgi|Grascr1|4501|GST1_002567-RA	coassemb76_003006-T1
OG0000097	jgi|Grascr1|4501|GST1_002567-RA	GTX0466b15_006840-T1
OG0000097	jgi|Grascr1|4501|GST1_002567-RA	XP_008715089.1
OG0000097	jgi|Grascr1|4501|GST1_002567-RA	jgi|Capcor1|92395|A1O1_08818T0
OG0000097	jgi|Grascr1|4501|GST1_002567-RA	jgi|Fonmu1|2314|Z520_06947T0
OG0000097	jgi|Grascr1|568|GST1_005961-RA, jgi|Grascr1|288|GST1_006578-RA	jgi|Exoaq1|8669|A1O9_12924T0
OG0000112	jgi|Grascr1|9840|GST1_000699-RA	jgi|Exoaq1|6159|A1O9_11960T0
OG0000122	jgi|Grascr1|4736|GST1_002312-RA	jgi|Morco1|522045|estExt_Genewise1Plus.C_200116
OG0000125	jgi|Grascr1|7918|GST1_011476-RA	jgi|Dibbae1|6490|DIBA_008349-RA
OG0000125	jgi|Grascr1|8227|GST1_010816-RA	jgi|Dibbae1|2378|DIBA_006353-RA
OG0000126	jgi|Grascr1|3176|GST1_002106-RA	coassemb76_010089-T1
OG0000126	jgi|Grascr1|3178|GST1_002108-RA	jgi|Dibbae1|2371|DIBA_006346-RA
OG0000126	jgi|Grascr1|3178|GST1_002108-RA	coassemb376_003660-T1
OG0000126	jgi|Grascr1|3178|GST1_002108-RA	KAI4108423.1
OG0000126	jgi|Grascr1|3178|GST1_002108-RA	KAI4265792.1
OG0000126	jgi|Grascr1|3178|GST1_002108-RA	KAI4098323.1
OG0000126	jgi|Grascr1|3178|GST1_002108-RA	KAI4220737.1
OG0000126	jgi|Grascr1|3178|GST1_002108-RA	KAI4226604.1
OG0000126	jgi|Grascr1|3178|GST1_002108-RA	GTX0494b19_002857-T1
OG0000126	jgi|Grascr1|3178|GST1_002108-RA	FUN_007107_T1_FUN_007107
OG0000126	jgi|Grascr1|3178|GST1_002108-RA	coassemb76_010089-T1
OG0000126	jgi|Grascr1|3178|GST1_002108-RA	coassemb76_010089-T1
OG0000127	jgi|Grascr1|8137|GST1_003838-RA	jgi|Exoaq1|5162|A1O9_02685T0
OG0000127	jgi|Grascr1|8304|GST1_003215-RA	coassemb376_002939-T1
OG0000131	jgi|Grascr1|10446|GST1_012728-RA	KAI9653286.1
OG0000131	jgi|Grascr1|8627|GST1_012291-RA	jgi|Penexp1|437|PEXP_057570T0
OG0000131	jgi|Grascr1|8627|GST1_012291-RA	jgi|Aspni_DSM_1|168801|An18g03570m.01
OG0000131	jgi|Grascr1|8627|GST1_012291-RA	jgi|Cocpo1_1|3431|XM_003068384.1
OG0000131	jgi|Grascr1|8627|GST1_012291-RA	KAI9653286.1
OG0000131	jgi|Grascr1|8627|GST1_012291-RA	KAI9653286.1
OG0000131	jgi|Grascr1|8627|GST1_012291-RA	jgi|EndpusZ1|4227|EPUS_05684T0
OG0000131	jgi|Grascr1|8627|GST1_012291-RA	KAJ9652960.1
OG0000131	jgi|Grascr1|8627|GST1_012291-RA	jgi|Capcor1|98774|A1O1_05941T0
OG0000131	jgi|Grascr1|8627|GST1_012291-RA	jgi|Claba1|132459|Z519_10778T0
OG0000131	jgi|Grascr1|8627|GST1_012291-RA	jgi|Fonmu1|8863|Z520_02938T0
OG0000131	jgi|Grascr1|8627|GST1_012291-RA	jgi|Exoaq1|9475|A1O9_05905T0
OG0000131	jgi|Grascr1|8627|GST1_012291-RA	XP_008712250.1
OG0000131	jgi|Grascr1|8627|GST1_012291-RA	GTX0466b15_006001-T1
OG0000131	jgi|Grascr1|8627|GST1_012291-RA	jgi|Phach1|3472|rna3471
OG0000131	jgi|Grascr1|10446|GST1_012728-RA	jgi|Aurpu_var_mel1|63718|fgenesh1_pg.4_#_55, jgi|Aurpu_var_mel1|56530|e_gw1.24.372.1
OG0000144	jgi|Grascr1|812|GST1_008983-RA, jgi|Grascr1|4219|GST1_001203-RA	jgi|Clagr3|667|CLAGR_000658-RA
OG0000144	jgi|Grascr1|812|GST1_008983-RA, jgi|Grascr1|4219|GST1_001203-RA	jgi|Clagr3|667|CLAGR_000658-RA
OG0000144	jgi|Grascr1|812|GST1_008983-RA, jgi|Grascr1|4219|GST1_001203-RA	KAI9702329.1
OG0000144	jgi|Grascr1|812|GST1_008983-RA, jgi|Grascr1|4219|GST1_001203-RA	GTX0486b100_005112-T1
OG0000144	jgi|Grascr1|812|GST1_008983-RA	jgi|Altal1|1034290|fgenesh1_pm.22_#_61
OG0000144	jgi|Grascr1|812|GST1_008983-RA	jgi|Fusgr1|8808|FGSG_07614T0
OG0000144	jgi|Grascr1|812|GST1_008983-RA	jgi|Dibbae1|4934|DIBA_008464-RA
OG0000144	jgi|Grascr1|812|GST1_008983-RA	jgi|Claba1|138947|Z519_05479T0
OG0000144	jgi|Grascr1|812|GST1_008983-RA	jgi|Fonmu1|6756|Z520_01966T0, jgi|Fonmu1|2033|Z520_06666T0
OG0000144	jgi|Grascr1|812|GST1_008983-RA	jgi|EndpusZ1|8981|EPUS_05241T0, jgi|EndpusZ1|1856|EPUS_03225T0
OG0000144	jgi|Grascr1|812|GST1_008983-RA	jgi|Phach1|1619|rna1618
OG0000144	jgi|Grascr1|812|GST1_008983-RA	jgi|Dibbae1|4934|DIBA_008464-RA
OG0000144	jgi|Grascr1|4219|GST1_001203-RA	jgi|Penexp1|9578|PEXP_068830T0
OG0000144	jgi|Grascr1|4219|GST1_001203-RA	jgi|Altal1|752182|CE752181_7491, jgi|Altal1|1044107|estExt_fgenesh1_pm.C_260004
OG0000144	jgi|Grascr1|4219|GST1_001203-RA	jgi|Aurpu_var_mel1|75018|fgenesh1_pm.9_#_116
OG0000146	jgi|Grascr1|4603|GST1_010510-RA	jgi|Fonmu1|2522|Z520_07156T0
OG0000146	jgi|Grascr1|714|GST1_007014-RA	jgi|Clagr3|7802|CLAGR_007421-RA
OG0000146	jgi|Grascr1|714|GST1_007014-RA	GTX0494b19_003801-T1
OG0000146	jgi|Grascr1|714|GST1_007014-RA	FUN_000685_T1_FUN_000685
OG0000146	jgi|Grascr1|714|GST1_007014-RA	KAI4230241.1
OG0000146	jgi|Grascr1|714|GST1_007014-RA	KAI4096589.1
OG0000146	jgi|Grascr1|714|GST1_007014-RA	KAI4288517.1
OG0000146	jgi|Grascr1|714|GST1_007014-RA	KAI4209047.1
OG0000146	jgi|Grascr1|714|GST1_007014-RA	CAF9919343.1, CAF9911781.1
OG0000146	jgi|Grascr1|714|GST1_007014-RA	jgi|Umbpus1|101102|LPUS_07863T0
OG0000146	jgi|Grascr1|714|GST1_007014-RA	jgi|Aspni_DSM_1|168056|An16g07720m.01, jgi|Aspni_DSM_1|159887|An05g01710m.01
OG0000146	jgi|Grascr1|714|GST1_007014-RA	jgi|Sclsc1|8711|SS1G_02126T0, jgi|Sclsc1|7042|SS1G_12465T0
OG0000146	jgi|Grascr1|714|GST1_007014-RA	coassemb378_003750-T1
OG0000146	jgi|Grascr1|714|GST1_007014-RA	coassemb378_003750-T1
OG0000146	jgi|Grascr1|714|GST1_007014-RA	jgi|Claba1|138791|Z519_05323T0
OG0000146	jgi|Grascr1|714|GST1_007014-RA	jgi|Fonmu1|2901|Z520_07537T0
OG0000151	jgi|Grascr1|6620|GST1_010207-RA	jgi|PseVKM4520_1|10168|transcript_KFZ24155
OG0000153	jgi|Grascr1|4402|GST1_009774-RA	jgi|Aurpu_var_mel1|37894|e_gw1.1.1048.1
OG0000153	jgi|Grascr1|4402|GST1_009774-RA	jgi|Altal1|1019642|fgenesh1_kg.8_#_321_#_Locus702v1rpkm221.79
OG0000153	jgi|Grascr1|4402|GST1_009774-RA	jgi|Cocpo1_1|5808|XM_003070761.1
OG0000153	jgi|Grascr1|4402|GST1_009774-RA	jgi|Aspni_DSM_1|168209|An16g09260m.01
OG0000153	jgi|Grascr1|4402|GST1_009774-RA	jgi|Penexp1|987|PEXP_096170T0
OG0000153	jgi|Grascr1|4402|GST1_009774-RA	jgi|EndpusZ1|5875|EPUS_07753T0
OG0000153	jgi|Grascr1|4402|GST1_009774-RA	jgi|Phach1|3951|rna3950
OG0000153	jgi|Grascr1|4402|GST1_009774-RA	jgi|Capcor1|98415|A1O1_05580T0
OG0000153	jgi|Grascr1|4402|GST1_009774-RA	coassemb76_008788-T1
OG0000153	jgi|Grascr1|4402|GST1_009774-RA	GTX0466b15_009472-T1
OG0000153	jgi|Grascr1|4402|GST1_009774-RA	KAJ9654520.1
OG0000153	jgi|Grascr1|4402|GST1_009774-RA	jgi|Exoaq1|1357|A1O9_01362T0
OG0000153	jgi|Grascr1|4402|GST1_009774-RA	coassemb64_000077-T1
OG0000153	jgi|Grascr1|4402|GST1_009774-RA	jgi|Fonmu1|267|Z520_00268T0
OG0000153	jgi|Grascr1|4402|GST1_009774-RA	jgi|Claba1|132720|Z519_01198T0
OG0000153	jgi|Grascr1|4402|GST1_009774-RA	coassemb378_007305-T1
OG0000153	jgi|Grascr1|4402|GST1_009774-RA	XP_008713476.1
OG0000153	jgi|Grascr1|4402|GST1_009774-RA	jgi|Amamu1|167278|fgenesh1_kg.67_#_17_#_Locus15520v1rpkm4.03
OG0000160	jgi|Grascr1|12728|GST1_006273-RA	jgi|EndpusZ1|1203|EPUS_00014T0
OG0000164	jgi|Grascr1|7947|GST1_003749-RA	jgi|Podan3|206414|mRNA_5242
OG0000169	jgi|Grascr1|6153|GST1_011024-RA	KAI4232071.1
OG0000169	jgi|Grascr1|9756|GST1_012147-RA, jgi|Grascr1|9105|GST1_004404-RA	KAI4232071.1
OG0000169	jgi|Grascr1|9756|GST1_012147-RA, jgi|Grascr1|9105|GST1_004404-RA	jgi|Clagr3|6449|CLAGR_006555-RA
OG0000169	jgi|Grascr1|9756|GST1_012147-RA, jgi|Grascr1|9105|GST1_004404-RA	jgi|Acastr1|126007|AST1_004544-RA
OG0000169	jgi|Grascr1|9756|GST1_012147-RA, jgi|Grascr1|9105|GST1_004404-RA	jgi|Podan3|209871|mRNA_8699
OG0000169	jgi|Grascr1|9756|GST1_012147-RA, jgi|Grascr1|9105|GST1_004404-RA	KAI4232071.1
OG0000171	jgi|Grascr1|7942|GST1_003744-RA	jgi|Exoaq1|8178|A1O9_04713T0
OG0000171	jgi|Grascr1|7942|GST1_003744-RA	coassemb76_007072-T1
OG0000173	jgi|Grascr1|12301|GST1_006698-RA, jgi|Grascr1|11089|GST1_012435-RA	coassemb64_001760-T1
OG0000173	jgi|Grascr1|12301|GST1_006698-RA, jgi|Grascr1|11089|GST1_012435-RA	jgi|EndpusZ1|766|EPUS_01327T0, jgi|EndpusZ1|6019|EPUS_06714T0, jgi|EndpusZ1|1022|EPUS_04600T0
OG0000176	jgi|Grascr1|7436|GST1_010741-RA, jgi|Grascr1|4201|GST1_001185-RA	KAJ9653578.1
OG0000176	jgi|Grascr1|7436|GST1_010741-RA, jgi|Grascr1|4201|GST1_001185-RA	jgi|Exoaq1|11622|A1O9_07958T0
OG0000176	jgi|Grascr1|7436|GST1_010741-RA, jgi|Grascr1|4201|GST1_001185-RA	XP_008713361.1
OG0000200	jgi|Grascr1|8319|GST1_012131-RA	jgi|Claba1|135274|Z519_02136T0
OG0000200	jgi|Grascr1|8319|GST1_012131-RA	jgi|Exoaq1|174|A1O9_00174T0
OG0000200	jgi|Grascr1|8319|GST1_012131-RA	coassemb64_007368-T1
OG0000200	jgi|Grascr1|8319|GST1_012131-RA	KAJ9662802.1
OG0000200	jgi|Grascr1|8319|GST1_012131-RA	jgi|Fusgr1|8959|FGSG_13210T0, jgi|Fusgr1|2469|FGSG_02158T0
OG0000200	jgi|Grascr1|8319|GST1_012131-RA	coassemb76_003469-T1
OG0000200	jgi|Grascr1|8319|GST1_012131-RA	GTX0466b15_005657-T1
OG0000200	jgi|Grascr1|8319|GST1_012131-RA	XP_008720890.1
OG0000200	jgi|Grascr1|8319|GST1_012131-RA	jgi|Podan3|210757|mRNA_9585
OG0000200	jgi|Grascr1|8319|GST1_012131-RA	jgi|Penexp1|605|PEXP_092340T0
OG0000200	jgi|Grascr1|8319|GST1_012131-RA	jgi|PseVKM4520_1|2860|transcript_KFZ16301
OG0000206	jgi|Grascr1|8956|GST1_003565-RA	jgi|Penexp1|3673|PEXP_041520T0
OG0000217	jgi|Grascr1|9385|GST1_011897-RA	jgi|Podan3|206521|mRNA_5349
OG0000217	jgi|Grascr1|9385|GST1_011897-RA	jgi|Altal1|618458|CE618457_322
OG0000217	jgi|Grascr1|9385|GST1_011897-RA	jgi|Amamu1|157036|fgenesh1_kg.4_#_333_#_Locus2143v1rpkm102.17, jgi|Amamu1|10942|gm1.4952_g
OG0000217	jgi|Grascr1|9385|GST1_011897-RA	jgi|Fusgr1|5705|FGSG_04895T0
OG0000217	jgi|Grascr1|9385|GST1_011897-RA	coassemb376_006830-T1
OG0000220	jgi|Grascr1|1541|GST1_006149-RA	jgi|Sclsc1|8736|SS1G_02151T0
OG0000220	jgi|Grascr1|1541|GST1_006149-RA	KAI9665478.1
OG0000220	jgi|Grascr1|1541|GST1_006149-RA	KAI4281500.1
OG0000220	jgi|Grascr1|1541|GST1_006149-RA	jgi|Acastr1|120053|AST1_005697-RA
OG0000220	jgi|Grascr1|1541|GST1_006149-RA	KAI4099718.1
OG0000220	jgi|Grascr1|1541|GST1_006149-RA	jgi|Morco1|472744|gw1.76.53.1
OG0000225	jgi|Grascr1|3221|GST1_008894-RA	KAI4288535.1
OG0000228	jgi|Grascr1|6316|GST1_010593-RA, jgi|Grascr1|1990|GST1_007519-RA, jgi|Grascr1|10869|GST1_000962-RA, jgi|Grascr1|4379|GST1_009737-RA	KAI4108699.1
OG0000228	jgi|Grascr1|6316|GST1_010593-RA, jgi|Grascr1|1990|GST1_007519-RA, jgi|Grascr1|10869|GST1_000962-RA	jgi|Clagr3|7458|CLAGR_007055-RA
OG0000238	jgi|Grascr1|1283|GST1_006666-RA	jgi|Fusgr1|3901|FGSG_04143T0
OG0000238	jgi|Grascr1|2867|GST1_001026-RA, jgi|Grascr1|6423|GST1_012384-RA, jgi|Grascr1|9726|GST1_004971-RA, jgi|Grascr1|10506|GST1_012919-RA	jgi|Altal1|2778|CE2777_3532
OG0000238	jgi|Grascr1|10506|GST1_012919-RA	jgi|Artol1|7140|AOL_s00091g31m.01
OG0000249	jgi|Grascr1|11880|GST1_012867-RA, jgi|Grascr1|9507|GST1_012155-RA, jgi|Grascr1|11025|GST1_012840-RA	jgi|Cocpo1_1|2495|XM_003067448.1, jgi|Cocpo1_1|6003|XM_003070956.1
OG0000250	jgi|Grascr1|997|GST1_007122-RA	KAI9712898.1
OG0000250	jgi|Grascr1|4935|GST1_010044-RA	jgi|Fonmu1|3815|Z520_08452T0
OG0000253	jgi|Grascr1|4901|GST1_009616-RA	coassemb64_000923-T1
OG0000253	jgi|Grascr1|12781|GST1_005636-RA, jgi|Grascr1|4027|GST1_010079-RA	GTX0466b15_004827-T1
OG0000253	jgi|Grascr1|12781|GST1_005636-RA, jgi|Grascr1|4027|GST1_010079-RA	XP_008717279.1
OG0000258	jgi|Grascr1|11349|GST1_005229-RA	jgi|Aspni_DSM_1|160399|An07g01670m.01, jgi|Aspni_DSM_1|166512|An14g07310m.01, jgi|Aspni_DSM_1|168482|An18g00280m.01, jgi|Aspni_DSM_1|160266|An07g00280m.01, jgi|Aspni_DSM_1|155805|An01g07630m.01
OG0000262	jgi|Grascr1|8251|GST1_003162-RA	coassemb64_006437-T1
OG0000264	jgi|Grascr1|718|GST1_007018-RA	CAF9915243.1
OG0000264	jgi|Grascr1|467|GST1_006106-RA	jgi|Fonmu1|8805|Z520_02880T0
OG0000264	jgi|Grascr1|467|GST1_006106-RA	jgi|Claba1|133228|Z519_01706T0
OG0000264	jgi|Grascr1|467|GST1_006106-RA	coassemb64_001092-T1
OG0000264	jgi|Grascr1|467|GST1_006106-RA	jgi|Exoaq1|12153|A1O9_08469T0
OG0000264	jgi|Grascr1|467|GST1_006106-RA	jgi|Capcor1|92579|A1O1_09003T0
OG0000264	jgi|Grascr1|467|GST1_006106-RA	coassemb378_006769-T1
OG0000264	jgi|Grascr1|467|GST1_006106-RA	KAI9725226.1
OG0000264	jgi|Grascr1|467|GST1_006106-RA	CAF9939886.1
OG0000264	jgi|Grascr1|467|GST1_006106-RA	jgi|Exoaq1|3970|A1O9_11492T0
OG0000264	jgi|Grascr1|467|GST1_006106-RA	jgi|Exoaq1|3970|A1O9_11492T0
OG0000271	jgi|Grascr1|1904|GST1_006359-RA	jgi|Aspni_DSM_1|162693|An09g02330m.01
OG0000279	jgi|Grascr1|8902|GST1_012279-RA	jgi|Neucr_trp3_1|6469|Neucr2.NCU06980T0
OG0000285	jgi|Grascr1|8449|GST1_000596-RA	jgi|Aurpu_var_mel1|52714|e_gw1.16.237.1
OG0000285	jgi|Grascr1|8449|GST1_000596-RA	jgi|Monha1|5709|H072_5895m.01
OG0000285	jgi|Grascr1|8449|GST1_000596-RA	jgi|Morco1|490270|e_gw1.35.242.1
OG0000285	jgi|Grascr1|8449|GST1_000596-RA	jgi|Ascim1|211606|e_gw1.61.19.1
OG0000289	jgi|Grascr1|7603|GST1_002279-RA	jgi|Sclsc1|4475|SS1G_10931T0
OG0000295	jgi|Grascr1|1219|GST1_006189-RA	jgi|Morco1|606068|estExt_Genemark1.C_280061
OG0000295	jgi|Grascr1|1219|GST1_006189-RA	jgi|Monha1|99|H072_99m.01, jgi|Monha1|8731|H072_9064m.01
OG0000298	jgi|Grascr1|6563|GST1_004690-RA	jgi|EndpusZ1|8555|EPUS_08720T0
OG0000311	jgi|Grascr1|11323|GST1_005352-RA	jgi|Penexp1|9779|PEXP_098470T0
OG0000313	jgi|Grascr1|11950|GST1_005373-RA	coassemb76_010026-T1
OG0000315	jgi|Grascr1|12149|GST1_000793-RA	jgi|Penexp1|2729|PEXP_108930T0
OG0000315	jgi|Grascr1|12149|GST1_000793-RA	jgi|Cocpo1_1|4194|XM_003069147.1
OG0000317	jgi|Grascr1|12725|GST1_006455-RA	jgi|Sclsc1|1845|SS1G_08301T0
OG0000325	jgi|Grascr1|8051|GST1_011608-RA, jgi|Grascr1|4793|GST1_009069-RA	coassemb76_006608-T1
OG0000342	jgi|Grascr1|11073|GST1_004060-RA	jgi|Ascim1|123924|CE123923_1326
OG0000356	jgi|Grascr1|956|GST1_006959-RA	KAI9830031.1, KAI9830942.1
OG0000361	jgi|Grascr1|9482|GST1_004107-RA	jgi|EndpusZ1|3311|EPUS_07951T0
OG0000391	jgi|Grascr1|5827|GST1_011412-RA	jgi|Claba1|133627|Z519_11027T0
OG0000391	jgi|Grascr1|5827|GST1_011412-RA	KAI9724092.1
OG0000391	jgi|Grascr1|5827|GST1_011412-RA	GTX0486b100_006285-T1
OG0000391	jgi|Grascr1|5827|GST1_011412-RA	KAI9705592.1
OG0000391	jgi|Grascr1|5827|GST1_011412-RA	KAI4290079.1
OG0000391	jgi|Grascr1|5827|GST1_011412-RA	coassemb376_001495-T1
OG0000391	jgi|Grascr1|5827|GST1_011412-RA	CAF9909921.1, CAF9919793.1
OG0000391	jgi|Grascr1|5827|GST1_011412-RA	jgi|Clagr3|3454|CLAGR_004164-RA, jgi|Clagr3|3595|CLAGR_003425-RA
OG0000391	jgi|Grascr1|5827|GST1_011412-RA	KAI9714125.1
OG0000391	jgi|Grascr1|5827|GST1_011412-RA	KAI4094197.1, KAI4094198.1
OG0000391	jgi|Grascr1|5827|GST1_011412-RA	GTX0494b19_007746-T1
OG0000391	jgi|Grascr1|5827|GST1_011412-RA	FUN_010355_T1_FUN_010355, FUN_010354_T1_FUN_010354
OG0000391	jgi|Grascr1|5827|GST1_011412-RA	KAI4231204.1
OG0000391	jgi|Grascr1|5827|GST1_011412-RA	KAI4224231.1
OG0000391	jgi|Grascr1|5827|GST1_011412-RA	jgi|Dibbae1|2397|DIBA_006557-RA, jgi|Dibbae1|2394|DIBA_006554-RA, jgi|Dibbae1|2396|DIBA_006556-RA, jgi|Dibbae1|9349|DIBA_011478-RA
OG0000391	jgi|Grascr1|5827|GST1_011412-RA	GTX0466b15_006787-T1
OG0000391	jgi|Grascr1|5827|GST1_011412-RA	coassemb76_003831-T1
OG0000391	jgi|Grascr1|5827|GST1_011412-RA	KAI9813510.1
OG0000391	jgi|Grascr1|5827|GST1_011412-RA	KAI9748204.1
OG0000395	jgi|Grascr1|973|GST1_006976-RA	jgi|EndpusZ1|4681|EPUS_02171T0
OG0000401	jgi|Grascr1|8194|GST1_011048-RA	jgi|Monha1|4268|H072_4348m.01
OG0000417	jgi|Grascr1|8495|GST1_000642-RA	jgi|Podan3|207916|mRNA_6744, jgi|Podan3|203446|mRNA_2274
OG0000431	jgi|Grascr1|12567|GST1_006084-RA	jgi|Dibbae1|456|DIBA_005890-RA
OG0000431	jgi|Grascr1|12567|GST1_006084-RA	jgi|Dibbae1|456|DIBA_005890-RA
OG0000431	jgi|Grascr1|12567|GST1_006084-RA	jgi|Ascim1|164207|CE164206_452, jgi|Ascim1|183341|gw1.209.1.1
OG0000431	jgi|Grascr1|12567|GST1_006084-RA	jgi|Aurpu_var_mel1|39874|e_gw1.2.739.1
OG0000431	jgi|Grascr1|12567|GST1_006084-RA	jgi|Altal1|1027166|fgenesh1_pm.1_#_334
OG0000431	jgi|Grascr1|12567|GST1_006084-RA	KAI9652181.1
OG0000431	jgi|Grascr1|12567|GST1_006084-RA	KAI9723550.1
OG0000431	jgi|Grascr1|12567|GST1_006084-RA	jgi|Fusgr1|7578|FGSG_06559T0
OG0000455	jgi|Grascr1|12662|GST1_001956-RA	jgi|Sclsc1|480|SS1G_00480T0
OG0000455	jgi|Grascr1|12662|GST1_001956-RA	jgi|Erypu1|3500|transcript_POS82344
OG0000455	jgi|Grascr1|12662|GST1_001956-RA	jgi|Podan3|207305|mRNA_6133
OG0000455	jgi|Grascr1|12662|GST1_001956-RA	jgi|Neucr_trp3_1|9355|Neucr2.NCU05986T0
OG0000455	jgi|Grascr1|12662|GST1_001956-RA	jgi|Fusgr1|9449|FGSG_13300T0
OG0000455	jgi|Grascr1|12662|GST1_001956-RA	KAI9659712.1
OG0000455	jgi|Grascr1|12662|GST1_001956-RA	KAI9726362.1
OG0000455	jgi|Grascr1|12662|GST1_001956-RA	jgi|Altal1|1021750|fgenesh1_kg.14_#_90_#_Locus5364v1rpkm20.98
OG0000455	jgi|Grascr1|12662|GST1_001956-RA	GTX0466b15_006186-T1
OG0000455	jgi|Grascr1|12662|GST1_001956-RA	coassemb76_004413-T1
OG0000455	jgi|Grascr1|12662|GST1_001956-RA	XP_008715032.1
OG0000455	jgi|Grascr1|12662|GST1_001956-RA	KAJ9653987.1
OG0000455	jgi|Grascr1|12662|GST1_001956-RA	jgi|Fonmu1|3210|Z520_07846T0
OG0000455	jgi|Grascr1|12662|GST1_001956-RA	jgi|Claba1|139252|Z519_05784T0
OG0000455	jgi|Grascr1|12662|GST1_001956-RA	jgi|Exoaq1|12420|A1O9_08716T0
OG0000455	jgi|Grascr1|12662|GST1_001956-RA	coassemb64_001504-T1
OG0000455	jgi|Grascr1|12662|GST1_001956-RA	jgi|Capcor1|100462|A1O1_07645T0
OG0000455	jgi|Grascr1|12662|GST1_001956-RA	jgi|EndpusZ1|2540|EPUS_08898T0
OG0000462	jgi|Grascr1|3241|GST1_007462-RA, jgi|Grascr1|7092|GST1_011687-RA	coassemb76_005699-T1
OG0000466	jgi|Grascr1|11362|GST1_005242-RA	jgi|Cocpo1_1|3204|XM_003068157.1
OG0000466	jgi|Grascr1|11362|GST1_005242-RA	jgi|Aspni_DSM_1|158728|An04g00430m.01
OG0000466	jgi|Grascr1|11362|GST1_005242-RA	jgi|Penexp1|4213|PEXP_033540T0
OG0000466	jgi|Grascr1|11362|GST1_005242-RA	jgi|Neucr_trp3_1|8725|Neucr2.NCU04754T0
OG0000466	jgi|Grascr1|11362|GST1_005242-RA	jgi|Podan3|207256|mRNA_6084
OG0000466	jgi|Grascr1|11362|GST1_005242-RA	jgi|Fusgr1|11027|FGSG_09512T0
OG0000466	jgi|Grascr1|11362|GST1_005242-RA	jgi|Sclsc1|13856|SS1G_06885T0
OG0000466	jgi|Grascr1|11362|GST1_005242-RA	jgi|PseVKM4520_1|5279|transcript_KFZ11779
OG0000466	jgi|Grascr1|11362|GST1_005242-RA	GTX0486b100_004538-T1
OG0000466	jgi|Grascr1|11362|GST1_005242-RA	KAI9722236.1
OG0000466	jgi|Grascr1|11362|GST1_005242-RA	KAI9699010.1
OG0000466	jgi|Grascr1|11362|GST1_005242-RA	KAI9839883.1
OG0000466	jgi|Grascr1|11362|GST1_005242-RA	jgi|Umbpus1|106490|LPUS_04647T0
OG0000466	jgi|Grascr1|11362|GST1_005242-RA	jgi|Altal1|1019197|fgenesh1_kg.7_#_332_#_Locus1922v1rpkm80.86
OG0000466	jgi|Grascr1|11362|GST1_005242-RA	jgi|Aurpu_var_mel1|59068|e_gw1.31.43.1
OG0000466	jgi|Grascr1|11362|GST1_005242-RA	jgi|Dibbae1|3005|DIBA_007123-RA, jgi|Dibbae1|599|DIBA_005837-RA
OG0000466	jgi|Grascr1|11362|GST1_005242-RA	jgi|Morco1|537302|fgenesh1_kg.36_#_25_#_Locus1727v1rpkm101.59
OG0000466	jgi|Grascr1|11362|GST1_005242-RA	jgi|Ascim1|27260|CE27259_10954
OG0000466	jgi|Grascr1|11362|GST1_005242-RA	jgi|Artol1|4486|AOL_s00076g583m.01
OG0000466	jgi|Grascr1|11362|GST1_005242-RA	jgi|Monha1|3100|H072_3109m.01
OG0000466	jgi|Grascr1|11362|GST1_005242-RA	KAI9727530.1
OG0000466	jgi|Grascr1|11362|GST1_005242-RA	KAI9652117.1
OG0000466	jgi|Grascr1|11362|GST1_005242-RA	KAI4224712.1
OG0000466	jgi|Grascr1|11362|GST1_005242-RA	KAI4222048.1
OG0000466	jgi|Grascr1|11362|GST1_005242-RA	FUN_010147_T1_FUN_010147
OG0000466	jgi|Grascr1|11362|GST1_005242-RA	GTX0494b19_005833-T1
OG0000466	jgi|Grascr1|11362|GST1_005242-RA	KAI4096369.1
OG0000466	jgi|Grascr1|11362|GST1_005242-RA	KAI4289162.1
OG0000466	jgi|Grascr1|11362|GST1_005242-RA	KAI4100531.1
OG0000466	jgi|Grascr1|11362|GST1_005242-RA	jgi|Claba1|137225|Z519_03751T0
OG0000466	jgi|Grascr1|11362|GST1_005242-RA	jgi|Fonmu1|5988|Z520_09801T0
OG0000466	jgi|Grascr1|11362|GST1_005242-RA	jgi|Capcor1|99275|A1O1_06446T0
OG0000466	jgi|Grascr1|11362|GST1_005242-RA	jgi|Exoaq1|11715|A1O9_08051T0
OG0000466	jgi|Grascr1|11362|GST1_005242-RA	KAJ9660349.1
OG0000466	jgi|Grascr1|11362|GST1_005242-RA	GTX0466b15_002695-T1
OG0000466	jgi|Grascr1|11362|GST1_005242-RA	coassemb76_003357-T1
OG0000466	jgi|Grascr1|11362|GST1_005242-RA	XP_008711613.1
OG0000466	jgi|Grascr1|11362|GST1_005242-RA	coassemb376_007144-T1
OG0000466	jgi|Grascr1|11362|GST1_005242-RA	coassemb64_005361-T1
OG0000466	jgi|Grascr1|11362|GST1_005242-RA	coassemb378_009785-T1
OG0000466	jgi|Grascr1|11362|GST1_005242-RA	jgi|Amamu1|509788|CE308551_12231
OG0000470	jgi|Grascr1|4741|GST1_002317-RA, jgi|Grascr1|1190|GST1_008517-RA	CAF9915761.1
OG0000470	jgi|Grascr1|1190|GST1_008517-RA	jgi|Phach1|2717|rna2716
OG0000485	jgi|Grascr1|4866|GST1_008880-RA	jgi|Penexp1|3620|PEXP_086100T0
OG0000491	jgi|Grascr1|3093|GST1_008817-RA	KAI9700613.1
OG0000521	jgi|Grascr1|12382|GST1_004992-RA	jgi|EndpusZ1|4157|EPUS_04802T0
OG0000525	jgi|Grascr1|12306|GST1_006703-RA, jgi|Grascr1|4001|GST1_009884-RA, jgi|Grascr1|10925|GST1_003715-RA	jgi|Altal1|986667|estExt_Genewise1Plus.C_8_t10153
OG0000525	jgi|Grascr1|12306|GST1_006703-RA, jgi|Grascr1|4001|GST1_009884-RA, jgi|Grascr1|10925|GST1_003715-RA	jgi|Penexp1|8547|PEXP_070070T0
OG0000555	jgi|Grascr1|7239|GST1_010697-RA	coassemb76_003908-T1
OG0000589	jgi|Grascr1|2258|GST1_006793-RA	KAI4089773.1
OG0000599	jgi|Grascr1|12597|GST1_006410-RA	jgi|Exoaq1|7285|A1O9_03815T0
OG0000599	jgi|Grascr1|12597|GST1_006410-RA	jgi|Claba1|133694|Z519_11094T0
OG0000615	jgi|Grascr1|9678|GST1_004923-RA	CAF9926602.1
OG0000620	jgi|Grascr1|8905|GST1_012282-RA	CAF9924105.1
OG0000620	jgi|Grascr1|8905|GST1_012282-RA	coassemb376_002221-T1
OG0000635	jgi|Grascr1|9664|GST1_012242-RA, jgi|Grascr1|7482|GST1_011173-RA	coassemb76_005142-T1, coassemb76_002157-T1
OG0000635	jgi|Grascr1|9664|GST1_012242-RA, jgi|Grascr1|7482|GST1_011173-RA	jgi|Exoaq1|10496|A1O9_06864T0
OG0000636	jgi|Grascr1|3735|GST1_009760-RA	jgi|Clagr3|6601|CLAGR_006314-RA
OG0000648	jgi|Grascr1|4287|GST1_008861-RA	coassemb76_003566-T1
OG0000654	jgi|Grascr1|8952|GST1_003561-RA	jgi|Exoaq1|12818|A1O9_09103T0
OG0000668	jgi|Grascr1|10313|GST1_004626-RA	jgi|Aspni_DSM_1|162743|An09g02830m.01
OG0000673	jgi|Grascr1|10576|GST1_004537-RA	jgi|Exoaq1|4173|A1O9_11696T0
OG0000673	jgi|Grascr1|10576|GST1_004537-RA	GTX0466b15_001598-T1
OG0000684	jgi|Grascr1|10447|GST1_003611-RA	jgi|Sclsc1|10766|SS1G_03795T0
OG0000696	jgi|Grascr1|236|GST1_000510-RA	jgi|Altal1|1019116|fgenesh1_kg.7_#_251_#_Locus2570v1rpkm58.59
OG0000714	jgi|Grascr1|12156|GST1_000800-RA	FUN_010557_T1_FUN_010557
OG0000738	jgi|Grascr1|2339|GST1_008007-RA	jgi|Fusgr1|9627|FGSG_08611T0
OG0000742	jgi|Grascr1|11079|GST1_004066-RA	CAF9912950.1
OG0000770	jgi|Grascr1|4290|GST1_009790-RA, jgi|Grascr1|12688|GST1_006418-RA	jgi|Aspni_DSM_1|156861|An02g03380m.01
OG0000780	jgi|Grascr1|4422|GST1_009550-RA	coassemb64_008147-T1
OG0000791	jgi|Grascr1|1838|GST1_008089-RA	KAJ9651135.1
OG0000792	jgi|Grascr1|7558|GST1_002234-RA	jgi|Fusgr1|5336|FGSG_02884T0
OG0000811	jgi|Grascr1|8678|GST1_002175-RA	jgi|EndpusZ1|5260|EPUS_05586T0
OG0000821	jgi|Grascr1|18|GST1_000018-RA	jgi|Ascim1|41603|CE41602_3598
OG0000823	jgi|Grascr1|94|GST1_000094-RA	coassemb76_009583-T1
OG0000882	jgi|Grascr1|1203|GST1_006173-RA	jgi|Penexp1|2672|PEXP_108360T0
OG0000882	jgi|Grascr1|1203|GST1_006173-RA	jgi|Phach1|2202|rna2201
OG0000882	jgi|Grascr1|1203|GST1_006173-RA	jgi|Sclsc1|6071|SS1G_01572T0
OG0000882	jgi|Grascr1|1203|GST1_006173-RA	jgi|Claba1|139668|Z519_06200T0
OG0000882	jgi|Grascr1|1203|GST1_006173-RA	jgi|Neucr_trp3_1|1211980|e_gw1.71.69.1
OG0000882	jgi|Grascr1|1203|GST1_006173-RA	jgi|Fonmu1|7956|Z520_10929T0
OG0000897	jgi|Grascr1|3638|GST1_009482-RA	jgi|Fonmu1|6990|Z520_02200T0
OG0000897	jgi|Grascr1|3638|GST1_009482-RA	GTX0486b100_000479-T1
OG0000900	jgi|Grascr1|1595|GST1_007640-RA	jgi|Fusgr1|3783|FGSG_04250T0
OG0000902	jgi|Grascr1|3853|GST1_000242-RA, jgi|Grascr1|4384|GST1_010133-RA	FUN_000975_T1_FUN_000975
OG0000909	jgi|Grascr1|8390|GST1_011743-RA	jgi|Penexp1|7694|PEXP_006740T0
OG0000928	jgi|Grascr1|1240|GST1_007664-RA	CAF9924993.1
OG0000946	jgi|Grascr1|11501|GST1_005065-RA, jgi|Grascr1|2775|GST1_009204-RA	jgi|Fusgr1|9079|FGSG_07845T0
OG0000946	jgi|Grascr1|2775|GST1_009204-RA	jgi|Sclsc1|7347|SS1G_12770T0
OG0000956	jgi|Grascr1|8954|GST1_003563-RA	jgi|Clagr3|1466|CLAGR_002260-RA
OG0000970	jgi|Grascr1|2165|GST1_001284-RA	jgi|Erypu1|6832|transcript_POS81668
OG0000970	jgi|Grascr1|2165|GST1_001284-RA	KAI9672602.1
OG0000970	jgi|Grascr1|2165|GST1_001284-RA	jgi|Podan3|203777|mRNA_2605
OG0000970	jgi|Grascr1|2165|GST1_001284-RA	GTX0466b15_009518-T1
OG0000970	jgi|Grascr1|2165|GST1_001284-RA	XP_008714065.1
OG0000970	jgi|Grascr1|2165|GST1_001284-RA	KAJ9651264.1
OG0000970	jgi|Grascr1|2165|GST1_001284-RA	jgi|EndpusZ1|1571|EPUS_04855T0
OG0000976	jgi|Grascr1|978|GST1_007103-RA, jgi|Grascr1|532|GST1_006258-RA	FUN_000406_T1_FUN_000406
OG0000976	jgi|Grascr1|978|GST1_007103-RA, jgi|Grascr1|532|GST1_006258-RA	CAF9943318.1
OG0000978	jgi|Grascr1|10851|GST1_000944-RA	GTX0486b100_008487-T1
OG0000978	jgi|Grascr1|10851|GST1_000944-RA	KAJ9663328.1
OG0000979	jgi|Grascr1|9332|GST1_003973-RA	coassemb76_008435-T1
OG0000997	jgi|Grascr1|1923|GST1_006378-RA, jgi|Grascr1|1861|GST1_007158-RA	jgi|Artol1|71|AOL_s00004g70m.01
OG0001008	jgi|Grascr1|7787|GST1_002717-RA	jgi|EndpusZ1|9085|EPUS_06916T0
OG0001014	jgi|Grascr1|10257|GST1_012579-RA, jgi|Grascr1|7498|GST1_010547-RA	jgi|Fonmu1|4494|Z520_01480T0
OG0001038	jgi|Grascr1|7581|GST1_002257-RA	GTX0466b15_000493-T1
OG0001038	jgi|Grascr1|7581|GST1_002257-RA	jgi|Penexp1|2724|PEXP_108880T0
OG0001045	jgi|Grascr1|9539|GST1_012358-RA	jgi|Aspni_DSM_1|160439|An07g02080m.01
OG0001077	jgi|Grascr1|588|GST1_007194-RA	KAI4105648.1
OG0001077	jgi|Grascr1|588|GST1_007194-RA	KAI4286386.1
OG0001077	jgi|Grascr1|588|GST1_007194-RA	coassemb76_010062-T1
OG0001080	jgi|Grascr1|8725|GST1_011777-RA	jgi|Aspni_DSM_1|166698|An15g01750m.01
OG0001080	jgi|Grascr1|8725|GST1_011777-RA	jgi|Penexp1|5883|PEXP_011920T0
OG0001080	jgi|Grascr1|8725|GST1_011777-RA	jgi|Cocpo1_1|7082|XM_003072035.1
OG0001080	jgi|Grascr1|8725|GST1_011777-RA	jgi|Clagr3|2686|CLAGR_002956-RA
OG0001080	jgi|Grascr1|8725|GST1_011777-RA	CAF9937344.1
OG0001080	jgi|Grascr1|8725|GST1_011777-RA	FUN_000876_T1_FUN_000876
OG0001080	jgi|Grascr1|8725|GST1_011777-RA	GTX0494b19_004796-T1
OG0001080	jgi|Grascr1|8725|GST1_011777-RA	KAI4231816.1
OG0001080	jgi|Grascr1|8725|GST1_011777-RA	KAI4214630.1
OG0001080	jgi|Grascr1|8725|GST1_011777-RA	KAI4111898.1
OG0001080	jgi|Grascr1|8725|GST1_011777-RA	KAI4284947.1
OG0001080	jgi|Grascr1|8725|GST1_011777-RA	KAI4100922.1
OG0001080	jgi|Grascr1|8725|GST1_011777-RA	KAI9838872.1
OG0001080	jgi|Grascr1|8725|GST1_011777-RA	KAI9823448.1
OG0001080	jgi|Grascr1|8725|GST1_011777-RA	jgi|Umbpus1|104513|LPUS_11305T0
OG0001080	jgi|Grascr1|8725|GST1_011777-RA	jgi|Acastr1|122391|AST1_001411-RA
OG0001080	jgi|Grascr1|8725|GST1_011777-RA	KAI9697433.1
OG0001080	jgi|Grascr1|8725|GST1_011777-RA	KAI9716788.1
OG0001080	jgi|Grascr1|8725|GST1_011777-RA	KAI9753390.1
OG0001080	jgi|Grascr1|8725|GST1_011777-RA	jgi|Aurpu_var_mel1|48569|e_gw1.10.233.1
OG0001080	jgi|Grascr1|8725|GST1_011777-RA	jgi|Altal1|1024904|fgenesh1_kg.25_#_121_#_Locus5148v1rpkm22.62
OG0001080	jgi|Grascr1|8725|GST1_011777-RA	KAI9660724.1
OG0001080	jgi|Grascr1|8725|GST1_011777-RA	KAI9722521.1
OG0001084	jgi|Grascr1|256|GST1_000530-RA	jgi|Fusgr1|6893|FGSG_05944T0
OG0001093	jgi|Grascr1|4487|GST1_002553-RA	jgi|Monha1|10095|H072_10639m.01
OG0001115	jgi|Grascr1|4478|GST1_002544-RA	coassemb76_002847-T1, coassemb76_003966-T1
OG0001129	jgi|Grascr1|1163|GST1_005853-RA	coassemb64_000930-T1, coassemb64_007700-T1
OG0001129	jgi|Grascr1|3461|GST1_008067-RA	jgi|Aspni_DSM_1|167554|An16g02560m.01
OG0001129	jgi|Grascr1|3461|GST1_008067-RA	KAI9826733.1
OG0001129	jgi|Grascr1|3461|GST1_008067-RA	jgi|Umbpus1|107403|LPUS_05650T0
OG0001129	jgi|Grascr1|3461|GST1_008067-RA	jgi|Dibbae1|4208|DIBA_007292-RA
OG0001129	jgi|Grascr1|3461|GST1_008067-RA	CAF9943213.1, CAF9942215.1
OG0001129	jgi|Grascr1|3461|GST1_008067-RA	KAI4105982.1
OG0001129	jgi|Grascr1|3461|GST1_008067-RA	KAI4236530.1
OG0001129	jgi|Grascr1|3461|GST1_008067-RA	FUN_008641_T1_FUN_008641
OG0001129	jgi|Grascr1|3461|GST1_008067-RA	GTX0494b19_001402-T1
OG0001129	jgi|Grascr1|3461|GST1_008067-RA	KAI4107254.1
OG0001129	jgi|Grascr1|3461|GST1_008067-RA	KAI4227211.1
OG0001129	jgi|Grascr1|3461|GST1_008067-RA	jgi|PseVKM4520_1|5505|transcript_KFZ11332
OG0001129	jgi|Grascr1|3461|GST1_008067-RA	coassemb64_000930-T1
OG0001129	jgi|Grascr1|3461|GST1_008067-RA	coassemb64_000930-T1
OG0001129	jgi|Grascr1|3461|GST1_008067-RA	jgi|Phach1|3157|rna3156
OG0001133	jgi|Grascr1|11155|GST1_004327-RA	jgi|Exoaq1|7366|A1O9_03896T0
OG0001135	jgi|Grascr1|6113|GST1_010626-RA	jgi|Artol1|3669|AOL_s00075g7m.01
OG0001137	jgi|Grascr1|8805|GST1_003108-RA	jgi|Umbpus1|101255|LPUS_07978T0
OG0001146	jgi|Grascr1|9274|GST1_012851-RA	jgi|Sclsc1|10347|SS1G_03376T0
OG0001149	jgi|Grascr1|10136|GST1_002783-RA	coassemb64_007578-T1
OG0001151	jgi|Grascr1|4738|GST1_002314-RA	coassemb64_003162-T1
OG0001159	jgi|Grascr1|2571|GST1_008756-RA	jgi|Sclsc1|11022|SS1G_04051T0
OG0001161	jgi|Grascr1|10701|GST1_003867-RA	coassemb378_003837-T1
OG0001161	jgi|Grascr1|10701|GST1_003867-RA	coassemb378_003837-T1
OG0001161	jgi|Grascr1|10701|GST1_003867-RA	coassemb64_007330-T1
OG0001161	jgi|Grascr1|10701|GST1_003867-RA	jgi|Sclsc1|9439|SS1G_02854T0
OG0001161	jgi|Grascr1|10701|GST1_003867-RA	jgi|Aurpu_var_mel1|11195|gw1.3.187.1
OG0001161	jgi|Grascr1|10701|GST1_003867-RA	jgi|Fusgr1|9003|FGSG_07777T0
OG0001161	jgi|Grascr1|10701|GST1_003867-RA	jgi|Podan3|207032|mRNA_5860
OG0001161	jgi|Grascr1|10701|GST1_003867-RA	jgi|Altal1|455471|CE455470_2591
OG0001161	jgi|Grascr1|10701|GST1_003867-RA	jgi|PseVKM4520_1|5982|transcript_KFZ10532, jgi|PseVKM4520_1|9796|transcript_KFZ02836
OG0001161	jgi|Grascr1|10701|GST1_003867-RA	jgi|EndpusZ1|243|EPUS_09322T0
OG0001161	jgi|Grascr1|10701|GST1_003867-RA	jgi|Capcor1|96899|A1O1_04052T0
OG0001164	jgi|Grascr1|5183|GST1_010557-RA	KAJ9656002.1
OG0001176	jgi|Grascr1|11581|GST1_001803-RA	jgi|Phach1|894|rna893
OG0001176	jgi|Grascr1|11581|GST1_001803-RA	jgi|Capcor1|92548|A1O1_08972T0
OG0001177	jgi|Grascr1|7045|GST1_010575-RA	coassemb76_009379-T1
OG0001181	jgi|Grascr1|8201|GST1_011508-RA	jgi|Fonmu1|8464|Z520_11439T0
OG0001182	jgi|Grascr1|5226|GST1_008136-RA	jgi|Fonmu1|10688|Z520_03889T0
OG0001184	jgi|Grascr1|8631|GST1_012295-RA, jgi|Grascr1|7923|GST1_011481-RA	jgi|Exoaq1|6235|A1O9_12036T0
OG0001191	jgi|Grascr1|8456|GST1_000603-RA	jgi|Erypu1|6359|transcript_POS81739
OG0001191	jgi|Grascr1|8456|GST1_000603-RA	jgi|Morco1|547704|fgenesh1_pg.43_#_83
OG0001204	jgi|Grascr1|10685|GST1_003851-RA	coassemb76_010163-T1
OG0001227	jgi|Grascr1|6039|GST1_003330-RA	jgi|Artol1|4183|AOL_s00076g279m.01
OG0001227	jgi|Grascr1|6039|GST1_003330-RA	jgi|Aspni_DSM_1|158193|An03g01800m.01
OG0001270	jgi|Grascr1|8350|GST1_012368-RA	jgi|Sclsc1|2142|SS1G_08599T0
OG0001274	jgi|Grascr1|6551|GST1_000418-RA, jgi|Grascr1|12289|GST1_006686-RA, jgi|Grascr1|7996|GST1_011542-RA	CAF9937968.1
OG0001274	jgi|Grascr1|6551|GST1_000418-RA, jgi|Grascr1|12289|GST1_006686-RA, jgi|Grascr1|7996|GST1_011542-RA	KAI9700617.1
OG0001281	jgi|Grascr1|131|GST1_000131-RA	jgi|Artol1|5|AOL_s00004g4m.01
OG0001281	jgi|Grascr1|131|GST1_000131-RA	jgi|Fusgr1|13314|FGSG_11241T0, jgi|Fusgr1|10669|FGSG_09212T0
OG0001300	jgi|Grascr1|4679|GST1_007950-RA	jgi|Artol1|5665|AOL_s00079g439m.01
OG0001300	jgi|Grascr1|4680|GST1_007951-RA	FUN_007913_T1_FUN_007913
OG0001300	jgi|Grascr1|4680|GST1_007951-RA	jgi|Artol1|5666|AOL_s00079g440m.01
OG0001308	jgi|Grascr1|11369|GST1_005249-RA, jgi|Grascr1|11367|GST1_005247-RA	jgi|Clagr3|380|CLAGR_000372-RA
OG0001308	jgi|Grascr1|11369|GST1_005249-RA, jgi|Grascr1|11367|GST1_005247-RA	KAI4287656.1
OG0001308	jgi|Grascr1|11369|GST1_005249-RA	KAI4103925.1
OG0001308	jgi|Grascr1|11369|GST1_005249-RA	jgi|Dibbae1|12148|DIBA_003853-RA
OG0001308	jgi|Grascr1|11369|GST1_005249-RA	KAI4207321.1
OG0001308	jgi|Grascr1|11369|GST1_005249-RA	coassemb376_004272-T1
OG0001308	jgi|Grascr1|11367|GST1_005247-RA	KAI4223731.1
OG0001308	jgi|Grascr1|11367|GST1_005247-RA	FUN_009448_T1_FUN_009448
OG0001308	jgi|Grascr1|11367|GST1_005247-RA	GTX0494b19_006109-T1
OG0001308	jgi|Grascr1|11367|GST1_005247-RA	KAI4225366.1
OG0001308	jgi|Grascr1|11367|GST1_005247-RA	KAI4103924.1
OG0001308	jgi|Grascr1|11367|GST1_005247-RA	jgi|Dibbae1|12147|DIBA_003852-RA
OG0001308	jgi|Grascr1|11367|GST1_005247-RA	CAF9942775.1
OG0001362	jgi|Grascr1|3186|GST1_002116-RA	KAI9700632.1
OG0001369	jgi|Grascr1|7777|GST1_002707-RA	coassemb76_001977-T1
OG0001406	jgi|Grascr1|224|GST1_000498-RA	coassemb76_009080-T1
OG0001428	jgi|Grascr1|4396|GST1_010145-RA	jgi|Cocpo1_1|3648|XM_003068601.1
OG0001428	jgi|Grascr1|4396|GST1_010145-RA	jgi|Aspni_DSM_1|167722|An16g04260m.01
OG0001428	jgi|Grascr1|4396|GST1_010145-RA	jgi|Penexp1|7844|PEXP_008250T0
OG0001428	jgi|Grascr1|4396|GST1_010145-RA	jgi|Phach1|3859|rna3858
OG0001428	jgi|Grascr1|4396|GST1_010145-RA	jgi|EndpusZ1|1057|EPUS_08676T0
OG0001428	jgi|Grascr1|4396|GST1_010145-RA	KAJ9663162.1
OG0001428	jgi|Grascr1|4396|GST1_010145-RA	coassemb76_004026-T1
OG0001428	jgi|Grascr1|4396|GST1_010145-RA	GTX0466b15_004350-T1
OG0001428	jgi|Grascr1|4396|GST1_010145-RA	XP_008710802.1
OG0001428	jgi|Grascr1|4396|GST1_010145-RA	jgi|Exoaq1|5019|A1O9_02541T0
OG0001428	jgi|Grascr1|4396|GST1_010145-RA	jgi|Fonmu1|11287|Z520_04489T0
OG0001428	jgi|Grascr1|4396|GST1_010145-RA	jgi|Claba1|138726|Z519_05257T0
OG0001428	jgi|Grascr1|4396|GST1_010145-RA	jgi|Capcor1|97735|A1O1_04896T0
OG0001428	jgi|Grascr1|4396|GST1_010145-RA	jgi|Altal1|1024082|fgenesh1_kg.22_#_31_#_Locus4986v1rpkm24.04
OG0001428	jgi|Grascr1|4396|GST1_010145-RA	jgi|Aurpu_var_mel1|63521|fgenesh1_pg.3_#_418
OG0001428	jgi|Grascr1|4396|GST1_010145-RA	KAI9725330.1
OG0001428	jgi|Grascr1|4396|GST1_010145-RA	jgi|Sclsc1|13543|SS1G_06572T0
OG0001428	jgi|Grascr1|4396|GST1_010145-RA	jgi|Erypu1|389|transcript_POS84238
OG0001428	jgi|Grascr1|4396|GST1_010145-RA	jgi|PseVKM4520_1|896|transcript_KFZ19953
OG0001428	jgi|Grascr1|4396|GST1_010145-RA	jgi|Fusgr1|3989|FGSG_04069T0
OG0001428	jgi|Grascr1|4396|GST1_010145-RA	jgi|Podan3|205704|mRNA_4532
OG0001428	jgi|Grascr1|4396|GST1_010145-RA	jgi|Neucr_trp3_1|6297|Neucr2.NCU08682T0
OG0001428	jgi|Grascr1|4396|GST1_010145-RA	jgi|Monha1|2116|H072_2120m.01
OG0001428	jgi|Grascr1|4396|GST1_010145-RA	jgi|Artol1|10941|AOL_s00215g388m.01
OG0001428	jgi|Grascr1|4396|GST1_010145-RA	jgi|Morco1|575064|gm1.5840_g
OG0001428	jgi|Grascr1|4396|GST1_010145-RA	jgi|Ascim1|324381|gm1.4381_g
OG0001428	jgi|Grascr1|4396|GST1_010145-RA	jgi|Amamu1|186690|fgenesh1_pm.27_#_28
OG0001435	jgi|Grascr1|10914|GST1_003704-RA	coassemb376_005892-T1
OG0001435	jgi|Grascr1|10914|GST1_003704-RA	KAI4287589.1
OG0001452	jgi|Grascr1|4160|GST1_008935-RA	KAI9714973.1
OG0001473	jgi|Grascr1|2211|GST1_008380-RA	jgi|Fusgr1|2642|FGSG_02304T0
OG0001487	jgi|Grascr1|12698|GST1_006428-RA	coassemb76_009690-T1
OG0001499	jgi|Grascr1|11142|GST1_004314-RA	jgi|EndpusZ1|2781|EPUS_05882T0
OG0001512	jgi|Grascr1|4899|GST1_009614-RA	jgi|Sclsc1|6419|SS1G_01919T0
OG0001522	jgi|Grascr1|11606|GST1_004749-RA	jgi|Aspni_DSM_1|158203|An03g01910m.01
OG0001529	jgi|Grascr1|318|GST1_006874-RA	jgi|Aspni_DSM_1|168268|An17g00540m.01
OG0001529	jgi|Grascr1|318|GST1_006874-RA	coassemb64_004123-T1
OG0001536	jgi|Grascr1|8122|GST1_003823-RA	jgi|Podan3|211277|mRNA_10105
OG0001538	jgi|Grascr1|5489|GST1_010829-RA	jgi|Fusgr1|4823|FGSG_03328T0
OG0001557	jgi|Grascr1|7454|GST1_011072-RA	coassemb64_004441-T1
OG0001581	jgi|Grascr1|3837|GST1_000226-RA	KAI9825660.1
OG0001597	jgi|Grascr1|1115|GST1_006808-RA	FUN_006156_T2_FUN_006156
OG0001610	jgi|Grascr1|10420|GST1_004381-RA	jgi|EndpusZ1|9217|EPUS_05848T0
OG0001627	jgi|Grascr1|3705|GST1_008284-RA	coassemb376_004123-T1
OG0001629	jgi|Grascr1|12308|GST1_006705-RA	coassemb376_006443-T1
OG0001629	jgi|Grascr1|12308|GST1_006705-RA	coassemb378_011141-T1
OG0001635	jgi|Grascr1|1537|GST1_006145-RA	coassemb76_009868-T1
OG0001640	jgi|Grascr1|6516|GST1_000383-RA	KAI4086500.1
OG0001668	jgi|Grascr1|4598|GST1_009714-RA	coassemb76_009897-T1
OG0001702	jgi|Grascr1|337|GST1_005787-RA	GTX0486b100_005054-T1
OG0001702	jgi|Grascr1|337|GST1_005787-RA	KAI9839547.1
OG0001708	jgi|Grascr1|10596|GST1_012689-RA	KAI9834775.1
OG0001708	jgi|Grascr1|10596|GST1_012689-RA	KAI9720378.1
OG0001708	jgi|Grascr1|10596|GST1_012689-RA	KAI9698223.1
OG0001708	jgi|Grascr1|10596|GST1_012689-RA	GTX0486b100_000265-T1
OG0001708	jgi|Grascr1|10596|GST1_012689-RA	jgi|Altal1|1039917|estExt_fgenesh1_pm.C_80259
OG0001708	jgi|Grascr1|10596|GST1_012689-RA	CAF9943166.1
OG0001708	jgi|Grascr1|10596|GST1_012689-RA	coassemb376_004121-T1
OG0001708	jgi|Grascr1|10596|GST1_012689-RA	jgi|Acastr1|120628|AST1_002200-RA
OG0001708	jgi|Grascr1|10596|GST1_012689-RA	jgi|Dibbae1|9721|DIBA_003160-RA
OG0001708	jgi|Grascr1|10596|GST1_012689-RA	jgi|Umbpus1|100994|LPUS_07728T0
OG0001708	jgi|Grascr1|10596|GST1_012689-RA	KAI4209957.1
OG0001708	jgi|Grascr1|10596|GST1_012689-RA	FUN_001325_T1_FUN_001325
OG0001708	jgi|Grascr1|10596|GST1_012689-RA	KAI4099176.1
OG0001708	jgi|Grascr1|10596|GST1_012689-RA	GTX0494b19_002116-T1
OG0001708	jgi|Grascr1|10596|GST1_012689-RA	KAI4227864.1
OG0001708	jgi|Grascr1|10596|GST1_012689-RA	KAI4103454.1
OG0001708	jgi|Grascr1|10596|GST1_012689-RA	KAI4288549.1
OG0001708	jgi|Grascr1|10596|GST1_012689-RA	jgi|Clagr3|3759|CLAGR_003461-RA
OG0001708	jgi|Grascr1|10596|GST1_012689-RA	jgi|Clagr3|3759|CLAGR_003461-RA
OG0001708	jgi|Grascr1|10596|GST1_012689-RA	jgi|Aspni_DSM_1|168101|An16g08180m.01
OG0001711	jgi|Grascr1|1071|GST1_001128-RA	coassemb76_010120-T1, coassemb76_007893-T1
OG0001752	jgi|Grascr1|3314|GST1_008158-RA	XP_008716003.1
OG0001752	jgi|Grascr1|3314|GST1_008158-RA	KAJ9660332.1
OG0001752	jgi|Grascr1|3314|GST1_008158-RA	coassemb64_007984-T1
OG0001752	jgi|Grascr1|3314|GST1_008158-RA	jgi|Exoaq1|3763|A1O9_11284T0
OG0001752	jgi|Grascr1|3314|GST1_008158-RA	GTX0466b15_004743-T1
OG0001752	jgi|Grascr1|3314|GST1_008158-RA	coassemb76_003337-T1
OG0001752	jgi|Grascr1|3314|GST1_008158-RA	jgi|Fonmu1|5141|Z520_08952T0
OG0001752	jgi|Grascr1|3314|GST1_008158-RA	jgi|Claba1|129908|Z519_08215T0
OG0001752	jgi|Grascr1|3314|GST1_008158-RA	jgi|Capcor1|99317|A1O1_06489T0
OG0001752	jgi|Grascr1|3314|GST1_008158-RA	coassemb64_007656-T1
OG0001752	jgi|Grascr1|3314|GST1_008158-RA	coassemb64_007656-T1
OG0001754	jgi|Grascr1|5338|GST1_008734-RA	jgi|Erypu1|6183|transcript_POS81775
OG0001757	jgi|Grascr1|3641|GST1_008232-RA	CAF9931211.1
OG0001770	jgi|Grascr1|5580|GST1_009894-RA	jgi|Fusgr1|9933|FGSG_08344T0
OG0001783	jgi|Grascr1|1951|GST1_007620-RA	jgi|Phach1|5652|rna5651
OG0001783	jgi|Grascr1|1951|GST1_007620-RA	jgi|EndpusZ1|7814|EPUS_03982T0
OG0001783	jgi|Grascr1|1951|GST1_007620-RA	XP_008717511.1
OG0001783	jgi|Grascr1|1951|GST1_007620-RA	GTX0466b15_000962-T1
OG0001783	jgi|Grascr1|1951|GST1_007620-RA	coassemb376_000295-T1
OG0001783	jgi|Grascr1|1951|GST1_007620-RA	coassemb376_000295-T1
OG0001783	jgi|Grascr1|1951|GST1_007620-RA	coassemb64_006923-T1
OG0001783	jgi|Grascr1|1951|GST1_007620-RA	coassemb76_009464-T1
OG0001785	jgi|Grascr1|1612|GST1_007657-RA	CAF9938587.1
OG0001791	jgi|Grascr1|10977|GST1_004247-RA	CAF9908416.1
OG0001796	jgi|Grascr1|113|GST1_000113-RA	jgi|PseVKM4520_1|2442|transcript_KFZ16962
OG0001796	jgi|Grascr1|113|GST1_000113-RA	KAI9755857.1
OG0001800	jgi|Grascr1|11900|GST1_005280-RA	coassemb76_009563-T1
OG0001800	jgi|Grascr1|11900|GST1_005280-RA	jgi|Claba1|131384|Z519_09698T0
OG0001822	jgi|Grascr1|4145|GST1_008022-RA	FUN_002886_T3_FUN_002886
OG0001827	jgi|Grascr1|6721|GST1_010637-RA	jgi|Erypu1|6487|transcript_POS81721
OG0001830	jgi|Grascr1|11554|GST1_001776-RA, jgi|Grascr1|1202|GST1_006172-RA	coassemb76_007596-T1
OG0001830	jgi|Grascr1|11554|GST1_001776-RA	jgi|Podan3|201600|mRNA_428
OG0001830	jgi|Grascr1|11554|GST1_001776-RA	jgi|Neucr_trp3_1|2501|Neucr2.NCU02788T0
OG0001830	jgi|Grascr1|11554|GST1_001776-RA	jgi|Fusgr1|1748|FGSG_01511T0
OG0001830	jgi|Grascr1|11554|GST1_001776-RA	jgi|Erypu1|3113|transcript_POS86708
OG0001830	jgi|Grascr1|11554|GST1_001776-RA	jgi|Sclsc1|9372|SS1G_02787T0
OG0001830	jgi|Grascr1|11554|GST1_001776-RA	jgi|PseVKM4520_1|2810|transcript_KFZ24986
OG0001832	jgi|Grascr1|626|GST1_001339-RA	GTX0486b100_004044-T1
OG0001834	jgi|Grascr1|12116|GST1_004868-RA	KAI9717546.1
OG0001845	jgi|Grascr1|2672|GST1_008624-RA	jgi|Claba1|131841|Z519_10158T0
OG0001845	jgi|Grascr1|2672|GST1_008624-RA	coassemb76_008813-T1
OG0001846	jgi|Grascr1|12417|GST1_006525-RA	coassemb76_009430-T1
OG0001849	jgi|Grascr1|1246|GST1_007670-RA	KAI9726210.1
OG0001860	jgi|Grascr1|846|GST1_007744-RA	jgi|Aurpu_var_mel1|70521|fgenesh1_pg.47_#_5
OG0001890	jgi|Grascr1|2630|GST1_007451-RA	jgi|Penexp1|1359|PEXP_026030T0
OG0001901	jgi|Grascr1|10449|GST1_003613-RA, jgi|Grascr1|4986|GST1_001424-RA, jgi|Grascr1|4987|GST1_001425-RA	KAI4286564.1
OG0001907	jgi|Grascr1|3092|GST1_008816-RA, jgi|Grascr1|5550|GST1_001872-RA	coassemb378_007129-T1
OG0001907	jgi|Grascr1|5550|GST1_001872-RA	jgi|Fusgr1|4937|FGSG_12482T0
OG0001923	jgi|Grascr1|235|GST1_000509-RA	jgi|Artol1|1997|AOL_s00043g159m.01
OG0001923	jgi|Grascr1|235|GST1_000509-RA	coassemb76_009980-T1
OG0001923	jgi|Grascr1|235|GST1_000509-RA	coassemb64_000688-T1
OG0001923	jgi|Grascr1|235|GST1_000509-RA	jgi|Monha1|8998|H072_9423m.01, jgi|Monha1|9037|H072_9462m.01
OG0001923	jgi|Grascr1|235|GST1_000509-RA	KAJ9664492.1
OG0001924	jgi|Grascr1|912|GST1_006337-RA	KAI9671338.1
OG0001929	jgi|Grascr1|10011|GST1_004182-RA	jgi|Altal1|1042473|estExt_fgenesh1_pm.C_170152
OG0001929	jgi|Grascr1|10011|GST1_004182-RA	KAI9653137.1
OG0001929	jgi|Grascr1|10011|GST1_004182-RA	KAI9724255.1
OG0001929	jgi|Grascr1|10011|GST1_004182-RA	jgi|Aurpu_var_mel1|47794|e_gw1.9.610.1
OG0001929	jgi|Grascr1|10011|GST1_004182-RA	jgi|EndpusZ1|4330|EPUS_02860T0
OG0001929	jgi|Grascr1|10011|GST1_004182-RA	jgi|Phach1|4114|rna4113
OG0001929	jgi|Grascr1|10011|GST1_004182-RA	jgi|Fonmu1|7259|Z520_02469T0
OG0001929	jgi|Grascr1|10011|GST1_004182-RA	jgi|Claba1|134952|Z519_12359T0
OG0001929	jgi|Grascr1|10011|GST1_004182-RA	jgi|Exoaq1|10806|A1O9_07175T0
OG0001929	jgi|Grascr1|10011|GST1_004182-RA	jgi|Capcor1|100086|A1O1_07264T0
OG0001929	jgi|Grascr1|10011|GST1_004182-RA	GTX0466b15_004313-T1
OG0001929	jgi|Grascr1|10011|GST1_004182-RA	coassemb76_003512-T1
OG0001929	jgi|Grascr1|10011|GST1_004182-RA	XP_008711543.1
OG0001929	jgi|Grascr1|10011|GST1_004182-RA	KAJ9652247.1
OG0001929	jgi|Grascr1|10011|GST1_004182-RA	coassemb64_000113-T1
OG0001932	jgi|Grascr1|2827|GST1_000986-RA	jgi|Neucr_trp3_1|5863|Neucr2.NCU06385T0
OG0001935	jgi|Grascr1|3148|GST1_002078-RA	jgi|Morco1|203785|CE203784_1176
OG0001950	jgi|Grascr1|8667|GST1_002164-RA	jgi|Erypu1|5784|transcript_POS81829
OG0001999	jgi|Grascr1|5681|GST1_008584-RA	KAI9713631.1
OG0002004	jgi|Grascr1|4852|GST1_008866-RA	coassemb76_000425-T1
OG0002008	jgi|Grascr1|6823|GST1_002057-RA	coassemb376_004075-T1
OG0002020	jgi|Grascr1|12393|GST1_005003-RA	coassemb376_007349-T1
OG0002022	jgi|Grascr1|7984|GST1_003786-RA	CAF9938633.1
OG0002029	jgi|Grascr1|12696|GST1_006426-RA	coassemb76_009689-T1
OG0002081	jgi|Grascr1|1009|GST1_001066-RA	coassemb64_004135-T1
OG0002082	jgi|Grascr1|1747|GST1_008442-RA	jgi|Neucr_trp3_1|8808|Neucr2.NCU04822T0
OG0002136	jgi|Grascr1|771|GST1_006922-RA	jgi|Clagr3|2921|CLAGR_002585-RA
OG0002138	jgi|Grascr1|1555|GST1_006163-RA	coassemb76_004178-T1
OG0002138	jgi|Grascr1|1555|GST1_006163-RA	GTX0466b15_001097-T1
OG0002138	jgi|Grascr1|1555|GST1_006163-RA	jgi|Claba1|135696|Z519_02559T0
OG0002138	jgi|Grascr1|1555|GST1_006163-RA	jgi|Fonmu1|1673|Z520_06305T0
OG0002138	jgi|Grascr1|1555|GST1_006163-RA	jgi|Capcor1|100217|A1O1_07398T0
OG0002138	jgi|Grascr1|1555|GST1_006163-RA	jgi|Exoaq1|5296|A1O9_02819T0
OG0002138	jgi|Grascr1|1555|GST1_006163-RA	XP_008717611.1
OG0002138	jgi|Grascr1|1555|GST1_006163-RA	KAJ9660658.1
OG0002154	jgi|Grascr1|7024|GST1_002862-RA	jgi|Sclsc1|8089|SS1G_13512T0
OG0002154	jgi|Grascr1|7024|GST1_002862-RA	coassemb76_008216-T1
OG0002154	jgi|Grascr1|7024|GST1_002862-RA	coassemb378_005423-T1
OG0002184	jgi|Grascr1|1005|GST1_007130-RA	coassemb76_009965-T1
OG0002203	jgi|Grascr1|5814|GST1_003548-RA	jgi|Umbpus1|100362|LPUS_06947T0
OG0002203	jgi|Grascr1|5814|GST1_003548-RA	jgi|Clagr3|8731|CLAGR_009157-RA
OG0002203	jgi|Grascr1|5814|GST1_003548-RA	CAF9943447.1
OG0002203	jgi|Grascr1|5814|GST1_003548-RA	KAI4105092.1
OG0002203	jgi|Grascr1|5814|GST1_003548-RA	KAI4288022.1
OG0002203	jgi|Grascr1|5814|GST1_003548-RA	KAI4100730.1
OG0002203	jgi|Grascr1|5814|GST1_003548-RA	KAI4226363.1
OG0002203	jgi|Grascr1|5814|GST1_003548-RA	KAI4234214.1
OG0002203	jgi|Grascr1|5814|GST1_003548-RA	GTX0494b19_007752-T1
OG0002203	jgi|Grascr1|5814|GST1_003548-RA	FUN_006202_T1_FUN_006202
OG0002203	jgi|Grascr1|5814|GST1_003548-RA	coassemb376_002937-T1
OG0002221	jgi|Grascr1|3626|GST1_009470-RA	jgi|EndpusZ1|176|EPUS_09319T0
OG0002235	jgi|Grascr1|2968|GST1_008712-RA	jgi|EndpusZ1|4631|EPUS_02121T0
OG0002293	jgi|Grascr1|5375|GST1_009946-RA, jgi|Grascr1|11235|GST1_005861-RA	GTX0486b100_003252-T1
OG0002326	jgi|Grascr1|5606|GST1_009829-RA	KAI9823095.1
OG0002326	jgi|Grascr1|5606|GST1_009829-RA	jgi|Acastr1|123380|AST1_006644-RA
OG0002326	jgi|Grascr1|5606|GST1_009829-RA	FUN_007319_T1_FUN_007319
OG0002326	jgi|Grascr1|5606|GST1_009829-RA	GTX0494b19_007880-T1
OG0002326	jgi|Grascr1|5606|GST1_009829-RA	KAI4232558.1
OG0002326	jgi|Grascr1|5606|GST1_009829-RA	KAI4108866.1
OG0002326	jgi|Grascr1|5606|GST1_009829-RA	KAI4222369.1
OG0002326	jgi|Grascr1|5606|GST1_009829-RA	KAI4106020.1
OG0002326	jgi|Grascr1|5606|GST1_009829-RA	KAI4265799.1
OG0002326	jgi|Grascr1|5606|GST1_009829-RA	jgi|Clagr3|4967|CLAGR_005468-RA
OG0002326	jgi|Grascr1|5606|GST1_009829-RA	CAF9923638.1
OG0002326	jgi|Grascr1|5606|GST1_009829-RA	jgi|Umbpus1|102273|LPUS_03019T0
OG0002326	jgi|Grascr1|5606|GST1_009829-RA	KAI9752281.1
OG0002326	jgi|Grascr1|5606|GST1_009829-RA	KAI9714972.1
OG0002326	jgi|Grascr1|5606|GST1_009829-RA	KAI9696034.1
OG0002326	jgi|Grascr1|5606|GST1_009829-RA	GTX0486b100_003602-T1, GTX0486b100_006509-T1
OG0002342	jgi|Grascr1|7007|GST1_002845-RA	coassemb76_009114-T1
OG0002345	jgi|Grascr1|4599|GST1_009715-RA	coassemb378_002074-T1
OG0002349	jgi|Grascr1|958|GST1_006961-RA	jgi|Aspni_DSM_1|160132|An06g01660m.01
OG0002349	jgi|Grascr1|958|GST1_006961-RA	jgi|Penexp1|6628|PEXP_078680T0
OG0002349	jgi|Grascr1|958|GST1_006961-RA	jgi|PseVKM4520_1|729|transcript_KFZ20241
OG0002349	jgi|Grascr1|958|GST1_006961-RA	jgi|Acastr1|122567|AST1_006589-RA
OG0002349	jgi|Grascr1|958|GST1_006961-RA	KAI4105556.1
OG0002349	jgi|Grascr1|958|GST1_006961-RA	KAI4227969.1
OG0002349	jgi|Grascr1|958|GST1_006961-RA	KAI4233613.1
OG0002349	jgi|Grascr1|958|GST1_006961-RA	GTX0494b19_004582-T1
OG0002349	jgi|Grascr1|958|GST1_006961-RA	FUN_003619_T1_FUN_003619
OG0002349	jgi|Grascr1|958|GST1_006961-RA	jgi|Phach1|3794|rna3793
OG0002349	jgi|Grascr1|958|GST1_006961-RA	jgi|Umbpus1|100165|LPUS_06740T0
OG0002349	jgi|Grascr1|958|GST1_006961-RA	jgi|Acastr1|122567|AST1_006589-RA
OG0002349	jgi|Grascr1|958|GST1_006961-RA	KAI9707196.1
OG0002349	jgi|Grascr1|958|GST1_006961-RA	GTX0486b100_007445-T1
OG0002349	jgi|Grascr1|958|GST1_006961-RA	KAI9723654.1
OG0002349	jgi|Grascr1|958|GST1_006961-RA	KAI9820862.1
OG0002349	jgi|Grascr1|958|GST1_006961-RA	jgi|Aurpu_var_mel1|71704|fgenesh1_pm.1_#_924
OG0002349	jgi|Grascr1|958|GST1_006961-RA	jgi|EndpusZ1|5709|EPUS_05315T0
OG0002349	jgi|Grascr1|958|GST1_006961-RA	KAI9727348.1
OG0002349	jgi|Grascr1|958|GST1_006961-RA	KAI9654573.1
OG0002349	jgi|Grascr1|958|GST1_006961-RA	jgi|Clagr3|202|CLAGR_000196-RA
OG0002349	jgi|Grascr1|958|GST1_006961-RA	CAF9938837.1
OG0002349	jgi|Grascr1|958|GST1_006961-RA	XP_008712214.1
OG0002349	jgi|Grascr1|958|GST1_006961-RA	coassemb76_004587-T1
OG0002349	jgi|Grascr1|958|GST1_006961-RA	GTX0466b15_007096-T1
OG0002349	jgi|Grascr1|958|GST1_006961-RA	KAJ9656243.1
OG0002349	jgi|Grascr1|958|GST1_006961-RA	jgi|Exoaq1|839|A1O9_00840T0
OG0002349	jgi|Grascr1|958|GST1_006961-RA	jgi|Claba1|131956|Z519_10274T0
OG0002349	jgi|Grascr1|958|GST1_006961-RA	jgi|Fonmu1|4656|Z520_01643T0
OG0002349	jgi|Grascr1|958|GST1_006961-RA	jgi|Capcor1|95983|A1O1_03126T0
OG0002349	jgi|Grascr1|958|GST1_006961-RA	jgi|Sclsc1|14463|SS1G_07492T0
OG0002349	jgi|Grascr1|958|GST1_006961-RA	jgi|Erypu1|479|transcript_POS84163
OG0002373	jgi|Grascr1|7888|GST1_011278-RA	FUN_005923_T1_FUN_005923
OG0002392	jgi|Grascr1|10547|GST1_004508-RA	jgi|Sclsc1|11983|SS1G_05012T0
OG0002459	jgi|Grascr1|1927|GST1_006382-RA	jgi|Penexp1|6135|PEXP_055670T0
OG0002459	jgi|Grascr1|1927|GST1_006382-RA	jgi|Cocpo1_1|6510|XM_003071463.1
OG0002459	jgi|Grascr1|1927|GST1_006382-RA	XP_008715185.1
OG0002459	jgi|Grascr1|1927|GST1_006382-RA	jgi|Exoaq1|12336|A1O9_08631T0
OG0002459	jgi|Grascr1|1927|GST1_006382-RA	jgi|Capcor1|100803|A1O1_07989T0
OG0002459	jgi|Grascr1|1927|GST1_006382-RA	jgi|Fonmu1|9787|Z520_12194T0
OG0002459	jgi|Grascr1|1927|GST1_006382-RA	jgi|Claba1|139183|Z519_05715T0
OG0002459	jgi|Grascr1|1927|GST1_006382-RA	coassemb76_010128-T1
OG0002459	jgi|Grascr1|1927|GST1_006382-RA	jgi|EndpusZ1|2994|EPUS_00914T0, jgi|EndpusZ1|5729|EPUS_05335T0
OG0002459	jgi|Grascr1|1927|GST1_006382-RA	jgi|Morco1|564326|estExt_fgenesh1_pg.C_170103
OG0002459	jgi|Grascr1|1927|GST1_006382-RA	KAI9722462.1
OG0002459	jgi|Grascr1|1927|GST1_006382-RA	jgi|Aspni_DSM_1|155543|An01g04990m.01
OG0002459	jgi|Grascr1|1927|GST1_006382-RA	KAI9670969.1
OG0002459	jgi|Grascr1|1927|GST1_006382-RA	GTX0466b15_007415-T1
OG0002468	jgi|Grascr1|1502|GST1_008530-RA	coassemb64_002119-T1
OG0002532	jgi|Grascr1|1974|GST1_009514-RA	coassemb378_011050-T1
OG0002624	jgi|Grascr1|3681|GST1_010112-RA	KAJ9649871.1
OG0002650	jgi|Grascr1|3207|GST1_002137-RA	coassemb76_006781-T1
OG0002656	jgi|Grascr1|655|GST1_001368-RA	jgi|Erypu1|138|transcript_POS81639
OG0002676	jgi|Grascr1|9057|GST1_012659-RA	coassemb76_007595-T1
OG0002683	jgi|Grascr1|6728|GST1_010644-RA	KAI9814122.1
OG0002683	jgi|Grascr1|6728|GST1_010644-RA	KAI9704122.1
OG0002683	jgi|Grascr1|6728|GST1_010644-RA	GTX0486b100_008181-T1
OG0002683	jgi|Grascr1|6728|GST1_010644-RA	jgi|Acastr1|123996|AST1_000618-RA
OG0002683	jgi|Grascr1|6728|GST1_010644-RA	KAI9724532.1
OG0002704	jgi|Grascr1|2671|GST1_008623-RA	coassemb76_008812-T1
OG0002718	jgi|Grascr1|1281|GST1_006664-RA	coassemb64_002777-T1
OG0002738	jgi|Grascr1|1365|GST1_007134-RA	jgi|Monha1|1364|H072_1364m.01
OG0002738	jgi|Grascr1|1365|GST1_007134-RA	jgi|Sclsc1|3554|SS1G_10010T0
OG0002760	jgi|Grascr1|3556|GST1_007839-RA	jgi|Monha1|5677|H072_5862m.01
OG0002764	jgi|Grascr1|4041|GST1_010093-RA	jgi|Ascim1|377009|estExt_fgenesh1_pg.C_420059
OG0002820	jgi|Grascr1|10456|GST1_003620-RA	jgi|Acastr1|119290|AST1_004379-RA
OG0002915	jgi|Grascr1|10700|GST1_003866-RA	jgi|Podan3|210066|mRNA_8894
OG0002915	jgi|Grascr1|10700|GST1_003866-RA	KAJ9653342.1
OG0002915	jgi|Grascr1|11245|GST1_005871-RA	jgi|Podan3|210066|mRNA_8894
OG0002915	jgi|Grascr1|11245|GST1_005871-RA	KAJ9653342.1
OG0002915	jgi|Grascr1|11245|GST1_005871-RA	jgi|Clagr3|2366|CLAGR_001764-RA, jgi|Clagr3|8243|CLAGR_009111-RA
OG0002915	jgi|Grascr1|11245|GST1_005871-RA	KAI9652251.1
OG0002915	jgi|Grascr1|11245|GST1_005871-RA	jgi|Ascim1|416225|fgenesh1_RNNotator_kg.60_#_29_#_Locus9315v1rpkm4.92
OG0002915	jgi|Grascr1|11245|GST1_005871-RA	jgi|Aurpu_var_mel1|79469|fgenesh1_pm.46_#_1
OG0002915	jgi|Grascr1|11245|GST1_005871-RA	jgi|Penexp1|4622|PEXP_047470T0
OG0002915	jgi|Grascr1|11245|GST1_005871-RA	jgi|Aspni_DSM_1|160016|An06g00430m.01
OG0002915	jgi|Grascr1|11245|GST1_005871-RA	jgi|Altal1|1030286|fgenesh1_pm.8_#_61
OG0002915	jgi|Grascr1|11245|GST1_005871-RA	jgi|Podan3|210066|mRNA_8894
OG0002915	jgi|Grascr1|11245|GST1_005871-RA	KAJ9653342.1
OG0002915	jgi|Grascr1|11245|GST1_005871-RA	jgi|Clagr3|2366|CLAGR_001764-RA, jgi|Clagr3|8243|CLAGR_009111-RA
OG0002986	jgi|Grascr1|9524|GST1_012624-RA	KAI9717607.1
OG0003033	jgi|Grascr1|398|GST1_005762-RA	CAF9937230.1
OG0003033	jgi|Grascr1|398|GST1_005762-RA	coassemb376_000483-T1
OG0003044	jgi|Grascr1|480|GST1_006119-RA	jgi|PseVKM4520_1|5317|transcript_KFZ11750
OG0003055	jgi|Grascr1|9922|GST1_003923-RA	GTX0494b19_004574-T1
OG0003055	jgi|Grascr1|9922|GST1_003923-RA	FUN_009358_T1_FUN_009358
OG0003055	jgi|Grascr1|9922|GST1_003923-RA	KAI4232860.1
OG0003055	jgi|Grascr1|9922|GST1_003923-RA	KAI4101915.1
OG0003055	jgi|Grascr1|9922|GST1_003923-RA	KAI4229745.1
OG0003055	jgi|Grascr1|9922|GST1_003923-RA	KAI4266419.1
OG0003055	jgi|Grascr1|9922|GST1_003923-RA	KAI4098653.1
OG0003055	jgi|Grascr1|9922|GST1_003923-RA	jgi|Clagr3|543|CLAGR_000535-RA
OG0003055	jgi|Grascr1|9922|GST1_003923-RA	CAF9943362.1
OG0003155	jgi|Grascr1|80|GST1_000080-RA	jgi|Monha1|4017|H072_4049m.01
OG0003155	jgi|Grascr1|80|GST1_000080-RA	jgi|Artol1|395|AOL_s00004g395m.01
OG0003155	jgi|Grascr1|80|GST1_000080-RA	jgi|Ascim1|412846|fgenesh1_RNNotator_kg.16_#_4_#_Locus7572v1rpkm11.14
OG0003155	jgi|Grascr1|80|GST1_000080-RA	jgi|Morco1|561660|estExt_fgenesh1_pg.C_20227
OG0003155	jgi|Grascr1|80|GST1_000080-RA	jgi|PseVKM4520_1|867|transcript_KFZ20038
OG0003155	jgi|Grascr1|80|GST1_000080-RA	jgi|Erypu1|474|transcript_POS84172
OG0003155	jgi|Grascr1|80|GST1_000080-RA	KAI4228530.1
OG0003155	jgi|Grascr1|80|GST1_000080-RA	KAI4109856.1
OG0003155	jgi|Grascr1|80|GST1_000080-RA	GTX0494b19_005843-T1
OG0003155	jgi|Grascr1|80|GST1_000080-RA	KAI4236185.1
OG0003155	jgi|Grascr1|80|GST1_000080-RA	FUN_004556_T1_FUN_004556
OG0003155	jgi|Grascr1|80|GST1_000080-RA	KAI4094493.1
OG0003155	jgi|Grascr1|80|GST1_000080-RA	KAI9826595.1
OG0003155	jgi|Grascr1|80|GST1_000080-RA	jgi|Dibbae1|1807|DIBA_005823-RA
OG0003155	jgi|Grascr1|80|GST1_000080-RA	KAI4287587.1
OG0003155	jgi|Grascr1|80|GST1_000080-RA	coassemb376_003388-T1
OG0003155	jgi|Grascr1|80|GST1_000080-RA	jgi|Acastr1|121845|AST1_007600-RA
OG0003155	jgi|Grascr1|80|GST1_000080-RA	jgi|Sclsc1|8870|SS1G_02285T0
OG0003275	jgi|Grascr1|4693|GST1_009176-RA	coassemb76_010196-T1
OG0003326	jgi|Grascr1|5524|GST1_001846-RA	jgi|Exoaq1|10143|A1O9_06576T0
OG0003398	jgi|Grascr1|2262|GST1_007037-RA	jgi|Cocpo1_1|5470|XM_003070423.1
OG0003398	jgi|Grascr1|2263|GST1_007038-RA	jgi|Podan3|207063|mRNA_5891
OG0003398	jgi|Grascr1|2263|GST1_007038-RA	coassemb64_005159-T1
OG0003422	jgi|Grascr1|6991|GST1_002829-RA	KAI9831694.1
OG0003422	jgi|Grascr1|6991|GST1_002829-RA	KAI9813198.1
OG0003422	jgi|Grascr1|6991|GST1_002829-RA	KAJ9650871.1
OG0003422	jgi|Grascr1|6991|GST1_002829-RA	coassemb76_008442-T1
OG0003422	jgi|Grascr1|6991|GST1_002829-RA	GTX0466b15_004828-T1
OG0003422	jgi|Grascr1|6991|GST1_002829-RA	coassemb64_006408-T1
OG0003422	jgi|Grascr1|6991|GST1_002829-RA	XP_008712178.1
OG0003422	jgi|Grascr1|6991|GST1_002829-RA	jgi|Capcor1|98965|A1O1_06135T0
OG0003422	jgi|Grascr1|6991|GST1_002829-RA	jgi|Fonmu1|4077|Z520_01062T0
OG0003422	jgi|Grascr1|6991|GST1_002829-RA	jgi|Claba1|132202|Z519_10521T0
OG0003422	jgi|Grascr1|6991|GST1_002829-RA	jgi|Exoaq1|485|A1O9_00486T0
OG0003422	jgi|Grascr1|6991|GST1_002829-RA	jgi|Phach1|6204|rna6203
OG0003422	jgi|Grascr1|6991|GST1_002829-RA	jgi|Penexp1|6230|PEXP_056400T0
OG0003422	jgi|Grascr1|6991|GST1_002829-RA	jgi|Cocpo1_1|2989|XM_003067942.1
OG0003422	jgi|Grascr1|6991|GST1_002829-RA	KAI9756751.1
OG0003422	jgi|Grascr1|6991|GST1_002829-RA	jgi|Aspni_DSM_1|157758|An02g12410m.01
OG0003465	jgi|Grascr1|8572|GST1_003093-RA	jgi|Altal1|944942|e_gw1.22.514.1
OG0003465	jgi|Grascr1|8572|GST1_003093-RA	jgi|Aurpu_var_mel1|80057|gm1.453_g
OG0003465	jgi|Grascr1|8572|GST1_003093-RA	jgi|Acastr1|126311|AST1_007276-RA
OG0003465	jgi|Grascr1|8572|GST1_003093-RA	jgi|Podan3|207086|mRNA_5914
OG0003465	jgi|Grascr1|8572|GST1_003093-RA	XP_008712995.1
OG0003465	jgi|Grascr1|8572|GST1_003093-RA	coassemb76_000466-T1
OG0003465	jgi|Grascr1|8572|GST1_003093-RA	GTX0466b15_000432-T1
OG0003465	jgi|Grascr1|8572|GST1_003093-RA	jgi|Fonmu1|8677|Z520_02752T0
OG0003465	jgi|Grascr1|8572|GST1_003093-RA	jgi|Claba1|133326|Z519_01804T0
OG0003465	jgi|Grascr1|8572|GST1_003093-RA	jgi|Exoaq1|2260|A1O9_09786T0
OG0003465	jgi|Grascr1|8572|GST1_003093-RA	coassemb64_003213-T1
OG0003465	jgi|Grascr1|8572|GST1_003093-RA	jgi|Capcor1|95594|A1O1_02734T0
OG0003465	jgi|Grascr1|8572|GST1_003093-RA	KAJ9652818.1
OG0003465	jgi|Grascr1|8572|GST1_003093-RA	jgi|EndpusZ1|1839|EPUS_03208T0
OG0003465	jgi|Grascr1|8572|GST1_003093-RA	jgi|Phach1|3771|rna3770
OG0003465	jgi|Grascr1|8572|GST1_003093-RA	jgi|Acastr1|126311|AST1_007276-RA
OG0003465	jgi|Grascr1|8572|GST1_003093-RA	jgi|Ascim1|165547|CE165546_15586
OG0003472	jgi|Grascr1|11986|GST1_005078-RA	coassemb76_009613-T1
OG0003481	jgi|Grascr1|6948|GST1_012543-RA	KAI4261678.1
OG0003482	jgi|Grascr1|3633|GST1_009477-RA	jgi|Altal1|283663|CE283662_23
OG0003482	jgi|Grascr1|3633|GST1_009477-RA	coassemb76_009858-T1
OG0003488	jgi|Grascr1|8487|GST1_000634-RA	jgi|Neucr_trp3_1|1223006|e_gw1.223.19.1
OG0003534	jgi|Grascr1|3076|GST1_007504-RA	KAI9724968.1
OG0003617	jgi|Grascr1|7720|GST1_011726-RA	jgi|Fonmu1|6707|Z520_01917T0
OG0003617	jgi|Grascr1|7720|GST1_011726-RA	jgi|EndpusZ1|4099|EPUS_09402T0
OG0003617	jgi|Grascr1|7720|GST1_011726-RA	CAF9906519.1
OG0003680	jgi|Grascr1|2098|GST1_007545-RA	jgi|Morco1|577490|gm1.8266_g
OG0003689	jgi|Grascr1|1802|GST1_002645-RA	jgi|Clagr3|7431|CLAGR_007028-RA
OG0003709	jgi|Grascr1|3669|GST1_010100-RA	coassemb376_002099-T1
OG0003770	jgi|Grascr1|1960|GST1_007629-RA	GTX0486b100_007696-T1
OG0003770	jgi|Grascr1|1960|GST1_007629-RA	CAF9925423.1
OG0003794	jgi|Grascr1|8800|GST1_003103-RA	KAI9817910.1
OG0003828	jgi|Grascr1|758|GST1_009012-RA	FUN_005187_T1_FUN_005187
OG0003840	jgi|Grascr1|608|GST1_007214-RA	jgi|Claba1|137073|Z519_12810T0
OG0003840	jgi|Grascr1|608|GST1_007214-RA	XP_008710554.1, XP_008721554.1
OG0003859	jgi|Grascr1|12256|GST1_005443-RA	coassemb76_009691-T1
OG0003880	jgi|Grascr1|10457|GST1_003621-RA	jgi|Umbpus1|105574|LPUS_12582T0
OG0003938	jgi|Grascr1|7274|GST1_010468-RA	coassemb76_009999-T1
OG0003980	jgi|Grascr1|11153|GST1_004325-RA	coassemb76_006176-T1
OG0004124	jgi|Grascr1|7304|GST1_010154-RA	jgi|Phach1|611|rna610
OG0004124	jgi|Grascr1|7304|GST1_010154-RA	jgi|EndpusZ1|7800|EPUS_03968T0
OG0004124	jgi|Grascr1|7304|GST1_010154-RA	GTX0466b15_004186-T1
OG0004124	jgi|Grascr1|7304|GST1_010154-RA	coassemb76_005053-T1
OG0004124	jgi|Grascr1|7304|GST1_010154-RA	XP_008717789.1
OG0004124	jgi|Grascr1|7304|GST1_010154-RA	KAJ9657371.1
OG0004124	jgi|Grascr1|7304|GST1_010154-RA	jgi|Claba1|127709|Z519_00089T0
OG0004124	jgi|Grascr1|7304|GST1_010154-RA	jgi|Fonmu1|6152|Z520_09965T0
OG0004124	jgi|Grascr1|7304|GST1_010154-RA	jgi|Capcor1|101495|A1O1_08687T0
OG0004124	jgi|Grascr1|7304|GST1_010154-RA	jgi|Exoaq1|5535|A1O9_03060T0
OG0004124	jgi|Grascr1|7304|GST1_010154-RA	coassemb64_002543-T1
OG0004184	jgi|Grascr1|6744|GST1_011845-RA	KAI4106085.1
OG0004250	jgi|Grascr1|2012|GST1_007541-RA	jgi|Monha1|1644|H072_1644m.01
OG0004308	jgi|Grascr1|692|GST1_001405-RA	jgi|Aspni_DSM_1|159406|An04g07230m.01
OG0004308	jgi|Grascr1|692|GST1_001405-RA	jgi|Penexp1|3549|PEXP_086730T0
OG0004308	jgi|Grascr1|692|GST1_001405-RA	jgi|Fusgr1|12415|FGSG_13829T0
OG0004318	jgi|Grascr1|4178|GST1_001162-RA	jgi|PseVKM4520_1|3541|transcript_KFZ14981
OG0004511	jgi|Grascr1|11898|GST1_005278-RA	coassemb76_009565-T1
OG0004527	jgi|Grascr1|10858|GST1_000951-RA, jgi|Grascr1|10611|GST1_005488-RA	KAI9652523.1
OG0004589	jgi|Grascr1|1350|GST1_007391-RA	KAJ9650549.1
OG0004592	jgi|Grascr1|11486|GST1_005050-RA	jgi|PseVKM4520_1|8017|transcript_KFZ24611
OG0004596	jgi|Grascr1|12517|GST1_005601-RA	jgi|Podan3|203261|mRNA_2089
OG0004596	jgi|Grascr1|12517|GST1_005601-RA	jgi|Phach1|1746|rna1745
OG0004640	jgi|Grascr1|9418|GST1_011626-RA	KAI9710051.1
OG0004664	jgi|Grascr1|678|GST1_001391-RA	coassemb376_002727-T1
OG0004664	jgi|Grascr1|678|GST1_001391-RA	jgi|Phach1|3118|rna3117
OG0004664	jgi|Grascr1|678|GST1_001391-RA	CAF9925833.1
OG0004664	jgi|Grascr1|678|GST1_001391-RA	KAI4287509.1
OG0004664	jgi|Grascr1|678|GST1_001391-RA	KAI9660228.1
OG0004664	jgi|Grascr1|678|GST1_001391-RA	KAI9728188.1
OG0004683	jgi|Grascr1|2983|GST1_009571-RA	jgi|Podan3|206003|mRNA_4831
OG0004760	jgi|Grascr1|12534|GST1_006051-RA	jgi|Capcor1|95013|A1O1_02152T0
OG0004760	jgi|Grascr1|12534|GST1_006051-RA	jgi|Artol1|5540|AOL_s00079g314m.01
OG0004766	jgi|Grascr1|1314|GST1_006631-RA	jgi|Erypu1|6691|transcript_POS81688
OG0004795	jgi|Grascr1|11901|GST1_005281-RA	jgi|Claba1|139160|Z519_05692T0
OG0004811	jgi|Grascr1|8519|GST1_003040-RA	KAI9826144.1
OG0004811	jgi|Grascr1|8519|GST1_003040-RA	jgi|Altal1|611878|CE611877_15592
OG0004811	jgi|Grascr1|8519|GST1_003040-RA	jgi|Aurpu_var_mel1|74432|fgenesh1_pm.7_#_158
OG0004811	jgi|Grascr1|8519|GST1_003040-RA	KAI9700699.1
OG0004811	jgi|Grascr1|8519|GST1_003040-RA	KAI9721084.1
OG0004811	jgi|Grascr1|8519|GST1_003040-RA	GTX0486b100_003246-T1
OG0004811	jgi|Grascr1|8519|GST1_003040-RA	KAI9830438.1
OG0004811	jgi|Grascr1|8519|GST1_003040-RA	KAI4227479.1
OG0004811	jgi|Grascr1|8519|GST1_003040-RA	KAI4238569.1
OG0004811	jgi|Grascr1|8519|GST1_003040-RA	GTX0494b19_004113-T1
OG0004811	jgi|Grascr1|8519|GST1_003040-RA	KAI4102099.1
OG0004811	jgi|Grascr1|8519|GST1_003040-RA	FUN_007207_T1_FUN_007207
OG0004811	jgi|Grascr1|8519|GST1_003040-RA	KAI4108477.1
OG0004811	jgi|Grascr1|8519|GST1_003040-RA	KAI4264322.1
OG0004811	jgi|Grascr1|8519|GST1_003040-RA	jgi|Umbpus1|103055|LPUS_09612T0
OG0004811	jgi|Grascr1|8519|GST1_003040-RA	jgi|Clagr3|8795|CLAGR_008953-RA
OG0004811	jgi|Grascr1|8519|GST1_003040-RA	jgi|Dibbae1|2042|DIBA_006698-RA
OG0004811	jgi|Grascr1|8519|GST1_003040-RA	coassemb378_008474-T1
OG0004811	jgi|Grascr1|8519|GST1_003040-RA	jgi|Acastr1|121366|AST1_002306-RA
OG0004811	jgi|Grascr1|8519|GST1_003040-RA	KAI9726213.1
OG0004811	jgi|Grascr1|8519|GST1_003040-RA	jgi|Artol1|1870|AOL_s00043g32m.01
OG0004821	jgi|Grascr1|4948|GST1_010057-RA	jgi|Acastr1|125605|AST1_005124-RA
OG0004821	jgi|Grascr1|4948|GST1_010057-RA	jgi|Aspni_DSM_1|168677|An18g02320m.01
OG0004946	jgi|Grascr1|10038|GST1_004209-RA	jgi|Fonmu1|9138|Z520_11544T0
OG0004993	jgi|Grascr1|7747|GST1_002677-RA	jgi|Aspni_DSM_1|160798|An07g05740m.01
OG0005075	jgi|Grascr1|10864|GST1_000957-RA	jgi|EndpusZ1|928|EPUS_01644T0
OG0005075	jgi|Grascr1|10864|GST1_000957-RA	coassemb64_007044-T1
OG0005075	jgi|Grascr1|10864|GST1_000957-RA	jgi|Exoaq1|6679|A1O9_12481T0
OG0005075	jgi|Grascr1|10864|GST1_000957-RA	jgi|Claba1|139290|Z519_05822T0
OG0005075	jgi|Grascr1|10864|GST1_000957-RA	jgi|Fonmu1|3174|Z520_07810T0
OG0005075	jgi|Grascr1|10864|GST1_000957-RA	jgi|Capcor1|96829|A1O1_03980T0
OG0005075	jgi|Grascr1|10864|GST1_000957-RA	jgi|Phach1|6382|rna6381
OG0005177	jgi|Grascr1|8130|GST1_003831-RA	jgi|Penexp1|9945|PEXP_016680T0
OG0005177	jgi|Grascr1|8130|GST1_003831-RA	jgi|Cocpo1_1|4556|XM_003069509.1
OG0005177	jgi|Grascr1|8130|GST1_003831-RA	jgi|EndpusZ1|6760|EPUS_00259T0
OG0005177	jgi|Grascr1|8130|GST1_003831-RA	KAJ9654797.1
OG0005177	jgi|Grascr1|8130|GST1_003831-RA	jgi|Claba1|135892|Z519_02755T0
OG0005177	jgi|Grascr1|8130|GST1_003831-RA	jgi|Fonmu1|2877|Z520_07513T0
OG0005177	jgi|Grascr1|8130|GST1_003831-RA	jgi|Capcor1|100192|A1O1_07372T0
OG0005177	jgi|Grascr1|8130|GST1_003831-RA	jgi|Exoaq1|4382|A1O9_01900T0
OG0005177	jgi|Grascr1|8130|GST1_003831-RA	XP_008717112.1
OG0005177	jgi|Grascr1|8130|GST1_003831-RA	GTX0466b15_003946-T1
OG0005177	jgi|Grascr1|8130|GST1_003831-RA	coassemb76_003729-T1
OG0005177	jgi|Grascr1|8130|GST1_003831-RA	KAI4104833.1
OG0005177	jgi|Grascr1|8130|GST1_003831-RA	GTX0494b19_000592-T1
OG0005177	jgi|Grascr1|8130|GST1_003831-RA	FUN_007742_T1_FUN_007742
OG0005177	jgi|Grascr1|8130|GST1_003831-RA	KAI4239486.1
OG0005177	jgi|Grascr1|8130|GST1_003831-RA	KAI4226095.1
OG0005177	jgi|Grascr1|8130|GST1_003831-RA	KAI4107581.1
OG0005177	jgi|Grascr1|8130|GST1_003831-RA	CAF9936052.1
OG0005177	jgi|Grascr1|8130|GST1_003831-RA	jgi|Clagr3|4820|CLAGR_003616-RA
OG0005177	jgi|Grascr1|8130|GST1_003831-RA	jgi|Umbpus1|102826|LPUS_09421T0
OG0005177	jgi|Grascr1|8130|GST1_003831-RA	coassemb378_003911-T1
OG0005177	jgi|Grascr1|8130|GST1_003831-RA	jgi|Acastr1|121211|AST1_003149-RA
OG0005177	jgi|Grascr1|8130|GST1_003831-RA	jgi|PseVKM4520_1|10875|transcript_KFZ23516
OG0005177	jgi|Grascr1|8130|GST1_003831-RA	jgi|Podan3|211138|mRNA_9966
OG0005228	jgi|Grascr1|8996|GST1_003605-RA	jgi|Monha1|8323|H072_8618m.01
OG0005243	jgi|Grascr1|5650|GST1_009650-RA	GTX0466b15_004710-T1
OG0005256	jgi|Grascr1|3180|GST1_002110-RA	coassemb76_010088-T1
OG0005288	jgi|Grascr1|244|GST1_000518-RA	jgi|Penexp1|936|PEXP_095660T0
OG0005313	jgi|Grascr1|10630|GST1_005507-RA	jgi|Acastr1|126870|AST1_004047-RA
OG0005351	jgi|Grascr1|2086|GST1_007336-RA, jgi|Grascr1|2084|GST1_007334-RA, jgi|Grascr1|2085|GST1_007335-RA	KAJ9653021.1
OG0005391	jgi|Grascr1|10170|GST1_012444-RA	jgi|Aspni_DSM_1|155726|An01g06850m.01
OG0005405	jgi|Grascr1|6813|GST1_002047-RA	jgi|Amamu1|183812|fgenesh1_pm.3_#_187
OG0005405	jgi|Grascr1|6813|GST1_002047-RA	jgi|SacceM3707_1|34711|fgenesh1_kg.7_#_388_#_NP_014213.2
OG0005405	jgi|Grascr1|6813|GST1_002047-RA	jgi|Artol1|10929|AOL_s00215g376m.01
OG0005405	jgi|Grascr1|6813|GST1_002047-RA	jgi|Monha1|2128|H072_2132m.01
OG0005405	jgi|Grascr1|6813|GST1_002047-RA	jgi|Morco1|575429|gm1.6205_g
OG0005427	jgi|Grascr1|2423|GST1_006593-RA	KAI9814970.1
OG0005435	jgi|Grascr1|8332|GST1_011749-RA	jgi|Acastr1|121105|AST1_006607-RA
OG0005488	jgi|Grascr1|11072|GST1_004059-RA	jgi|Morco1|578739|gm1.9515_g, jgi|Morco1|524214|estExt_Genewise1Plus.C_310004
OG0005499	jgi|Grascr1|7262|GST1_010885-RA	jgi|Exoaq1|4779|A1O9_02298T0, jgi|Exoaq1|9599|A1O9_06029T0
OG0005505	jgi|Grascr1|10706|GST1_003872-RA	jgi|Acastr1|123637|AST1_009027-RA
OG0005563	jgi|Grascr1|11066|GST1_004053-RA	jgi|Aurpu_var_mel1|77219|fgenesh1_pm.19_#_28
OG0005563	jgi|Grascr1|11066|GST1_004053-RA	jgi|Artol1|1143|AOL_s00006g483m.01
OG0005563	jgi|Grascr1|11066|GST1_004053-RA	KAI9706645.1
OG0005575	jgi|Grascr1|7033|GST1_002871-RA	jgi|Aspni_DSM_1|161719|An08g04560m.01
OG0005589	jgi|Grascr1|855|GST1_006739-RA	KAJ9651492.1
OG0005605	jgi|Grascr1|8860|GST1_010712-RA	coassemb64_003773-T1
OG0005605	jgi|Grascr1|8860|GST1_010712-RA	GTX0486b100_008523-T1
OG0005622	jgi|Grascr1|4906|GST1_009438-RA, jgi|Grascr1|10838|GST1_000931-RA	jgi|Clagr3|8862|CLAGR_008842-RA, jgi|Clagr3|9792|CLAGR_010128-RA, jgi|Clagr3|6488|CLAGR_006593-RA
OG0005622	jgi|Grascr1|4906|GST1_009438-RA, jgi|Grascr1|10838|GST1_000931-RA	KAI4101797.1
OG0005642	jgi|Grascr1|5566|GST1_001888-RA	jgi|Penexp1|3250|PEXP_107310T0
OG0005642	jgi|Grascr1|5566|GST1_001888-RA	jgi|Aspni_DSM_1|169006|An18g05710m.01
OG0005642	jgi|Grascr1|5566|GST1_001888-RA	jgi|Cocpo1_1|3355|XM_003068308.1
OG0005642	jgi|Grascr1|5566|GST1_001888-RA	coassemb76_004287-T1
OG0005642	jgi|Grascr1|5566|GST1_001888-RA	GTX0466b15_004646-T1
OG0005642	jgi|Grascr1|5566|GST1_001888-RA	XP_008712018.1
OG0005642	jgi|Grascr1|5566|GST1_001888-RA	jgi|Capcor1|98925|A1O1_06095T0
OG0005642	jgi|Grascr1|5566|GST1_001888-RA	jgi|Fonmu1|4109|Z520_01094T0
OG0005642	jgi|Grascr1|5566|GST1_001888-RA	jgi|Claba1|132225|Z519_10544T0
OG0005642	jgi|Grascr1|5566|GST1_001888-RA	coassemb64_008614-T1
OG0005642	jgi|Grascr1|5566|GST1_001888-RA	jgi|Exoaq1|579|A1O9_00580T0
OG0005642	jgi|Grascr1|5566|GST1_001888-RA	KAJ9656690.1
OG0005642	jgi|Grascr1|5566|GST1_001888-RA	jgi|Aurpu_var_mel1|37432|e_gw1.1.2266.1
OG0005642	jgi|Grascr1|5566|GST1_001888-RA	jgi|Podan3|208845|mRNA_7673
OG0005642	jgi|Grascr1|5566|GST1_001888-RA	jgi|Altal1|519338|CE519337_596
OG0005642	jgi|Grascr1|5566|GST1_001888-RA	jgi|PseVKM4520_1|4174|transcript_KFZ13918
OG0005642	jgi|Grascr1|5566|GST1_001888-RA	jgi|Fusgr1|7339|FGSG_06343T0
OG0005642	jgi|Grascr1|5566|GST1_001888-RA	jgi|Erypu1|6051|transcript_POS84977
OG0005642	jgi|Grascr1|5566|GST1_001888-RA	jgi|Sclsc1|4850|SS1G_11306T0
OG0005662	jgi|Grascr1|2591|GST1_006896-RA	jgi|Aurpu_var_mel1|83587|gm1.3983_g
OG0005662	jgi|Grascr1|2591|GST1_006896-RA	KAI9723119.1
OG0005662	jgi|Grascr1|2591|GST1_006896-RA	jgi|Umbpus1|106572|LPUS_04761T0
OG0005662	jgi|Grascr1|2591|GST1_006896-RA	coassemb378_004344-T1
OG0005662	jgi|Grascr1|2591|GST1_006896-RA	jgi|Aspni_DSM_1|156780|An02g02520m.01
OG0005662	jgi|Grascr1|2591|GST1_006896-RA	jgi|Penexp1|3099|PEXP_105420T0
OG0005662	jgi|Grascr1|2591|GST1_006896-RA	jgi|Cocpo1_1|2833|XM_003067786.1
OG0005662	jgi|Grascr1|2591|GST1_006896-RA	KAJ9652662.1
OG0005662	jgi|Grascr1|2591|GST1_006896-RA	jgi|Capcor1|97177|A1O1_04333T0
OG0005662	jgi|Grascr1|2591|GST1_006896-RA	jgi|Exoaq1|8021|A1O9_04554T0
OG0005662	jgi|Grascr1|2591|GST1_006896-RA	jgi|Claba1|129189|Z519_07490T0
OG0005662	jgi|Grascr1|2591|GST1_006896-RA	jgi|Fonmu1|10129|Z520_03527T0
OG0005662	jgi|Grascr1|2591|GST1_006896-RA	GTX0466b15_002410-T1
OG0005662	jgi|Grascr1|2591|GST1_006896-RA	XP_008714459.1
OG0005662	jgi|Grascr1|2591|GST1_006896-RA	jgi|EndpusZ1|7424|EPUS_01842T0
OG0005662	jgi|Grascr1|2591|GST1_006896-RA	CAF9941370.1
OG0005662	jgi|Grascr1|2591|GST1_006896-RA	CAF9941370.1
OG0005662	jgi|Grascr1|2591|GST1_006896-RA	KAI9719829.1
OG0005662	jgi|Grascr1|2591|GST1_006896-RA	KAI9719829.1
OG0005662	jgi|Grascr1|2591|GST1_006896-RA	KAI9828967.1
OG0005662	jgi|Grascr1|2591|GST1_006896-RA	coassemb64_002403-T1
OG0005703	jgi|Grascr1|13059|GST1_007592-RA	jgi|Neucr_trp3_1|5771|Neucr2.NCU07660T0
OG0005703	jgi|Grascr1|13059|GST1_007592-RA	jgi|Penexp1|5410|PEXP_058710T0
OG0005825	jgi|Grascr1|8362|GST1_010856-RA	KAI9705914.1
OG0005881	jgi|Grascr1|7047|GST1_010577-RA	jgi|Neucr_trp3_1|1093210|CE93210_1296
OG0005881	jgi|Grascr1|7047|GST1_010577-RA	jgi|Podan3|211517|mRNA_10345
OG0005881	jgi|Grascr1|7047|GST1_010577-RA	jgi|Erypu1|3377|transcript_POS82397
OG0005881	jgi|Grascr1|7047|GST1_010577-RA	KAI9721167.1
OG0005881	jgi|Grascr1|7047|GST1_010577-RA	jgi|Aurpu_var_mel1|76302|fgenesh1_pm.14_#_122
OG0005881	jgi|Grascr1|7047|GST1_010577-RA	jgi|Altal1|941271|e_gw1.17.549.1
OG0005881	jgi|Grascr1|7047|GST1_010577-RA	jgi|Fusgr1|6288|FGSG_12734T0
OG0005881	jgi|Grascr1|7047|GST1_010577-RA	jgi|Penexp1|2341|PEXP_051960T0
OG0005881	jgi|Grascr1|7047|GST1_010577-RA	jgi|Aspni_DSM_1|161691|An08g04290m.01
OG0005881	jgi|Grascr1|7047|GST1_010577-RA	jgi|Cocpo1_1|2023|XM_003066976.1
OG0005921	jgi|Grascr1|2194|GST1_001313-RA	jgi|Monha1|9690|H072_10193m.01
OG0005921	jgi|Grascr1|2195|GST1_001314-RA	jgi|Umbpus1|103385|LPUS_09972T0, jgi|Umbpus1|99225|LPUS_00566T0
OG0005921	jgi|Grascr1|2195|GST1_001314-RA	KAI9826002.1
OG0005921	jgi|Grascr1|2195|GST1_001314-RA	jgi|Neucr_trp3_1|5221|Neucr2.NCU16722T0
OG0005921	jgi|Grascr1|2195|GST1_001314-RA	jgi|Fusgr1|3813|FGSG_04225T0
OG0005921	jgi|Grascr1|2195|GST1_001314-RA	jgi|Podan3|205405|mRNA_4233
OG0005921	jgi|Grascr1|2195|GST1_001314-RA	jgi|Monha1|9690|H072_10193m.01
OG0005921	jgi|Grascr1|2195|GST1_001314-RA	jgi|Ascim1|18979|CE18978_1381
OG0005921	jgi|Grascr1|2195|GST1_001314-RA	jgi|Claba1|134789|Z519_12195T0
OG0005921	jgi|Grascr1|2195|GST1_001314-RA	jgi|Fonmu1|2346|Z520_06979T0
OG0005921	jgi|Grascr1|2195|GST1_001314-RA	jgi|Capcor1|92376|A1O1_08799T0
OG0005921	jgi|Grascr1|2195|GST1_001314-RA	jgi|Exoaq1|9191|A1O9_05616T0
OG0005921	jgi|Grascr1|2195|GST1_001314-RA	jgi|EndpusZ1|3939|EPUS_02667T0
OG0005921	jgi|Grascr1|2195|GST1_001314-RA	jgi|Phach1|3011|rna3010
OG0005921	jgi|Grascr1|2195|GST1_001314-RA	XP_008715160.1
OG0005921	jgi|Grascr1|2195|GST1_001314-RA	GTX0466b15_005665-T1
OG0005921	jgi|Grascr1|2195|GST1_001314-RA	KAJ9656752.1
OG0005921	jgi|Grascr1|2195|GST1_001314-RA	jgi|Monha1|9690|H072_10193m.01
OG0005921	jgi|Grascr1|2195|GST1_001314-RA	KAI9757901.1
OG0005931	jgi|Grascr1|1317|GST1_006634-RA	jgi|PseVKM4520_1|5116|transcript_KFZ12166, jgi|PseVKM4520_1|11080|transcript_KFZ23327
OG0005966	jgi|Grascr1|2308|GST1_009053-RA	coassemb76_005994-T1
OG0005966	jgi|Grascr1|2308|GST1_009053-RA	coassemb64_002440-T1, coassemb64_005978-T1, coassemb64_005034-T1, coassemb64_002441-T1, coassemb64_001490-T1
OG0005966	jgi|Grascr1|2308|GST1_009053-RA	jgi|Dibbae1|7471|DIBA_003474-RA
OG0005966	jgi|Grascr1|2308|GST1_009053-RA	coassemb378_004699-T1
OG0005966	jgi|Grascr1|2308|GST1_009053-RA	jgi|EndpusZ1|4397|EPUS_09037T0
OG0005966	jgi|Grascr1|2308|GST1_009053-RA	jgi|Neucr_trp3_1|7521|Neucr2.NCU01098T0
OG0005966	jgi|Grascr1|2308|GST1_009053-RA	jgi|Podan3|204319|mRNA_3147, jgi|Podan3|204696|mRNA_3524
OG0005966	jgi|Grascr1|2308|GST1_009053-RA	CAF9936865.1, CAF9933811.1
OG0005966	jgi|Grascr1|2308|GST1_009053-RA	CAF9936865.1, CAF9933811.1
OG0005978	jgi|Grascr1|4005|GST1_009888-RA	coassemb376_005815-T1
OG0006001	jgi|Grascr1|7261|GST1_010884-RA	jgi|Aspni_DSM_1|157789|An02g12690m.01
OG0006001	jgi|Grascr1|7261|GST1_010884-RA	jgi|Fonmu1|7930|Z520_10903T0
OG0006001	jgi|Grascr1|7261|GST1_010884-RA	jgi|Claba1|139694|Z519_06226T0
OG0006001	jgi|Grascr1|7261|GST1_010884-RA	jgi|Capcor1|99708|A1O1_06881T0
OG0006003	jgi|Grascr1|5152|GST1_009308-RA	XP_008717735.1
OG0006007	jgi|Grascr1|3743|GST1_009768-RA	jgi|Aspni_DSM_1|164921|An12g06090m.01
OG0006092	jgi|Grascr1|2498|GST1_002385-RA	XP_008720544.1
OG0006137	jgi|Grascr1|745|GST1_008999-RA	jgi|Neucr_trp3_1|1347180|MIX8102_1206_60
OG0006137	jgi|Grascr1|745|GST1_008999-RA	jgi|EndpusZ1|4684|EPUS_02174T0
OG0006137	jgi|Grascr1|745|GST1_008999-RA	KAJ9653371.1
OG0006137	jgi|Grascr1|745|GST1_008999-RA	GTX0466b15_003014-T1
OG0006137	jgi|Grascr1|745|GST1_008999-RA	XP_008713266.1
OG0006137	jgi|Grascr1|745|GST1_008999-RA	jgi|Exoaq1|12750|A1O9_09035T0
OG0006137	jgi|Grascr1|745|GST1_008999-RA	coassemb64_007037-T1
OG0006137	jgi|Grascr1|745|GST1_008999-RA	jgi|Capcor1|94928|A1O1_02066T0
OG0006137	jgi|Grascr1|745|GST1_008999-RA	jgi|Claba1|140185|Z519_06719T0
OG0006137	jgi|Grascr1|745|GST1_008999-RA	jgi|Fonmu1|11683|Z520_04888T0
OG0006149	jgi|Grascr1|3151|GST1_002081-RA	jgi|Claba1|135032|Z519_12439T0
OG0006178	jgi|Grascr1|8723|GST1_011775-RA	jgi|Dibbae1|5299|DIBA_009493-RA
OG0006178	jgi|Grascr1|8723|GST1_011775-RA	jgi|EndpusZ1|5384|EPUS_00540T0
OG0006178	jgi|Grascr1|8723|GST1_011775-RA	CAF9906569.1
OG0006178	jgi|Grascr1|8723|GST1_011775-RA	jgi|Cocpo1_1|7197|XM_003072150.1
OG0006178	jgi|Grascr1|8723|GST1_011775-RA	jgi|Acastr1|118845|AST1_005355-RA, jgi|Acastr1|122609|AST1_008075-RA, jgi|Acastr1|127716|AST1_006474-RA
OG0006178	jgi|Grascr1|8723|GST1_011775-RA	GTX0486b100_007408-T1, GTX0486b100_003876-T1, GTX0486b100_000575-T1
OG0006178	jgi|Grascr1|8723|GST1_011775-RA	KAI9706628.1, KAI9701958.1
OG0006178	jgi|Grascr1|8723|GST1_011775-RA	KAI9709033.1, KAI9715893.1
OG0006178	jgi|Grascr1|8723|GST1_011775-RA	coassemb376_001516-T1
OG0006178	jgi|Grascr1|8723|GST1_011775-RA	jgi|Morco1|539880|fgenesh1_kg.72_#_1_#_Locus2348v1rpkm72.85, jgi|Morco1|587868|MIX6966_4_27
OG0006178	jgi|Grascr1|8723|GST1_011775-RA	jgi|Exoaq1|1643|A1O9_01649T0
OG0006178	jgi|Grascr1|8723|GST1_011775-RA	jgi|Altal1|1014198|fgenesh1_pg.34_#_31, jgi|Altal1|937597|e_gw1.12.154.1
OG0006178	jgi|Grascr1|8723|GST1_011775-RA	jgi|Sclsc1|3085|SS1G_09541T0
OG0006178	jgi|Grascr1|8723|GST1_011775-RA	jgi|Acastr1|127717|AST1_006475-RA
OG0006178	jgi|Grascr1|8723|GST1_011775-RA	jgi|Acastr1|127717|AST1_006475-RA
OG0006178	jgi|Grascr1|8723|GST1_011775-RA	KAI9652210.1
OG0006180	jgi|Grascr1|7955|GST1_003757-RA	CAF9942121.1
OG0006180	jgi|Grascr1|7955|GST1_003757-RA	jgi|Artol1|335|AOL_s00004g334m.01
OG0006180	jgi|Grascr1|7955|GST1_003757-RA	jgi|Acastr1|124484|AST1_001611-RA
OG0006180	jgi|Grascr1|7955|GST1_003757-RA	KAI9658845.1
OG0006237	jgi|Grascr1|11520|GST1_001742-RA	KAI4093048.1
OG0006273	jgi|Grascr1|2002|GST1_007531-RA, jgi|Grascr1|2007|GST1_007536-RA	jgi|Dibbae1|8414|DIBA_011086-RA
OG0006292	jgi|Grascr1|267|GST1_006557-RA	KAI4228881.1
OG0006297	jgi|Grascr1|11313|GST1_005342-RA	KAJ9661893.1
OG0006297	jgi|Grascr1|11313|GST1_005342-RA	jgi|Exoaq1|3232|A1O9_10750T0
OG0006351	jgi|Grascr1|1412|GST1_002470-RA	coassemb378_008669-T1, coassemb378_003689-T1
OG0006359	jgi|Grascr1|9964|GST1_012007-RA	coassemb76_004625-T1
OG0006359	jgi|Grascr1|9964|GST1_012007-RA	GTX0466b15_000657-T1
OG0006359	jgi|Grascr1|9964|GST1_012007-RA	jgi|Altal1|1036112|fgenesh1_pm.38_#_53
OG0006359	jgi|Grascr1|9964|GST1_012007-RA	KAI9721631.1
OG0006359	jgi|Grascr1|9964|GST1_012007-RA	XP_008720652.1
OG0006530	jgi|Grascr1|2239|GST1_006774-RA	jgi|Altal1|1017390|fgenesh1_kg.4_#_190_#_Locus2228v1rpkm69.13
OG0006530	jgi|Grascr1|2299|GST1_009044-RA	jgi|Altal1|1034729|fgenesh1_pm.24_#_91
OG0006530	jgi|Grascr1|2299|GST1_009044-RA	KAI9654302.1
OG0006530	jgi|Grascr1|2299|GST1_009044-RA	coassemb64_007160-T1
OG0006530	jgi|Grascr1|2299|GST1_009044-RA	jgi|Exoaq1|7957|A1O9_04490T0
OG0006530	jgi|Grascr1|2299|GST1_009044-RA	KAJ9651588.1
OG0006530	jgi|Grascr1|2299|GST1_009044-RA	coassemb76_007682-T1
OG0006530	jgi|Grascr1|2299|GST1_009044-RA	jgi|Aurpu_var_mel1|74965|fgenesh1_pm.9_#_63
OG0006530	jgi|Grascr1|2299|GST1_009044-RA	XP_008718132.1
OG0006556	jgi|Grascr1|2786|GST1_009215-RA	KAJ9657159.1
OG0006626	jgi|Grascr1|11322|GST1_005351-RA	jgi|Exoaq1|6084|A1O9_11884T0
OG0006654	jgi|Grascr1|6111|GST1_010624-RA	jgi|Dibbae1|6525|DIBA_002660-RA
OG0006716	jgi|Grascr1|4672|GST1_009039-RA, jgi|Grascr1|4076|GST1_009221-RA	jgi|Morco1|558143|estExt_fgenesh1_pm.C_170001
OG0006716	jgi|Grascr1|9267|GST1_012267-RA, jgi|Grascr1|410|GST1_005774-RA, jgi|Grascr1|1916|GST1_006371-RA, jgi|Grascr1|9268|GST1_012268-RA	jgi|Morco1|475460|gw1.131.15.1
OG0006740	jgi|Grascr1|719|GST1_007019-RA	jgi|Aurpu_var_mel1|65000|fgenesh1_pg.6_#_394
OG0006740	jgi|Grascr1|719|GST1_007019-RA	KAI9666811.1
OG0006740	jgi|Grascr1|719|GST1_007019-RA	FUN_001162_T1_FUN_001162
OG0006740	jgi|Grascr1|719|GST1_007019-RA	jgi|Exoaq1|11705|A1O9_08041T0
OG0006766	jgi|Grascr1|3287|GST1_008423-RA	jgi|Exoaq1|2630|A1O9_10154T0
OG0006840	jgi|Grascr1|11083|GST1_004070-RA	jgi|Ascim1|317128|fgenesh1_pm.7_#_18
OG0006884	jgi|Grascr1|4683|GST1_007954-RA	jgi|Fusgr1|4317|FGSG_03784T0
OG0006884	jgi|Grascr1|4683|GST1_007954-RA	jgi|Aspni_DSM_1|158180|An03g01670m.01
OG0006884	jgi|Grascr1|4683|GST1_007954-RA	jgi|Penexp1|6047|PEXP_082740T0
OG0006884	jgi|Grascr1|4683|GST1_007954-RA	jgi|Aurpu_var_mel1|44021|e_gw1.5.492.1
OG0006920	jgi|Grascr1|8247|GST1_012969-RA	coassemb378_010756-T1
OG0007038	jgi|Grascr1|4198|GST1_001182-RA	KAJ9659347.1
OG0007038	jgi|Grascr1|4198|GST1_001182-RA	KAI9717207.1
OG0007215	jgi|Grascr1|3609|GST1_008220-RA	jgi|Aspni_DSM_1|162669|An09g02090m.01
OG0007232	jgi|Grascr1|1629|GST1_008487-RA	jgi|Phach1|1760|rna1759
OG0007268	jgi|Grascr1|4746|GST1_002322-RA	jgi|Fusgr1|6757|FGSG_12819T0
OG0007270	jgi|Grascr1|6802|GST1_002036-RA	coassemb76_005880-T1
OG0007414	jgi|Grascr1|13006|GST1_005535-RA	KAJ9653552.1, KAJ9650252.1
OG0007449	jgi|Grascr1|6382|GST1_011702-RA	coassemb64_005957-T1
OG0007765	jgi|Grascr1|11772|GST1_005896-RA	jgi|Aspni_DSM_1|159443|An04g07590m.01
OG0007775	jgi|Grascr1|3422|GST1_008283-RA	jgi|Monha1|4266|H072_4346m.01
OG0008199	jgi|Grascr1|5656|GST1_009656-RA	KAI9715847.1
OG0008390	jgi|Grascr1|3382|GST1_009162-RA	jgi|Podan3|204700|mRNA_3528
OG0008390	jgi|Grascr1|3382|GST1_009162-RA	jgi|Dibbae1|3380|DIBA_000250-RA
OG0008390	jgi|Grascr1|3382|GST1_009162-RA	KAI9830721.1
OG0008390	jgi|Grascr1|3382|GST1_009162-RA	KAI4231865.1
OG0008390	jgi|Grascr1|3382|GST1_009162-RA	jgi|Penexp1|6643|PEXP_078830T0
OG0008390	jgi|Grascr1|3382|GST1_009162-RA	KAI9716368.1
OG0008390	jgi|Grascr1|3382|GST1_009162-RA	KAI4289625.1
OG0008476	jgi|Grascr1|3933|GST1_001530-RA	coassemb64_002166-T1
