Orthogroup	GTX0466.bin.15.proteins	Other
OG0000000	GTX0466b15_008450-T1	KAI4090072.1
OG0000000	GTX0466b15_008450-T1	jgi|EndpusZ1|3758|EPUS_07130T0
OG0000003	GTX0466b15_005320-T1	jgi|Penexp1|9403|PEXP_067070T0
OG0000003	GTX0466b15_003846-T1	jgi|Dibbae1|10627|DIBA_003191-RA
OG0000003	GTX0466b15_003846-T1	KAI4232974.1
OG0000004	GTX0466b15_003009-T1	KAI4106465.1
OG0000004	GTX0466b15_002210-T1	jgi|Claba1|133761|Z519_11161T0
OG0000008	GTX0466b15_001521-T1	jgi|Fonmu1|5786|Z520_09599T0
OG0000009	GTX0466b15_005176-T1	jgi|Exoaq1|5525|A1O9_03049T0
OG0000009	GTX0466b15_005176-T1	KAJ9663857.1, KAJ9652153.1
OG0000009	GTX0466b15_005176-T1	jgi|Claba1|128724|Z519_07022T0
OG0000009	GTX0466b15_002138-T1	coassemb64_001666-T1
OG0000011	GTX0466b15_009369-T1	jgi|Penexp1|8544|PEXP_070040T0
OG0000011	GTX0466b15_009369-T1	jgi|Aspni_DSM_1|165132|An12g08320m.01
OG0000011	GTX0466b15_009369-T1	jgi|Cocpo1_1|4114|XM_003069067.1
OG0000011	GTX0466b15_009369-T1	jgi|PseVKM4520_1|8664|transcript_KFZ24454
OG0000021	GTX0466b15_003131-T1	jgi|Claba1|129751|Z519_08057T0
OG0000027	GTX0466b15_002962-T1, GTX0466b15_000963-T1	jgi|EndpusZ1|7811|EPUS_03979T0
OG0000027	GTX0466b15_002962-T1	jgi|Grascr1|7003|GST1_002841-RA
OG0000027	GTX0466b15_002962-T1	jgi|Clagr3|9566|CLAGR_009019-RA
OG0000027	GTX0466b15_002962-T1	jgi|Dibbae1|12500|DIBA_004887-RA, jgi|Dibbae1|4405|DIBA_009014-RA
OG0000027	GTX0466b15_000963-T1	jgi|Grascr1|3249|GST1_007470-RA
OG0000033	GTX0466b15_003848-T1, GTX0466b15_003852-T1	jgi|Grascr1|7424|GST1_012001-RA
OG0000033	GTX0466b15_003848-T1, GTX0466b15_003852-T1	coassemb378_000587-T1
OG0000037	GTX0466b15_003007-T1	coassemb378_006802-T1
OG0000038	GTX0466b15_004911-T1, GTX0466b15_005784-T1, GTX0466b15_000792-T1, GTX0466b15_008599-T1	jgi|Dibbae1|4142|DIBA_008763-RA
OG0000043	GTX0466b15_007331-T1	jgi|Grascr1|756|GST1_009010-RA
OG0000043	GTX0466b15_007331-T1	jgi|Fonmu1|2726|Z520_07361T0
OG0000043	GTX0466b15_007331-T1	jgi|Fusgr1|4384|FGSG_03723T0
OG0000043	GTX0466b15_007331-T1	jgi|Penexp1|8144|PEXP_102420T0
OG0000057	GTX0466b15_005514-T1	CAF9904471.1
OG0000061	GTX0466b15_006127-T1	jgi|Penexp1|1729|PEXP_074030T0
OG0000066	GTX0466b15_000341-T1	jgi|Dibbae1|4642|DIBA_001639-RA
OG0000079	GTX0466b15_003748-T1	KAI4287114.1
OG0000080	GTX0466b15_003310-T1	CAF9935426.1
OG0000080	GTX0466b15_003310-T1	jgi|Fonmu1|6290|Z520_10103T0
OG0000097	GTX0466b15_006840-T1	jgi|Grascr1|4501|GST1_002567-RA
OG0000101	GTX0466b15_006242-T1	jgi|Exoaq1|5205|A1O9_02728T0
OG0000127	GTX0466b15_000527-T1	jgi|Exoaq1|5162|A1O9_02685T0
OG0000127	GTX0466b15_001191-T1	coassemb376_002939-T1
OG0000131	GTX0466b15_006001-T1	jgi|Aurpu_var_mel1|63718|fgenesh1_pg.4_#_55, jgi|Aurpu_var_mel1|56530|e_gw1.24.372.1
OG0000131	GTX0466b15_006001-T1	KAI9653286.1
OG0000131	GTX0466b15_006001-T1	jgi|Grascr1|8627|GST1_012291-RA
OG0000137	GTX0466b15_001196-T1	jgi|Fonmu1|5192|Z520_09003T0
OG0000137	GTX0466b15_001196-T1	jgi|Exoaq1|12701|A1O9_08986T0
OG0000137	GTX0466b15_001196-T1	jgi|Claba1|132872|Z519_01350T0
OG0000137	GTX0466b15_001196-T1	coassemb64_005507-T1
OG0000151	GTX0466b15_000756-T1	jgi|PseVKM4520_1|10168|transcript_KFZ24155
OG0000153	GTX0466b15_009472-T1	jgi|Grascr1|4402|GST1_009774-RA
OG0000154	GTX0466b15_007897-T1	jgi|Dibbae1|7779|DIBA_003252-RA
OG0000157	GTX0466b15_003038-T1	KAI9715689.1
OG0000165	GTX0466b15_007022-T1	KAI9708569.1
OG0000165	GTX0466b15_007023-T1	KAI9708568.1
OG0000181	GTX0466b15_002606-T1	coassemb378_005990-T1
OG0000192	GTX0466b15_008200-T1	jgi|Aspni_DSM_1|159911|An05g01960m.01
OG0000192	GTX0466b15_008200-T1	XP_008715063.1, XP_008721146.1, XP_008716705.1
OG0000193	GTX0466b15_007357-T1	jgi|Aurpu_var_mel1|86688|gm1.7084_g
OG0000200	GTX0466b15_005657-T1	jgi|Grascr1|8319|GST1_012131-RA
OG0000201	GTX0466b15_009363-T1, GTX0466b15_000408-T1	coassemb378_001789-T1
OG0000202	GTX0466b15_005538-T1	jgi|Fusgr1|8832|FGSG_07636T0
OG0000206	GTX0466b15_009268-T1	jgi|Penexp1|3673|PEXP_041520T0
OG0000213	GTX0466b15_000629-T1	jgi|Claba1|136825|Z519_03359T0
OG0000214	GTX0466b15_006014-T1	jgi|Fusgr1|4397|FGSG_03711T0
OG0000222	GTX0466b15_002501-T1	jgi|Sclsc1|2679|SS1G_09135T0
OG0000225	GTX0466b15_003460-T1	KAI4288535.1
OG0000235	GTX0466b15_008237-T1	jgi|Penexp1|8163|PEXP_075040T0
OG0000238	GTX0466b15_004715-T1	jgi|Altal1|1057710|gm1.1945_g
OG0000238	GTX0466b15_004715-T1	KAI4109259.1
OG0000238	GTX0466b15_004715-T1	jgi|Aurpu_var_mel1|49698|e_gw1.11.49.1
OG0000249	GTX0466b15_009490-T1, GTX0466b15_009473-T1	jgi|Cocpo1_1|2495|XM_003067448.1, jgi|Cocpo1_1|6003|XM_003070956.1
OG0000253	GTX0466b15_004827-T1	XP_008719626.1, XP_008717279.1
OG0000253	GTX0466b15_004827-T1	KAI4094592.1
OG0000253	GTX0466b15_004827-T1	KAI4275864.1
OG0000253	GTX0466b15_004827-T1	KAJ9662896.1, KAJ9655065.1
OG0000253	GTX0466b15_004827-T1	KAI9719708.1
OG0000253	GTX0466b15_004827-T1	jgi|Acastr1|120055|AST1_005699-RA
OG0000253	GTX0466b15_004827-T1	coassemb376_001157-T1, coassemb376_005221-T1
OG0000253	GTX0466b15_004827-T1	jgi|Sclsc1|13104|SS1G_06133T0, jgi|Sclsc1|3871|SS1G_10327T0
OG0000253	GTX0466b15_004827-T1	jgi|PseVKM4520_1|10412|transcript_KFZ23934
OG0000253	GTX0466b15_004827-T1	CAF9904997.1
OG0000253	GTX0466b15_004827-T1	jgi|Grascr1|12781|GST1_005636-RA, jgi|Grascr1|4027|GST1_010079-RA
OG0000253	GTX0466b15_004827-T1	XP_008719626.1, XP_008717279.1
OG0000279	GTX0466b15_002570-T1	jgi|Neucr_trp3_1|6469|Neucr2.NCU06980T0
OG0000282	GTX0466b15_004792-T1	KAJ9652262.1
OG0000283	GTX0466b15_005967-T1	coassemb376_007093-T1
OG0000310	GTX0466b15_001741-T1	GTX0486b100_008067-T1
OG0000311	GTX0466b15_008448-T1	jgi|Penexp1|9779|PEXP_098470T0
OG0000311	GTX0466b15_005870-T1	jgi|Clagr3|9403|CLAGR_009348-RA
OG0000315	GTX0466b15_001448-T1, GTX0466b15_003856-T1	jgi|Penexp1|2729|PEXP_108930T0
OG0000315	GTX0466b15_001448-T1, GTX0466b15_003856-T1	jgi|Cocpo1_1|4194|XM_003069147.1
OG0000317	GTX0466b15_002457-T1	jgi|Sclsc1|1845|SS1G_08301T0
OG0000317	GTX0466b15_002457-T1	GTX0486b100_006784-T1
OG0000331	GTX0466b15_005631-T1	jgi|Exoaq1|2100|A1O9_09633T0
OG0000337	GTX0466b15_002444-T1	coassemb64_001600-T1
OG0000337	GTX0466b15_002444-T1	jgi|Capcor1|101114|A1O1_08302T0
OG0000356	GTX0466b15_001837-T1	KAI9830031.1, KAI9830942.1
OG0000356	GTX0466b15_001837-T1	jgi|Dibbae1|5755|DIBA_002020-RA, jgi|Dibbae1|5791|DIBA_002056-RA
OG0000360	GTX0466b15_002621-T1	jgi|Penexp1|5287|PEXP_046120T0
OG0000361	GTX0466b15_004078-T1	jgi|Fusgr1|9924|FGSG_08350T0
OG0000378	GTX0466b15_009249-T1	GTX0486b100_005092-T1
OG0000381	GTX0466b15_002661-T1	FUN_000190_T1_FUN_000190
OG0000391	GTX0466b15_006787-T1	jgi|Grascr1|5827|GST1_011412-RA
OG0000399	GTX0466b15_004064-T1, GTX0466b15_006016-T1	jgi|Morco1|470072|gw1.20.229.1
OG0000401	GTX0466b15_008043-T1	jgi|Monha1|4268|H072_4348m.01
OG0000417	GTX0466b15_007392-T1	jgi|Podan3|207916|mRNA_6744, jgi|Podan3|203446|mRNA_2274
OG0000421	GTX0466b15_000998-T1	jgi|Capcor1|96917|A1O1_04070T0
OG0000434	GTX0466b15_008878-T1	jgi|Claba1|132284|Z519_10603T0
OG0000455	GTX0466b15_006186-T1	jgi|Grascr1|12662|GST1_001956-RA
OG0000463	GTX0466b15_001346-T1	XP_008721317.1
OG0000463	GTX0466b15_001346-T1	jgi|Exoaq1|1516|A1O9_01522T0
OG0000463	GTX0466b15_001346-T1	coassemb64_003856-T1
OG0000463	GTX0466b15_001346-T1	jgi|Fonmu1|7425|Z520_10396T0
OG0000463	GTX0466b15_001346-T1	jgi|Claba1|127880|Z519_00261T0
OG0000463	GTX0466b15_001346-T1	jgi|Capcor1|95264|A1O1_02403T0
OG0000463	GTX0466b15_001346-T1	KAJ9651089.1
OG0000463	GTX0466b15_001346-T1	jgi|EndpusZ1|328|EPUS_04296T0
OG0000463	GTX0466b15_001346-T1	jgi|Umbpus1|101495|LPUS_08196T0
OG0000464	GTX0466b15_004464-T1	jgi|Clagr3|6737|CLAGR_006926-RA
OG0000464	GTX0466b15_008441-T1	jgi|Clagr3|9550|CLAGR_009003-RA
OG0000466	GTX0466b15_002695-T1	jgi|Grascr1|11362|GST1_005242-RA
OG0000483	GTX0466b15_006654-T1	FUN_009084_T1_FUN_009084
OG0000485	GTX0466b15_003406-T1	jgi|Fusgr1|5084|FGSG_03103T0
OG0000485	GTX0466b15_003406-T1	KAI9826477.1
OG0000528	GTX0466b15_003886-T1	coassemb76_003245-T1
OG0000542	GTX0466b15_002328-T1, GTX0466b15_005630-T1	jgi|Clagr3|1814|CLAGR_001610-RA
OG0000590	GTX0466b15_007150-T1, GTX0466b15_009159-T1	coassemb378_008024-T1
OG0000609	GTX0466b15_009082-T1	jgi|Artol1|4636|AOL_s00078g22m.01
OG0000621	GTX0466b15_008793-T1	CAF9904326.1
OG0000660	GTX0466b15_000436-T1	jgi|Artol1|1003|AOL_s00006g343m.01
OG0000673	GTX0466b15_001598-T1	GTX0494b19_003768-T1
OG0000673	GTX0466b15_001598-T1	FUN_007895_T1_FUN_007895
OG0000673	GTX0466b15_001598-T1	KAI4219176.1
OG0000673	GTX0466b15_001598-T1	coassemb376_006255-T1
OG0000673	GTX0466b15_001598-T1	KAI4093617.1
OG0000673	GTX0466b15_001598-T1	jgi|Grascr1|10576|GST1_004537-RA
OG0000673	GTX0466b15_001598-T1	jgi|Claba1|130518|Z519_08825T0
OG0000673	GTX0466b15_001598-T1	KAJ9651415.1
OG0000673	GTX0466b15_001598-T1	jgi|Exoaq1|4173|A1O9_11696T0
OG0000673	GTX0466b15_001598-T1	XP_008717838.1
OG0000673	GTX0466b15_001598-T1	jgi|Exoaq1|4173|A1O9_11696T0
OG0000673	GTX0466b15_002918-T1	jgi|Aurpu_var_mel1|46635|e_gw1.8.365.1
OG0000684	GTX0466b15_007563-T1	jgi|Sclsc1|10766|SS1G_03795T0
OG0000691	GTX0466b15_003129-T1	coassemb378_007181-T1
OG0000698	GTX0466b15_001449-T1	jgi|Capcor1|94888|A1O1_02026T0
OG0000698	GTX0466b15_001449-T1	jgi|Fonmu1|11848|Z520_05053T0
OG0000698	GTX0466b15_001449-T1	jgi|Claba1|139987|Z519_06519T0
OG0000698	GTX0466b15_001449-T1	coassemb64_008172-T1
OG0000698	GTX0466b15_001449-T1	jgi|Exoaq1|1413|A1O9_01419T0
OG0000698	GTX0466b15_005270-T1	jgi|Penexp1|9843|PEXP_099110T0
OG0000698	GTX0466b15_005270-T1	jgi|Aspni_DSM_1|167256|An15g07500m.01
OG0000698	GTX0466b15_005270-T1	jgi|PseVKM4520_1|202|transcript_KFZ22714
OG0000698	GTX0466b15_005270-T1	jgi|Fonmu1|8935|Z520_03010T0
OG0000703	GTX0466b15_008607-T1	jgi|Altal1|1099843|estExt_Genemark1.C_310035
OG0000713	GTX0466b15_007915-T1	coassemb378_007793-T1
OG0000713	GTX0466b15_007915-T1	coassemb376_002469-T1
OG0000721	GTX0466b15_008723-T1	jgi|Penexp1|937|PEXP_095670T0
OG0000740	GTX0466b15_003366-T1	KAJ9656401.1
OG0000740	GTX0466b15_003366-T1	KAJ9656401.1
OG0000740	GTX0466b15_003366-T1	jgi|Cocpo1_1|3857|XM_003068810.1
OG0000740	GTX0466b15_003366-T1	jgi|Aspni_DSM_1|163466|An11g02150m.01
OG0000740	GTX0466b15_003366-T1	jgi|Altal1|1003329|estExt_Genewise1Plus.C_430072
OG0000740	GTX0466b15_003366-T1	jgi|EndpusZ1|4637|EPUS_02127T0
OG0000740	GTX0466b15_003366-T1	jgi|Fonmu1|2667|Z520_07301T0
OG0000742	GTX0466b15_008584-T1, GTX0466b15_000733-T1	CAF9912950.1
OG0000748	GTX0466b15_004061-T1	coassemb378_006069-T1
OG0000749	GTX0466b15_004579-T1	jgi|Aurpu_var_mel1|85019|gm1.5415_g
OG0000779	GTX0466b15_005321-T1	jgi|Dibbae1|4836|DIBA_009724-RA
OG0000780	GTX0466b15_000517-T1	jgi|PseVKM4520_1|10673|transcript_KFZ25328
OG0000780	GTX0466b15_000517-T1	KAI9718072.1
OG0000780	GTX0466b15_000517-T1	coassemb378_005839-T1
OG0000791	GTX0466b15_004002-T1	jgi|Podan3|208473|mRNA_7301
OG0000791	GTX0466b15_004002-T1	jgi|Neucr_trp3_1|10314|Neucr2.NCU02376T0
OG0000791	GTX0466b15_004002-T1	KAI9822897.1
OG0000791	GTX0466b15_004002-T1	jgi|Fusgr1|9214|FGSG_07959T0
OG0000791	GTX0466b15_004002-T1	jgi|Monha1|10257|H072_10833m.01
OG0000791	GTX0466b15_004002-T1	jgi|Artol1|8106|AOL_s00110g65m.01
OG0000791	GTX0466b15_004002-T1	jgi|Morco1|552112|fgenesh1_pm.10_#_41
OG0000791	GTX0466b15_004002-T1	jgi|Penexp1|1157|PEXP_029160T0
OG0000791	GTX0466b15_004002-T1	jgi|Aspni_DSM_1|163955|An11g07320m.01
OG0000791	GTX0466b15_004002-T1	jgi|Umbpus1|106966|LPUS_05191T0
OG0000791	GTX0466b15_004002-T1	KAI4094397.1
OG0000791	GTX0466b15_004002-T1	jgi|Phach1|2914|rna2913
OG0000792	GTX0466b15_006448-T1	jgi|Fusgr1|5336|FGSG_02884T0
OG0000793	GTX0466b15_004446-T1	coassemb378_010898-T1
OG0000797	GTX0466b15_009410-T1	jgi|Monha1|6753|H072_6970m.01, jgi|Monha1|5858|H072_6047m.01, jgi|Monha1|212|H072_212m.01
OG0000814	GTX0466b15_002429-T1, GTX0466b15_008915-T1	CAF9935020.1
OG0000880	GTX0466b15_008920-T1	FUN_003923_T1_FUN_003923
OG0000891	GTX0466b15_009377-T1, GTX0466b15_006137-T1	jgi|PseVKM4520_1|11425|transcript_KFZ23017
OG0000891	GTX0466b15_009377-T1, GTX0466b15_006137-T1	jgi|Neucr_trp3_1|1492|Neucr2.NCU08361T0
OG0000891	GTX0466b15_009377-T1, GTX0466b15_006137-T1	jgi|Sclsc1|12349|SS1G_05378T0
OG0000891	GTX0466b15_009377-T1, GTX0466b15_006137-T1	jgi|Fusgr1|2616|FGSG_02280T0
OG0000891	GTX0466b15_009377-T1, GTX0466b15_006137-T1	jgi|Clagr3|2242|CLAGR_001640-RA
OG0000891	GTX0466b15_009377-T1, GTX0466b15_006137-T1	jgi|Exoaq1|4058|A1O9_11580T0
OG0000891	GTX0466b15_009377-T1, GTX0466b15_006137-T1	jgi|Exoaq1|4058|A1O9_11580T0
OG0000891	GTX0466b15_009377-T1, GTX0466b15_006137-T1	CAF9922458.1
OG0000891	GTX0466b15_009377-T1, GTX0466b15_006137-T1	KAI9830633.1
OG0000897	GTX0466b15_007027-T1	jgi|Fonmu1|6990|Z520_02200T0
OG0000897	GTX0466b15_007027-T1	GTX0486b100_000479-T1
OG0000909	GTX0466b15_001913-T1	jgi|Acastr1|121351|AST1_002291-RA
OG0000913	GTX0466b15_005062-T1, GTX0466b15_005061-T1	jgi|Acastr1|122178|AST1_005884-RA
OG0000928	GTX0466b15_008682-T1	CAF9924993.1
OG0000929	GTX0466b15_003771-T1	jgi|Sclsc1|3721|SS1G_10177T0
OG0000929	GTX0466b15_003771-T1	jgi|Fusgr1|7534|FGSG_06516T0
OG0000934	GTX0466b15_003241-T1	KAI9833474.1
OG0000945	GTX0466b15_009386-T1, GTX0466b15_009250-T1	jgi|Fusgr1|8994|FGSG_07770T0
OG0000956	GTX0466b15_008466-T1	jgi|Clagr3|1466|CLAGR_002260-RA
OG0000970	GTX0466b15_009518-T1	jgi|Grascr1|2165|GST1_001284-RA
OG0000974	GTX0466b15_008236-T1	jgi|Dibbae1|9218|DIBA_011494-RA
OG0000976	GTX0466b15_004100-T1	FUN_000406_T1_FUN_000406
OG0000976	GTX0466b15_004100-T1	CAF9943318.1
OG0000993	GTX0466b15_000029-T1	coassemb378_001917-T1
OG0001005	GTX0466b15_004548-T1	jgi|PseVKM4520_1|10321|transcript_KFZ24023
OG0001005	GTX0466b15_004548-T1	jgi|Exoaq1|7036|A1O9_12838T0
OG0001005	GTX0466b15_004548-T1	jgi|Capcor1|94443|A1O1_01580T0
OG0001005	GTX0466b15_004548-T1	jgi|Fonmu1|8013|Z520_10986T0
OG0001005	GTX0466b15_004548-T1	jgi|Claba1|135128|Z519_01990T0
OG0001005	GTX0466b15_004548-T1	jgi|Altal1|1025123|fgenesh1_kg.26_#_141_#_Locus8441v1rpkm5.55
OG0001006	GTX0466b15_000359-T1	jgi|Monha1|9388|H072_9849m.01
OG0001011	GTX0466b15_004626-T1	jgi|Fusgr1|3303|FGSG_04677T0
OG0001017	GTX0466b15_005340-T1	jgi|Altal1|938817|e_gw1.14.419.1
OG0001023	GTX0466b15_009077-T1	KAI4234030.1
OG0001034	GTX0466b15_007657-T1	jgi|Altal1|1015420|fgenesh1_kg.1_#_398_#_Locus12168v1rpkm0.86
OG0001038	GTX0466b15_000493-T1	jgi|Acastr1|119481|AST1_006259-RA
OG0001038	GTX0466b15_000493-T1	jgi|Umbpus1|102616|LPUS_09188T0
OG0001038	GTX0466b15_000493-T1	jgi|Dibbae1|2645|DIBA_007765-RA
OG0001038	GTX0466b15_000493-T1	jgi|Grascr1|7581|GST1_002257-RA
OG0001038	GTX0466b15_000493-T1	KAI4100298.1
OG0001038	GTX0466b15_000493-T1	GTX0494b19_004158-T1
OG0001038	GTX0466b15_000493-T1	FUN_000095_T1_FUN_000095, FUN_000095_T2_FUN_000095
OG0001038	GTX0466b15_000493-T1	KAI4239669.1
OG0001038	GTX0466b15_000493-T1	KAI4221620.1
OG0001038	GTX0466b15_000493-T1	KAI4109268.1
OG0001038	GTX0466b15_000493-T1	KAI4289641.1
OG0001038	GTX0466b15_000493-T1	jgi|Clagr3|8488|CLAGR_008681-RA
OG0001038	GTX0466b15_000493-T1	CAF9928710.1
OG0001038	GTX0466b15_000493-T1	coassemb378_002049-T1
OG0001038	GTX0466b15_000493-T1	KAI9827762.1
OG0001038	GTX0466b15_000493-T1	KAI9837295.1
OG0001038	GTX0466b15_000493-T1	coassemb376_002578-T1
OG0001038	GTX0466b15_000493-T1	jgi|Penexp1|2724|PEXP_108880T0
OG0001038	GTX0466b15_000493-T1	jgi|Penexp1|2724|PEXP_108880T0
OG0001060	GTX0466b15_001971-T1	jgi|Morco1|578177|gm1.8953_g, jgi|Morco1|578182|gm1.8958_g, jgi|Morco1|578180|gm1.8956_g, jgi|Morco1|493985|e_gw1.58.72.1
OG0001077	GTX0466b15_002403-T1	KAI4105648.1
OG0001077	GTX0466b15_002403-T1	KAI4286386.1
OG0001084	GTX0466b15_008811-T1	jgi|Fusgr1|6893|FGSG_05944T0
OG0001100	GTX0466b15_002933-T1	CAF9903761.1
OG0001133	GTX0466b15_002236-T1, GTX0466b15_002237-T1	jgi|Exoaq1|7366|A1O9_03896T0
OG0001136	GTX0466b15_003270-T1	jgi|PseVKM4520_1|8458|transcript_KFZ24508, jgi|PseVKM4520_1|6258|transcript_KFZ10076
OG0001150	GTX0466b15_004084-T1	jgi|Fusgr1|11434|FGSG_13666T0
OG0001159	GTX0466b15_001752-T1	jgi|Sclsc1|11022|SS1G_04051T0
OG0001181	GTX0466b15_005849-T1	jgi|Fonmu1|8464|Z520_11439T0
OG0001184	GTX0466b15_006637-T1	jgi|PseVKM4520_1|7830|transcript_KFZ07710
OG0001196	GTX0466b15_004199-T1	jgi|Acastr1|124709|AST1_002374-RA
OG0001203	GTX0466b15_006512-T1	jgi|Clagr3|9146|CLAGR_009773-RA
OG0001212	GTX0466b15_007744-T1	jgi|Artol1|170|AOL_s00004g169m.01
OG0001214	GTX0466b15_006919-T1, GTX0466b15_006920-T1	coassemb378_006048-T1
OG0001214	GTX0466b15_006919-T1, GTX0466b15_006920-T1	KAI9717070.1
OG0001227	GTX0466b15_002016-T1	jgi|Artol1|4183|AOL_s00076g279m.01
OG0001227	GTX0466b15_002016-T1	jgi|Aspni_DSM_1|158193|An03g01800m.01
OG0001250	GTX0466b15_001962-T1	coassemb378_011589-T1
OG0001250	GTX0466b15_001962-T1	jgi|Acastr1|122595|AST1_007105-RA
OG0001250	GTX0466b15_001962-T1	jgi|Dibbae1|9657|DIBA_012063-RA
OG0001250	GTX0466b15_001962-T1	KAI4109222.1
OG0001250	GTX0466b15_001962-T1	FUN_003641_T1_FUN_003641
OG0001250	GTX0466b15_001962-T1	GTX0494b19_004601-T1
OG0001250	GTX0466b15_001962-T1	KAI4207221.1
OG0001250	GTX0466b15_001962-T1	KAI4225162.1
OG0001250	GTX0466b15_001962-T1	KAI4099367.1
OG0001250	GTX0466b15_001962-T1	KAI4290386.1
OG0001250	GTX0466b15_001962-T1	coassemb376_002484-T1
OG0001250	GTX0466b15_001962-T1	jgi|Umbpus1|100259|LPUS_06841T0
OG0001250	GTX0466b15_001962-T1	jgi|Clagr3|328|CLAGR_000320-RA
OG0001250	GTX0466b15_001962-T1	CAF9907442.1
OG0001250	GTX0466b15_001962-T1	jgi|Penexp1|2865|PEXP_088010T0
OG0001250	GTX0466b15_001962-T1	jgi|Cocpo1_1|427|XM_003065379.1
OG0001250	GTX0466b15_001962-T1	jgi|EndpusZ1|6245|EPUS_05095T0
OG0001250	GTX0466b15_001962-T1	KAJ9654074.1
OG0001250	GTX0466b15_001962-T1	jgi|Claba1|136008|Z519_12531T0
OG0001250	GTX0466b15_001962-T1	jgi|Fonmu1|5935|Z520_09748T0
OG0001250	GTX0466b15_001962-T1	jgi|Capcor1|96198|A1O1_03343T0
OG0001250	GTX0466b15_001962-T1	jgi|Exoaq1|7247|A1O9_03777T0
OG0001251	GTX0466b15_006719-T1	jgi|Fonmu1|619|Z520_00621T0
OG0001270	GTX0466b15_000409-T1	jgi|Sclsc1|2142|SS1G_08599T0
OG0001281	GTX0466b15_008089-T1	jgi|Artol1|5|AOL_s00004g4m.01
OG0001281	GTX0466b15_008089-T1	jgi|Fusgr1|13314|FGSG_11241T0, jgi|Fusgr1|10669|FGSG_09212T0
OG0001300	GTX0466b15_008435-T1	jgi|Artol1|5666|AOL_s00079g440m.01
OG0001300	GTX0466b15_008435-T1	FUN_007913_T1_FUN_007913
OG0001329	GTX0466b15_001190-T1	KAI4233996.1
OG0001362	GTX0466b15_006061-T1	KAI9700632.1
OG0001372	GTX0466b15_003884-T1	CAF9922714.1
OG0001427	GTX0466b15_009475-T1, GTX0466b15_002707-T1	KAI9838537.1
OG0001428	GTX0466b15_004350-T1	jgi|Grascr1|4396|GST1_010145-RA
OG0001435	GTX0466b15_007182-T1	coassemb376_005892-T1
OG0001435	GTX0466b15_007182-T1	KAI4287589.1
OG0001454	GTX0466b15_002085-T1	coassemb376_007399-T1
OG0001473	GTX0466b15_001500-T1	jgi|Fusgr1|2642|FGSG_02304T0
OG0001497	GTX0466b15_006613-T1, GTX0466b15_006641-T1, GTX0466b15_006643-T1	jgi|Sclsc1|3190|SS1G_09646T0
OG0001497	GTX0466b15_006613-T1, GTX0466b15_006641-T1, GTX0466b15_006643-T1	jgi|Dibbae1|9770|DIBA_012322-RA
OG0001512	GTX0466b15_000106-T1	jgi|Sclsc1|6419|SS1G_01919T0
OG0001526	GTX0466b15_001285-T1	jgi|Fusgr1|3281|FGSG_11586T0, jgi|Fusgr1|3341|FGSG_04645T0
OG0001536	GTX0466b15_000813-T1	jgi|Podan3|211277|mRNA_10105
OG0001572	GTX0466b15_008229-T1	KAI4289398.1
OG0001572	GTX0466b15_008229-T1	jgi|Clagr3|3038|CLAGR_002700-RA
OG0001580	GTX0466b15_008830-T1	KAI4287607.1
OG0001581	GTX0466b15_002503-T1	KAI9825660.1
OG0001609	GTX0466b15_008327-T1	KAI9669354.1
OG0001609	GTX0466b15_008327-T1	KAI4281491.1
OG0001618	GTX0466b15_005647-T1	jgi|Acastr1|119091|AST1_006272-RA
OG0001624	GTX0466b15_003008-T1	jgi|Sclsc1|5173|SS1G_11629T0
OG0001624	GTX0466b15_003008-T1	jgi|PseVKM4520_1|7991|transcript_KFZ24628
OG0001669	GTX0466b15_004829-T1	jgi|Fusgr1|12287|FGSG_10624T0
OG0001702	GTX0466b15_008178-T1	GTX0486b100_005054-T1
OG0001702	GTX0466b15_008178-T1	KAI9839547.1
OG0001744	GTX0466b15_008968-T1	jgi|Umbpus1|99583|LPUS_06157T0
OG0001748	GTX0466b15_004813-T1	jgi|Monha1|5511|H072_5647m.01
OG0001752	GTX0466b15_004743-T1	jgi|Grascr1|3314|GST1_008158-RA
OG0001752	GTX0466b15_004743-T1	coassemb64_007656-T1
OG0001764	GTX0466b15_005820-T1	jgi|Podan3|209159|mRNA_7987, jgi|Podan3|210190|mRNA_9018
OG0001782	GTX0466b15_000930-T1	FUN_008736_T1_FUN_008736
OG0001783	GTX0466b15_000962-T1	jgi|Grascr1|1951|GST1_007620-RA
OG0001783	GTX0466b15_000962-T1	coassemb376_000295-T1
OG0001785	GTX0466b15_000976-T1	CAF9938587.1
OG0001796	GTX0466b15_008702-T1	jgi|PseVKM4520_1|2442|transcript_KFZ16962
OG0001841	GTX0466b15_005719-T1	jgi|Acastr1|123786|AST1_006423-RA
OG0001860	GTX0466b15_005627-T1	jgi|Aurpu_var_mel1|70521|fgenesh1_pg.47_#_5
OG0001860	GTX0466b15_005627-T1	coassemb378_011336-T1
OG0001873	GTX0466b15_001153-T1	jgi|PseVKM4520_1|4677|transcript_KFZ12996
OG0001889	GTX0466b15_002566-T1	KAI9651668.1
OG0001890	GTX0466b15_002312-T1	jgi|Penexp1|10602|PEXP_059070T0
OG0001890	GTX0466b15_002312-T1	jgi|Aspni_DSM_1|156271|An01g12460m.01
OG0001890	GTX0466b15_002312-T1	jgi|Claba1|133595|Z519_10995T0
OG0001890	GTX0466b15_002312-T1	jgi|Fonmu1|9122|Z520_11528T0
OG0001890	GTX0466b15_002312-T1	jgi|Capcor1|99794|A1O1_06969T0
OG0001890	GTX0466b15_002312-T1	jgi|Exoaq1|10451|A1O9_06819T0
OG0001890	GTX0466b15_002312-T1	XP_008714798.1
OG0001890	GTX0466b15_002312-T1	KAJ9664777.1
OG0001890	GTX0466b15_002312-T1	coassemb376_007857-T1
OG0001890	GTX0466b15_002312-T1	jgi|EndpusZ1|4381|EPUS_07648T0
OG0001890	GTX0466b15_002313-T1	jgi|Penexp1|1359|PEXP_026030T0
OG0001892	GTX0466b15_001956-T1	KAI9720200.1
OG0001900	GTX0466b15_003749-T1, GTX0466b15_003026-T1, GTX0466b15_006847-T1, GTX0466b15_005440-T1, GTX0466b15_004347-T1	jgi|Podan3|209699|mRNA_8527, jgi|Podan3|207569|mRNA_6397
OG0001900	GTX0466b15_003749-T1, GTX0466b15_003026-T1, GTX0466b15_006847-T1, GTX0466b15_005440-T1, GTX0466b15_004347-T1	CAF9927524.1
OG0001908	GTX0466b15_006476-T1	coassemb378_011231-T1
OG0001929	GTX0466b15_004313-T1	jgi|Grascr1|10011|GST1_004182-RA
OG0001932	GTX0466b15_007209-T1	jgi|Neucr_trp3_1|5863|Neucr2.NCU06385T0
OG0001935	GTX0466b15_007207-T1	jgi|Morco1|203785|CE203784_1176
OG0001950	GTX0466b15_005019-T1	jgi|Erypu1|5784|transcript_POS81829
OG0001955	GTX0466b15_007998-T1	KAI9837859.1
OG0001985	GTX0466b15_006131-T1	jgi|Acastr1|124185|AST1_007313-RA
OG0001991	GTX0466b15_007405-T1	KAI4091663.1
OG0001998	GTX0466b15_008598-T1	coassemb64_008335-T1
OG0002008	GTX0466b15_008644-T1	coassemb376_004075-T1
OG0002020	GTX0466b15_002759-T1	coassemb376_007349-T1
OG0002021	GTX0466b15_003184-T1	jgi|Umbpus1|102516|LPUS_09074T0
OG0002022	GTX0466b15_003359-T1	CAF9938633.1
OG0002035	GTX0466b15_006736-T1	coassemb376_006802-T1
OG0002048	GTX0466b15_006253-T1	CAF9927521.1
OG0002082	GTX0466b15_000449-T1	jgi|Neucr_trp3_1|8808|Neucr2.NCU04822T0
OG0002084	GTX0466b15_000123-T1	KAI4087851.1
OG0002105	GTX0466b15_000557-T1	KAI4108199.1
OG0002119	GTX0466b15_000785-T1	coassemb378_007820-T1
OG0002138	GTX0466b15_001097-T1	jgi|Grascr1|1555|GST1_006163-RA
OG0002154	GTX0466b15_006524-T1	jgi|Sclsc1|8089|SS1G_13512T0
OG0002156	GTX0466b15_008106-T1	KAI9712472.1
OG0002214	GTX0466b15_005363-T1	coassemb378_011679-T1
OG0002221	GTX0466b15_008603-T1	jgi|Aurpu_var_mel1|54398|e_gw1.20.209.1
OG0002226	GTX0466b15_009438-T1	jgi|Fusgr1|1996|FGSG_01733T0
OG0002226	GTX0466b15_009438-T1	coassemb64_005395-T1
OG0002238	GTX0466b15_001293-T1	jgi|Acastr1|123805|AST1_002833-RA
OG0002279	GTX0466b15_002802-T1	KAI9715989.1
OG0002279	GTX0466b15_002802-T1	coassemb378_006065-T1
OG0002283	GTX0466b15_002552-T1	jgi|Sclsc1|13646|SS1G_06675T0
OG0002345	GTX0466b15_005991-T1	coassemb378_002074-T1
OG0002349	GTX0466b15_007096-T1	jgi|Acastr1|122567|AST1_006589-RA
OG0002349	GTX0466b15_007096-T1	jgi|Grascr1|958|GST1_006961-RA
OG0002355	GTX0466b15_005963-T1	KAI4209376.1
OG0002373	GTX0466b15_006130-T1	FUN_005923_T1_FUN_005923
OG0002459	GTX0466b15_007415-T1	jgi|Grascr1|1927|GST1_006382-RA
OG0002488	GTX0466b15_000612-T1	jgi|Acastr1|125060|AST1_002012-RA
OG0002575	GTX0466b15_000974-T1, GTX0466b15_000975-T1	GTX0486b100_008436-T1
OG0002575	GTX0466b15_000974-T1, GTX0466b15_000975-T1	GTX0494b19_000543-T1
OG0002676	GTX0466b15_007787-T1	KAI9831149.1
OG0002676	GTX0466b15_007787-T1	coassemb376_003947-T1
OG0002682	GTX0466b15_007621-T1	jgi|Erypu1|5639|transcript_POS81857
OG0002705	GTX0466b15_003625-T1	KAI4286705.1
OG0002738	GTX0466b15_007702-T1	jgi|Monha1|1364|H072_1364m.01
OG0002738	GTX0466b15_007702-T1	jgi|Sclsc1|3554|SS1G_10010T0
OG0002760	GTX0466b15_001266-T1	jgi|Monha1|5677|H072_5862m.01
OG0002764	GTX0466b15_001352-T1	KAI9812097.1
OG0002764	GTX0466b15_001352-T1	jgi|Ascim1|377009|estExt_fgenesh1_pg.C_420059
OG0002767	GTX0466b15_003070-T1	coassemb378_001833-T1
OG0002769	GTX0466b15_003052-T1	KAI4232683.1
OG0002828	GTX0466b15_001866-T1	jgi|Podan3|207818|mRNA_6646
OG0002870	GTX0466b15_005996-T1	CAF9925069.1, CAF9904013.1
OG0002884	GTX0466b15_009495-T1	jgi|Umbpus1|99828|LPUS_06401T0
OG0002915	GTX0466b15_009337-T1	jgi|Podan3|210066|mRNA_8894
OG0002965	GTX0466b15_002243-T1	jgi|Phach1|1046|rna1045
OG0002965	GTX0466b15_002243-T1	jgi|PseVKM4520_1|9075|transcript_KFZ03654
OG0002965	GTX0466b15_002243-T1	KAI9651863.1
OG0002965	GTX0466b15_002243-T1	jgi|Monha1|9480|H072_9947m.01
OG0002965	GTX0466b15_002243-T1	jgi|Artol1|1861|AOL_s00043g23m.01
OG0002965	GTX0466b15_002243-T1	coassemb376_003024-T1
OG0002965	GTX0466b15_002243-T1	coassemb64_000056-T1
OG0002978	GTX0466b15_003283-T1	jgi|Dibbae1|6486|DIBA_008345-RA
OG0002986	GTX0466b15_006305-T1	KAI9717607.1
OG0003013	GTX0466b15_003787-T1	jgi|Sclsc1|8112|SS1G_13535T0
OG0003013	GTX0466b15_003787-T1	KAI4221834.1
OG0003046	GTX0466b15_000176-T1	jgi|Umbpus1|106843|LPUS_05054T0
OG0003218	GTX0466b15_001668-T1	jgi|Umbpus1|101609|LPUS_08336T0
OG0003236	GTX0466b15_008161-T1	jgi|Umbpus1|99689|LPUS_06290T0
OG0003243	GTX0466b15_005347-T1	jgi|Dibbae1|11908|DIBA_001082-RA
OG0003326	GTX0466b15_006083-T1	jgi|Exoaq1|10143|A1O9_06576T0
OG0003368	GTX0466b15_007221-T1	jgi|Umbpus1|100922|LPUS_07632T0
OG0003398	GTX0466b15_002010-T1	jgi|Fusgr1|12761|FGSG_10917T0
OG0003406	GTX0466b15_002032-T1	jgi|Capcor1|94735|A1O1_01873T0, jgi|Capcor1|95016|A1O1_02155T0
OG0003422	GTX0466b15_004828-T1	jgi|Grascr1|6991|GST1_002829-RA
OG0003433	GTX0466b15_005974-T1	jgi|Exoaq1|11004|A1O9_07373T0
OG0003433	GTX0466b15_005974-T1	XP_008712402.1
OG0003465	GTX0466b15_000432-T1	jgi|Grascr1|8572|GST1_003093-RA
OG0003465	GTX0466b15_000432-T1	jgi|Acastr1|126311|AST1_007276-RA
OG0003488	GTX0466b15_008864-T1	jgi|Neucr_trp3_1|1223006|e_gw1.223.19.1
OG0003493	GTX0466b15_002842-T1	coassemb376_007882-T1
OG0003534	GTX0466b15_003276-T1	KAI9724968.1
OG0003578	GTX0466b15_008965-T1	jgi|Fusgr1|5216|FGSG_02990T0
OG0003629	GTX0466b15_000374-T1	coassemb376_000939-T1
OG0003689	GTX0466b15_007922-T1	jgi|Clagr3|7431|CLAGR_007028-RA
OG0003739	GTX0466b15_001527-T1	KAI4289387.1
OG0003750	GTX0466b15_001594-T1	jgi|Umbpus1|101693|LPUS_08431T0
OG0003752	GTX0466b15_007601-T1	jgi|Umbpus1|101274|LPUS_08013T0
OG0003775	GTX0466b15_006274-T1	jgi|Umbpus1|102243|LPUS_08996T0
OG0003783	GTX0466b15_008541-T1	jgi|Umbpus1|101691|LPUS_08429T0
OG0003794	GTX0466b15_005197-T1	KAI9817910.1
OG0003880	GTX0466b15_007305-T1	jgi|Umbpus1|105574|LPUS_12582T0
OG0003885	GTX0466b15_001882-T1	jgi|Acastr1|126374|AST1_002463-RA
OG0003946	GTX0466b15_008031-T1	jgi|Clagr3|10978|CLAGR_010969-RA
OG0003964	GTX0466b15_001705-T1	jgi|Sclsc1|13939|SS1G_06968T0
OG0003964	GTX0466b15_001705-T1	jgi|PseVKM4520_1|3221|transcript_KFZ15586
OG0003964	GTX0466b15_001705-T1	jgi|Podan3|210832|mRNA_9660
OG0003964	GTX0466b15_001705-T1	jgi|Neucr_trp3_1|4242|Neucr2.NCU06256T0
OG0003964	GTX0466b15_001705-T1	jgi|Fusgr1|8054|FGSG_06967T0
OG0003964	GTX0466b15_001705-T1	jgi|Dibbae1|4244|DIBA_008436-RA
OG0003964	GTX0466b15_001705-T1	jgi|Artol1|6340|AOL_s00081g171m.01
OG0003964	GTX0466b15_001705-T1	jgi|Monha1|9339|H072_9782m.01
OG0003978	GTX0466b15_006700-T1	CAF9943228.1
OG0004009	GTX0466b15_002221-T1	jgi|Exoaq1|6089|A1O9_11889T0
OG0004032	GTX0466b15_006366-T1	jgi|Umbpus1|101987|LPUS_08764T0
OG0004124	GTX0466b15_004186-T1	jgi|Grascr1|7304|GST1_010154-RA
OG0004251	GTX0466b15_009006-T1	jgi|Clagr3|1524|CLAGR_002318-RA
OG0004251	GTX0466b15_009006-T1	jgi|Exoaq1|6274|A1O9_12075T0
OG0004284	GTX0466b15_000389-T1	KAJ9650877.1
OG0004318	GTX0466b15_006134-T1	jgi|PseVKM4520_1|3541|transcript_KFZ14981
OG0004375	GTX0466b15_006757-T1	jgi|Capcor1|96528|A1O1_03677T0
OG0004375	GTX0466b15_006757-T1	jgi|Exoaq1|8117|A1O9_04652T0
OG0004375	GTX0466b15_006757-T1	jgi|Fonmu1|9812|Z520_03207T0
OG0004375	GTX0466b15_006757-T1	jgi|Claba1|129532|Z519_07837T0
OG0004375	GTX0466b15_006757-T1	jgi|EndpusZ1|7622|EPUS_02246T0
OG0004419	GTX0466b15_005792-T1	jgi|Acastr1|121195|AST1_003133-RA
OG0004435	GTX0466b15_005801-T1	GTX0486b100_006750-T1
OG0004500	GTX0466b15_004636-T1	jgi|Umbpus1|99363|LPUS_05933T0
OG0004527	GTX0466b15_001821-T1	KAI9652523.1
OG0004596	GTX0466b15_003013-T1	jgi|Podan3|203261|mRNA_2089
OG0004683	GTX0466b15_008348-T1	jgi|Podan3|206003|mRNA_4831
OG0004739	GTX0466b15_004687-T1	jgi|Umbpus1|101492|LPUS_08193T0
OG0004760	GTX0466b15_006023-T1	jgi|Artol1|5540|AOL_s00079g314m.01
OG0004778	GTX0466b15_001090-T1	coassemb378_004240-T1
OG0004907	GTX0466b15_007957-T1	jgi|Umbpus1|102915|LPUS_09505T0
OG0004951	GTX0466b15_006973-T1	jgi|Acastr1|127638|AST1_004262-RA
OG0004993	GTX0466b15_004046-T1	jgi|Aspni_DSM_1|160798|An07g05740m.01
OG0005015	GTX0466b15_000133-T1	jgi|Sclsc1|11139|SS1G_04168T0
OG0005015	GTX0466b15_000133-T1	jgi|Fonmu1|10698|Z520_03899T0
OG0005015	GTX0466b15_000133-T1	jgi|Claba1|136934|Z519_03468T0
OG0005015	GTX0466b15_000133-T1	jgi|Capcor1|99787|A1O1_06962T0
OG0005015	GTX0466b15_000133-T1	coassemb64_003011-T1
OG0005015	GTX0466b15_000133-T1	jgi|Exoaq1|5107|A1O9_02630T0
OG0005177	GTX0466b15_003946-T1	jgi|Grascr1|8130|GST1_003831-RA
OG0005243	GTX0466b15_004710-T1	KAI9754331.1
OG0005243	GTX0466b15_004710-T1	KAI9720716.1
OG0005243	GTX0466b15_004710-T1	jgi|Fusgr1|5129|FGSG_03066T0
OG0005243	GTX0466b15_004710-T1	jgi|Altal1|1026898|fgenesh1_pm.1_#_66
OG0005243	GTX0466b15_004710-T1	jgi|Aurpu_var_mel1|89259|gm1.9655_g, jgi|Aurpu_var_mel1|72196|fgenesh1_pm.2_#_407
OG0005243	GTX0466b15_004710-T1	KAI9835385.1
OG0005243	GTX0466b15_004710-T1	KAI9813863.1
OG0005243	GTX0466b15_004710-T1	jgi|Grascr1|5650|GST1_009650-RA
OG0005243	GTX0466b15_004710-T1	coassemb378_006084-T1
OG0005243	GTX0466b15_004710-T1	jgi|Umbpus1|101866|LPUS_08619T0
OG0005243	GTX0466b15_004710-T1	CAF9903701.1
OG0005243	GTX0466b15_004710-T1	jgi|Clagr3|2342|CLAGR_001740-RA
OG0005243	GTX0466b15_004710-T1	jgi|Dibbae1|6367|DIBA_009444-RA
OG0005243	GTX0466b15_004710-T1	KAI4110572.1
OG0005243	GTX0466b15_004710-T1	KAI4221065.1
OG0005243	GTX0466b15_004710-T1	FUN_002188_T1_FUN_002188
OG0005243	GTX0466b15_004710-T1	GTX0494b19_000836-T1
OG0005243	GTX0466b15_004710-T1	KAI4222091.1
OG0005243	GTX0466b15_004710-T1	KAI4104735.1
OG0005243	GTX0466b15_004710-T1	GTX0486b100_002811-T1
OG0005243	GTX0466b15_004710-T1	KAI9709387.1
OG0005243	GTX0466b15_004710-T1	KAI9703344.1
OG0005243	GTX0466b15_004710-T1	KAI4287187.1
OG0005243	GTX0466b15_004710-T1	jgi|Erypu1|3260|transcript_POS86644
OG0005243	GTX0466b15_004710-T1	jgi|Sclsc1|11312|SS1G_04341T0
OG0005243	GTX0466b15_004710-T1	KAI9669015.1
OG0005288	GTX0466b15_006781-T1	KAJ9656546.1
OG0005312	GTX0466b15_000127-T1	jgi|Altal1|957071|estExt_Genewise1.C_4_t30029
OG0005343	GTX0466b15_001599-T1, GTX0466b15_001600-T1	coassemb376_004507-T1
OG0005366	GTX0466b15_002812-T1	KAI4231955.1
OG0005391	GTX0466b15_008735-T1	jgi|Fonmu1|10502|Z520_12369T0
OG0005404	GTX0466b15_005144-T1	FUN_003800_T1_FUN_003800
OG0005404	GTX0466b15_005144-T1	GTX0486b100_003784-T1
OG0005425	GTX0466b15_009056-T1	jgi|Phach1|1154|rna1153
OG0005427	GTX0466b15_003357-T1	KAI9814970.1
OG0005505	GTX0466b15_001408-T1	jgi|Acastr1|123637|AST1_009027-RA
OG0005642	GTX0466b15_004646-T1	jgi|Grascr1|5566|GST1_001888-RA
OG0005657	GTX0466b15_008957-T1, GTX0466b15_001162-T1	jgi|Dibbae1|10027|DIBA_002947-RA
OG0005657	GTX0466b15_008957-T1, GTX0466b15_001162-T1	jgi|Clagr3|11138|CLAGR_010750-RA
OG0005657	GTX0466b15_008957-T1, GTX0466b15_001162-T1	jgi|Monha1|5041|H072_5147m.01
OG0005662	GTX0466b15_002410-T1	KAI9719829.1
OG0005662	GTX0466b15_002410-T1	jgi|Grascr1|2591|GST1_006896-RA
OG0005662	GTX0466b15_002410-T1	CAF9941370.1
OG0005682	GTX0466b15_004254-T1	jgi|Dibbae1|11879|DIBA_001053-RA
OG0005703	GTX0466b15_003769-T1	jgi|Neucr_trp3_1|5771|Neucr2.NCU07660T0
OG0005703	GTX0466b15_003769-T1	jgi|Penexp1|5410|PEXP_058710T0
OG0005718	GTX0466b15_006999-T1, GTX0466b15_009230-T1	KAI9712537.1
OG0005718	GTX0466b15_006999-T1, GTX0466b15_009230-T1	KAI9696945.1
OG0005718	GTX0466b15_006999-T1, GTX0466b15_009230-T1	GTX0486b100_001791-T1
OG0005718	GTX0466b15_006999-T1, GTX0466b15_009230-T1	KAI4106462.1
OG0005718	GTX0466b15_006999-T1, GTX0466b15_009230-T1	KAI4273293.1
OG0005718	GTX0466b15_006999-T1, GTX0466b15_009230-T1	FUN_009496_T1_FUN_009496
OG0005718	GTX0466b15_006999-T1, GTX0466b15_009230-T1	GTX0494b19_005985-T1
OG0005718	GTX0466b15_006999-T1, GTX0466b15_009230-T1	KAI4234497.1
OG0005718	GTX0466b15_006999-T1, GTX0466b15_009230-T1	KAI4226184.1
OG0005718	GTX0466b15_006999-T1, GTX0466b15_009230-T1	KAI4090616.1
OG0005718	GTX0466b15_006999-T1, GTX0466b15_009230-T1	jgi|PseVKM4520_1|9161|transcript_KFZ03546
OG0005718	GTX0466b15_006999-T1	jgi|Podan3|204646|mRNA_3474
OG0005718	GTX0466b15_006999-T1	jgi|EndpusZ1|8594|EPUS_07193T0
OG0005718	GTX0466b15_006999-T1	KAJ9660412.1
OG0005718	GTX0466b15_006999-T1	CAF9904467.1
OG0005718	GTX0466b15_006999-T1	jgi|Penexp1|6739|PEXP_079790T0
OG0005718	GTX0466b15_006999-T1	jgi|Exoaq1|7005|A1O9_12807T0
OG0005718	GTX0466b15_006999-T1	jgi|Aurpu_var_mel1|74836|fgenesh1_pm.8_#_238
OG0005718	GTX0466b15_006999-T1	jgi|Fonmu1|5617|Z520_09430T0
OG0005718	GTX0466b15_006999-T1	jgi|Claba1|136044|Z519_12567T0
OG0005718	GTX0466b15_009230-T1	CAF9932755.1
OG0005718	GTX0466b15_009230-T1	jgi|Umbpus1|101967|LPUS_08742T0
OG0005816	GTX0466b15_007226-T1	KAI4267027.1
OG0005825	GTX0466b15_009242-T1	KAI9705914.1
OG0005850	GTX0466b15_000160-T1	jgi|Clagr3|11036|CLAGR_010911-RA
OG0005867	GTX0466b15_008506-T1	KAI4218542.1
OG0005921	GTX0466b15_005665-T1	jgi|Grascr1|2195|GST1_001314-RA
OG0005921	GTX0466b15_005665-T1	jgi|Monha1|9690|H072_10193m.01
OG0005978	GTX0466b15_007527-T1	coassemb376_005815-T1
OG0006007	GTX0466b15_003325-T1	jgi|Aspni_DSM_1|164921|An12g06090m.01
OG0006037	GTX0466b15_005446-T1	jgi|Neucr_trp3_1|9642|Neucr2.NCU17154T0, jgi|Neucr_trp3_1|9558|Neucr2.NCU05047T0
OG0006137	GTX0466b15_003014-T1	jgi|Grascr1|745|GST1_008999-RA
OG0006180	GTX0466b15_006049-T1	CAF9942121.1
OG0006180	GTX0466b15_006049-T1	jgi|Artol1|335|AOL_s00004g334m.01
OG0006180	GTX0466b15_006049-T1	jgi|Acastr1|124484|AST1_001611-RA
OG0006180	GTX0466b15_006049-T1	KAI9658845.1
OG0006284	GTX0466b15_002938-T1	jgi|Aspni_DSM_1|156551|An02g00260m.01
OG0006312	GTX0466b15_008851-T1	coassemb378_011409-T1
OG0006359	GTX0466b15_000657-T1	jgi|Grascr1|9964|GST1_012007-RA
OG0006463	GTX0466b15_007680-T1	jgi|Penexp1|10962|PEXP_021960T0
OG0006500	GTX0466b15_001919-T1	jgi|Dibbae1|4080|DIBA_001664-RA
OG0006584	GTX0466b15_004429-T1	jgi|Exoaq1|9369|A1O9_05797T0
OG0006601	GTX0466b15_003340-T1	coassemb378_010661-T1
OG0006606	GTX0466b15_003722-T1, GTX0466b15_003723-T1	jgi|Monha1|1924|H072_1925m.01
OG0006626	GTX0466b15_008120-T1	jgi|Exoaq1|6084|A1O9_11884T0
OG0006758	GTX0466b15_005028-T1	jgi|Artol1|5650|AOL_s00079g424m.01
OG0006759	GTX0466b15_006018-T1	CAF9925470.1
OG0006766	GTX0466b15_009229-T1	jgi|Exoaq1|2630|A1O9_10154T0
OG0006886	GTX0466b15_001122-T1	CAF9936313.1
OG0006920	GTX0466b15_004419-T1	coassemb378_010756-T1
OG0006945	GTX0466b15_009134-T1, GTX0466b15_003812-T1	XP_008718040.1
OG0006945	GTX0466b15_009134-T1, GTX0466b15_003812-T1	KAI9695668.1
OG0006945	GTX0466b15_009134-T1, GTX0466b15_003812-T1	jgi|Fonmu1|7417|Z520_10388T0
OG0006945	GTX0466b15_009134-T1	jgi|Exoaq1|5385|A1O9_02909T0
OG0006945	GTX0466b15_009134-T1	jgi|Aurpu_var_mel1|82613|gm1.3009_g
OG0006945	GTX0466b15_003812-T1	jgi|Exoaq1|7916|A1O9_04449T0, jgi|Exoaq1|7917|A1O9_04450T0
OG0006945	GTX0466b15_003812-T1	coassemb64_000049-T1
OG0006979	GTX0466b15_001534-T1	GTX0494b19_006997-T1
OG0006979	GTX0466b15_001534-T1	FUN_005397_T1_FUN_005397
OG0007174	GTX0466b15_004339-T1	jgi|Altal1|166713|CE166712_10091
OG0007174	GTX0466b15_004339-T1	XP_008717309.1
OG0007174	GTX0466b15_004339-T1	jgi|Fonmu1|11943|Z520_05148T0
OG0007174	GTX0466b15_004339-T1	jgi|Claba1|139895|Z519_06427T0
OG0007290	GTX0466b15_008686-T1	jgi|PseVKM4520_1|1308|transcript_KFZ19197
OG0007748	GTX0466b15_008276-T1	jgi|Altal1|941203|e_gw1.17.125.1
OG0008476	GTX0466b15_001427-T1	coassemb64_002166-T1
