Orthogroup	GTX0494.bin.19.proteins	Other
OG0000003	GTX0494b19_000947-T1	jgi|Podan3|201333|mRNA_161
OG0000004	GTX0494b19_001430-T1	KAI4106465.1
OG0000004	GTX0494b19_001136-T1	jgi|Exoaq1|11121|A1O9_07456T0
OG0000004	GTX0494b19_002497-T1	jgi|Claba1|133761|Z519_11161T0
OG0000012	GTX0494b19_008079-T1	XP_008720608.1
OG0000016	GTX0494b19_001568-T1	KAI9716702.1
OG0000016	GTX0494b19_001568-T1	GTX0486b100_001164-T1, GTX0486b100_000790-T1, GTX0486b100_001165-T1
OG0000020	GTX0494b19_006941-T1	jgi|Aspni_DSM_1|162084|An08g08250m.01
OG0000023	GTX0494b19_001066-T1	KAI9823564.1
OG0000033	GTX0494b19_008550-T1	jgi|Grascr1|7426|GST1_012003-RA
OG0000034	GTX0494b19_004957-T1	KAI9701812.1
OG0000039	GTX0494b19_006326-T1	jgi|Exoaq1|12011|A1O9_08327T0
OG0000048	GTX0494b19_008263-T1, GTX0494b19_007006-T1	KAJ9660456.1, KAJ9651860.1, KAJ9664322.1
OG0000061	GTX0494b19_005346-T1	jgi|Penexp1|1729|PEXP_074030T0
OG0000066	GTX0494b19_002910-T1	jgi|Phach1|1394|rna1393
OG0000067	GTX0494b19_007739-T1	jgi|Podan3|206798|mRNA_5626
OG0000072	GTX0494b19_008077-T1	jgi|Aspni_DSM_1|167721|An16g04250m.01
OG0000080	GTX0494b19_007906-T1	XP_008714722.1
OG0000091	GTX0494b19_007010-T1, GTX0494b19_003949-T1	coassemb76_008068-T1
OG0000092	GTX0494b19_001903-T1	jgi|Podan3|203432|mRNA_2260
OG0000100	GTX0494b19_003875-T1	jgi|Podan3|208008|mRNA_6836
OG0000102	GTX0494b19_005928-T1	jgi|Dibbae1|8713|DIBA_011037-RA, jgi|Dibbae1|8716|DIBA_011040-RA, jgi|Dibbae1|6761|DIBA_002648-RA, jgi|Dibbae1|8789|DIBA_002282-RA
OG0000112	GTX0494b19_005932-T1	jgi|Exoaq1|6159|A1O9_11960T0
OG0000115	GTX0494b19_003641-T1	jgi|EndpusZ1|5818|EPUS_06007T0
OG0000118	GTX0494b19_006211-T1	jgi|Exoaq1|7783|A1O9_04314T0
OG0000118	GTX0494b19_006212-T1	jgi|EndpusZ1|1884|EPUS_03253T0
OG0000119	GTX0494b19_002214-T1	jgi|Acastr1|126338|AST1_002427-RA
OG0000126	GTX0494b19_002857-T1	coassemb76_010089-T1
OG0000126	GTX0494b19_002857-T1	jgi|Grascr1|3178|GST1_002108-RA
OG0000126	GTX0494b19_007262-T1	jgi|Penexp1|7858|PEXP_008390T0
OG0000131	GTX0494b19_005216-T1	KAI9653286.1
OG0000131	GTX0494b19_005216-T1	jgi|Aurpu_var_mel1|63718|fgenesh1_pg.4_#_55, jgi|Aurpu_var_mel1|56530|e_gw1.24.372.1
OG0000136	GTX0494b19_006352-T1	jgi|Aspni_DSM_1|158536|An03g05440m.01
OG0000146	GTX0494b19_003801-T1	jgi|Grascr1|714|GST1_007014-RA
OG0000146	GTX0494b19_003801-T1	coassemb378_003750-T1
OG0000151	GTX0494b19_007636-T1	jgi|PseVKM4520_1|10168|transcript_KFZ24155
OG0000151	GTX0494b19_007636-T1	KAI9719401.1
OG0000160	GTX0494b19_004441-T1	jgi|EndpusZ1|1203|EPUS_00014T0
OG0000160	GTX0494b19_004441-T1	jgi|Fonmu1|8828|Z520_02903T0
OG0000160	GTX0494b19_004441-T1	jgi|Altal1|938129|e_gw1.13.798.1
OG0000164	GTX0494b19_002422-T1	jgi|Podan3|206414|mRNA_5242
OG0000165	GTX0494b19_003606-T1	KAI9708569.1
OG0000171	GTX0494b19_007491-T1	jgi|Exoaq1|8178|A1O9_04713T0
OG0000171	GTX0494b19_007491-T1	coassemb76_007072-T1
OG0000173	GTX0494b19_006058-T1	jgi|Clagr3|3318|CLAGR_003137-RA
OG0000177	GTX0494b19_003377-T1	jgi|Aurpu_var_mel1|88715|gm1.9111_g
OG0000181	GTX0494b19_004653-T1	CAF9937712.1
OG0000181	GTX0494b19_004653-T1	jgi|Fonmu1|11781|Z520_04986T0
OG0000201	GTX0494b19_001058-T1, GTX0494b19_004006-T1, GTX0494b19_005111-T1	coassemb378_001789-T1
OG0000206	GTX0494b19_007641-T1	jgi|Penexp1|3673|PEXP_041520T0
OG0000235	GTX0494b19_008683-T1	jgi|Penexp1|8163|PEXP_075040T0
OG0000238	GTX0494b19_008101-T1	jgi|Aurpu_var_mel1|49698|e_gw1.11.49.1
OG0000238	GTX0494b19_008101-T1	jgi|Altal1|1057710|gm1.1945_g
OG0000239	GTX0494b19_003633-T1	jgi|Capcor1|94518|A1O1_01656T0
OG0000250	GTX0494b19_002320-T1	KAI9712898.1
OG0000258	GTX0494b19_004489-T1	jgi|Aspni_DSM_1|160399|An07g01670m.01, jgi|Aspni_DSM_1|166512|An14g07310m.01, jgi|Aspni_DSM_1|168482|An18g00280m.01, jgi|Aspni_DSM_1|160266|An07g00280m.01, jgi|Aspni_DSM_1|155805|An01g07630m.01
OG0000262	GTX0494b19_003427-T1, GTX0494b19_006318-T1	coassemb64_006437-T1
OG0000271	GTX0494b19_007381-T1	jgi|Aspni_DSM_1|162693|An09g02330m.01
OG0000279	GTX0494b19_007001-T1, GTX0494b19_003990-T1	jgi|Neucr_trp3_1|6469|Neucr2.NCU06980T0
OG0000293	GTX0494b19_001126-T1, GTX0494b19_003636-T1	coassemb378_002291-T1
OG0000293	GTX0494b19_007228-T1	jgi|Aspni_DSM_1|161268|An08g00030m.01
OG0000293	GTX0494b19_007228-T1	KAJ9659520.1
OG0000295	GTX0494b19_007695-T1	jgi|Monha1|99|H072_99m.01, jgi|Monha1|8731|H072_9064m.01
OG0000295	GTX0494b19_007695-T1	jgi|Morco1|606068|estExt_Genemark1.C_280061
OG0000298	GTX0494b19_003844-T1	jgi|EndpusZ1|8555|EPUS_08720T0
OG0000308	GTX0494b19_004225-T1	jgi|Capcor1|93137|A1O1_00267T0
OG0000311	GTX0494b19_006507-T1	jgi|Penexp1|9779|PEXP_098470T0
OG0000313	GTX0494b19_005686-T1	coassemb76_010026-T1
OG0000314	GTX0494b19_003371-T1	jgi|Exoaq1|12012|A1O9_08328T0
OG0000315	GTX0494b19_005172-T1	jgi|Penexp1|2729|PEXP_108930T0
OG0000315	GTX0494b19_005172-T1	jgi|Cocpo1_1|4194|XM_003069147.1
OG0000317	GTX0494b19_002474-T1	jgi|Sclsc1|1845|SS1G_08301T0
OG0000317	GTX0494b19_002474-T1	GTX0486b100_006784-T1
OG0000318	GTX0494b19_003645-T1	jgi|Aspni_DSM_1|157513|An02g09980m.01, jgi|Aspni_DSM_1|156449|An01g14410m.01
OG0000325	GTX0494b19_007912-T1	coassemb76_006608-T1
OG0000337	GTX0494b19_008919-T1	coassemb64_001600-T1
OG0000337	GTX0494b19_008919-T1	jgi|Capcor1|101114|A1O1_08302T0
OG0000342	GTX0494b19_003132-T1, GTX0494b19_008692-T1	jgi|Ascim1|123924|CE123923_1326
OG0000358	GTX0494b19_005081-T1	CAF9942250.1
OG0000391	GTX0494b19_007746-T1	jgi|Grascr1|5827|GST1_011412-RA
OG0000395	GTX0494b19_001240-T1	jgi|EndpusZ1|4681|EPUS_02171T0
OG0000399	GTX0494b19_000482-T1	jgi|Morco1|470072|gw1.20.229.1
OG0000401	GTX0494b19_001676-T1	jgi|Monha1|4268|H072_4348m.01
OG0000421	GTX0494b19_006022-T1	KAI9668409.1
OG0000421	GTX0494b19_006022-T1	jgi|Exoaq1|10134|A1O9_06567T0
OG0000421	GTX0494b19_006022-T1	jgi|Acastr1|120502|AST1_004836-RA
OG0000421	GTX0494b19_006022-T1	jgi|Aurpu_var_mel1|66805|fgenesh1_pg.13_#_58
OG0000421	GTX0494b19_006022-T1	jgi|Phach1|6233|rna6232
OG0000421	GTX0494b19_006022-T1	jgi|Podan3|208176|mRNA_7004
OG0000421	GTX0494b19_006022-T1	jgi|Aspni_DSM_1|162185|An08g09290m.01
OG0000421	GTX0494b19_006022-T1	jgi|Fusgr1|5112|FGSG_12515T0
OG0000421	GTX0494b19_006022-T1	jgi|Acastr1|120502|AST1_004836-RA
OG0000449	GTX0494b19_007595-T1	CAF9903795.1
OG0000462	GTX0494b19_002176-T1	jgi|PseVKM4520_1|9164|transcript_KFZ03549
OG0000466	GTX0494b19_005833-T1	jgi|Grascr1|11362|GST1_005242-RA
OG0000470	GTX0494b19_006614-T1	jgi|Phach1|2717|rna2716
OG0000470	GTX0494b19_006614-T1	CAF9915761.1
OG0000485	GTX0494b19_001584-T1	jgi|Penexp1|3620|PEXP_086100T0
OG0000523	GTX0494b19_005009-T1, GTX0494b19_005392-T1	jgi|Claba1|132707|Z519_01185T0
OG0000528	GTX0494b19_004354-T1	coassemb76_003245-T1
OG0000570	GTX0494b19_003908-T1	KAJ9664369.1
OG0000580	GTX0494b19_008358-T1, GTX0494b19_008978-T1	jgi|Capcor1|99769|A1O1_06944T0
OG0000599	GTX0494b19_002644-T1	jgi|Claba1|133694|Z519_11094T0
OG0000599	GTX0494b19_002644-T1	jgi|Exoaq1|7285|A1O9_03815T0
OG0000615	GTX0494b19_003787-T1	CAF9926602.1
OG0000620	GTX0494b19_000293-T1	coassemb376_002221-T1
OG0000620	GTX0494b19_000293-T1	CAF9924105.1
OG0000621	GTX0494b19_006350-T1	CAF9904326.1
OG0000636	GTX0494b19_004666-T1	jgi|Clagr3|6601|CLAGR_006314-RA
OG0000654	GTX0494b19_005029-T1	coassemb64_005016-T1
OG0000654	GTX0494b19_005029-T1	coassemb76_006623-T1
OG0000654	GTX0494b19_003227-T1	jgi|Exoaq1|12818|A1O9_09103T0
OG0000673	GTX0494b19_003768-T1	jgi|Exoaq1|4173|A1O9_11696T0
OG0000673	GTX0494b19_003768-T1	GTX0466b15_001598-T1
OG0000703	GTX0494b19_008715-T1, GTX0494b19_009026-T1	jgi|Altal1|1099843|estExt_Genemark1.C_310035
OG0000721	GTX0494b19_002685-T1	coassemb76_005366-T1
OG0000742	GTX0494b19_008827-T1, GTX0494b19_007477-T1	KAJ9663078.1
OG0000774	GTX0494b19_002822-T1	jgi|Dibbae1|1063|DIBA_004908-RA
OG0000775	GTX0494b19_002451-T1	jgi|Aspni_DSM_1|166516|An14g07350m.01
OG0000780	GTX0494b19_002218-T1	coassemb64_008147-T1
OG0000791	GTX0494b19_005753-T1	jgi|EndpusZ1|9090|EPUS_06921T0
OG0000792	GTX0494b19_003818-T1	jgi|Fusgr1|5336|FGSG_02884T0
OG0000793	GTX0494b19_002456-T1, GTX0494b19_006610-T1	coassemb378_010898-T1
OG0000796	GTX0494b19_004562-T1	coassemb376_002365-T1
OG0000796	GTX0494b19_004562-T1	coassemb378_011515-T1
OG0000821	GTX0494b19_005851-T1	jgi|Ascim1|41603|CE41602_3598
OG0000823	GTX0494b19_007855-T1	coassemb76_009583-T1
OG0000894	GTX0494b19_002981-T1	KAI9705150.1
OG0000906	GTX0494b19_004696-T1	CAF9930826.1
OG0000909	GTX0494b19_002813-T1	jgi|Penexp1|7694|PEXP_006740T0
OG0000922	GTX0494b19_000148-T1	CAF9943082.1
OG0000922	GTX0494b19_000148-T1	GTX0486b100_003158-T1
OG0000922	GTX0494b19_000148-T1	KAI9703883.1
OG0000922	GTX0494b19_000148-T1	KAI9728202.1
OG0000928	GTX0494b19_003386-T1	KAJ9654449.1
OG0000938	GTX0494b19_001759-T1	GTX0486b100_008467-T1
OG0000945	GTX0494b19_005070-T1	jgi|Fusgr1|8994|FGSG_07770T0
OG0000979	GTX0494b19_008227-T1	coassemb76_008435-T1
OG0001008	GTX0494b19_000610-T1	jgi|EndpusZ1|9085|EPUS_06916T0
OG0001008	GTX0494b19_000610-T1	jgi|Podan3|204627|mRNA_3455
OG0001014	GTX0494b19_001972-T1	jgi|Fonmu1|4494|Z520_01480T0
OG0001035	GTX0494b19_000698-T1	CAF9933149.1
OG0001038	GTX0494b19_004158-T1	GTX0466b15_000493-T1
OG0001038	GTX0494b19_004158-T1	jgi|Penexp1|2724|PEXP_108880T0
OG0001045	GTX0494b19_005717-T1	jgi|Aspni_DSM_1|160439|An07g02080m.01
OG0001060	GTX0494b19_006553-T1	jgi|Morco1|578177|gm1.8953_g, jgi|Morco1|578182|gm1.8958_g, jgi|Morco1|578180|gm1.8956_g, jgi|Morco1|493985|e_gw1.58.72.1
OG0001077	GTX0494b19_002522-T1	KAI4105648.1
OG0001077	GTX0494b19_002522-T1	KAI4286386.1
OG0001077	GTX0494b19_002522-T1	coassemb76_010062-T1
OG0001080	GTX0494b19_004796-T1	jgi|Grascr1|8725|GST1_011777-RA
OG0001084	GTX0494b19_006489-T1	jgi|Fusgr1|6893|FGSG_05944T0
OG0001093	GTX0494b19_008596-T1, GTX0494b19_007979-T1	jgi|Monha1|10095|H072_10639m.01
OG0001115	GTX0494b19_008161-T1	coassemb76_002847-T1, coassemb76_003966-T1
OG0001115	GTX0494b19_008161-T1	jgi|Dibbae1|6852|DIBA_009240-RA
OG0001116	GTX0494b19_001133-T1	jgi|PseVKM4520_1|8715|transcript_KFZ04061
OG0001129	GTX0494b19_001402-T1	jgi|Grascr1|3461|GST1_008067-RA
OG0001129	GTX0494b19_001402-T1	coassemb64_000930-T1
OG0001133	GTX0494b19_006601-T1	jgi|Exoaq1|7366|A1O9_03896T0
OG0001135	GTX0494b19_002742-T1	jgi|Artol1|3669|AOL_s00075g7m.01
OG0001144	GTX0494b19_006026-T1	coassemb378_005320-T1, coassemb378_011564-T1
OG0001146	GTX0494b19_001958-T1	jgi|Sclsc1|10347|SS1G_03376T0
OG0001151	GTX0494b19_007284-T1	coassemb64_003162-T1
OG0001155	GTX0494b19_008439-T1	CAF9922875.1
OG0001159	GTX0494b19_007206-T1	jgi|Sclsc1|11022|SS1G_04051T0
OG0001177	GTX0494b19_006171-T1	jgi|PseVKM4520_1|2876|transcript_KFZ16243
OG0001177	GTX0494b19_006170-T1	coassemb76_009379-T1
OG0001182	GTX0494b19_008669-T1	jgi|Fonmu1|10688|Z520_03889T0
OG0001184	GTX0494b19_004664-T1	jgi|Exoaq1|6235|A1O9_12036T0
OG0001191	GTX0494b19_008984-T1	jgi|Erypu1|6359|transcript_POS81739
OG0001191	GTX0494b19_006084-T1	jgi|Morco1|547704|fgenesh1_pg.43_#_83
OG0001203	GTX0494b19_005999-T1	jgi|Clagr3|9146|CLAGR_009773-RA
OG0001206	GTX0494b19_007331-T1	KAI9702425.1
OG0001227	GTX0494b19_005784-T1, GTX0494b19_001696-T1	jgi|Artol1|4183|AOL_s00076g279m.01
OG0001227	GTX0494b19_005784-T1, GTX0494b19_001696-T1	jgi|Aspni_DSM_1|158193|An03g01800m.01
OG0001235	GTX0494b19_007683-T1	coassemb76_007875-T1
OG0001250	GTX0494b19_004601-T1	GTX0466b15_001962-T1
OG0001281	GTX0494b19_001048-T1	jgi|Artol1|5|AOL_s00004g4m.01
OG0001281	GTX0494b19_001048-T1	jgi|Fusgr1|13314|FGSG_11241T0, jgi|Fusgr1|10669|FGSG_09212T0
OG0001300	GTX0494b19_003782-T1	jgi|Artol1|5666|AOL_s00079g440m.01
OG0001308	GTX0494b19_006109-T1	jgi|Grascr1|11367|GST1_005247-RA
OG0001365	GTX0494b19_003044-T1	jgi|Podan3|208764|mRNA_7592
OG0001369	GTX0494b19_000577-T1	coassemb76_001977-T1
OG0001406	GTX0494b19_006593-T1	coassemb76_009080-T1
OG0001435	GTX0494b19_001274-T1	coassemb376_005892-T1
OG0001435	GTX0494b19_001274-T1	KAI4287589.1
OG0001452	GTX0494b19_008270-T1	KAI9714973.1
OG0001473	GTX0494b19_003519-T1	jgi|Fusgr1|2642|FGSG_02304T0
OG0001487	GTX0494b19_001365-T1	coassemb76_009690-T1
OG0001489	GTX0494b19_004182-T1	coassemb378_010712-T1
OG0001489	GTX0494b19_004182-T1	coassemb376_006328-T1
OG0001499	GTX0494b19_001435-T1	jgi|EndpusZ1|2781|EPUS_05882T0
OG0001512	GTX0494b19_000047-T1	coassemb76_005891-T1
OG0001518	GTX0494b19_004544-T1	jgi|Penexp1|8657|PEXP_013540T0
OG0001522	GTX0494b19_008611-T1	jgi|Aspni_DSM_1|158203|An03g01910m.01
OG0001529	GTX0494b19_003376-T1	jgi|Aspni_DSM_1|168268|An17g00540m.01
OG0001529	GTX0494b19_003376-T1	coassemb64_004123-T1
OG0001536	GTX0494b19_005144-T1	jgi|Podan3|211277|mRNA_10105
OG0001538	GTX0494b19_004791-T1	jgi|Fusgr1|4823|FGSG_03328T0
OG0001557	GTX0494b19_001573-T1	coassemb64_004441-T1
OG0001563	GTX0494b19_008241-T1	KAI9660210.1
OG0001567	GTX0494b19_001559-T1	coassemb76_007635-T1
OG0001581	GTX0494b19_001311-T1	KAI9825660.1
OG0001635	GTX0494b19_002269-T1	coassemb76_009868-T1
OG0001640	GTX0494b19_004054-T1	KAI4086500.1
OG0001668	GTX0494b19_003324-T1	coassemb76_009897-T1
OG0001702	GTX0494b19_002748-T1	GTX0486b100_005054-T1
OG0001702	GTX0494b19_002748-T1	KAI9839547.1
OG0001704	GTX0494b19_001510-T1	coassemb76_009440-T1
OG0001707	GTX0494b19_004849-T1	CAF9932627.1
OG0001708	GTX0494b19_002116-T1	jgi|Clagr3|3759|CLAGR_003461-RA
OG0001708	GTX0494b19_002116-T1	jgi|Grascr1|10596|GST1_012689-RA
OG0001711	GTX0494b19_008643-T1	coassemb76_007893-T1
OG0001732	GTX0494b19_001767-T1	GTX0486b100_008526-T1
OG0001744	GTX0494b19_006097-T1	coassemb378_008974-T1
OG0001746	GTX0494b19_005517-T1	coassemb378_003258-T1
OG0001754	GTX0494b19_001480-T1	jgi|Erypu1|6183|transcript_POS81775
OG0001764	GTX0494b19_006371-T1	jgi|Podan3|209159|mRNA_7987, jgi|Podan3|210190|mRNA_9018
OG0001767	GTX0494b19_003346-T1	FUN_009225_T2_FUN_009225, FUN_009225_T1_FUN_009225
OG0001767	GTX0494b19_003346-T1	KAI4104620.1
OG0001768	GTX0494b19_000629-T1	KAI9700457.1
OG0001770	GTX0494b19_003086-T1	jgi|Fusgr1|9933|FGSG_08344T0
OG0001782	GTX0494b19_003069-T1	jgi|Acastr1|119261|AST1_001460-RA
OG0001791	GTX0494b19_000465-T1, GTX0494b19_000464-T1	CAF9908416.1
OG0001796	GTX0494b19_007014-T1	jgi|PseVKM4520_1|2442|transcript_KFZ16962
OG0001800	GTX0494b19_001121-T1	jgi|Claba1|131384|Z519_09698T0
OG0001800	GTX0494b19_001121-T1	coassemb76_009563-T1
OG0001814	GTX0494b19_001075-T1	coassemb76_008228-T1
OG0001827	GTX0494b19_003855-T1	jgi|Erypu1|6487|transcript_POS81721
OG0001830	GTX0494b19_000919-T1	coassemb76_007596-T1
OG0001834	GTX0494b19_002006-T1	KAI9717546.1
OG0001845	GTX0494b19_002758-T1	jgi|Claba1|131841|Z519_10158T0
OG0001845	GTX0494b19_002758-T1	coassemb76_008813-T1
OG0001846	GTX0494b19_000743-T1	coassemb76_009430-T1
OG0001849	GTX0494b19_000957-T1	KAI9726210.1
OG0001860	GTX0494b19_002163-T1	jgi|Aurpu_var_mel1|70521|fgenesh1_pg.47_#_5
OG0001890	GTX0494b19_005292-T1	jgi|Penexp1|1359|PEXP_026030T0
OG0001900	GTX0494b19_002960-T1	jgi|Podan3|209699|mRNA_8527, jgi|Podan3|207569|mRNA_6397
OG0001900	GTX0494b19_002960-T1	CAF9932967.1, CAF9938707.1, CAF9938704.1, CAF9927524.1
OG0001907	GTX0494b19_004212-T1	jgi|Fusgr1|4937|FGSG_12482T0
OG0001932	GTX0494b19_002460-T1	jgi|Neucr_trp3_1|5863|Neucr2.NCU06385T0
OG0001935	GTX0494b19_004127-T1	jgi|Morco1|203785|CE203784_1176
OG0001950	GTX0494b19_002068-T1	jgi|Erypu1|5784|transcript_POS81829
OG0002000	GTX0494b19_001649-T1	KAI4279879.1
OG0002008	GTX0494b19_004623-T1	coassemb376_004075-T1
OG0002025	GTX0494b19_008231-T1	jgi|Fusgr1|278|FGSG_00225T0
OG0002029	GTX0494b19_001366-T1	coassemb76_009689-T1
OG0002081	GTX0494b19_007221-T1	coassemb64_004135-T1
OG0002082	GTX0494b19_000327-T1	jgi|Neucr_trp3_1|8808|Neucr2.NCU04822T0
OG0002154	GTX0494b19_005861-T1	jgi|Sclsc1|8089|SS1G_13512T0
OG0002154	GTX0494b19_005861-T1	coassemb76_008216-T1
OG0002184	GTX0494b19_005722-T1	coassemb76_009965-T1
OG0002196	GTX0494b19_004911-T1	coassemb378_007075-T1
OG0002203	GTX0494b19_007752-T1	jgi|Grascr1|5814|GST1_003548-RA
OG0002221	GTX0494b19_008879-T1	jgi|EndpusZ1|176|EPUS_09319T0
OG0002235	GTX0494b19_001808-T1	jgi|EndpusZ1|4631|EPUS_02121T0
OG0002326	GTX0494b19_007880-T1	jgi|Grascr1|5606|GST1_009829-RA
OG0002342	GTX0494b19_004579-T1	coassemb76_009114-T1
OG0002345	GTX0494b19_005042-T1	coassemb378_002074-T1
OG0002349	GTX0494b19_004582-T1	jgi|Grascr1|958|GST1_006961-RA
OG0002349	GTX0494b19_004582-T1	jgi|Acastr1|122567|AST1_006589-RA
OG0002468	GTX0494b19_002950-T1	coassemb64_002119-T1
OG0002468	GTX0494b19_002949-T1	KAI9750845.1
OG0002468	GTX0494b19_002949-T1	jgi|Artol1|6758|AOL_s00083g228m.01
OG0002468	GTX0494b19_002949-T1	jgi|Monha1|2082|H072_2086m.01
OG0002468	GTX0494b19_002949-T1	jgi|Ascim1|312615|fgenesh1_pg.138_#_8
OG0002468	GTX0494b19_002949-T1	jgi|Morco1|570520|gm1.1296_g
OG0002468	GTX0494b19_002949-T1	coassemb64_002119-T1
OG0002468	GTX0494b19_002949-T1	coassemb64_002119-T1
OG0002473	GTX0494b19_001212-T1	coassemb76_009557-T1
OG0002532	GTX0494b19_001900-T1	coassemb378_011050-T1
OG0002553	GTX0494b19_000565-T1	coassemb376_006157-T1
OG0002575	GTX0494b19_000543-T1	jgi|Sclsc1|599|SS1G_00599T0
OG0002575	GTX0494b19_000543-T1	jgi|PseVKM4520_1|8141|transcript_KFZ24567
OG0002575	GTX0494b19_000543-T1	jgi|Erypu1|1326|transcript_POS83558
OG0002575	GTX0494b19_000543-T1	jgi|Fusgr1|8006|FGSG_06930T0
OG0002575	GTX0494b19_000543-T1	jgi|Podan3|211215|mRNA_10043
OG0002575	GTX0494b19_000543-T1	jgi|Neucr_trp3_1|4738|Neucr2.NCU00412T0
OG0002575	GTX0494b19_000543-T1	jgi|Penexp1|10457|PEXP_061350T0
OG0002575	GTX0494b19_000543-T1	jgi|Aspni_DSM_1|168349|An17g01350m.01
OG0002575	GTX0494b19_000543-T1	jgi|Cocpo1_1|4419|XM_003069372.1
OG0002575	GTX0494b19_000543-T1	jgi|EndpusZ1|8043|EPUS_01103T0
OG0002575	GTX0494b19_000543-T1	jgi|Phach1|4045|rna4044
OG0002575	GTX0494b19_000543-T1	KAJ9653790.1
OG0002575	GTX0494b19_000543-T1	jgi|Exoaq1|5479|A1O9_03003T0
OG0002575	GTX0494b19_000543-T1	jgi|Capcor1|101369|A1O1_08560T0
OG0002575	GTX0494b19_000543-T1	jgi|Fonmu1|6166|Z520_09979T0
OG0002575	GTX0494b19_000543-T1	jgi|Claba1|127695|Z519_00075T0
OG0002575	GTX0494b19_000543-T1	coassemb76_002193-T1
OG0002575	GTX0494b19_000543-T1	GTX0466b15_000974-T1, GTX0466b15_000975-T1
OG0002575	GTX0494b19_000543-T1	XP_008717533.1
OG0002575	GTX0494b19_000543-T1	GTX0486b100_008436-T1
OG0002575	GTX0494b19_000543-T1	GTX0486b100_008436-T1
OG0002624	GTX0494b19_006428-T1	coassemb76_009612-T1
OG0002624	GTX0494b19_006428-T1	KAJ9649871.1
OG0002650	GTX0494b19_004826-T1	coassemb76_006781-T1
OG0002656	GTX0494b19_008235-T1	jgi|Erypu1|138|transcript_POS81639
OG0002676	GTX0494b19_000920-T1	coassemb76_007595-T1
OG0002704	GTX0494b19_007188-T1	coassemb76_008812-T1
OG0002707	GTX0494b19_006280-T1	coassemb76_008891-T1
OG0002716	GTX0494b19_006218-T1	coassemb378_006947-T1
OG0002718	GTX0494b19_005125-T1	coassemb64_002777-T1
OG0002738	GTX0494b19_007026-T1	jgi|Monha1|1364|H072_1364m.01
OG0002738	GTX0494b19_007026-T1	jgi|Sclsc1|3554|SS1G_10010T0
OG0002760	GTX0494b19_007408-T1	jgi|Monha1|5677|H072_5862m.01
OG0002761	GTX0494b19_005040-T1	jgi|Aspni_DSM_1|155792|An01g07490m.01
OG0002764	GTX0494b19_006581-T1	jgi|Ascim1|377009|estExt_fgenesh1_pg.C_420059
OG0002909	GTX0494b19_005790-T1	KAJ9653602.1, KAJ9656281.1
OG0002909	GTX0494b19_005790-T1	jgi|PseVKM4520_1|57|transcript_KFZ22849
OG0002909	GTX0494b19_005790-T1	jgi|Claba1|130930|Z519_09241T0
OG0002909	GTX0494b19_005790-T1	coassemb378_005012-T1
OG0002909	GTX0494b19_005790-T1	jgi|Exoaq1|13105|A1O9_13145T0
OG0002909	GTX0494b19_005790-T1	coassemb76_007247-T1
OG0002909	GTX0494b19_005790-T1	jgi|Aspni_DSM_1|159447|An04g07620m.01
OG0002909	GTX0494b19_005790-T1	jgi|Artol1|7060|AOL_s00088g12m.01
OG0002915	GTX0494b19_003100-T1	jgi|Podan3|210066|mRNA_8894
OG0002915	GTX0494b19_003100-T1	KAJ9653342.1
OG0002940	GTX0494b19_002669-T1	coassemb64_002535-T1
OG0002940	GTX0494b19_002669-T1	jgi|Acastr1|122943|AST1_008079-RA
OG0002973	GTX0494b19_004200-T1	coassemb378_010763-T1
OG0003031	GTX0494b19_000008-T1	jgi|Exoaq1|5208|A1O9_02731T0
OG0003044	GTX0494b19_002865-T1	jgi|PseVKM4520_1|5317|transcript_KFZ11750
OG0003055	GTX0494b19_004574-T1	jgi|Grascr1|9922|GST1_003923-RA
OG0003075	GTX0494b19_005739-T1	FUN_008835_T1_FUN_008835
OG0003143	GTX0494b19_001109-T1	jgi|Aspni_DSM_1|163709|An11g04690m.01
OG0003155	GTX0494b19_005843-T1	jgi|Grascr1|80|GST1_000080-RA
OG0003255	GTX0494b19_002730-T1	coassemb76_009234-T1
OG0003275	GTX0494b19_002158-T1	coassemb76_010196-T1
OG0003326	GTX0494b19_005862-T1	jgi|Exoaq1|10143|A1O9_06576T0
OG0003398	GTX0494b19_007971-T1	jgi|Cocpo1_1|5470|XM_003070423.1
OG0003472	GTX0494b19_005603-T1	coassemb76_009613-T1
OG0003482	GTX0494b19_006283-T1	jgi|Dibbae1|9620|DIBA_003758-RA
OG0003482	GTX0494b19_006283-T1	jgi|Altal1|283663|CE283662_23
OG0003482	GTX0494b19_006283-T1	coassemb76_009858-T1
OG0003488	GTX0494b19_007084-T1	jgi|Neucr_trp3_1|1223006|e_gw1.223.19.1
OG0003534	GTX0494b19_008684-T1	KAI9724968.1
OG0003546	GTX0494b19_001768-T1	GTX0486b100_008525-T1
OG0003680	GTX0494b19_002656-T1	jgi|Morco1|577490|gm1.8266_g
OG0003782	GTX0494b19_003390-T1	coassemb76_001444-T1
OG0003794	GTX0494b19_001007-T1	KAI9817910.1
OG0003802	GTX0494b19_006586-T1	jgi|Claba1|130454|Z519_08761T0
OG0003829	GTX0494b19_008049-T1	coassemb378_009065-T1
OG0003840	GTX0494b19_007288-T1	jgi|Claba1|137073|Z519_12810T0
OG0003840	GTX0494b19_007288-T1	XP_008710554.1, XP_008721554.1
OG0003858	GTX0494b19_001367-T1	GTX0486b100_004435-T1
OG0003859	GTX0494b19_001364-T1	coassemb76_009691-T1
OG0003907	GTX0494b19_003766-T1	jgi|Fusgr1|4797|FGSG_12452T0, jgi|Fusgr1|5120|FGSG_03074T0
OG0003946	GTX0494b19_000316-T1	coassemb76_009991-T1
OG0003980	GTX0494b19_006675-T1	coassemb76_006176-T1
OG0003987	GTX0494b19_007946-T1	jgi|Dibbae1|11444|DIBA_003947-RA
OG0004002	GTX0494b19_005323-T1	GTX0486b100_008454-T1
OG0004115	GTX0494b19_007279-T1	jgi|Penexp1|7114|PEXP_076500T0
OG0004173	GTX0494b19_004910-T1	GTX0486b100_008522-T1
OG0004184	GTX0494b19_001299-T1	KAI4106085.1
OG0004250	GTX0494b19_003531-T1	jgi|Claba1|128932|Z519_07232T0
OG0004250	GTX0494b19_003531-T1	jgi|Monha1|1644|H072_1644m.01
OG0004260	GTX0494b19_006726-T1	coassemb76_009531-T1
OG0004284	GTX0494b19_003580-T1	KAJ9650877.1
OG0004295	GTX0494b19_008678-T1	jgi|Fusgr1|12290|FGSG_10627T0
OG0004308	GTX0494b19_000765-T1	jgi|Aspni_DSM_1|159406|An04g07230m.01
OG0004308	GTX0494b19_000765-T1	jgi|Penexp1|3549|PEXP_086730T0
OG0004308	GTX0494b19_000765-T1	jgi|Fusgr1|12415|FGSG_13829T0
OG0004318	GTX0494b19_000375-T1	jgi|PseVKM4520_1|3541|transcript_KFZ14981
OG0004511	GTX0494b19_001122-T1	coassemb76_009565-T1
OG0004527	GTX0494b19_006971-T1	KAI9652523.1
OG0004589	GTX0494b19_008727-T1	KAJ9650549.1
OG0004609	GTX0494b19_005606-T1	jgi|Clagr3|2100|CLAGR_002088-RA
OG0004622	GTX0494b19_000825-T1	jgi|Clagr3|2324|CLAGR_001722-RA
OG0004631	GTX0494b19_002382-T1	KAI9700672.1
OG0004640	GTX0494b19_001239-T1	KAI9710051.1
OG0004683	GTX0494b19_006162-T1	jgi|Podan3|206003|mRNA_4831
OG0004749	GTX0494b19_007075-T1	jgi|Aurpu_var_mel1|65965|fgenesh1_pg.10_#_51
OG0004760	GTX0494b19_005902-T1	jgi|Capcor1|95013|A1O1_02152T0
OG0004760	GTX0494b19_005902-T1	jgi|Artol1|5540|AOL_s00079g314m.01
OG0004766	GTX0494b19_000477-T1	jgi|Erypu1|6691|transcript_POS81688
OG0004811	GTX0494b19_004113-T1	jgi|Grascr1|8519|GST1_003040-RA
OG0004821	GTX0494b19_000875-T1	jgi|Acastr1|125605|AST1_005124-RA
OG0004821	GTX0494b19_000875-T1	jgi|Aspni_DSM_1|168677|An18g02320m.01
OG0004946	GTX0494b19_004679-T1	jgi|Fonmu1|9138|Z520_11544T0
OG0005177	GTX0494b19_000592-T1	jgi|Grascr1|8130|GST1_003831-RA
OG0005243	GTX0494b19_000836-T1	GTX0466b15_004710-T1
OG0005256	GTX0494b19_002858-T1	coassemb76_010088-T1
OG0005288	GTX0494b19_004177-T1	jgi|Penexp1|936|PEXP_095660T0
OG0005311	GTX0494b19_008795-T1	coassemb376_007649-T1
OG0005351	GTX0494b19_005110-T1	KAJ9653021.1
OG0005425	GTX0494b19_000655-T1	jgi|Phach1|1154|rna1153
OG0005435	GTX0494b19_006759-T1	jgi|Acastr1|121105|AST1_006607-RA
OG0005443	GTX0494b19_004755-T1	jgi|Aurpu_var_mel1|38233|e_gw1.1.1821.1
OG0005443	GTX0494b19_004755-T1	jgi|Erypu1|3467|transcript_POS86553
OG0005443	GTX0494b19_004755-T1	jgi|Sclsc1|5185|SS1G_11642T0
OG0005443	GTX0494b19_004755-T1	jgi|PseVKM4520_1|4053|transcript_KFZ14103
OG0005479	GTX0494b19_005612-T1	jgi|Clagr3|8990|CLAGR_008713-RA
OG0005485	GTX0494b19_003568-T1	coassemb64_007365-T1
OG0005485	GTX0494b19_003568-T1	jgi|Exoaq1|4650|A1O9_02169T0
OG0005499	GTX0494b19_004689-T1	jgi|Penexp1|2970|PEXP_089060T0
OG0005499	GTX0494b19_004689-T1	jgi|Exoaq1|4779|A1O9_02298T0, jgi|Exoaq1|9599|A1O9_06029T0
OG0005512	GTX0494b19_006579-T1	KAI9702096.1
OG0005563	GTX0494b19_001703-T1	jgi|Aurpu_var_mel1|77219|fgenesh1_pm.19_#_28
OG0005563	GTX0494b19_001703-T1	jgi|Artol1|1143|AOL_s00006g483m.01
OG0005575	GTX0494b19_004944-T1	jgi|Aspni_DSM_1|161719|An08g04560m.01
OG0005605	GTX0494b19_004909-T1	coassemb64_003773-T1
OG0005605	GTX0494b19_004909-T1	GTX0486b100_008523-T1
OG0005682	GTX0494b19_000529-T1	coassemb76_009415-T1
OG0005689	GTX0494b19_003196-T1	coassemb76_009641-T1
OG0005718	GTX0494b19_005985-T1	GTX0466b15_006999-T1, GTX0466b15_009230-T1
OG0005747	GTX0494b19_003425-T1	jgi|EndpusZ1|3287|EPUS_08556T0, jgi|EndpusZ1|3288|EPUS_08557T0
OG0005794	GTX0494b19_000961-T1	coassemb76_008471-T1
OG0005931	GTX0494b19_000479-T1	jgi|PseVKM4520_1|5116|transcript_KFZ12166, jgi|PseVKM4520_1|11080|transcript_KFZ23327
OG0006007	GTX0494b19_002543-T1	jgi|Aspni_DSM_1|164921|An12g06090m.01
OG0006022	GTX0494b19_002421-T1	jgi|EndpusZ1|6271|EPUS_05121T0
OG0006025	GTX0494b19_007835-T1	jgi|Penexp1|9708|PEXP_100150T0
OG0006063	GTX0494b19_005822-T1	jgi|Umbpus1|100783|LPUS_07473T0, jgi|Umbpus1|100322|LPUS_00725T0
OG0006094	GTX0494b19_002517-T1	jgi|Penexp1|1455|PEXP_026990T0
OG0006094	GTX0494b19_002517-T1	coassemb76_006090-T1, coassemb76_005829-T1
OG0006190	GTX0494b19_007992-T1	jgi|Aurpu_var_mel1|66583|fgenesh1_pg.12_#_80
OG0006190	GTX0494b19_006872-T1	jgi|Altal1|6868|CE6867_2937
OG0006269	GTX0494b19_007487-T1	jgi|Podan3|208703|mRNA_7531
OG0006334	GTX0494b19_004090-T1, GTX0494b19_006298-T1	jgi|Aspni_DSM_1|164931|An12g06180m.01
OG0006351	GTX0494b19_006438-T1	coassemb378_008669-T1, coassemb378_003689-T1
OG0006382	GTX0494b19_002786-T1	KAJ9659592.1
OG0006446	GTX0494b19_000318-T1	coassemb76_009989-T1
OG0006472	GTX0494b19_006220-T1	KAI9720785.1
OG0006476	GTX0494b19_008030-T1	GTX0486b100_007663-T1
OG0006486	GTX0494b19_007669-T1, GTX0494b19_006312-T1	GTX0486b100_000478-T1
OG0006512	GTX0494b19_006624-T1	jgi|PseVKM4520_1|4471|transcript_KFZ13388
OG0006584	GTX0494b19_003238-T1	jgi|Exoaq1|9369|A1O9_05797T0, jgi|Exoaq1|7606|A1O9_04137T0
OG0006586	GTX0494b19_005661-T1, GTX0494b19_006786-T1, GTX0494b19_006785-T1	jgi|Altal1|997246|estExt_Genewise1Plus.C_21_t20032
OG0006638	GTX0494b19_002923-T1	jgi|Dibbae1|8770|DIBA_002263-RA
OG0006638	GTX0494b19_002923-T1	jgi|Clagr3|6591|CLAGR_006304-RA
OG0006638	GTX0494b19_002923-T1	jgi|Artol1|6195|AOL_s00081g25m.01
OG0006654	GTX0494b19_000264-T1	jgi|Dibbae1|6525|DIBA_002660-RA
OG0006716	GTX0494b19_003173-T1	jgi|Morco1|558143|estExt_fgenesh1_pm.C_170001
OG0006828	GTX0494b19_003674-T1	coassemb76_004075-T1
OG0006828	GTX0494b19_003674-T1	KAJ9651555.1
OG0006841	GTX0494b19_003231-T1	jgi|Exoaq1|10150|A1O9_06583T0, jgi|Exoaq1|6236|A1O9_12037T0
OG0006842	GTX0494b19_008918-T1	jgi|EndpusZ1|2241|EPUS_06577T0
OG0006971	GTX0494b19_006532-T1	KAI9672148.1, KAI9665517.1
OG0006979	GTX0494b19_006997-T1	jgi|Ascim1|414356|fgenesh1_RNNotator_kg.30_#_62_#_Locus8176v1rpkm8.46
OG0006979	GTX0494b19_006997-T1	jgi|Podan3|209207|mRNA_8035
OG0006979	GTX0494b19_006997-T1	jgi|Fusgr1|10515|FGSG_09076T0
OG0006979	GTX0494b19_006997-T1	jgi|EndpusZ1|811|EPUS_01527T0
OG0006979	GTX0494b19_006997-T1	jgi|Claba1|136652|Z519_03184T0
OG0006979	GTX0494b19_006997-T1	jgi|Altal1|849735|CE849734_1522
OG0006979	GTX0494b19_006997-T1	GTX0466b15_001534-T1
OG0006979	GTX0494b19_006997-T1	coassemb376_006918-T1
OG0006979	GTX0494b19_006997-T1	FUN_005397_T1_FUN_005397
OG0006979	GTX0494b19_006997-T1	FUN_005397_T1_FUN_005397
OG0006979	GTX0494b19_006997-T1	KAI4088308.1
OG0007083	GTX0494b19_008877-T1	coassemb378_010436-T1
OG0007102	GTX0494b19_003144-T1	coassemb76_010212-T1
OG0007165	GTX0494b19_002708-T1, GTX0494b19_002709-T1	coassemb76_009436-T1
OG0008693	GTX0494b19_006289-T1	jgi|Morco1|478317|gw1.38.285.1
