Orthogroup	JALAIA01_protein	Other
OG0000000	KAI4109131.1	jgi|Morco1|550456|fgenesh1_pg.187_#_1
OG0000000	KAI4109131.1	jgi|Acastr1|127337|AST1_006864-RA
OG0000000	KAI4109131.1	jgi|Fusgr1|3495|FGSG_12239T0
OG0000000	KAI4090072.1	jgi|EndpusZ1|3758|EPUS_07130T0
OG0000000	KAI4090072.1	jgi|Dibbae1|4381|DIBA_002009-RA
OG0000000	KAI4090072.1	jgi|Morco1|530506|estExt_Genewise1Plus.C_1050005
OG0000000	KAI4090072.1	jgi|Fusgr1|8800|FGSG_13170T0
OG0000000	KAI4090072.1	GTX0466b15_008450-T1
OG0000000	KAI4090072.1	CAF9919773.1
OG0000000	KAI4090072.1	coassemb376_006530-T1, coassemb376_007778-T1
OG0000000	KAI4090072.1	jgi|EndpusZ1|3758|EPUS_07130T0
OG0000003	KAI4102802.1	jgi|Podan3|201333|mRNA_161
OG0000004	KAI4090325.1	jgi|Exoaq1|11121|A1O9_07456T0
OG0000004	KAI4099782.1	jgi|Claba1|133761|Z519_11161T0
OG0000012	KAI4111063.1	XP_008720608.1
OG0000016	KAI4109799.1	KAI9716702.1
OG0000016	KAI4109799.1	GTX0486b100_001164-T1, GTX0486b100_000790-T1, GTX0486b100_001165-T1
OG0000023	KAI4110969.1	KAI9823564.1
OG0000029	KAI4101513.1	coassemb64_007229-T1
OG0000033	KAI4096798.1	jgi|Grascr1|7426|GST1_012003-RA
OG0000038	KAI4098048.1	jgi|Aspni_DSM_1|168541|An18g00910m.01
OG0000039	KAI4087629.1	jgi|Exoaq1|12011|A1O9_08327T0
OG0000044	KAI4089139.1	XP_008711242.1
OG0000048	KAI4101022.1	KAJ9660456.1, KAJ9651860.1, KAJ9664322.1
OG0000061	KAI4093271.1	jgi|Penexp1|1729|PEXP_074030T0
OG0000066	KAI4098263.1	jgi|Phach1|1394|rna1393
OG0000067	KAI4103206.1	jgi|Podan3|206798|mRNA_5626
OG0000067	KAI4111251.1	jgi|Grascr1|1098|GST1_001155-RA, jgi|Grascr1|800|GST1_008971-RA
OG0000072	KAI4111064.1	jgi|Aspni_DSM_1|167721|An16g04250m.01
OG0000080	KAI4109146.1	XP_008714722.1
OG0000091	KAI4098182.1, KAI4110849.1	coassemb76_008068-T1
OG0000092	KAI4110817.1	jgi|Podan3|203432|mRNA_2260
OG0000100	KAI4105005.1	jgi|Podan3|208008|mRNA_6836
OG0000102	KAI4108317.1, KAI4111615.1	jgi|Dibbae1|8713|DIBA_011037-RA, jgi|Dibbae1|8716|DIBA_011040-RA, jgi|Dibbae1|6761|DIBA_002648-RA, jgi|Dibbae1|8789|DIBA_002282-RA
OG0000112	KAI4108321.1	jgi|Exoaq1|6159|A1O9_11960T0
OG0000115	KAI4110331.1, KAI4110332.1	jgi|EndpusZ1|5818|EPUS_06007T0
OG0000118	KAI4094702.1	jgi|EndpusZ1|1884|EPUS_03253T0
OG0000119	KAI4108402.1	jgi|Acastr1|126338|AST1_002427-RA
OG0000125	KAI4087888.1	jgi|Dibbae1|6490|DIBA_008349-RA
OG0000125	KAI4092018.1	jgi|Dibbae1|2378|DIBA_006353-RA
OG0000126	KAI4098323.1	coassemb76_010089-T1
OG0000126	KAI4098323.1	jgi|Grascr1|3178|GST1_002108-RA
OG0000126	KAI4104108.1	jgi|Penexp1|7858|PEXP_008390T0
OG0000131	KAI4110604.1	KAI9653286.1
OG0000131	KAI4110604.1	jgi|Aurpu_var_mel1|63718|fgenesh1_pg.4_#_55, jgi|Aurpu_var_mel1|56530|e_gw1.24.372.1
OG0000136	KAI4090735.1	jgi|Aspni_DSM_1|158536|An03g05440m.01
OG0000146	KAI4096589.1	jgi|Grascr1|714|GST1_007014-RA
OG0000146	KAI4096589.1	coassemb378_003750-T1
OG0000151	KAI4088991.1	jgi|PseVKM4520_1|10168|transcript_KFZ24155
OG0000151	KAI4088991.1	KAI9719401.1
OG0000160	KAI4087977.1	jgi|EndpusZ1|1203|EPUS_00014T0
OG0000160	KAI4087977.1	jgi|Fonmu1|8828|Z520_02903T0
OG0000160	KAI4087977.1	jgi|Altal1|938129|e_gw1.13.798.1
OG0000164	KAI4095288.1	jgi|Podan3|206414|mRNA_5242
OG0000165	KAI4103036.1	KAI9708569.1
OG0000171	KAI4105718.1	jgi|Exoaq1|8178|A1O9_04713T0
OG0000171	KAI4105718.1	coassemb76_007072-T1
OG0000173	KAI4099501.1	jgi|Clagr3|3318|CLAGR_003137-RA
OG0000177	KAI4109111.1	jgi|Aurpu_var_mel1|88715|gm1.9111_g
OG0000181	KAI4107235.1	CAF9937712.1
OG0000181	KAI4107235.1	jgi|Fonmu1|11781|Z520_04986T0
OG0000201	KAI4110978.1, KAI4096057.1, KAI4101402.1	coassemb378_001789-T1
OG0000206	KAI4102547.1	jgi|Penexp1|3673|PEXP_041520T0
OG0000235	KAI4111385.1	jgi|Penexp1|8163|PEXP_075040T0
OG0000238	KAI4105545.1	jgi|Aurpu_var_mel1|49698|e_gw1.11.49.1
OG0000238	KAI4105545.1	jgi|Altal1|1057710|gm1.1945_g
OG0000239	KAI4103062.1	jgi|Capcor1|94518|A1O1_01656T0
OG0000249	KAI4086597.1	jgi|Cocpo1_1|2495|XM_003067448.1, jgi|Cocpo1_1|6003|XM_003070956.1
OG0000250	KAI4111581.1	KAI9712898.1
OG0000258	KAI4103961.1	jgi|Aspni_DSM_1|160399|An07g01670m.01, jgi|Aspni_DSM_1|166512|An14g07310m.01, jgi|Aspni_DSM_1|168482|An18g00280m.01, jgi|Aspni_DSM_1|160266|An07g00280m.01, jgi|Aspni_DSM_1|155805|An01g07630m.01
OG0000262	KAI4096095.1, KAI4102238.1	coassemb64_006437-T1
OG0000271	KAI4092115.1	jgi|Aspni_DSM_1|162693|An09g02330m.01
OG0000279	KAI4089152.1	jgi|Neucr_trp3_1|6469|Neucr2.NCU06980T0
OG0000293	KAI4103066.1	coassemb378_002291-T1
OG0000298	KAI4104973.1	jgi|EndpusZ1|8555|EPUS_08720T0
OG0000308	KAI4089257.1	jgi|Capcor1|93137|A1O1_00267T0
OG0000311	KAI4100254.1	jgi|Penexp1|9779|PEXP_098470T0
OG0000313	KAI4104088.1	coassemb76_010026-T1
OG0000314	KAI4109105.1	jgi|Exoaq1|12012|A1O9_08328T0
OG0000315	KAI4099353.1	jgi|Penexp1|2729|PEXP_108930T0
OG0000315	KAI4099353.1	jgi|Cocpo1_1|4194|XM_003069147.1
OG0000317	KAI4099761.1	jgi|Sclsc1|1845|SS1G_08301T0
OG0000317	KAI4099761.1	GTX0486b100_006784-T1
OG0000318	KAI4110326.1	jgi|Aspni_DSM_1|157513|An02g09980m.01, jgi|Aspni_DSM_1|156449|An01g14410m.01
OG0000325	KAI4108894.1	coassemb76_006608-T1
OG0000337	KAI4105423.1	coassemb64_001600-T1
OG0000337	KAI4105423.1	jgi|Capcor1|101114|A1O1_08302T0
OG0000342	KAI4111120.1	jgi|Ascim1|123924|CE123923_1326
OG0000358	KAI4097039.1	CAF9942250.1
OG0000391	KAI4094197.1, KAI4094198.1	jgi|Grascr1|5827|GST1_011412-RA
OG0000395	KAI4095792.1	jgi|EndpusZ1|4681|EPUS_02171T0
OG0000401	KAI4101331.1	jgi|Monha1|4268|H072_4348m.01
OG0000403	KAI4106904.1	jgi|Dibbae1|9303|DIBA_011354-RA
OG0000403	KAI4106904.1	jgi|Clagr3|2885|CLAGR_002852-RA
OG0000403	KAI4106904.1	CAF9905332.1
OG0000403	KAI4106904.1	KAI4283592.1
OG0000403	KAI4106904.1	KAI4107407.1
OG0000428	KAI4107095.1	KAI9826689.1, KAI9828552.1
OG0000449	KAI4101232.1	CAF9903795.1
OG0000462	KAI4112021.1	jgi|PseVKM4520_1|9164|transcript_KFZ03549
OG0000462	KAI4101707.1	coassemb76_005699-T1
OG0000466	KAI4096369.1	jgi|Grascr1|11362|GST1_005242-RA
OG0000470	KAI4093323.1	jgi|Phach1|2717|rna2716
OG0000470	KAI4093323.1	CAF9915761.1
OG0000485	KAI4109784.1	jgi|Penexp1|3620|PEXP_086100T0
OG0000491	KAI4098390.1	KAI9700613.1
OG0000523	KAI4098277.1, KAI4108379.1	jgi|Claba1|132707|Z519_01185T0
OG0000528	KAI4093899.1	coassemb76_003245-T1
OG0000548	KAI4101951.1	jgi|Dibbae1|3070|DIBA_006297-RA
OG0000580	KAI4087188.1, KAI4101043.1	jgi|Capcor1|99769|A1O1_06944T0
OG0000599	KAI4110516.1	jgi|Claba1|133694|Z519_11094T0
OG0000599	KAI4110516.1	jgi|Exoaq1|7285|A1O9_03815T0
OG0000615	KAI4088895.1	CAF9926602.1
OG0000620	KAI4094332.1	coassemb376_002221-T1
OG0000620	KAI4094332.1	CAF9924105.1
OG0000621	KAI4090739.1	CAF9904326.1
OG0000636	KAI4107223.1	jgi|Clagr3|6601|CLAGR_006314-RA
OG0000654	KAI4105384.1	jgi|Exoaq1|12818|A1O9_09103T0
OG0000703	KAI4096179.1	jgi|Altal1|1099843|estExt_Genemark1.C_310035
OG0000721	KAI4092208.1	coassemb76_005366-T1
OG0000742	KAI4098398.1, KAI4101089.1	KAJ9663078.1
OG0000774	KAI4102480.1	jgi|Dibbae1|1063|DIBA_004908-RA
OG0000775	KAI4093517.1	jgi|Aspni_DSM_1|166516|An14g07350m.01
OG0000780	KAI4108398.1	coassemb64_008147-T1
OG0000791	KAI4107887.1	jgi|EndpusZ1|9090|EPUS_06921T0
OG0000792	KAI4096568.1	jgi|Fusgr1|5336|FGSG_02884T0
OG0000793	KAI4093523.1, KAI4093326.1	coassemb378_010898-T1
OG0000796	KAI4101928.1	coassemb376_002365-T1
OG0000796	KAI4101928.1	coassemb378_011515-T1
OG0000821	KAI4109848.1	jgi|Ascim1|41603|CE41602_3598
OG0000823	KAI4099395.1	coassemb76_009583-T1
OG0000894	KAI4112172.1	KAI9705150.1
OG0000906	KAI4105748.1	CAF9930826.1
OG0000909	KAI4102488.1	jgi|Penexp1|7694|PEXP_006740T0
OG0000928	KAI4109120.1	KAJ9654449.1
OG0000938	KAI4087672.1	GTX0486b100_008467-T1
OG0000945	KAI4099606.1	jgi|Fusgr1|8994|FGSG_07770T0
OG0000979	KAI4097673.1	coassemb76_008435-T1
OG0001008	KAI4104851.1	jgi|EndpusZ1|9085|EPUS_06916T0
OG0001008	KAI4104851.1	jgi|Podan3|204627|mRNA_3455
OG0001014	KAI4096050.1	jgi|Fonmu1|4494|Z520_01480T0
OG0001035	KAI4105956.1	CAF9933149.1
OG0001038	KAI4109268.1	GTX0466b15_000493-T1
OG0001038	KAI4109268.1	jgi|Penexp1|2724|PEXP_108880T0
OG0001045	KAI4111651.1	jgi|Aspni_DSM_1|160439|An07g02080m.01
OG0001077	KAI4100984.1	KAI4105648.1
OG0001077	KAI4100984.1	KAI4286386.1
OG0001077	KAI4100984.1	coassemb76_010062-T1
OG0001080	KAI4111898.1	jgi|Grascr1|8725|GST1_011777-RA
OG0001084	KAI4086492.1	jgi|Fusgr1|6893|FGSG_05944T0
OG0001093	KAI4086565.1, KAI4100345.1	jgi|Monha1|10095|H072_10639m.01
OG0001115	KAI4100910.1	coassemb76_002847-T1, coassemb76_003966-T1
OG0001115	KAI4100910.1	jgi|Dibbae1|6852|DIBA_009240-RA
OG0001116	KAI4090322.1	jgi|PseVKM4520_1|8715|transcript_KFZ04061
OG0001129	KAI4107254.1	jgi|Grascr1|3461|GST1_008067-RA
OG0001129	KAI4107254.1	coassemb64_000930-T1
OG0001133	KAI4103610.1	jgi|Exoaq1|7366|A1O9_03896T0
OG0001144	KAI4106132.1	coassemb378_005320-T1, coassemb378_011564-T1
OG0001146	KAI4112037.1	jgi|Sclsc1|10347|SS1G_03376T0
OG0001151	KAI4107825.1	coassemb64_003162-T1
OG0001155	KAI4100718.1	CAF9922875.1
OG0001159	KAI4111298.1	jgi|Sclsc1|11022|SS1G_04051T0
OG0001177	KAI4089825.1	jgi|PseVKM4520_1|2876|transcript_KFZ16243
OG0001177	KAI4089824.1	coassemb76_009379-T1
OG0001182	KAI4111207.1	jgi|Fonmu1|10688|Z520_03889T0
OG0001184	KAI4107225.1	jgi|Exoaq1|6235|A1O9_12036T0
OG0001191	KAI4109588.1	jgi|Morco1|547704|fgenesh1_pg.43_#_83
OG0001203	KAI4098619.1	jgi|Clagr3|9146|CLAGR_009773-RA
OG0001227	KAI4102215.1, KAI4090116.1	jgi|Artol1|4183|AOL_s00076g279m.01
OG0001227	KAI4102215.1, KAI4090116.1	jgi|Aspni_DSM_1|158193|An03g01800m.01
OG0001235	KAI4086955.1	coassemb76_007875-T1
OG0001250	KAI4099367.1	GTX0466b15_001962-T1
OG0001281	KAI4110988.1	jgi|Artol1|5|AOL_s00004g4m.01
OG0001281	KAI4110988.1	jgi|Fusgr1|13314|FGSG_11241T0, jgi|Fusgr1|10669|FGSG_09212T0
OG0001300	KAI4088890.1	jgi|Artol1|5666|AOL_s00079g440m.01
OG0001308	KAI4103925.1	jgi|Grascr1|11369|GST1_005249-RA
OG0001308	KAI4103924.1	jgi|Grascr1|11367|GST1_005247-RA
OG0001365	KAI4095533.1	jgi|Podan3|208764|mRNA_7592
OG0001369	KAI4104820.1	coassemb76_001977-T1
OG0001406	KAI4101529.1	coassemb76_009080-T1
OG0001435	KAI4105179.1	coassemb376_005892-T1
OG0001435	KAI4105179.1	KAI4287589.1
OG0001452	KAI4098912.1	KAI9714973.1
OG0001473	KAI4111626.1	jgi|Fusgr1|2642|FGSG_02304T0
OG0001487	KAI4104698.1	coassemb76_009690-T1
OG0001489	KAI4106867.1	coassemb378_010712-T1
OG0001489	KAI4106867.1	coassemb376_006328-T1
OG0001499	KAI4107285.1	jgi|EndpusZ1|2781|EPUS_05882T0
OG0001512	KAI4103756.1	coassemb76_005891-T1
OG0001518	KAI4101946.1	jgi|Penexp1|8657|PEXP_013540T0
OG0001522	KAI4111920.1	jgi|Aspni_DSM_1|158203|An03g01910m.01
OG0001529	KAI4109110.1	jgi|Aspni_DSM_1|168268|An17g00540m.01
OG0001529	KAI4109110.1	coassemb64_004123-T1
OG0001536	KAI4108636.1	jgi|Podan3|211277|mRNA_10105
OG0001557	KAI4109794.1	coassemb64_004441-T1
OG0001563	KAI4109341.1	KAI9660210.1
OG0001567	KAI4109807.1	coassemb76_007635-T1
OG0001581	KAI4104648.1	KAI9825660.1
OG0001635	KAI4099270.1	coassemb76_009868-T1
OG0001640	KAI4106709.1	KAI4086500.1
OG0001668	KAI4102589.1	coassemb76_009897-T1
OG0001702	KAI4104317.1	GTX0486b100_005054-T1
OG0001702	KAI4104317.1	KAI9839547.1
OG0001704	KAI4105492.1	coassemb76_009440-T1
OG0001707	KAI4098330.1	CAF9932627.1
OG0001708	KAI4099176.1	jgi|Clagr3|3759|CLAGR_003461-RA
OG0001708	KAI4099176.1	jgi|Grascr1|10596|GST1_012689-RA
OG0001711	KAI4112100.1	coassemb76_007893-T1
OG0001732	KAI4110287.1	GTX0486b100_008526-T1
OG0001744	KAI4109575.1	coassemb378_008974-T1
OG0001746	KAI4108932.1	coassemb378_003258-T1
OG0001754	KAI4105523.1	jgi|Erypu1|6183|transcript_POS81775
OG0001764	KAI4109325.1	jgi|Podan3|209159|mRNA_7987, jgi|Podan3|210190|mRNA_9018
OG0001767	KAI4109079.1	FUN_009225_T2_FUN_009225, FUN_009225_T1_FUN_009225
OG0001767	KAI4109079.1	KAI4104620.1
OG0001768	KAI4104870.1	KAI9700457.1
OG0001770	KAI4098099.1	jgi|Fusgr1|9933|FGSG_08344T0
OG0001782	KAI4098115.1	FUN_008736_T1_FUN_008736
OG0001791	KAI4111821.1, KAI4111820.1	CAF9908416.1
OG0001796	KAI4098179.1	jgi|PseVKM4520_1|2442|transcript_KFZ16962
OG0001800	KAI4110915.1	jgi|Claba1|131384|Z519_09698T0
OG0001800	KAI4110915.1	coassemb76_009563-T1
OG0001814	KAI4110962.1	coassemb76_008228-T1
OG0001827	KAI4104983.1	jgi|Erypu1|6487|transcript_POS81721
OG0001830	KAI4105031.1	coassemb76_007596-T1
OG0001834	KAI4090953.1	KAI9717546.1
OG0001845	KAI4104306.1	jgi|Claba1|131841|Z519_10158T0
OG0001845	KAI4104306.1	coassemb76_008813-T1
OG0001846	KAI4101248.1	coassemb76_009430-T1
OG0001849	KAI4102793.1	KAI9726210.1
OG0001860	KAI4096613.1	jgi|Aurpu_var_mel1|70521|fgenesh1_pg.47_#_5
OG0001890	KAI4112157.1	jgi|Penexp1|1359|PEXP_026030T0
OG0001907	KAI4086770.1	jgi|Fusgr1|4937|FGSG_12482T0
OG0001932	KAI4093527.1	jgi|Neucr_trp3_1|5863|Neucr2.NCU06385T0
OG0001935	KAI4090811.1	jgi|Morco1|203785|CE203784_1176
OG0001950	KAI4110689.1	jgi|Erypu1|5784|transcript_POS81829
OG0002000	KAI4101307.1	KAI4279879.1
OG0002008	KAI4103243.1	coassemb376_004075-T1
OG0002029	KAI4104699.1	coassemb76_009689-T1
OG0002081	KAI4097251.1	coassemb64_004135-T1
OG0002082	KAI4092819.1	jgi|Neucr_trp3_1|8808|Neucr2.NCU04822T0
OG0002084	KAI4087851.1	XP_008716232.1
OG0002084	KAI4087851.1	GTX0466b15_000123-T1
OG0002084	KAI4087851.1	coassemb76_006874-T1, coassemb76_005195-T1
OG0002084	KAI4087851.1	jgi|Fonmu1|3626|Z520_08262T0, jgi|Fonmu1|8651|Z520_02726T0
OG0002084	KAI4087851.1	jgi|Claba1|133412|Z519_01890T0
OG0002084	KAI4087851.1	jgi|Exoaq1|2228|A1O9_09754T0
OG0002084	KAI4087851.1	jgi|Capcor1|95356|A1O1_02495T0
OG0002084	KAI4087851.1	jgi|Phach1|3268|rna3267
OG0002154	KAI4109836.1	jgi|Sclsc1|8089|SS1G_13512T0
OG0002154	KAI4109836.1	coassemb76_008216-T1
OG0002184	KAI4111655.1	coassemb76_009965-T1
OG0002196	KAI4095419.1	coassemb378_007075-T1
OG0002203	KAI4100730.1	jgi|Grascr1|5814|GST1_003548-RA
OG0002221	KAI4110482.1	jgi|EndpusZ1|176|EPUS_09319T0
OG0002235	KAI4110248.1	jgi|EndpusZ1|4631|EPUS_02121T0
OG0002326	KAI4108866.1	jgi|Grascr1|5606|GST1_009829-RA
OG0002329	KAI4098389.1	KAI4289628.1
OG0002329	KAI4098389.1	jgi|Dibbae1|8223|DIBA_010511-RA
OG0002342	KAI4105554.1	coassemb76_009114-T1
OG0002345	KAI4103891.1	coassemb378_002074-T1
OG0002349	KAI4105556.1	jgi|Grascr1|958|GST1_006961-RA
OG0002349	KAI4105556.1	jgi|Acastr1|122567|AST1_006589-RA
OG0002468	KAI4099822.1	coassemb64_002119-T1
OG0002473	KAI4086292.1	coassemb76_009557-T1
OG0002532	KAI4110814.1	coassemb378_011050-T1
OG0002624	KAI4111001.1	coassemb76_009612-T1
OG0002624	KAI4111001.1	KAJ9649871.1
OG0002650	KAI4098354.1	coassemb76_006781-T1
OG0002656	KAI4111284.1	jgi|Erypu1|138|transcript_POS81639
OG0002676	KAI4105030.1	coassemb76_007595-T1
OG0002704	KAI4104550.1	coassemb76_008812-T1
OG0002707	KAI4108946.1	coassemb76_008891-T1
OG0002716	KAI4094708.1	coassemb378_006947-T1
OG0002718	KAI4101414.1	coassemb64_002777-T1
OG0002760	KAI4103905.1	jgi|Monha1|5677|H072_5862m.01
OG0002761	KAI4103889.1	jgi|Aspni_DSM_1|155792|An01g07490m.01
OG0002764	KAI4101542.1	jgi|Ascim1|377009|estExt_fgenesh1_pg.C_420059
OG0002915	KAI4111150.1	jgi|Podan3|210066|mRNA_8894
OG0002915	KAI4111150.1	KAJ9653342.1
OG0002940	KAI4110541.1	coassemb64_002535-T1
OG0002940	KAI4110541.1	jgi|Acastr1|122943|AST1_008079-RA
OG0002973	KAI4106850.1	coassemb378_010763-T1
OG0003022	KAI4096598.1	coassemb378_004555-T1
OG0003031	KAI4103791.1	jgi|Exoaq1|5208|A1O9_02731T0
OG0003044	KAI4103358.1	jgi|PseVKM4520_1|5317|transcript_KFZ11750
OG0003055	KAI4101915.1	jgi|Grascr1|9922|GST1_003923-RA
OG0003075	KAI4091387.1	FUN_008835_T1_FUN_008835
OG0003143	KAI4110928.1	jgi|Aspni_DSM_1|163709|An11g04690m.01
OG0003155	KAI4109856.1	jgi|Grascr1|80|GST1_000080-RA
OG0003232	KAI4097250.1	coassemb76_000910-T1
OG0003255	KAI4111448.1	coassemb76_009234-T1
OG0003275	KAI4096616.1	coassemb76_010196-T1
OG0003326	KAI4109835.1	jgi|Exoaq1|10143|A1O9_06576T0
OG0003398	KAI4100338.1	jgi|Cocpo1_1|5470|XM_003070423.1
OG0003482	KAI4108942.1	jgi|Dibbae1|9620|DIBA_003758-RA
OG0003482	KAI4108942.1	jgi|Altal1|283663|CE283662_23
OG0003482	KAI4108942.1	coassemb76_009858-T1
OG0003488	KAI4108908.1	jgi|Neucr_trp3_1|1223006|e_gw1.223.19.1
OG0003534	KAI4111384.1	KAI9724968.1
OG0003546	KAI4110286.1	GTX0486b100_008525-T1
OG0003680	KAI4110527.1	jgi|Morco1|577490|gm1.8266_g
OG0003782	KAI4101678.1	coassemb76_001444-T1
OG0003794	KAI4101847.1	KAI9817910.1
OG0003802	KAI4101536.1	jgi|Claba1|130454|Z519_08761T0
OG0003829	KAI4106505.1	coassemb378_009065-T1
OG0003840	KAI4089137.1	jgi|Claba1|137073|Z519_12810T0
OG0003840	KAI4089137.1	XP_008710554.1, XP_008721554.1
OG0003858	KAI4104700.1	GTX0486b100_004435-T1
OG0003859	KAI4104697.1	coassemb76_009691-T1
OG0003946	KAI4092808.1	coassemb76_009991-T1
OG0003980	KAI4091920.1	coassemb76_006176-T1
OG0003987	KAI4103517.1	jgi|Dibbae1|11444|DIBA_003947-RA
OG0004002	KAI4099423.1	GTX0486b100_008454-T1
OG0004115	KAI4107833.1	jgi|Penexp1|7114|PEXP_076500T0
OG0004173	KAI4095418.1	GTX0486b100_008522-T1
OG0004250	KAI4111640.1	jgi|Claba1|128932|Z519_07232T0
OG0004250	KAI4111640.1	jgi|Monha1|1644|H072_1644m.01
OG0004260	KAI4112136.1	coassemb76_009531-T1
OG0004284	KAI4096996.1	KAJ9650877.1
OG0004295	KAI4099794.1	jgi|Fusgr1|12290|FGSG_10627T0
OG0004308	KAI4089614.1	jgi|Aspni_DSM_1|159406|An04g07230m.01
OG0004308	KAI4089614.1	jgi|Penexp1|3549|PEXP_086730T0
OG0004308	KAI4089614.1	jgi|Fusgr1|12415|FGSG_13829T0
OG0004318	KAI4102901.1	jgi|PseVKM4520_1|3541|transcript_KFZ14981
OG0004511	KAI4110914.1	coassemb76_009565-T1
OG0004527	KAI4097443.1	KAI9652523.1
OG0004589	KAI4093629.1	KAJ9650549.1
OG0004622	KAI4095080.1	jgi|Clagr3|2324|CLAGR_001722-RA
OG0004631	KAI4094519.1	KAI9700672.1
OG0004640	KAI4095791.1	KAI9710051.1
OG0004683	KAI4103233.1	jgi|Podan3|206003|mRNA_4831
OG0004749	KAI4104505.1, KAI4104506.1	jgi|Aurpu_var_mel1|65965|fgenesh1_pg.10_#_51
OG0004760	KAI4089765.1	jgi|Capcor1|95013|A1O1_02152T0
OG0004760	KAI4089765.1	jgi|Artol1|5540|AOL_s00079g314m.01
OG0004766	KAI4111833.1	jgi|Erypu1|6691|transcript_POS81688
OG0004811	KAI4102099.1	jgi|Grascr1|8519|GST1_003040-RA
OG0004987	KAI4110767.1	GTX0486b100_008500-T1
OG0005177	KAI4104833.1	jgi|Grascr1|8130|GST1_003831-RA
OG0005228	KAI4097421.1	jgi|Monha1|8323|H072_8618m.01
OG0005243	KAI4110572.1	GTX0466b15_004710-T1
OG0005256	KAI4098324.1	coassemb76_010088-T1
OG0005288	KAI4106872.1	jgi|Penexp1|936|PEXP_095660T0
OG0005311	KAI4103473.1	coassemb376_007649-T1
OG0005351	KAI4101401.1	KAJ9653021.1
OG0005425	KAI4105916.1	jgi|Phach1|1154|rna1153
OG0005435	KAI4097703.1	jgi|Acastr1|121105|AST1_006607-RA
OG0005479	KAI4090092.1	jgi|Clagr3|8990|CLAGR_008713-RA
OG0005484	KAI4109143.1	jgi|Fonmu1|2034|Z520_06667T0
OG0005485	KAI4097006.1	coassemb64_007365-T1
OG0005485	KAI4097006.1	jgi|Exoaq1|4650|A1O9_02169T0
OG0005499	KAI4105756.1	jgi|Penexp1|2970|PEXP_089060T0
OG0005499	KAI4105756.1	jgi|Exoaq1|4779|A1O9_02298T0, jgi|Exoaq1|9599|A1O9_06029T0
OG0005563	KAI4090108.1	jgi|Aurpu_var_mel1|77219|fgenesh1_pm.19_#_28
OG0005563	KAI4090108.1	jgi|Artol1|1143|AOL_s00006g483m.01
OG0005575	KAI4099685.1	jgi|Aspni_DSM_1|161719|An08g04560m.01
OG0005605	KAI4095417.1	coassemb64_003773-T1
OG0005605	KAI4095417.1	GTX0486b100_008523-T1
OG0005682	KAI4111882.1	coassemb76_009415-T1
OG0005689	KAI4096594.1	coassemb76_009641-T1
OG0005718	KAI4090616.1	GTX0466b15_006999-T1, GTX0466b15_009230-T1
OG0005747	KAI4096093.1	jgi|EndpusZ1|3287|EPUS_08556T0, jgi|EndpusZ1|3288|EPUS_08557T0
OG0005794	KAI4102789.1	coassemb76_008471-T1
OG0005931	KAI4111835.1	jgi|PseVKM4520_1|5116|transcript_KFZ12166, jgi|PseVKM4520_1|11080|transcript_KFZ23327
OG0006007	KAI4094564.1	jgi|Aspni_DSM_1|164921|An12g06090m.01
OG0006022	KAI4095289.1	jgi|EndpusZ1|6271|EPUS_05121T0
OG0006025	KAI4099578.1	jgi|Penexp1|9708|PEXP_100150T0
OG0006063	KAI4096360.1	jgi|Umbpus1|100783|LPUS_07473T0, jgi|Umbpus1|100322|LPUS_00725T0
OG0006091	KAI4109622.1	jgi|Podan3|210152|mRNA_8980
OG0006094	KAI4100980.1	jgi|Penexp1|1455|PEXP_026990T0
OG0006094	KAI4100980.1	coassemb76_006090-T1, coassemb76_005829-T1
OG0006190	KAI4105721.1	jgi|Aurpu_var_mel1|66583|fgenesh1_pg.12_#_80
OG0006190	KAI4105878.1	jgi|Altal1|6868|CE6867_2937
OG0006237	KAI4093048.1	jgi|Fusgr1|10668|FGSG_09211T0
OG0006237	KAI4093048.1	XP_008716247.1
OG0006237	KAI4093048.1	jgi|Penexp1|3496|PEXP_087250T0
OG0006237	KAI4093048.1	jgi|Cocpo1_1|135|XM_003065086.1
OG0006237	KAI4093048.1	jgi|Grascr1|11520|GST1_001742-RA
OG0006237	KAI4093048.1	jgi|Podan3|203458|mRNA_2286
OG0006237	KAI4093048.1	CAF9920978.1
OG0006237	KAI4093048.1	jgi|EndpusZ1|2207|EPUS_03936T0
OG0006269	KAI4091495.1	jgi|Podan3|208703|mRNA_7531
OG0006334	KAI4099077.1	jgi|Aspni_DSM_1|164931|An12g06180m.01
OG0006351	KAI4098393.1	coassemb378_008669-T1, coassemb378_003689-T1
OG0006382	KAI4094339.1, KAI4104281.1	KAJ9659592.1
OG0006446	KAI4092810.1	coassemb76_009989-T1
OG0006472	KAI4094710.1	KAI9720785.1
OG0006486	KAI4108583.1, KAI4109361.1	GTX0486b100_000478-T1
OG0006512	KAI4093311.1	jgi|PseVKM4520_1|4471|transcript_KFZ13388
OG0006584	KAI4105397.1	jgi|Exoaq1|9369|A1O9_05797T0, jgi|Exoaq1|7606|A1O9_04137T0
OG0006586	KAI4107061.1, KAI4098906.1	jgi|Altal1|997246|estExt_Genewise1Plus.C_21_t20032
OG0006589	KAI4109064.1	jgi|Monha1|5186|H072_5294m.01, jgi|Monha1|6980|H072_7205m.01
OG0006638	KAI4110345.1	jgi|Dibbae1|8770|DIBA_002263-RA
OG0006638	KAI4110345.1	jgi|Clagr3|6591|CLAGR_006304-RA
OG0006638	KAI4110345.1	jgi|Artol1|6195|AOL_s00081g25m.01
OG0006716	KAI4111768.1	jgi|Morco1|558143|estExt_fgenesh1_pm.C_170001
OG0006828	KAI4110296.1	coassemb76_004075-T1
OG0006828	KAI4110296.1	KAJ9651555.1
OG0006841	KAI4105389.1	jgi|Exoaq1|10150|A1O9_06583T0, jgi|Exoaq1|6236|A1O9_12037T0
OG0006842	KAI4089358.1	jgi|EndpusZ1|2241|EPUS_06577T0
OG0006971	KAI4105205.1	KAI9672148.1, KAI9665517.1
OG0007102	KAI4111793.1	coassemb76_010212-T1
OG0007165	KAI4111426.1	coassemb76_009436-T1
