Orthogroup	JALAII01_protein	Other
OG0000003	KAI4239294.1	jgi|Penexp1|10011|PEXP_017340T0
OG0000003	KAI4232974.1	jgi|Dibbae1|10627|DIBA_003191-RA
OG0000003	KAI4232974.1	CAF9916706.1
OG0000003	KAI4232974.1	GTX0486b100_006260-T1
OG0000003	KAI4232974.1	jgi|Dibbae1|10627|DIBA_003191-RA
OG0000003	KAI4232974.1	coassemb378_008949-T1
OG0000003	KAI4232974.1	KAI9835391.1, KAI9832650.1
OG0000003	KAI4232974.1	jgi|Aspni_DSM_1|164637|An12g03110m.01
OG0000003	KAI4232974.1	coassemb64_002218-T1
OG0000003	KAI4232974.1	jgi|PseVKM4520_1|7766|transcript_KFZ07764
OG0000003	KAI4232974.1	jgi|Fusgr1|5577|FGSG_12613T0
OG0000003	KAI4232974.1	GTX0466b15_003846-T1
OG0000003	KAI4232974.1	jgi|Phach1|1398|rna1397
OG0000003	KAI4235062.1	jgi|Podan3|201333|mRNA_161
OG0000004	KAI4239455.1	jgi|Exoaq1|11121|A1O9_07456T0
OG0000004	KAI4238151.1	jgi|Claba1|133761|Z519_11161T0
OG0000012	KAI4234459.1	XP_008720608.1
OG0000014	KAI4208649.1	jgi|PseVKM4520_1|3683|transcript_KFZ14790
OG0000014	KAI4208649.1	jgi|Penexp1|6644|PEXP_078840T0
OG0000014	KAI4208649.1	jgi|Aspni_DSM_1|155101|An01g00380m.01, jgi|Aspni_DSM_1|164036|An11g08190m.01
OG0000014	KAI4208649.1	KAI9670970.1
OG0000014	KAI4208649.1	KAI9830722.1
OG0000014	KAI4208649.1	jgi|Dibbae1|3381|DIBA_000251-RA
OG0000014	KAI4208649.1	jgi|Clagr3|4587|CLAGR_003944-RA
OG0000014	KAI4208758.1	GTX0486b100_001739-T1
OG0000014	KAI4208758.1	KAI9822140.1
OG0000014	KAI4208758.1	jgi|Acastr1|127446|AST1_000262-RA
OG0000014	KAI4208758.1	jgi|Fusgr1|5372|FGSG_12566T0
OG0000014	KAI4208758.1	coassemb378_000794-T1
OG0000016	KAI4226492.1	KAI9716702.1
OG0000016	KAI4226492.1	GTX0486b100_001164-T1, GTX0486b100_000790-T1, GTX0486b100_001165-T1
OG0000020	KAI4221138.1	jgi|Aspni_DSM_1|162084|An08g08250m.01
OG0000023	KAI4233811.1	KAI9823564.1
OG0000027	KAI4235748.1	jgi|Penexp1|2017|PEXP_024290T0
OG0000028	KAI4222039.1, KAI4230725.1	jgi|Clagr3|2180|CLAGR_002167-RA
OG0000028	KAI4238828.1	CAF9908997.1
OG0000029	KAI4237797.1	coassemb64_007229-T1
OG0000033	KAI4233520.1	jgi|Grascr1|7426|GST1_012003-RA
OG0000034	KAI4231867.1	jgi|Grascr1|8325|GST1_012166-RA
OG0000034	KAI4231867.1	jgi|Clagr3|11095|CLAGR_010988-RA
OG0000034	KAI4231867.1	jgi|Penexp1|6642|PEXP_078820T0
OG0000034	KAI4231867.1	KAI9830720.1
OG0000034	KAI4231867.1	jgi|Dibbae1|3379|DIBA_000249-RA
OG0000034	KAI4231866.1	KAI9716367.1
OG0000034	KAI4231866.1	KAI4289624.1
OG0000034	KAI4231866.1	jgi|Podan3|204698|mRNA_3526
OG0000034	KAI4231866.1	jgi|Aspni_DSM_1|159311|An04g06260m.01
OG0000034	KAI4231866.1	jgi|Acastr1|124752|AST1_004861-RA
OG0000034	KAI4231866.1	jgi|Grascr1|3383|GST1_009163-RA
OG0000034	KAI4231866.1	jgi|PseVKM4520_1|7719|transcript_KFZ07851
OG0000034	KAI4231868.1	jgi|Grascr1|4401|GST1_009773-RA
OG0000034	KAI4234032.1	KAI9701812.1
OG0000038	KAI4234759.1	jgi|Aspni_DSM_1|168541|An18g00910m.01
OG0000039	KAI4221500.1	jgi|Exoaq1|12011|A1O9_08327T0
OG0000048	KAI4231707.1, KAI4236155.1	KAJ9660456.1, KAJ9651860.1, KAJ9664322.1
OG0000061	KAI4212325.1	jgi|Penexp1|1729|PEXP_074030T0
OG0000066	KAI4231577.1	jgi|Phach1|1394|rna1393
OG0000067	KAI4238959.1	jgi|Podan3|206798|mRNA_5626
OG0000072	KAI4214623.1, KAI4234458.1	jgi|Aspni_DSM_1|167721|An16g04250m.01
OG0000080	KAI4228052.1	XP_008714722.1
OG0000081	KAI4236998.1	KAI4289987.1
OG0000081	KAI4236998.1	coassemb376_006338-T1
OG0000081	KAI4236998.1	jgi|Neucr_trp3_1|2371|Neucr2.NCU02926T0
OG0000081	KAI4236998.1	jgi|EndpusZ1|9211|EPUS_05842T0
OG0000081	KAI4236998.1	XP_008720114.1
OG0000081	KAI4236998.1	jgi|Clagr3|7646|CLAGR_007510-RA
OG0000091	KAI4239759.1, KAI4237775.1	coassemb76_008068-T1
OG0000092	KAI4218170.1	jgi|Podan3|203432|mRNA_2260
OG0000102	KAI4237768.1, KAI4219626.1	jgi|Dibbae1|8713|DIBA_011037-RA, jgi|Dibbae1|8716|DIBA_011040-RA, jgi|Dibbae1|6761|DIBA_002648-RA, jgi|Dibbae1|8789|DIBA_002282-RA
OG0000112	KAI4237764.1	jgi|Exoaq1|6159|A1O9_11960T0
OG0000115	KAI4221978.1	jgi|EndpusZ1|5818|EPUS_06007T0
OG0000118	KAI4234409.1	jgi|EndpusZ1|1884|EPUS_03253T0
OG0000119	KAI4238673.1	jgi|Acastr1|126338|AST1_002427-RA
OG0000125	KAI4227775.1	jgi|Dibbae1|6490|DIBA_008349-RA
OG0000125	KAI4230730.1	jgi|Dibbae1|2378|DIBA_006353-RA
OG0000126	KAI4220737.1	coassemb76_010089-T1
OG0000126	KAI4220737.1	jgi|Grascr1|3178|GST1_002108-RA
OG0000126	KAI4232744.1	jgi|Penexp1|7858|PEXP_008390T0
OG0000126	KAI4206202.1	XP_008717886.1
OG0000126	KAI4206202.1	coassemb64_001029-T1
OG0000126	KAI4206202.1	coassemb378_009111-T1
OG0000131	KAI4238200.1	KAI9653286.1
OG0000131	KAI4238200.1	jgi|Aurpu_var_mel1|63718|fgenesh1_pg.4_#_55, jgi|Aurpu_var_mel1|56530|e_gw1.24.372.1
OG0000136	KAI4223523.1	jgi|Aspni_DSM_1|158536|An03g05440m.01
OG0000146	KAI4209047.1	jgi|Grascr1|714|GST1_007014-RA
OG0000146	KAI4209047.1	coassemb378_003750-T1
OG0000151	KAI4220457.1	jgi|PseVKM4520_1|10168|transcript_KFZ24155
OG0000151	KAI4220457.1	KAI9719401.1
OG0000160	KAI4225969.1, KAI4235184.1, KAI4236786.1	jgi|EndpusZ1|1203|EPUS_00014T0
OG0000160	KAI4225969.1, KAI4235184.1, KAI4236786.1	jgi|Fonmu1|8828|Z520_02903T0
OG0000160	KAI4225969.1, KAI4235184.1, KAI4236786.1	jgi|Altal1|938129|e_gw1.13.798.1
OG0000164	KAI4224404.1	jgi|Podan3|206414|mRNA_5242
OG0000165	KAI4237534.1	KAI9708569.1
OG0000169	KAI4232071.1	KAI9722839.1
OG0000169	KAI4232071.1	CAF9911452.1
OG0000169	KAI4232071.1	coassemb376_003211-T1
OG0000169	KAI4232071.1	jgi|Grascr1|6153|GST1_011024-RA
OG0000169	KAI4232071.1	jgi|Grascr1|9756|GST1_012147-RA, jgi|Grascr1|9105|GST1_004404-RA
OG0000169	KAI4232071.1	jgi|Grascr1|9756|GST1_012147-RA, jgi|Grascr1|9105|GST1_004404-RA
OG0000169	KAI4232071.1	jgi|Clagr3|6449|CLAGR_006555-RA
OG0000169	KAI4232071.1	jgi|Acastr1|126007|AST1_004544-RA
OG0000169	KAI4232071.1	jgi|Podan3|209871|mRNA_8699
OG0000171	KAI4235091.1	jgi|Exoaq1|8178|A1O9_04713T0
OG0000171	KAI4235091.1	coassemb76_007072-T1
OG0000173	KAI4218961.1, KAI4218960.1	jgi|Clagr3|3318|CLAGR_003137-RA
OG0000177	KAI4233355.1	jgi|Aurpu_var_mel1|88715|gm1.9111_g
OG0000181	KAI4220850.1	CAF9937712.1
OG0000181	KAI4220850.1	jgi|Fonmu1|11781|Z520_04986T0
OG0000201	KAI4219661.1, KAI4235109.1	coassemb378_001789-T1
OG0000206	KAI4230669.1	jgi|Penexp1|3673|PEXP_041520T0
OG0000235	KAI4232677.1	jgi|Penexp1|8163|PEXP_075040T0
OG0000238	KAI4230467.1	jgi|Aurpu_var_mel1|49698|e_gw1.11.49.1
OG0000238	KAI4230467.1	jgi|Altal1|1057710|gm1.1945_g
OG0000239	KAI4239443.1	jgi|Capcor1|94518|A1O1_01656T0
OG0000250	KAI4232828.1	KAI9712898.1
OG0000253	KAI4221032.1	coassemb64_000923-T1
OG0000258	KAI4238697.1	jgi|Aspni_DSM_1|160399|An07g01670m.01, jgi|Aspni_DSM_1|166512|An14g07310m.01, jgi|Aspni_DSM_1|168482|An18g00280m.01, jgi|Aspni_DSM_1|160266|An07g00280m.01, jgi|Aspni_DSM_1|155805|An01g07630m.01
OG0000262	KAI4232154.1	coassemb64_006437-T1
OG0000271	KAI4217999.1	jgi|Aspni_DSM_1|162693|An09g02330m.01
OG0000279	KAI4224183.1	jgi|Neucr_trp3_1|6469|Neucr2.NCU06980T0
OG0000293	KAI4239446.1	coassemb378_002291-T1
OG0000293	KAI4206361.1	jgi|Aspni_DSM_1|161268|An08g00030m.01
OG0000293	KAI4206361.1	KAJ9659520.1
OG0000298	KAI4230715.1	jgi|EndpusZ1|8555|EPUS_08720T0
OG0000308	KAI4232065.1	jgi|Capcor1|93137|A1O1_00267T0
OG0000311	KAI4232162.1	jgi|Penexp1|9779|PEXP_098470T0
OG0000313	KAI4232068.1	coassemb76_010026-T1
OG0000314	KAI4234455.1	jgi|Exoaq1|12012|A1O9_08328T0
OG0000315	KAI4214808.1	jgi|Penexp1|2729|PEXP_108930T0
OG0000315	KAI4214808.1	jgi|Cocpo1_1|4194|XM_003069147.1
OG0000317	KAI4231619.1	jgi|Sclsc1|1845|SS1G_08301T0
OG0000317	KAI4231619.1	GTX0486b100_006784-T1
OG0000318	KAI4237668.1	jgi|Aspni_DSM_1|157513|An02g09980m.01, jgi|Aspni_DSM_1|156449|An01g14410m.01
OG0000325	KAI4212767.1, KAI4218568.1	coassemb76_006608-T1
OG0000337	KAI4239578.1	coassemb64_001600-T1
OG0000337	KAI4239578.1	jgi|Capcor1|101114|A1O1_08302T0
OG0000342	KAI4230984.1	jgi|Ascim1|123924|CE123923_1326
OG0000358	KAI4232896.1	CAF9942250.1
OG0000372	KAI4238396.1	jgi|EndpusZ1|4056|EPUS_04249T0
OG0000372	KAI4238396.1	jgi|Penexp1|2427|PEXP_052820T0
OG0000391	KAI4231204.1	jgi|Grascr1|5827|GST1_011412-RA
OG0000395	KAI4238339.1	jgi|EndpusZ1|4681|EPUS_02171T0
OG0000428	KAI4234749.1	KAI9826689.1, KAI9828552.1
OG0000449	KAI4233783.1	CAF9903795.1
OG0000462	KAI4236137.1	jgi|PseVKM4520_1|9164|transcript_KFZ03549
OG0000462	KAI4237400.1	coassemb76_005699-T1
OG0000464	KAI4233712.1	jgi|Clagr3|6737|CLAGR_006926-RA
OG0000466	KAI4224712.1	jgi|Grascr1|11362|GST1_005242-RA
OG0000470	KAI4217953.1, KAI4231118.1	jgi|Phach1|2717|rna2716
OG0000470	KAI4217953.1, KAI4231118.1	CAF9915761.1
OG0000485	KAI4219586.1	jgi|Penexp1|3620|PEXP_086100T0
OG0000491	KAI4235072.1	KAI9700613.1
OG0000523	KAI4224853.1, KAI4234156.1, KAI4233149.1, KAI4235394.1	jgi|Claba1|132707|Z519_01185T0
OG0000528	KAI4218557.1	coassemb76_003245-T1
OG0000580	KAI4233474.1, KAI4225117.1, KAI4219451.1	jgi|Capcor1|99769|A1O1_06944T0
OG0000615	KAI4236604.1	CAF9926602.1
OG0000620	KAI4221012.1	coassemb376_002221-T1
OG0000620	KAI4221012.1	CAF9924105.1
OG0000621	KAI4226331.1	CAF9904326.1
OG0000636	KAI4233317.1	jgi|Clagr3|6601|CLAGR_006314-RA
OG0000654	KAI4208437.1	coassemb64_005016-T1
OG0000654	KAI4208437.1	coassemb76_006623-T1
OG0000654	KAI4228247.1	jgi|Exoaq1|12818|A1O9_09103T0
OG0000673	KAI4219176.1	jgi|Exoaq1|4173|A1O9_11696T0
OG0000673	KAI4219176.1	GTX0466b15_001598-T1
OG0000703	KAI4236698.1, KAI4232716.1	jgi|Altal1|1099843|estExt_Genemark1.C_310035
OG0000721	KAI4213157.1	coassemb76_005366-T1
OG0000742	KAI4224040.1	KAJ9663078.1
OG0000774	KAI4239116.1	jgi|Dibbae1|1063|DIBA_004908-RA
OG0000775	KAI4237387.1	jgi|Aspni_DSM_1|166516|An14g07350m.01
OG0000780	KAI4238669.1	coassemb64_008147-T1
OG0000791	KAI4237313.1	jgi|EndpusZ1|9090|EPUS_06921T0
OG0000792	KAI4237210.1	jgi|Fusgr1|5336|FGSG_02884T0
OG0000793	KAI4237393.1, KAI4231114.1	coassemb378_010898-T1
OG0000796	KAI4237273.1	coassemb376_002365-T1
OG0000796	KAI4237273.1	coassemb378_011515-T1
OG0000821	KAI4233102.1	jgi|Ascim1|41603|CE41602_3598
OG0000823	KAI4235645.1	coassemb76_009583-T1
OG0000906	KAI4224685.1	CAF9930826.1
OG0000909	KAI4235609.1	jgi|Penexp1|7694|PEXP_006740T0
OG0000928	KAI4236692.1	KAJ9654449.1
OG0000938	KAI4237572.1	GTX0486b100_008467-T1
OG0000945	KAI4229908.1	jgi|Fusgr1|8994|FGSG_07770T0
OG0000979	KAI4219199.1	coassemb76_008435-T1
OG0001008	KAI4239468.1	jgi|EndpusZ1|9085|EPUS_06916T0
OG0001008	KAI4239468.1	jgi|Podan3|204627|mRNA_3455
OG0001014	KAI4237153.1	jgi|Fonmu1|4494|Z520_01480T0
OG0001023	KAI4234030.1	jgi|Phach1|1020|rna1019
OG0001023	KAI4234030.1	jgi|EndpusZ1|2913|EPUS_08573T0
OG0001023	KAI4234030.1	KAJ9656183.1
OG0001023	KAI4234030.1	GTX0466b15_009077-T1
OG0001023	KAI4234030.1	coassemb76_007380-T1
OG0001023	KAI4234030.1	jgi|Exoaq1|11285|A1O9_07621T0
OG0001023	KAI4234030.1	coassemb64_003592-T1
OG0001023	KAI4234030.1	jgi|Fonmu1|5323|Z520_09134T0
OG0001023	KAI4234030.1	jgi|Capcor1|99378|A1O1_06550T0
OG0001023	KAI4234030.1	XP_008711297.1
OG0001035	KAI4232824.1	CAF9933149.1
OG0001038	KAI4239669.1	GTX0466b15_000493-T1
OG0001038	KAI4239669.1	jgi|Penexp1|2724|PEXP_108880T0
OG0001045	KAI4224457.1	jgi|Aspni_DSM_1|160439|An07g02080m.01
OG0001060	KAI4213664.1	jgi|Morco1|578177|gm1.8953_g, jgi|Morco1|578182|gm1.8958_g, jgi|Morco1|578180|gm1.8956_g, jgi|Morco1|493985|e_gw1.58.72.1
OG0001077	KAI4230565.1	KAI4105648.1
OG0001077	KAI4230565.1	KAI4286386.1
OG0001077	KAI4230565.1	coassemb76_010062-T1
OG0001080	KAI4231816.1	jgi|Grascr1|8725|GST1_011777-RA
OG0001084	KAI4227116.1	jgi|Fusgr1|6893|FGSG_05944T0
OG0001093	KAI4219483.1, KAI4236695.1, KAI4221845.1	jgi|Monha1|10095|H072_10639m.01
OG0001115	KAI4237933.1	coassemb76_002847-T1, coassemb76_003966-T1
OG0001115	KAI4237933.1	jgi|Dibbae1|6852|DIBA_009240-RA
OG0001116	KAI4239453.1	jgi|PseVKM4520_1|8715|transcript_KFZ04061
OG0001129	KAI4236530.1	jgi|Grascr1|3461|GST1_008067-RA
OG0001129	KAI4236530.1	coassemb64_000930-T1
OG0001133	KAI4237894.1	jgi|Exoaq1|7366|A1O9_03896T0
OG0001144	KAI4233795.1	coassemb378_005320-T1, coassemb378_011564-T1
OG0001146	KAI4237710.1	jgi|Sclsc1|10347|SS1G_03376T0
OG0001151	KAI4235797.1	coassemb64_003162-T1
OG0001155	KAI4211006.1	CAF9922875.1
OG0001159	KAI4233499.1	jgi|Sclsc1|11022|SS1G_04051T0
OG0001177	KAI4232703.1, KAI4208446.1	jgi|PseVKM4520_1|2876|transcript_KFZ16243
OG0001177	KAI4217904.1	coassemb76_009379-T1
OG0001182	KAI4229233.1, KAI4229232.1	jgi|Fonmu1|10688|Z520_03889T0
OG0001184	KAI4233318.1	jgi|Exoaq1|6235|A1O9_12036T0
OG0001191	KAI4220179.1	jgi|Morco1|547704|fgenesh1_pg.43_#_83
OG0001212	KAI4206486.1	jgi|Artol1|170|AOL_s00004g169m.01
OG0001227	KAI4226660.1, KAI4237855.1	jgi|Artol1|4183|AOL_s00076g279m.01
OG0001227	KAI4226660.1, KAI4237855.1	jgi|Aspni_DSM_1|158193|An03g01800m.01
OG0001235	KAI4230765.1	coassemb76_007875-T1
OG0001250	KAI4207221.1	GTX0466b15_001962-T1
OG0001281	KAI4238607.1	jgi|Artol1|5|AOL_s00004g4m.01
OG0001281	KAI4238607.1	jgi|Fusgr1|13314|FGSG_11241T0, jgi|Fusgr1|10669|FGSG_09212T0
OG0001300	KAI4220279.1	jgi|Artol1|5666|AOL_s00079g440m.01
OG0001308	KAI4207321.1	jgi|Grascr1|11369|GST1_005249-RA
OG0001308	KAI4225366.1	jgi|Grascr1|11367|GST1_005247-RA
OG0001329	KAI4233996.1	jgi|Phach1|54|rna53
OG0001329	KAI4233996.1	XP_008713208.1
OG0001329	KAI4233996.1	GTX0466b15_001190-T1
OG0001329	KAI4233996.1	coassemb76_007216-T1
OG0001329	KAI4233996.1	coassemb64_004927-T1
OG0001329	KAI4233996.1	jgi|Exoaq1|6561|A1O9_12363T0
OG0001329	KAI4233996.1	jgi|Fonmu1|6378|Z520_10191T0
OG0001329	KAI4233996.1	jgi|Claba1|134508|Z519_11913T0
OG0001329	KAI4233996.1	jgi|Capcor1|95094|A1O1_02233T0
OG0001329	KAI4233996.1	jgi|EndpusZ1|6676|EPUS_08456T0
OG0001329	KAI4233996.1	coassemb376_005564-T1
OG0001329	KAI4233996.1	KAJ9653320.1
OG0001329	KAI4233996.1	jgi|Amamu1|374011|CE172774_1263
OG0001365	KAI4239269.1	jgi|Podan3|208764|mRNA_7592
OG0001369	KAI4217790.1	coassemb76_001977-T1
OG0001406	KAI4236098.1	coassemb76_009080-T1
OG0001435	KAI4239543.1	coassemb376_005892-T1
OG0001435	KAI4239543.1	KAI4287589.1
OG0001452	KAI4229751.1	KAI9714973.1
OG0001473	KAI4225205.1	jgi|Fusgr1|2642|FGSG_02304T0
OG0001487	KAI4234602.1	coassemb76_009690-T1
OG0001489	KAI4234971.1	coassemb378_010712-T1
OG0001489	KAI4234971.1	coassemb376_006328-T1
OG0001499	KAI4232042.1	jgi|EndpusZ1|2781|EPUS_05882T0
OG0001512	KAI4239861.1	coassemb76_005891-T1
OG0001518	KAI4234065.1	jgi|Penexp1|8657|PEXP_013540T0
OG0001522	KAI4230613.1	jgi|Aspni_DSM_1|158203|An03g01910m.01
OG0001529	KAI4233356.1	jgi|Aspni_DSM_1|168268|An17g00540m.01
OG0001529	KAI4233356.1	coassemb64_004123-T1
OG0001536	KAI4234473.1	jgi|Podan3|211277|mRNA_10105
OG0001538	KAI4218859.1	jgi|Fusgr1|4823|FGSG_03328T0
OG0001557	KAI4228952.1	coassemb64_004441-T1
OG0001563	KAI4208380.1	KAI9660210.1
OG0001567	KAI4234876.1	coassemb76_007635-T1
OG0001581	KAI4237334.1	KAI9825660.1
OG0001635	KAI4236519.1	coassemb76_009868-T1
OG0001668	KAI4208335.1	coassemb76_009897-T1
OG0001688	KAI4208429.1	KAI9749290.1
OG0001688	KAI4208429.1	CAF9911564.1
OG0001688	KAI4208429.1	jgi|Clagr3|9394|CLAGR_009340-RA
OG0001688	KAI4208429.1	jgi|Umbpus1|107001|LPUS_02189T0
OG0001688	KAI4208429.1	KAI9707784.1
OG0001688	KAI4208429.1	KAI9722967.1
OG0001688	KAI4208429.1	KAI9827686.1
OG0001688	KAI4208429.1	jgi|Acastr1|124398|AST1_003275-RA
OG0001688	KAI4208429.1	KAI9828463.1
OG0001688	KAI4208429.1	KAI9720339.1
OG0001688	KAI4208429.1	KAI9664177.1
OG0001688	KAI4208429.1	jgi|Aurpu_var_mel1|52719|e_gw1.16.99.1
OG0001688	KAI4208429.1	jgi|Altal1|984938|estExt_Genewise1Plus.C_6_t10455
OG0001688	KAI4208429.1	jgi|Aspni_DSM_1|157551|An02g10360m.01
OG0001688	KAI4208429.1	jgi|Penexp1|3958|PEXP_030310T0
OG0001688	KAI4208429.1	jgi|Cocpo1_1|4755|XM_003069708.1
OG0001688	KAI4208429.1	jgi|Dibbae1|2721|DIBA_006866-RA
OG0001688	KAI4208429.1	jgi|Fusgr1|7839|FGSG_06781T0
OG0001688	KAI4208429.1	jgi|Neucr_trp3_1|7593|Neucr2.NCU01174T0
OG0001688	KAI4208429.1	jgi|Podan3|204992|mRNA_3820
OG0001688	KAI4208429.1	jgi|Erypu1|1229|transcript_POS87341
OG0001688	KAI4208429.1	jgi|Sclsc1|1201|SS1G_07657T0
OG0001702	KAI4236225.1	GTX0486b100_005054-T1
OG0001702	KAI4236225.1	KAI9839547.1
OG0001704	KAI4236881.1	coassemb76_009440-T1
OG0001707	KAI4219537.1	CAF9932627.1
OG0001708	KAI4209957.1	jgi|Clagr3|3759|CLAGR_003461-RA
OG0001708	KAI4209957.1	jgi|Grascr1|10596|GST1_012689-RA
OG0001711	KAI4234021.1	coassemb76_007893-T1
OG0001732	KAI4234632.1	GTX0486b100_008526-T1
OG0001744	KAI4238084.1	coassemb378_008974-T1
OG0001746	KAI4223255.1	coassemb378_003258-T1
OG0001764	KAI4237492.1	jgi|Podan3|209159|mRNA_7987, jgi|Podan3|210190|mRNA_9018
OG0001767	KAI4231653.1	FUN_009225_T2_FUN_009225, FUN_009225_T1_FUN_009225
OG0001767	KAI4231653.1	KAI4104620.1
OG0001768	KAI4238754.1	KAI9700457.1
OG0001770	KAI4238888.1	jgi|Fusgr1|9933|FGSG_08344T0
OG0001782	KAI4238873.1	jgi|Acastr1|119261|AST1_001460-RA
OG0001791	KAI4237736.1	CAF9908416.1
OG0001796	KAI4239756.1	jgi|PseVKM4520_1|2442|transcript_KFZ16962
OG0001800	KAI4237471.1	jgi|Claba1|131384|Z519_09698T0
OG0001800	KAI4237471.1	coassemb76_009563-T1
OG0001814	KAI4217376.1	coassemb76_008228-T1
OG0001827	KAI4223209.1	jgi|Erypu1|6487|transcript_POS81721
OG0001830	KAI4234546.1	coassemb76_007596-T1
OG0001834	KAI4236590.1	KAI9717546.1
OG0001845	KAI4237747.1	jgi|Claba1|131841|Z519_10158T0
OG0001845	KAI4237747.1	coassemb76_008813-T1
OG0001846	KAI4231574.1	coassemb76_009430-T1
OG0001860	KAI4238077.1	jgi|Aurpu_var_mel1|70521|fgenesh1_pg.47_#_5
OG0001862	KAI4232386.1	jgi|Erypu1|5241|transcript_POS81923, jgi|Erypu1|35|transcript_POS81655
OG0001890	KAI4236408.1	jgi|Penexp1|1359|PEXP_026030T0
OG0001907	KAI4221736.1	jgi|Fusgr1|4937|FGSG_12482T0
OG0001932	KAI4233341.1	jgi|Neucr_trp3_1|5863|Neucr2.NCU06385T0
OG0001935	KAI4234228.1	jgi|Morco1|203785|CE203784_1176
OG0001950	KAI4239694.1	jgi|Erypu1|5784|transcript_POS81829
OG0002000	KAI4230270.1	KAI4279879.1
OG0002004	KAI4235962.1	coassemb76_000425-T1
OG0002008	KAI4218119.1	coassemb376_004075-T1
OG0002029	KAI4234601.1	coassemb76_009689-T1
OG0002081	KAI4221914.1	coassemb64_004135-T1
OG0002082	KAI4231195.1	jgi|Neucr_trp3_1|8808|Neucr2.NCU04822T0
OG0002154	KAI4220900.1	jgi|Sclsc1|8089|SS1G_13512T0
OG0002154	KAI4220900.1	coassemb76_008216-T1
OG0002184	KAI4218063.1	coassemb76_009965-T1
OG0002196	KAI4235245.1	coassemb378_007075-T1
OG0002203	KAI4234214.1	jgi|Grascr1|5814|GST1_003548-RA
OG0002221	KAI4233335.1, KAI4237005.1	jgi|EndpusZ1|176|EPUS_09319T0
OG0002235	KAI4238421.1	jgi|EndpusZ1|4631|EPUS_02121T0
OG0002326	KAI4232558.1	jgi|Grascr1|5606|GST1_009829-RA
OG0002329	KAI4235071.1	KAI4289628.1
OG0002329	KAI4235071.1	jgi|Dibbae1|8223|DIBA_010511-RA
OG0002342	KAI4233610.1	coassemb76_009114-T1
OG0002345	KAI4218503.1	coassemb378_002074-T1
OG0002349	KAI4233613.1	jgi|Grascr1|958|GST1_006961-RA
OG0002349	KAI4233613.1	jgi|Acastr1|122567|AST1_006589-RA
OG0002355	KAI4209376.1	jgi|EndpusZ1|6284|EPUS_02456T0
OG0002355	KAI4209376.1	coassemb76_003554-T1
OG0002355	KAI4209376.1	GTX0466b15_005963-T1
OG0002355	KAI4209376.1	XP_008712389.1
OG0002355	KAI4209376.1	jgi|Claba1|129780|Z519_08086T0
OG0002355	KAI4209376.1	jgi|Fonmu1|5444|Z520_09257T0
OG0002355	KAI4209376.1	jgi|Exoaq1|10993|A1O9_07362T0
OG0002355	KAI4209376.1	jgi|Capcor1|100826|A1O1_08012T0
OG0002355	KAI4209376.1	jgi|Phach1|4700|rna4699
OG0002355	KAI4209376.1	coassemb64_005545-T1
OG0002468	KAI4230527.1	coassemb64_002119-T1
OG0002473	KAI4238178.1	coassemb76_009557-T1
OG0002532	KAI4217757.1	coassemb378_011050-T1
OG0002553	KAI4238327.1	coassemb376_006157-T1
OG0002624	KAI4208435.1	coassemb76_009612-T1
OG0002624	KAI4208435.1	KAJ9649871.1
OG0002650	KAI4237505.1	coassemb76_006781-T1
OG0002656	KAI4235742.1	jgi|Erypu1|138|transcript_POS81639
OG0002676	KAI4234547.1	coassemb76_007595-T1
OG0002704	KAI4236596.1	coassemb76_008812-T1
OG0002707	KAI4237025.1	coassemb76_008891-T1
OG0002716	KAI4231531.1	coassemb378_006947-T1
OG0002718	KAI4232400.1	coassemb64_002777-T1
OG0002738	KAI4222881.1	jgi|Monha1|1364|H072_1364m.01
OG0002738	KAI4222881.1	jgi|Sclsc1|3554|SS1G_10010T0
OG0002760	KAI4215660.1	jgi|Monha1|5677|H072_5862m.01
OG0002761	KAI4229758.1	jgi|Aspni_DSM_1|155792|An01g07490m.01
OG0002764	KAI4232852.1	jgi|Ascim1|377009|estExt_fgenesh1_pg.C_420059
OG0002769	KAI4232683.1	KAI9707711.1
OG0002769	KAI4232683.1	KAI9723019.1
OG0002769	KAI4232683.1	GTX0486b100_001201-T1
OG0002769	KAI4232683.1	KAI9828417.1
OG0002769	KAI4232683.1	KAI9834542.1
OG0002769	KAI4232683.1	jgi|Aspni_DSM_1|162983|An09g05270m.01
OG0002769	KAI4232683.1	jgi|Penexp1|1080|PEXP_097070T0
OG0002769	KAI4232683.1	jgi|Cocpo1_1|4800|XM_003069753.1
OG0002769	KAI4232683.1	KAI9667058.1
OG0002769	KAI4232683.1	jgi|Phach1|5884|rna5883
OG0002769	KAI4232683.1	jgi|Exoaq1|6621|A1O9_12423T0
OG0002769	KAI4232683.1	jgi|Fonmu1|1243|Z520_05873T0
OG0002769	KAI4232683.1	jgi|Claba1|128511|Z519_00894T0
OG0002769	KAI4232683.1	jgi|Capcor1|95251|A1O1_02390T0
OG0002769	KAI4232683.1	XP_008721514.1
OG0002769	KAI4232683.1	coassemb76_008834-T1
OG0002769	KAI4232683.1	GTX0466b15_003052-T1
OG0002769	KAI4232683.1	KAJ9661661.1
OG0002769	KAI4232683.1	jgi|EndpusZ1|3838|EPUS_08366T0
OG0002769	KAI4232683.1	coassemb64_008189-T1
OG0002915	KAI4220978.1	jgi|Podan3|210066|mRNA_8894
OG0002915	KAI4220978.1	KAJ9653342.1
OG0002940	KAI4234201.1	coassemb64_002535-T1
OG0002940	KAI4234201.1	jgi|Acastr1|122943|AST1_008079-RA
OG0002973	KAI4218476.1	coassemb378_010763-T1
OG0003013	KAI4221834.1	jgi|Erypu1|4050|transcript_POS86224
OG0003013	KAI4221834.1	XP_008715674.1
OG0003013	KAI4221834.1	coassemb76_001103-T1
OG0003013	KAI4221834.1	GTX0466b15_003787-T1
OG0003013	KAI4221834.1	jgi|Fonmu1|11220|Z520_04422T0
OG0003013	KAI4221834.1	jgi|Claba1|138650|Z519_05181T0
OG0003013	KAI4221834.1	jgi|Capcor1|97663|A1O1_04824T0
OG0003013	KAI4221834.1	jgi|Exoaq1|4863|A1O9_02383T0
OG0003013	KAI4221834.1	KAJ9659315.1
OG0003013	KAI4221834.1	jgi|Sclsc1|8112|SS1G_13535T0
OG0003013	KAI4221834.1	jgi|Sclsc1|8112|SS1G_13535T0
OG0003022	KAI4220687.1	coassemb378_004555-T1
OG0003031	KAI4239223.1	jgi|Exoaq1|5208|A1O9_02731T0
OG0003044	KAI4231209.1	jgi|PseVKM4520_1|5317|transcript_KFZ11750
OG0003055	KAI4232860.1	jgi|Grascr1|9922|GST1_003923-RA
OG0003075	KAI4238499.1	FUN_008835_T1_FUN_008835
OG0003143	KAI4214998.1	jgi|Aspni_DSM_1|163709|An11g04690m.01
OG0003155	KAI4236185.1	jgi|Grascr1|80|GST1_000080-RA
OG0003232	KAI4221913.1	coassemb76_000910-T1
OG0003255	KAI4238734.1	coassemb76_009234-T1
OG0003275	KAI4238073.1	coassemb76_010196-T1
OG0003398	KAI4217385.1	jgi|Cocpo1_1|5470|XM_003070423.1
OG0003472	KAI4231302.1	coassemb76_009613-T1
OG0003482	KAI4237021.1	jgi|Dibbae1|9620|DIBA_003758-RA
OG0003482	KAI4237021.1	jgi|Altal1|283663|CE283662_23
OG0003482	KAI4237021.1	coassemb76_009858-T1
OG0003534	KAI4232676.1	KAI9724968.1
OG0003546	KAI4234631.1	GTX0486b100_008525-T1
OG0003680	KAI4232844.1	jgi|Morco1|577490|gm1.8266_g
OG0003782	KAI4233676.1	coassemb76_001444-T1
OG0003794	KAI4237698.1	KAI9817910.1
OG0003802	KAI4223442.1	jgi|Claba1|130454|Z519_08761T0
OG0003829	KAI4236390.1	coassemb378_009065-T1
OG0003840	KAI4231566.1	jgi|Claba1|137073|Z519_12810T0
OG0003840	KAI4231566.1	XP_008710554.1, XP_008721554.1
OG0003858	KAI4234600.1	GTX0486b100_004435-T1
OG0003859	KAI4234603.1	coassemb76_009691-T1
OG0003907	KAI4218900.1	jgi|Fusgr1|4797|FGSG_12452T0, jgi|Fusgr1|5120|FGSG_03074T0
OG0003946	KAI4220699.1	coassemb76_009991-T1
OG0003980	KAI4231069.1	coassemb76_006176-T1
OG0003987	KAI4225891.1	jgi|Dibbae1|11444|DIBA_003947-RA
OG0004002	KAI4233348.1	GTX0486b100_008454-T1
OG0004024	KAI4234033.1	jgi|Fonmu1|6334|Z520_10147T0
OG0004115	KAI4227428.1, KAI4230781.1	jgi|Penexp1|7114|PEXP_076500T0
OG0004173	KAI4235246.1	GTX0486b100_008522-T1
OG0004184	KAI4232351.1	KAI4106085.1
OG0004250	KAI4223032.1	jgi|Claba1|128932|Z519_07232T0
OG0004250	KAI4223032.1	jgi|Monha1|1644|H072_1644m.01
OG0004260	KAI4219563.1	coassemb76_009531-T1
OG0004284	KAI4236303.1	KAJ9650877.1
OG0004295	KAI4234265.1	jgi|Fusgr1|12290|FGSG_10627T0
OG0004308	KAI4222783.1	jgi|Aspni_DSM_1|159406|An04g07230m.01
OG0004308	KAI4222783.1	jgi|Penexp1|3549|PEXP_086730T0
OG0004308	KAI4222783.1	jgi|Fusgr1|12415|FGSG_13829T0
OG0004318	KAI4235278.1	jgi|PseVKM4520_1|3541|transcript_KFZ14981
OG0004511	KAI4237470.1	coassemb76_009565-T1
OG0004527	KAI4238982.1	KAI9652523.1
OG0004589	KAI4229059.1	KAJ9650549.1
OG0004609	KAI4235852.1	jgi|Clagr3|2100|CLAGR_002088-RA
OG0004631	KAI4227220.1	KAI9700672.1
OG0004640	KAI4208657.1, KAI4236153.1	KAI9710051.1
OG0004683	KAI4233863.1	jgi|Podan3|206003|mRNA_4831
OG0004760	KAI4239076.1	jgi|Capcor1|95013|A1O1_02152T0
OG0004760	KAI4239076.1	jgi|Artol1|5540|AOL_s00079g314m.01
OG0004811	KAI4238569.1	jgi|Grascr1|8519|GST1_003040-RA
OG0004821	KAI4237317.1, KAI4236638.1	jgi|Acastr1|125605|AST1_005124-RA
OG0004821	KAI4237317.1, KAI4236638.1	jgi|Aspni_DSM_1|168677|An18g02320m.01
OG0004987	KAI4237374.1	GTX0486b100_008500-T1
OG0005177	KAI4239486.1	jgi|Grascr1|8130|GST1_003831-RA
OG0005228	KAI4210081.1	jgi|Monha1|8323|H072_8618m.01
OG0005243	KAI4222091.1	GTX0466b15_004710-T1
OG0005256	KAI4220738.1	coassemb76_010088-T1
OG0005288	KAI4234966.1	jgi|Penexp1|936|PEXP_095660T0
OG0005311	KAI4236488.1	coassemb376_007649-T1
OG0005351	KAI4235108.1	KAJ9653021.1
OG0005366	KAI4231955.1	KAI9823708.1
OG0005366	KAI4231955.1	KAI9816346.1
OG0005366	KAI4231955.1	KAI9752658.1
OG0005366	KAI4231955.1	KAI9725497.1
OG0005366	KAI4231955.1	jgi|Altal1|1033433|fgenesh1_pm.18_#_108
OG0005366	KAI4231955.1	jgi|Neucr_trp3_1|3273|Neucr2.NCU01750T0
OG0005366	KAI4231955.1	jgi|Podan3|206165|mRNA_4993
OG0005366	KAI4231955.1	jgi|Penexp1|9159|PEXP_064620T0
OG0005366	KAI4231955.1	jgi|Aspni_DSM_1|155605|An01g05640m.01
OG0005366	KAI4231955.1	jgi|Cocpo1_1|4634|XM_003069587.1
OG0005366	KAI4231955.1	jgi|PseVKM4520_1|6647|transcript_KFZ09521
OG0005366	KAI4231955.1	jgi|Aurpu_var_mel1|53451|e_gw1.18.19.1
OG0005366	KAI4231955.1	jgi|Fusgr1|760|FGSG_00640T0
OG0005366	KAI4231955.1	KAI9716920.1
OG0005366	KAI4231955.1	KAI9699403.1
OG0005366	KAI4231955.1	jgi|EndpusZ1|3132|EPUS_08758T0
OG0005366	KAI4231955.1	coassemb76_005572-T1
OG0005366	KAI4231955.1	GTX0466b15_002812-T1
OG0005366	KAI4231955.1	XP_008721476.1
OG0005366	KAI4231955.1	KAJ9653298.1
OG0005366	KAI4231955.1	jgi|Exoaq1|2158|A1O9_09691T0
OG0005366	KAI4231955.1	coassemb64_003932-T1
OG0005366	KAI4231955.1	jgi|Capcor1|95192|A1O1_02331T0
OG0005366	KAI4231955.1	jgi|Fonmu1|8264|Z520_11239T0
OG0005366	KAI4231955.1	jgi|Claba1|128287|Z519_00670T0
OG0005366	KAI4231955.1	jgi|Umbpus1|106988|LPUS_05213T0
OG0005366	KAI4231955.1	jgi|Clagr3|7377|CLAGR_007113-RA
OG0005366	KAI4231955.1	CAF9942107.1
OG0005366	KAI4231955.1	coassemb376_000328-T1
OG0005425	KAI4238934.1	jgi|Phach1|1154|rna1153
OG0005435	KAI4231567.1	jgi|Acastr1|121105|AST1_006607-RA
OG0005479	KAI4235846.1	jgi|Clagr3|8990|CLAGR_008713-RA
OG0005484	KAI4219559.1, KAI4223318.1	jgi|Fonmu1|2034|Z520_06667T0
OG0005485	KAI4221159.1	coassemb64_007365-T1
OG0005485	KAI4221159.1	jgi|Exoaq1|4650|A1O9_02169T0
OG0005499	KAI4224671.1	jgi|Penexp1|2970|PEXP_089060T0
OG0005499	KAI4224671.1	jgi|Exoaq1|4779|A1O9_02298T0, jgi|Exoaq1|9599|A1O9_06029T0
OG0005563	KAI4237847.1	jgi|Aurpu_var_mel1|77219|fgenesh1_pm.19_#_28
OG0005563	KAI4237847.1	jgi|Artol1|1143|AOL_s00006g483m.01
OG0005575	KAI4207112.1	jgi|Aspni_DSM_1|161719|An08g04560m.01
OG0005605	KAI4235247.1	coassemb64_003773-T1
OG0005605	KAI4235247.1	GTX0486b100_008523-T1
OG0005682	KAI4236245.1	coassemb76_009415-T1
OG0005689	KAI4218280.1	coassemb76_009641-T1
OG0005703	KAI4237536.1	jgi|Neucr_trp3_1|5771|Neucr2.NCU07660T0
OG0005703	KAI4237536.1	jgi|Penexp1|5410|PEXP_058710T0
OG0005718	KAI4234497.1	GTX0466b15_006999-T1, GTX0466b15_009230-T1
OG0005747	KAI4232156.1	jgi|EndpusZ1|3287|EPUS_08556T0, jgi|EndpusZ1|3288|EPUS_08557T0
OG0005794	KAI4229607.1	coassemb76_008471-T1
OG0005835	KAI4206097.1	jgi|Capcor1|101392|A1O1_08583T0
OG0005867	KAI4218542.1	KAI9724572.1
OG0005867	KAI4218542.1	jgi|Penexp1|8192|PEXP_037860T0
OG0005867	KAI4218542.1	jgi|Aspni_DSM_1|164333|An11g11270m.01
OG0005867	KAI4218542.1	jgi|Phach1|6240|rna6239
OG0005867	KAI4218542.1	jgi|EndpusZ1|5584|EPUS_07429T0
OG0005867	KAI4218542.1	XP_008720076.1
OG0005867	KAI4218542.1	GTX0466b15_008506-T1
OG0005867	KAI4218542.1	coassemb76_005047-T1
OG0005867	KAI4218542.1	jgi|Claba1|134601|Z519_12006T0
OG0005867	KAI4218542.1	jgi|Capcor1|93671|A1O1_00805T0
OG0005867	KAI4218542.1	jgi|Exoaq1|470|A1O9_00471T0
OG0005867	KAI4218542.1	KAJ9663381.1
OG0005867	KAI4218542.1	KAI9652451.1
OG0005931	KAI4239197.1	jgi|PseVKM4520_1|5116|transcript_KFZ12166, jgi|PseVKM4520_1|11080|transcript_KFZ23327
OG0006007	KAI4233785.1	jgi|Aspni_DSM_1|164921|An12g06090m.01
OG0006022	KAI4224403.1	jgi|EndpusZ1|6271|EPUS_05121T0
OG0006025	KAI4218044.1	jgi|Penexp1|9708|PEXP_100150T0
OG0006059	KAI4239100.1	jgi|Fusgr1|2494|FGSG_02179T0
OG0006059	KAI4239100.1	jgi|PseVKM4520_1|3328|transcript_KFZ15416
OG0006059	KAI4239100.1	jgi|Cocpo1_1|2021|XM_003066974.1
OG0006059	KAI4239100.1	jgi|Penexp1|8451|PEXP_015440T0
OG0006059	KAI4239100.1	coassemb378_010607-T1
OG0006059	KAI4239100.1	jgi|Sclsc1|11063|SS1G_04092T0
OG0006059	KAI4239100.1	jgi|EndpusZ1|8789|EPUS_03773T0
OG0006059	KAI4239100.1	jgi|Dibbae1|2023|DIBA_006633-RA
OG0006063	KAI4236919.1	jgi|Umbpus1|100783|LPUS_07473T0, jgi|Umbpus1|100322|LPUS_00725T0
OG0006094	KAI4233230.1	jgi|Penexp1|1455|PEXP_026990T0
OG0006094	KAI4233230.1	coassemb76_006090-T1, coassemb76_005829-T1
OG0006190	KAI4237079.1	jgi|Aurpu_var_mel1|66583|fgenesh1_pg.12_#_80
OG0006190	KAI4218385.1	jgi|Altal1|6868|CE6867_2937
OG0006269	KAI4235087.1	jgi|Podan3|208703|mRNA_7531
OG0006334	KAI4214087.1, KAI4214629.1	jgi|Aspni_DSM_1|164931|An12g06180m.01
OG0006351	KAI4207993.1	coassemb378_008669-T1, coassemb378_003689-T1
OG0006372	KAI4233084.1	jgi|Acastr1|120908|AST1_005077-RA
OG0006372	KAI4233084.1	KAI4284380.1
OG0006372	KAI4233084.1	KAI4089491.1
OG0006372	KAI4233084.1	jgi|Phach1|2506|rna2505
OG0006372	KAI4233084.1	CAF9916321.1
OG0006372	KAI4233084.1	jgi|Umbpus1|100750|LPUS_01359T0
OG0006372	KAI4233084.1	jgi|Penexp1|3977|PEXP_030500T0
OG0006372	KAI4233084.1	GTX0486b100_007586-T1
OG0006372	KAI4233084.1	KAI9712894.1
OG0006382	KAI4232443.1	KAJ9659592.1
OG0006446	KAI4220701.1	coassemb76_009989-T1
OG0006472	KAI4231529.1	KAI9720785.1
OG0006486	KAI4211840.1, KAI4231432.1, KAI4236366.1	GTX0486b100_000478-T1
OG0006512	KAI4238274.1	jgi|PseVKM4520_1|4471|transcript_KFZ13388
OG0006584	KAI4235233.1	jgi|Exoaq1|9369|A1O9_05797T0, jgi|Exoaq1|7606|A1O9_04137T0
OG0006586	KAI4220763.1, KAI4222026.1	jgi|Altal1|997246|estExt_Genewise1Plus.C_21_t20032
OG0006654	KAI4215441.1	jgi|Dibbae1|6525|DIBA_002660-RA
OG0006716	KAI4238622.1	jgi|Morco1|558143|estExt_fgenesh1_pm.C_170001
OG0006828	KAI4223570.1	coassemb76_004075-T1
OG0006828	KAI4223570.1	KAJ9651555.1
OG0006841	KAI4233309.1	jgi|Exoaq1|10150|A1O9_06583T0, jgi|Exoaq1|6236|A1O9_12037T0
OG0006842	KAI4222248.1	jgi|EndpusZ1|2241|EPUS_06577T0
OG0006971	KAI4231147.1	KAI9672148.1, KAI9665517.1
OG0007083	KAI4218700.1	coassemb378_010436-T1
OG0007102	KAI4238031.1	coassemb76_010212-T1
OG0007165	KAI4222838.1, KAI4222837.1	coassemb76_009436-T1
OG0008390	KAI4231865.1	jgi|Grascr1|3382|GST1_009162-RA
OG0008693	KAI4231092.1	jgi|Morco1|478317|gw1.38.285.1
