Orthogroup	JALAIP01_protein	Other
OG0000003	KAI4285159.1	jgi|Penexp1|10011|PEXP_017340T0, jgi|Penexp1|9403|PEXP_067070T0, jgi|Penexp1|7088|PEXP_076240T0
OG0000004	KAI4288467.1	jgi|Exoaq1|11121|A1O9_07456T0
OG0000004	KAI4290276.1	jgi|Claba1|133761|Z519_11161T0
OG0000015	KAI4286930.1	jgi|Penexp1|8498|PEXP_015910T0
OG0000015	KAI4286930.1	jgi|Aspni_DSM_1|166513|An14g07320m.01
OG0000015	KAI4286931.1	jgi|PseVKM4520_1|425|transcript_KFZ25212, jgi|PseVKM4520_1|8172|transcript_KFZ04610
OG0000015	KAI4286931.1	jgi|Sclsc1|4254|SS1G_10710T0
OG0000015	KAI4286931.1	jgi|Dibbae1|9025|DIBA_003299-RA
OG0000015	KAI4286931.1	coassemb64_002320-T1, coassemb64_007959-T1
OG0000015	KAI4286931.1	jgi|Claba1|133821|Z519_11221T0
OG0000016	KAI4287359.1	KAI9716702.1
OG0000016	KAI4287359.1	GTX0486b100_001164-T1, GTX0486b100_000790-T1, GTX0486b100_001165-T1
OG0000028	KAI4264921.1	jgi|Clagr3|2180|CLAGR_002167-RA
OG0000034	KAI4289624.1	KAI4231866.1
OG0000048	KAI4287198.1	KAJ9660456.1, KAJ9651860.1, KAJ9664322.1
OG0000066	KAI4289757.1	jgi|Phach1|1394|rna1393
OG0000072	KAI4283542.1	jgi|Aspni_DSM_1|167721|An16g04250m.01
OG0000077	KAI4258926.1	GTX0486b100_001948-T1
OG0000079	KAI4287114.1	coassemb378_008429-T1
OG0000079	KAI4287114.1	GTX0466b15_003748-T1
OG0000079	KAI4287114.1	coassemb76_008715-T1, coassemb76_005746-T1
OG0000079	KAI4287114.1	jgi|Grascr1|10197|GST1_004652-RA, jgi|Grascr1|10287|GST1_004600-RA, jgi|Grascr1|11314|GST1_005343-RA
OG0000079	KAI4287114.1	jgi|Clagr3|2864|CLAGR_002832-RA
OG0000079	KAI4287114.1	jgi|Phach1|5419|rna5418
OG0000079	KAI4287114.1	jgi|Fusgr1|13096|FGSG_11427T0
OG0000080	KAI4281201.1	XP_008714722.1
OG0000081	KAI4266041.1	jgi|Claba1|134768|Z519_12174T0
OG0000081	KAI4289987.1	KAI4236998.1
OG0000088	KAI4287751.1	KAI9832875.1
OG0000088	KAI4287751.1	KAI9724311.1
OG0000088	KAI4287751.1	GTX0486b100_000411-T1
OG0000088	KAI4287751.1	KAI9704347.1
OG0000088	KAI4287751.1	coassemb378_005264-T1
OG0000088	KAI4287751.1	jgi|Umbpus1|101527|LPUS_08241T0
OG0000088	KAI4287751.1	KAI4099545.1
OG0000088	KAI4287751.1	jgi|Clagr3|4442|CLAGR_004634-RA
OG0000088	KAI4287751.1	jgi|Acastr1|119310|AST1_004399-RA
OG0000088	KAI4287751.1	jgi|Grascr1|7285|GST1_011140-RA
OG0000091	KAI4286828.1, KAI4283964.1	coassemb76_008068-T1
OG0000094	KAI4289535.1	jgi|Aspni_DSM_1|158241|An03g02320m.01
OG0000096	KAI4289803.1	jgi|EndpusZ1|6610|EPUS_05226T0
OG0000097	KAI4264560.1	KAI9654591.1
OG0000097	KAI4264560.1	jgi|Ascim1|94350|CE94349_1320
OG0000097	KAI4264560.1	jgi|Acastr1|124960|AST1_008620-RA
OG0000097	KAI4264560.1	jgi|Fusgr1|8091|FGSG_07000T0
OG0000097	KAI4264560.1	jgi|Podan3|205071|mRNA_3899
OG0000097	KAI4264560.1	jgi|Neucr_trp3_1|7908|Neucr2.NCU06675T0
OG0000097	KAI4264560.1	jgi|Sclsc1|1190|SS1G_07646T0
OG0000097	KAI4264560.1	jgi|PseVKM4520_1|9590|transcript_KFZ03069
OG0000097	KAI4264560.1	jgi|Altal1|1054961|estExt_fgenesh1_pg.C_330036
OG0000097	KAI4264560.1	KAI9747795.1
OG0000097	KAI4264560.1	KAI9829671.1
OG0000097	KAI4264560.1	KAI9719748.1
OG0000097	KAI4264560.1	jgi|Exoaq1|4776|A1O9_02295T0
OG0000119	KAI4288476.1	jgi|Acastr1|126338|AST1_002427-RA
OG0000125	KAI4288828.1	jgi|Dibbae1|6490|DIBA_008349-RA
OG0000126	KAI4265792.1	coassemb76_010089-T1
OG0000126	KAI4265792.1	jgi|Grascr1|3178|GST1_002108-RA
OG0000126	KAI4276351.1	jgi|Penexp1|7858|PEXP_008390T0
OG0000131	KAI4290403.1	KAI9653286.1
OG0000131	KAI4290403.1	jgi|Aurpu_var_mel1|63718|fgenesh1_pg.4_#_55, jgi|Aurpu_var_mel1|56530|e_gw1.24.372.1
OG0000136	KAI4290032.1	jgi|Aspni_DSM_1|158536|An03g05440m.01
OG0000146	KAI4288517.1	jgi|Grascr1|714|GST1_007014-RA
OG0000146	KAI4288517.1	coassemb378_003750-T1
OG0000151	KAI4281366.1	jgi|PseVKM4520_1|10168|transcript_KFZ24155
OG0000151	KAI4281366.1	KAI9719401.1
OG0000157	KAI4289283.1	KAI9715689.1
OG0000164	KAI4279980.1	jgi|Podan3|206414|mRNA_5242
OG0000165	KAI4289619.1	KAI9708569.1
OG0000170	KAI4281733.1	jgi|Penexp1|120|PEXP_020750T0
OG0000170	KAI4281733.1	jgi|Altal1|702313|CE702312_36332, jgi|Altal1|993239|estExt_Genewise1Plus.C_15_t20144
OG0000177	KAI4266187.1	jgi|Aurpu_var_mel1|88715|gm1.9111_g
OG0000196	KAI4282502.1	jgi|Cocpo1_1|3633|XM_003068586.1
OG0000201	KAI4283671.1, KAI4286609.1, KAI4289076.1	coassemb378_001789-T1
OG0000206	KAI4288178.1	jgi|Penexp1|3673|PEXP_041520T0
OG0000220	KAI4281500.1	jgi|Grascr1|1541|GST1_006149-RA
OG0000225	KAI4288535.1	KAI9814907.1
OG0000225	KAI4288535.1	jgi|Sclsc1|8302|SS1G_13725T0
OG0000225	KAI4288535.1	jgi|Morco1|560683|estExt_fgenesh1_pm.C_650001
OG0000225	KAI4288535.1	jgi|Artol1|2273|AOL_s00043g436m.01
OG0000225	KAI4288535.1	jgi|Monha1|7794|H072_8061m.01
OG0000225	KAI4288535.1	KAI9702612.1
OG0000225	KAI4288535.1	jgi|Cocpo1_1|1292|XM_003066244.1
OG0000225	KAI4288535.1	jgi|Aspni_DSM_1|157941|An02g14210m.01
OG0000225	KAI4288535.1	jgi|Penexp1|885|PEXP_095150T0
OG0000225	KAI4288535.1	jgi|Fusgr1|6322|FGSG_05446T0
OG0000225	KAI4288535.1	jgi|Neucr_trp3_1|4084|Neucr2.NCU11320T0
OG0000225	KAI4288535.1	KAI9832666.1
OG0000225	KAI4288535.1	coassemb64_001699-T1
OG0000225	KAI4288535.1	jgi|Exoaq1|4289|A1O9_11813T0
OG0000225	KAI4288535.1	jgi|Fonmu1|1153|Z520_05783T0
OG0000225	KAI4288535.1	jgi|Claba1|127940|Z519_00321T0
OG0000225	KAI4288535.1	jgi|Capcor1|96866|A1O1_04018T0
OG0000225	KAI4288535.1	coassemb76_004317-T1
OG0000225	KAI4288535.1	GTX0466b15_003460-T1
OG0000225	KAI4288535.1	XP_008718489.1
OG0000225	KAI4288535.1	KAJ9657066.1
OG0000225	KAI4288535.1	coassemb378_000138-T1
OG0000225	KAI4288535.1	jgi|Grascr1|3221|GST1_008894-RA
OG0000225	KAI4288535.1	jgi|EndpusZ1|6608|EPUS_05224T0
OG0000238	KAI4290081.1	jgi|Aurpu_var_mel1|49698|e_gw1.11.49.1
OG0000238	KAI4290081.1	jgi|Altal1|1057710|gm1.1945_g
OG0000239	KAI4288763.1	jgi|Capcor1|94518|A1O1_01656T0
OG0000250	KAI4280323.1	KAI9712898.1
OG0000253	KAI4288879.1	coassemb64_000923-T1
OG0000253	KAI4275864.1	GTX0466b15_004827-T1
OG0000253	KAI4275864.1	XP_008719626.1, XP_008717279.1
OG0000258	KAI4285562.1	jgi|Aspni_DSM_1|160399|An07g01670m.01, jgi|Aspni_DSM_1|166512|An14g07310m.01, jgi|Aspni_DSM_1|168482|An18g00280m.01, jgi|Aspni_DSM_1|160266|An07g00280m.01, jgi|Aspni_DSM_1|155805|An01g07630m.01
OG0000293	KAI4288765.1	coassemb378_002291-T1
OG0000296	KAI4283092.1	jgi|Morco1|510216|estExt_Genewise1.C_450020
OG0000296	KAI4283092.1	XP_008718313.1
OG0000296	KAI4283092.1	coassemb64_003087-T1
OG0000296	KAI4283092.1	jgi|Aurpu_var_mel1|82958|gm1.3354_g
OG0000296	KAI4283092.1	jgi|Capcor1|99943|A1O1_07120T0
OG0000296	KAI4283092.1	jgi|Sclsc1|13833|SS1G_06862T0
OG0000296	KAI4283092.1	KAI9721243.1
OG0000296	KAI4283092.1	jgi|Umbpus1|101676|LPUS_08413T0
OG0000296	KAI4283092.1	jgi|Acastr1|126876|AST1_004053-RA
OG0000296	KAI4283092.1	jgi|Altal1|199194|CE199193_207
OG0000296	KAI4283092.1	KAI9711172.1
OG0000296	KAI4283092.1	jgi|Monha1|5379|H072_5492m.01
OG0000296	KAI4283092.1	coassemb76_009716-T1
OG0000308	KAI4277461.1	jgi|Capcor1|93137|A1O1_00267T0
OG0000314	KAI4286368.1	jgi|Exoaq1|12012|A1O9_08328T0
OG0000315	KAI4289913.1	jgi|Penexp1|2729|PEXP_108930T0
OG0000315	KAI4289913.1	jgi|Cocpo1_1|4194|XM_003069147.1
OG0000317	KAI4289663.1	jgi|Sclsc1|1845|SS1G_08301T0
OG0000317	KAI4289663.1	GTX0486b100_006784-T1
OG0000318	KAI4288387.1	jgi|Aspni_DSM_1|157513|An02g09980m.01, jgi|Aspni_DSM_1|156449|An01g14410m.01
OG0000331	KAI4285640.1	jgi|Aspni_DSM_1|165381|An12g10850m.01
OG0000333	KAI4274765.1	coassemb378_010980-T1
OG0000342	KAI4285847.1	jgi|Ascim1|123924|CE123923_1326
OG0000358	KAI4289687.1	CAF9942250.1
OG0000391	KAI4290079.1	jgi|Grascr1|5827|GST1_011412-RA
OG0000395	KAI4289394.1	jgi|EndpusZ1|4681|EPUS_02171T0
OG0000401	KAI4288814.1	jgi|Monha1|4268|H072_4348m.01
OG0000403	KAI4283592.1	KAI4106904.1
OG0000462	KAI4287328.1	jgi|PseVKM4520_1|9164|transcript_KFZ03549
OG0000464	KAI4287467.1	jgi|Fusgr1|3282|FGSG_14028T0
OG0000464	KAI4287467.1	jgi|Podan3|206897|mRNA_5725
OG0000466	KAI4289162.1	jgi|Grascr1|11362|GST1_005242-RA
OG0000470	KAI4287574.1, KAI4286449.1	jgi|Phach1|2717|rna2716
OG0000470	KAI4287574.1, KAI4286449.1	CAF9915761.1
OG0000485	KAI4268479.1	jgi|Penexp1|3620|PEXP_086100T0
OG0000494	KAI4283754.1	jgi|Fusgr1|6813|FGSG_05871T0
OG0000494	KAI4283754.1	jgi|Podan3|207955|mRNA_6783
OG0000494	KAI4283754.1	jgi|Neucr_trp3_1|10740|Neucr2.NCU05859T0
OG0000494	KAI4283754.1	coassemb378_011477-T1
OG0000525	KAI4281403.1	jgi|Dibbae1|3816|DIBA_001796-RA
OG0000528	KAI4286665.1	coassemb76_003245-T1
OG0000548	KAI4288115.1	jgi|Dibbae1|3070|DIBA_006297-RA
OG0000576	KAI4289072.1	coassemb376_007705-T1
OG0000580	KAI4272698.1	jgi|Capcor1|99769|A1O1_06944T0
OG0000615	KAI4264077.1	CAF9926602.1
OG0000620	KAI4288469.1	coassemb376_002221-T1
OG0000620	KAI4288469.1	CAF9924105.1
OG0000621	KAI4269824.1	CAF9904326.1
OG0000654	KAI4266466.1	coassemb64_005016-T1
OG0000654	KAI4266466.1	coassemb76_006623-T1
OG0000654	KAI4276143.1	jgi|Exoaq1|12309|A1O9_08604T0
OG0000654	KAI4281737.1	jgi|Exoaq1|12818|A1O9_09103T0
OG0000703	KAI4260208.1	jgi|Altal1|1099843|estExt_Genemark1.C_310035
OG0000714	KAI4286472.1	FUN_010557_T1_FUN_010557
OG0000721	KAI4251603.1	coassemb76_005366-T1
OG0000742	KAI4287625.1	KAJ9663078.1
OG0000774	KAI4286039.1	jgi|Dibbae1|1063|DIBA_004908-RA
OG0000775	KAI4286397.1	jgi|Aspni_DSM_1|166516|An14g07350m.01
OG0000780	KAI4265242.1	coassemb64_008147-T1
OG0000791	KAI4265623.1	jgi|EndpusZ1|9090|EPUS_06921T0
OG0000792	KAI4282560.1	jgi|Fusgr1|5336|FGSG_02884T0
OG0000793	KAI4289288.1, KAI4289463.1	coassemb378_010898-T1
OG0000796	KAI4290294.1	coassemb376_002365-T1
OG0000796	KAI4290294.1	coassemb378_011515-T1
OG0000823	KAI4286595.1	coassemb76_009583-T1
OG0000902	KAI4264987.1	FUN_000975_T1_FUN_000975
OG0000909	KAI4290205.1	jgi|Penexp1|7694|PEXP_006740T0
OG0000928	KAI4284831.1	KAJ9654449.1
OG0000938	KAI4275941.1, KAI4288003.1	GTX0486b100_008467-T1
OG0000945	KAI4281901.1	jgi|Fusgr1|8994|FGSG_07770T0
OG0000978	KAI4250993.1	KAJ9663328.1
OG0000978	KAI4250993.1	GTX0486b100_008487-T1
OG0000979	KAI4288921.1	coassemb76_008435-T1
OG0001008	KAI4290455.1	jgi|EndpusZ1|9085|EPUS_06916T0
OG0001008	KAI4290455.1	jgi|Podan3|204627|mRNA_3455
OG0001014	KAI4286544.1	jgi|Fonmu1|4494|Z520_01480T0
OG0001035	KAI4288312.1	CAF9933149.1
OG0001038	KAI4289641.1	GTX0466b15_000493-T1
OG0001038	KAI4289641.1	jgi|Penexp1|2724|PEXP_108880T0
OG0001045	KAI4286032.1	jgi|Aspni_DSM_1|160439|An07g02080m.01
OG0001060	KAI4285047.1	jgi|Morco1|578177|gm1.8953_g, jgi|Morco1|578182|gm1.8958_g, jgi|Morco1|578180|gm1.8956_g, jgi|Morco1|493985|e_gw1.58.72.1
OG0001077	KAI4286386.1	jgi|Altal1|941513|e_gw1.17.603.1
OG0001077	KAI4286386.1	jgi|Aurpu_var_mel1|48153|e_gw1.9.98.1
OG0001077	KAI4286386.1	KAI9670203.1
OG0001077	KAI4286386.1	KAI9716716.1
OG0001077	KAI4286386.1	KAI9828548.1
OG0001077	KAI4286386.1	KAI9717874.1
OG0001077	KAI4286386.1	KAI9704949.1
OG0001077	KAI4286386.1	GTX0486b100_001645-T1
OG0001077	KAI4286386.1	KAI9749723.1
OG0001077	KAI4286386.1	KAI9814685.1
OG0001077	KAI4286386.1	jgi|Umbpus1|101293|LPUS_02695T0
OG0001077	KAI4286386.1	jgi|Acastr1|125950|AST1_008055-RA
OG0001077	KAI4286386.1	jgi|Aspni_DSM_1|161048|An07g08280m.01
OG0001077	KAI4286386.1	jgi|Penexp1|3122|PEXP_106030T0
OG0001077	KAI4286386.1	jgi|Cocpo1_1|6743|XM_003071696.1
OG0001077	KAI4286386.1	jgi|Claba1|136167|Z519_12690T0
OG0001077	KAI4286386.1	jgi|Fonmu1|10351|Z520_12217T0
OG0001077	KAI4286386.1	jgi|Exoaq1|10978|A1O9_07347T0
OG0001077	KAI4286386.1	coassemb64_004668-T1
OG0001077	KAI4286386.1	jgi|Capcor1|99743|A1O1_06916T0
OG0001077	KAI4286386.1	coassemb76_004467-T1
OG0001077	KAI4286386.1	GTX0466b15_002403-T1
OG0001077	KAI4286386.1	XP_008714903.1
OG0001077	KAI4286386.1	KAJ9662722.1
OG0001077	KAI4286386.1	jgi|EndpusZ1|6132|EPUS_02399T0
OG0001077	KAI4286386.1	jgi|Phach1|1331|rna1330
OG0001077	KAI4286386.1	jgi|Grascr1|588|GST1_007194-RA
OG0001077	KAI4286386.1	jgi|Dibbae1|7597|DIBA_010689-RA
OG0001077	KAI4286386.1	coassemb376_004157-T1
OG0001077	KAI4286386.1	jgi|Clagr3|9694|CLAGR_009816-RA
OG0001077	KAI4286386.1	CAF9929550.1
OG0001077	KAI4286386.1	KAI4105648.1
OG0001077	KAI4286386.1	KAI4105648.1
OG0001077	KAI4286386.1	FUN_010065_T1_FUN_010065
OG0001077	KAI4286386.1	GTX0494b19_002522-T1
OG0001077	KAI4286386.1	KAI4100984.1
OG0001077	KAI4286386.1	KAI4224578.1
OG0001077	KAI4286386.1	KAI4230565.1
OG0001077	KAI4286386.1	coassemb76_010062-T1
OG0001077	KAI4286386.1	coassemb76_010062-T1
OG0001080	KAI4284947.1	jgi|Grascr1|8725|GST1_011777-RA
OG0001084	KAI4288897.1	jgi|Fusgr1|6893|FGSG_05944T0
OG0001115	KAI4290561.1	coassemb76_002847-T1, coassemb76_003966-T1
OG0001115	KAI4290561.1	jgi|Dibbae1|6852|DIBA_009240-RA
OG0001116	KAI4288569.1	jgi|PseVKM4520_1|8715|transcript_KFZ04061
OG0001133	KAI4285279.1	jgi|Exoaq1|7366|A1O9_03896T0
OG0001135	KAI4287634.1	jgi|Artol1|3669|AOL_s00075g7m.01
OG0001144	KAI4287681.1	coassemb378_005320-T1, coassemb378_011564-T1
OG0001146	KAI4290470.1	jgi|Sclsc1|10347|SS1G_03376T0
OG0001151	KAI4286925.1	coassemb64_003162-T1
OG0001182	KAI4282777.1	jgi|Fonmu1|10688|Z520_03889T0
OG0001184	KAI4286661.1	jgi|Exoaq1|6235|A1O9_12036T0
OG0001191	KAI4287661.1	jgi|Morco1|547704|fgenesh1_pg.43_#_83
OG0001203	KAI4289068.1	jgi|Clagr3|9146|CLAGR_009773-RA
OG0001206	KAI4284894.1	KAI9702425.1
OG0001227	KAI4284538.1	jgi|Artol1|4183|AOL_s00076g279m.01
OG0001227	KAI4284538.1	jgi|Aspni_DSM_1|158193|An03g01800m.01
OG0001235	KAI4287086.1	coassemb76_007875-T1
OG0001250	KAI4290386.1	GTX0466b15_001962-T1
OG0001281	KAI4281966.1	jgi|Artol1|5|AOL_s00004g4m.01
OG0001281	KAI4281966.1	jgi|Fusgr1|13314|FGSG_11241T0, jgi|Fusgr1|10669|FGSG_09212T0
OG0001299	KAI4268744.1	jgi|EndpusZ1|3851|EPUS_02578T0
OG0001300	KAI4289556.1	jgi|Artol1|5665|AOL_s00079g439m.01
OG0001308	KAI4287656.1	jgi|Grascr1|11369|GST1_005249-RA, jgi|Grascr1|11367|GST1_005247-RA
OG0001334	KAI4287844.1	jgi|Exoaq1|8619|A1O9_12874T0
OG0001365	KAI4281159.1	jgi|Podan3|208764|mRNA_7592
OG0001369	KAI4289937.1	coassemb76_001977-T1
OG0001406	KAI4286480.1	coassemb76_009080-T1
OG0001435	KAI4287589.1	KAJ9658662.1
OG0001435	KAI4287589.1	XP_008710970.1
OG0001435	KAI4287589.1	jgi|Aspni_DSM_1|155340|An01g02900m.01
OG0001435	KAI4287589.1	jgi|PseVKM4520_1|9740|transcript_KFZ02899
OG0001435	KAI4287589.1	KAI9671681.1
OG0001435	KAI4287589.1	jgi|Fusgr1|2239|FGSG_01955T0
OG0001435	KAI4287589.1	jgi|Penexp1|11011|PEXP_020120T0
OG0001435	KAI4287589.1	jgi|Podan3|205845|mRNA_4673
OG0001435	KAI4287589.1	jgi|Aurpu_var_mel1|75145|fgenesh1_pm.9_#_243
OG0001435	KAI4287589.1	jgi|Altal1|1032084|fgenesh1_pm.13_#_119
OG0001435	KAI4287589.1	coassemb76_000124-T1
OG0001435	KAI4287589.1	GTX0466b15_007182-T1
OG0001435	KAI4287589.1	jgi|Cocpo1_1|6354|XM_003071307.1
OG0001435	KAI4287589.1	jgi|Phach1|6698|rna6697
OG0001435	KAI4287589.1	jgi|Fonmu1|1743|Z520_06376T0
OG0001435	KAI4287589.1	jgi|Claba1|138256|Z519_04783T0
OG0001435	KAI4287589.1	jgi|Capcor1|96772|A1O1_03923T0
OG0001435	KAI4287589.1	coassemb64_007869-T1
OG0001435	KAI4287589.1	jgi|Exoaq1|9348|A1O9_05776T0
OG0001435	KAI4287589.1	jgi|Grascr1|10914|GST1_003704-RA
OG0001435	KAI4287589.1	jgi|Dibbae1|4311|DIBA_008487-RA
OG0001435	KAI4287589.1	coassemb378_002718-T1
OG0001435	KAI4287589.1	jgi|Sclsc1|6374|SS1G_01874T0
OG0001435	KAI4287589.1	jgi|Erypu1|5176|transcript_POS85523
OG0001435	KAI4287589.1	FUN_001804_T1_FUN_001804
OG0001435	KAI4287589.1	GTX0494b19_001274-T1
OG0001435	KAI4287589.1	KAI4105179.1
OG0001435	KAI4287589.1	KAI4229073.1
OG0001435	KAI4287589.1	KAI4239543.1
OG0001435	KAI4287589.1	coassemb376_005892-T1
OG0001435	KAI4287589.1	jgi|Clagr3|5503|CLAGR_005505-RA
OG0001435	KAI4287589.1	jgi|Umbpus1|105787|LPUS_03821T0
OG0001435	KAI4287589.1	jgi|EndpusZ1|238|EPUS_07092T0
OG0001435	KAI4287589.1	CAF9925284.1
OG0001435	KAI4287589.1	jgi|Acastr1|127073|AST1_001785-RA
OG0001435	KAI4287589.1	KAI4110036.1
OG0001435	KAI4287589.1	KAI9824418.1
OG0001435	KAI4287589.1	coassemb376_005892-T1
OG0001435	KAI4287589.1	KAI9696827.1
OG0001435	KAI4287589.1	GTX0486b100_001328-T1
OG0001435	KAI4287589.1	KAI9718565.1
OG0001435	KAI4287589.1	KAI9747089.1
OG0001452	KAI4282628.1	KAI9714973.1
OG0001473	KAI4281881.1	jgi|Fusgr1|2642|FGSG_02304T0
OG0001487	KAI4287953.1	coassemb76_009690-T1
OG0001489	KAI4287892.1	coassemb378_010712-T1
OG0001489	KAI4287892.1	coassemb376_006328-T1
OG0001499	KAI4284463.1	jgi|EndpusZ1|2781|EPUS_05882T0
OG0001518	KAI4287861.1	jgi|Penexp1|8657|PEXP_013540T0
OG0001522	KAI4287055.1	jgi|Aspni_DSM_1|158203|An03g01910m.01
OG0001529	KAI4285077.1	jgi|Aspni_DSM_1|168268|An17g00540m.01
OG0001529	KAI4285077.1	coassemb64_004123-T1
OG0001536	KAI4283311.1	jgi|Podan3|211277|mRNA_10105
OG0001557	KAI4257118.1	coassemb64_004441-T1
OG0001567	KAI4284898.1	coassemb76_007635-T1
OG0001572	KAI4289398.1	jgi|EndpusZ1|5482|EPUS_00638T0
OG0001572	KAI4289398.1	jgi|Phach1|2327|rna2326
OG0001572	KAI4289398.1	KAJ9664419.1
OG0001572	KAI4289398.1	coassemb64_001033-T1
OG0001572	KAI4289398.1	jgi|Exoaq1|3931|A1O9_11453T0
OG0001572	KAI4289398.1	jgi|Claba1|128081|Z519_00464T0
OG0001572	KAI4289398.1	jgi|Fonmu1|7479|Z520_10451T0
OG0001572	KAI4289398.1	jgi|Capcor1|94340|A1O1_01477T0
OG0001572	KAI4289398.1	coassemb76_000360-T1
OG0001572	KAI4289398.1	GTX0466b15_008229-T1
OG0001572	KAI4289398.1	XP_008718789.1
OG0001572	KAI4289398.1	jgi|Clagr3|3038|CLAGR_002700-RA
OG0001572	KAI4289398.1	jgi|Clagr3|3038|CLAGR_002700-RA
OG0001580	KAI4287607.1	KAI9813001.1
OG0001580	KAI4287607.1	KAI9753940.1
OG0001580	KAI4287607.1	KAI9715767.1
OG0001580	KAI4287607.1	GTX0486b100_004046-T1
OG0001580	KAI4287607.1	KAI9697684.1
OG0001580	KAI4287607.1	jgi|Acastr1|120225|AST1_000032-RA
OG0001580	KAI4287607.1	jgi|Umbpus1|102963|LPUS_03362T0
OG0001580	KAI4287607.1	CAF9943071.1
OG0001580	KAI4287607.1	KAI9833497.1
OG0001580	KAI4287607.1	jgi|Altal1|861048|CE861047_4290
OG0001580	KAI4287607.1	jgi|Aurpu_var_mel1|47970|e_gw1.9.592.1
OG0001580	KAI4287607.1	GTX0466b15_008830-T1
OG0001580	KAI4287607.1	coassemb76_003750-T1
OG0001580	KAI4287607.1	XP_008719403.1
OG0001580	KAI4287607.1	jgi|Exoaq1|349|A1O9_00349T0
OG0001580	KAI4287607.1	coassemb64_002131-T1
OG0001580	KAI4287607.1	jgi|Capcor1|94371|A1O1_01508T0
OG0001580	KAI4287607.1	jgi|Claba1|137855|Z519_04381T0
OG0001580	KAI4287607.1	jgi|Fonmu1|1949|Z520_06582T0
OG0001580	KAI4287607.1	KAJ9655997.1
OG0001580	KAI4287607.1	jgi|EndpusZ1|5667|EPUS_03496T0
OG0001580	KAI4287607.1	KAI9728926.1
OG0001580	KAI4287607.1	jgi|PseVKM4520_1|2923|transcript_KFZ16115
OG0001580	KAI4287607.1	KAI9651536.1
OG0001580	KAI4287607.1	jgi|Sclsc1|9497|SS1G_02912T0
OG0001580	KAI4287607.1	jgi|Clagr3|8536|CLAGR_008768-RA
OG0001581	KAI4289190.1	KAI9825660.1
OG0001609	KAI4281491.1	jgi|Aspni_DSM_1|155314|An01g02620m.01
OG0001609	KAI4281491.1	jgi|Penexp1|62|PEXP_021530T0, jgi|Penexp1|5215|PEXP_045400T0
OG0001609	KAI4281491.1	jgi|Cocpo1_1|6646|XM_003071599.1
OG0001609	KAI4281491.1	jgi|Phach1|4340|rna4339
OG0001609	KAI4281491.1	jgi|EndpusZ1|2223|EPUS_03952T0
OG0001609	KAI4281491.1	jgi|Fonmu1|51|Z520_00052T0
OG0001609	KAI4281491.1	jgi|Claba1|128808|Z519_07108T0
OG0001609	KAI4281491.1	jgi|Capcor1|97920|A1O1_05082T0
OG0001609	KAI4281491.1	jgi|Exoaq1|7353|A1O9_03883T0
OG0001609	KAI4281491.1	XP_008720605.1
OG0001609	KAI4281491.1	KAJ9662508.1
OG0001609	KAI4281491.1	GTX0466b15_008327-T1
OG0001609	KAI4281491.1	KAI9669354.1
OG0001609	KAI4281491.1	KAI9669354.1
OG0001635	KAI4289371.1	coassemb76_009868-T1
OG0001640	KAI4289528.1	KAI4086500.1
OG0001668	KAI4269647.1	coassemb76_009897-T1
OG0001702	KAI4283539.1	GTX0486b100_005054-T1
OG0001702	KAI4283539.1	KAI9839547.1
OG0001704	KAI4290606.1	coassemb76_009440-T1
OG0001707	KAI4287390.1	CAF9932627.1
OG0001708	KAI4288549.1	jgi|Clagr3|3759|CLAGR_003461-RA
OG0001708	KAI4288549.1	jgi|Grascr1|10596|GST1_012689-RA
OG0001711	KAI4264267.1	coassemb76_010120-T1
OG0001711	KAI4270492.1	coassemb76_007893-T1
OG0001732	KAI4286979.1	GTX0486b100_008526-T1
OG0001744	KAI4288783.1	coassemb378_008974-T1
OG0001746	KAI4286320.1	coassemb378_003258-T1
OG0001754	KAI4288081.1	jgi|Erypu1|6183|transcript_POS81775
OG0001761	KAI4286113.1	jgi|Fonmu1|1328|Z520_05958T0
OG0001767	KAI4265008.1	FUN_009225_T2_FUN_009225, FUN_009225_T1_FUN_009225
OG0001767	KAI4265008.1	KAI4104620.1
OG0001768	KAI4286711.1	KAI9700457.1
OG0001770	KAI4288034.1	jgi|Fusgr1|9933|FGSG_08344T0
OG0001782	KAI4290180.1	jgi|Acastr1|119261|AST1_001460-RA
OG0001791	KAI4290007.1	CAF9908416.1
OG0001796	KAI4286655.1	jgi|PseVKM4520_1|2442|transcript_KFZ16962
OG0001800	KAI4286635.1	jgi|Claba1|131384|Z519_09698T0
OG0001800	KAI4286635.1	coassemb76_009563-T1
OG0001827	KAI4280617.1	jgi|Erypu1|6487|transcript_POS81721
OG0001830	KAI4290252.1	coassemb76_007596-T1
OG0001834	KAI4288728.1	KAI9717546.1
OG0001845	KAI4286909.1	jgi|Claba1|131841|Z519_10158T0
OG0001845	KAI4286909.1	coassemb76_008813-T1
OG0001846	KAI4287252.1	coassemb76_009430-T1
OG0001849	KAI4282566.1	KAI9726210.1
OG0001860	KAI4290259.1	jgi|Aurpu_var_mel1|70521|fgenesh1_pg.47_#_5
OG0001890	KAI4288635.1	jgi|Penexp1|1359|PEXP_026030T0
OG0001901	KAI4286564.1	KAI9652670.1
OG0001901	KAI4286564.1	KAI9717484.1
OG0001901	KAI4286564.1	jgi|Grascr1|10449|GST1_003613-RA, jgi|Grascr1|4986|GST1_001424-RA, jgi|Grascr1|4987|GST1_001425-RA
OG0001901	KAI4286564.1	coassemb378_005915-T1
OG0001932	KAI4288106.1	jgi|Neucr_trp3_1|5863|Neucr2.NCU06385T0
OG0001935	KAI4288590.1	jgi|Morco1|203785|CE203784_1176
OG0001950	KAI4287372.1	jgi|Erypu1|5784|transcript_POS81829
OG0002000	KAI4279879.1	jgi|Podan3|202075|mRNA_903
OG0002000	KAI4279879.1	jgi|Neucr_trp3_1|678|Neucr2.NCU02513T0
OG0002000	KAI4279879.1	jgi|Fusgr1|1255|FGSG_01069T0
OG0002000	KAI4279879.1	KAI4230270.1
OG0002000	KAI4279879.1	KAI4101307.1
OG0002000	KAI4279879.1	KAI4226421.1
OG0002000	KAI4279879.1	GTX0494b19_001649-T1
OG0002000	KAI4279879.1	FUN_008451_T1_FUN_008451
OG0002000	KAI4279879.1	KAI4106679.1
OG0002000	KAI4279879.1	coassemb376_002347-T1
OG0002000	KAI4279879.1	CAF9909326.1
OG0002000	KAI4279879.1	jgi|PseVKM4520_1|3468|transcript_KFZ15188
OG0002004	KAI4287653.1	coassemb76_000425-T1
OG0002008	KAI4288309.1	coassemb376_004075-T1
OG0002029	KAI4287954.1	coassemb76_009689-T1
OG0002079	KAI4271278.1	KAI9670275.1
OG0002079	KAI4271278.1	KAI9728406.1
OG0002079	KAI4271278.1	jgi|Clagr3|130|CLAGR_000127-RA
OG0002079	KAI4271278.1	jgi|Dibbae1|572|DIBA_000961-RA
OG0002081	KAI4290326.1	coassemb64_004135-T1
OG0002082	KAI4286300.1	jgi|Neucr_trp3_1|8808|Neucr2.NCU04822T0
OG0002154	KAI4289291.1	jgi|Sclsc1|8089|SS1G_13512T0
OG0002154	KAI4289291.1	coassemb76_008216-T1
OG0002184	KAI4256010.1	coassemb76_009965-T1
OG0002196	KAI4288195.1	coassemb378_007075-T1
OG0002203	KAI4288022.1	jgi|Grascr1|5814|GST1_003548-RA
OG0002221	KAI4289012.1	jgi|EndpusZ1|176|EPUS_09319T0
OG0002235	KAI4290666.1	jgi|EndpusZ1|4631|EPUS_02121T0
OG0002300	KAI4290298.1	CAF9929008.1
OG0002300	KAI4290298.1	jgi|Phach1|5297|rna5296
OG0002300	KAI4290298.1	jgi|EndpusZ1|1466|EPUS_06190T0
OG0002300	KAI4290298.1	jgi|Sclsc1|13575|SS1G_06604T0
OG0002300	KAI4290298.1	KAI9757323.1
OG0002300	KAI4290298.1	KAI9827515.1
OG0002326	KAI4265799.1	jgi|Grascr1|5606|GST1_009829-RA
OG0002329	KAI4289628.1	jgi|Podan3|204699|mRNA_3527
OG0002329	KAI4289628.1	jgi|Clagr3|9086|CLAGR_008387-RA
OG0002329	KAI4289628.1	KAI9714696.1
OG0002329	KAI4289628.1	KAI4103537.1
OG0002329	KAI4289628.1	KAI4098389.1
OG0002329	KAI4289628.1	KAI4235071.1
OG0002329	KAI4289628.1	KAI4223054.1
OG0002329	KAI4289628.1	jgi|Dibbae1|8223|DIBA_010511-RA
OG0002329	KAI4289628.1	jgi|Dibbae1|8223|DIBA_010511-RA
OG0002329	KAI4289628.1	KAI9716370.1
OG0002342	KAI4290217.1	coassemb76_009114-T1
OG0002468	KAI4288857.1	coassemb64_002119-T1
OG0002473	KAI4283317.1	coassemb76_009557-T1
OG0002532	KAI4287776.1	coassemb378_011050-T1
OG0002553	KAI4289572.1	coassemb376_006157-T1
OG0002624	KAI4290058.1	coassemb76_009612-T1
OG0002624	KAI4290058.1	KAJ9649871.1
OG0002650	KAI4288834.1	coassemb76_006781-T1
OG0002656	KAI4289679.1	jgi|Erypu1|138|transcript_POS81639
OG0002676	KAI4290253.1	coassemb76_007595-T1
OG0002704	KAI4287042.1	coassemb76_008812-T1
OG0002705	KAI4286705.1	jgi|Erypu1|6046|transcript_POS84979
OG0002705	KAI4286705.1	jgi|PseVKM4520_1|8356|transcript_KFZ04426
OG0002705	KAI4286705.1	jgi|Podan3|210275|mRNA_9103
OG0002705	KAI4286705.1	jgi|Neucr_trp3_1|6392|Neucr2.NCU07297T0
OG0002705	KAI4286705.1	KAI9654054.1
OG0002705	KAI4286705.1	KAI9726145.1
OG0002705	KAI4286705.1	jgi|Cocpo1_1|3698|XM_003068651.1
OG0002705	KAI4286705.1	jgi|Aspni_DSM_1|168950|An18g05110m.01
OG0002705	KAI4286705.1	jgi|Penexp1|10896|PEXP_089940T0
OG0002705	KAI4286705.1	KAJ9664031.1
OG0002705	KAI4286705.1	jgi|Capcor1|97439|A1O1_04597T0
OG0002705	KAI4286705.1	jgi|Claba1|128839|Z519_07139T0
OG0002705	KAI4286705.1	jgi|Fonmu1|74|Z520_00075T0
OG0002705	KAI4286705.1	jgi|Exoaq1|4824|A1O9_02344T0
OG0002705	KAI4286705.1	coassemb64_005332-T1
OG0002705	KAI4286705.1	XP_008720172.1
OG0002705	KAI4286705.1	GTX0466b15_003625-T1
OG0002705	KAI4286705.1	coassemb76_002493-T1
OG0002705	KAI4286705.1	jgi|EndpusZ1|355|EPUS_04323T0
OG0002705	KAI4286705.1	jgi|Phach1|5715|rna5714
OG0002705	KAI4286705.1	jgi|Artol1|2736|AOL_s00054g69m.01
OG0002705	KAI4286705.1	jgi|Monha1|4334|H072_4426m.01
OG0002705	KAI4286705.1	KAJ9651166.1
OG0002705	KAI4286705.1	coassemb376_005348-T1, coassemb376_005833-T1
OG0002705	KAI4286705.1	jgi|Fusgr1|717|FGSG_00601T0
OG0002705	KAI4286705.1	KAJ9651166.1
OG0002707	KAI4290649.1	coassemb76_008891-T1
OG0002716	KAI4289845.1	coassemb378_006947-T1
OG0002718	KAI4286810.1	coassemb64_002777-T1
OG0002738	KAI4289849.1	jgi|Monha1|1364|H072_1364m.01
OG0002738	KAI4289849.1	jgi|Sclsc1|3554|SS1G_10010T0
OG0002760	KAI4283695.1	jgi|Monha1|5677|H072_5862m.01
OG0002761	KAI4287423.1	jgi|Aspni_DSM_1|155792|An01g07490m.01
OG0002764	KAI4286328.1	jgi|Ascim1|377009|estExt_fgenesh1_pg.C_420059
OG0002915	KAI4288491.1	jgi|Podan3|210066|mRNA_8894
OG0002915	KAI4288491.1	KAJ9653342.1
OG0002940	KAI4265487.1	coassemb64_002535-T1
OG0002940	KAI4265487.1	jgi|Acastr1|122943|AST1_008079-RA
OG0002973	KAI4277779.1	coassemb378_010763-T1
OG0003022	KAI4287070.1	coassemb378_004555-T1
OG0003031	KAI4287062.1	jgi|Exoaq1|5208|A1O9_02731T0
OG0003044	KAI4280374.1	jgi|PseVKM4520_1|5317|transcript_KFZ11750
OG0003055	KAI4266419.1	jgi|Grascr1|9922|GST1_003923-RA
OG0003143	KAI4287444.1	jgi|Aspni_DSM_1|163709|An11g04690m.01
OG0003155	KAI4287587.1	jgi|Grascr1|80|GST1_000080-RA
OG0003255	KAI4286045.1	coassemb76_009234-T1
OG0003275	KAI4287824.1	coassemb76_010196-T1
OG0003326	KAI4288120.1	jgi|Exoaq1|10143|A1O9_06576T0
OG0003327	KAI4276823.1	jgi|Morco1|537732|fgenesh1_kg.40_#_60_#_Locus3159v1rpkm49.35
OG0003398	KAI4261340.1	jgi|Cocpo1_1|5470|XM_003070423.1
OG0003398	KAI4260686.1	jgi|Podan3|207063|mRNA_5891
OG0003398	KAI4260686.1	coassemb64_005159-T1
OG0003481	KAI4261678.1	coassemb378_002930-T1
OG0003481	KAI4261678.1	jgi|Grascr1|6948|GST1_012543-RA
OG0003481	KAI4261678.1	jgi|Cocpo1_1|3768|XM_003068721.1
OG0003481	KAI4261678.1	jgi|Penexp1|7737|PEXP_007180T0
OG0003481	KAI4261678.1	jgi|Aspni_DSM_1|157379|An02g08590m.01
OG0003482	KAI4263686.1	jgi|Dibbae1|9620|DIBA_003758-RA
OG0003482	KAI4263686.1	jgi|Altal1|283663|CE283662_23
OG0003482	KAI4263686.1	coassemb76_009858-T1
OG0003488	KAI4276331.1	jgi|Neucr_trp3_1|1223006|e_gw1.223.19.1
OG0003527	KAI4268025.1	jgi|Acastr1|120673|AST1_005516-RA
OG0003527	KAI4268025.1	KAI9721790.1
OG0003527	KAI4268025.1	GTX0486b100_005594-T1
OG0003527	KAI4268025.1	KAI9701120.1
OG0003527	KAI4268025.1	jgi|PseVKM4520_1|5796|transcript_KFZ24760
OG0003527	KAI4268025.1	coassemb76_005831-T1, coassemb76_006654-T1
OG0003534	KAI4290160.1	KAI9724968.1
OG0003546	KAI4286978.1	GTX0486b100_008525-T1
OG0003739	KAI4289387.1	KAI9725934.1
OG0003739	KAI4289387.1	KAI9652367.1
OG0003739	KAI4289387.1	jgi|EndpusZ1|9169|EPUS_06430T0
OG0003739	KAI4289387.1	jgi|Claba1|128213|Z519_00596T0
OG0003739	KAI4289387.1	jgi|Fonmu1|3708|Z520_08344T0
OG0003739	KAI4289387.1	jgi|Capcor1|93933|A1O1_01069T0
OG0003739	KAI4289387.1	jgi|Exoaq1|1210|A1O9_01215T0
OG0003739	KAI4289387.1	XP_008718955.1
OG0003739	KAI4289387.1	GTX0466b15_001527-T1
OG0003739	KAI4289387.1	coassemb76_007588-T1
OG0003739	KAI4289387.1	KAJ9662339.1
OG0003739	KAI4289387.1	jgi|Phach1|1261|rna1260
OG0003739	KAI4289387.1	jgi|Penexp1|10749|PEXP_090880T0
OG0003739	KAI4289387.1	jgi|Aspni_DSM_1|158941|An04g02510m.01
OG0003739	KAI4289387.1	jgi|Cocpo1_1|5605|XM_003070558.1
OG0003739	KAI4289387.1	jgi|PseVKM4520_1|9436|transcript_KFZ03227
OG0003739	KAI4289387.1	jgi|Sclsc1|7683|SS1G_13106T0
OG0003739	KAI4289387.1	jgi|Dibbae1|7194|DIBA_011383-RA, jgi|Dibbae1|4339|DIBA_001967-RA
OG0003782	KAI4283598.1	coassemb76_001444-T1
OG0003794	KAI4290045.1	KAI9817910.1
OG0003802	KAI4286701.1	jgi|Claba1|130454|Z519_08761T0
OG0003829	KAI4286657.1	coassemb378_009065-T1
OG0003858	KAI4287955.1	GTX0486b100_004435-T1
OG0003859	KAI4287952.1	coassemb76_009691-T1
OG0003946	KAI4289376.1	coassemb76_009991-T1
OG0003980	KAI4281608.1	coassemb76_006176-T1
OG0003987	KAI4288753.1	jgi|Dibbae1|11444|DIBA_003947-RA
OG0003994	KAI4286425.1	jgi|Acastr1|119568|AST1_001503-RA
OG0003994	KAI4286425.1	KAI9819312.1
OG0003994	KAI4286425.1	jgi|Phach1|6296|rna6295
OG0003994	KAI4286425.1	jgi|EndpusZ1|7470|EPUS_01889T0
OG0003994	KAI4286425.1	jgi|Dibbae1|8089|DIBA_010715-RA
OG0004115	KAI4281582.1	jgi|Penexp1|7114|PEXP_076500T0
OG0004184	KAI4289099.1	FUN_008494_T1_FUN_008494
OG0004250	KAI4289903.1	jgi|Claba1|128932|Z519_07232T0
OG0004250	KAI4289903.1	jgi|Monha1|1644|H072_1644m.01
OG0004260	KAI4287419.1	coassemb76_009531-T1
OG0004284	KAI4288152.1	KAJ9650877.1
OG0004295	KAI4290286.1	jgi|Fusgr1|12290|FGSG_10627T0
OG0004308	KAI4287360.1	jgi|Aspni_DSM_1|159406|An04g07230m.01
OG0004308	KAI4287360.1	jgi|Penexp1|3549|PEXP_086730T0
OG0004308	KAI4287360.1	jgi|Fusgr1|12415|FGSG_13829T0
OG0004318	KAI4290522.1	jgi|PseVKM4520_1|3541|transcript_KFZ14981
OG0004511	KAI4286636.1	coassemb76_009565-T1
OG0004527	KAI4289443.1	KAI9652523.1
OG0004622	KAI4288938.1	jgi|Clagr3|2324|CLAGR_001722-RA
OG0004631	KAI4283261.1	KAI9700672.1
OG0004640	KAI4282251.1	KAI9710051.1
OG0004664	KAI4287509.1	jgi|Grascr1|678|GST1_001391-RA
OG0004683	KAI4287834.1	jgi|Podan3|206003|mRNA_4831
OG0004811	KAI4264322.1	jgi|Grascr1|8519|GST1_003040-RA
OG0004821	KAI4289021.1	jgi|Acastr1|125605|AST1_005124-RA
OG0004821	KAI4289021.1	jgi|Aspni_DSM_1|168677|An18g02320m.01
OG0004993	KAI4283850.1	jgi|Aspni_DSM_1|160798|An07g05740m.01
OG0005228	KAI4272712.1	jgi|Monha1|8323|H072_8618m.01
OG0005243	KAI4287187.1	GTX0466b15_004710-T1
OG0005351	KAI4289077.1	KAJ9653021.1
OG0005425	KAI4264933.1	jgi|Phach1|1154|rna1153
OG0005435	KAI4282829.1	jgi|Acastr1|121105|AST1_006607-RA
OG0005479	KAI4287334.1	jgi|Clagr3|8990|CLAGR_008713-RA
OG0005484	KAI4289157.1	jgi|Fonmu1|2034|Z520_06667T0
OG0005499	KAI4272611.1	jgi|Penexp1|2970|PEXP_089060T0
OG0005499	KAI4272611.1	jgi|Exoaq1|4779|A1O9_02298T0, jgi|Exoaq1|9599|A1O9_06029T0
OG0005512	KAI4286327.1	KAI9702096.1
OG0005563	KAI4288230.1	jgi|Aurpu_var_mel1|77219|fgenesh1_pm.19_#_28
OG0005563	KAI4288230.1	jgi|Artol1|1143|AOL_s00006g483m.01
OG0005575	KAI4288411.1	jgi|Aspni_DSM_1|161719|An08g04560m.01
OG0005605	KAI4288199.1	coassemb64_003773-T1
OG0005605	KAI4288199.1	GTX0486b100_008523-T1
OG0005689	KAI4286592.1	coassemb76_009641-T1
OG0005718	KAI4273293.1	GTX0466b15_006999-T1, GTX0466b15_009230-T1
OG0005794	KAI4281154.1	coassemb76_008471-T1
OG0005816	KAI4267027.1	jgi|Aspni_DSM_1|161497|An08g02360m.01
OG0005816	KAI4267027.1	jgi|Capcor1|99102|A1O1_06273T0
OG0005816	KAI4267027.1	jgi|Fonmu1|4959|Z520_08770T0
OG0005816	KAI4267027.1	jgi|Claba1|137399|Z519_03925T0
OG0005816	KAI4267027.1	coassemb76_003102-T1
OG0005816	KAI4267027.1	GTX0466b15_007226-T1
OG0005816	KAI4267027.1	XP_008710945.1
OG0005816	KAI4267027.1	KAJ9652760.1
OG0005816	KAI4267027.1	KAI9755815.1
OG0006003	KAI4268149.1	XP_008717735.1
OG0006007	KAI4286741.1	jgi|Aspni_DSM_1|164921|An12g06090m.01
OG0006022	KAI4279979.1	jgi|EndpusZ1|6271|EPUS_05121T0
OG0006025	KAI4265144.1	jgi|Penexp1|9708|PEXP_100150T0
OG0006063	KAI4288017.1	jgi|Umbpus1|100783|LPUS_07473T0, jgi|Umbpus1|100322|LPUS_00725T0
OG0006094	KAI4256330.1	jgi|Penexp1|1455|PEXP_026990T0
OG0006094	KAI4256330.1	coassemb76_006090-T1, coassemb76_005829-T1
OG0006187	KAI4287007.1	GTX0486b100_008562-T1
OG0006190	KAI4280259.1	jgi|Aurpu_var_mel1|66583|fgenesh1_pg.12_#_80
OG0006190	KAI4275014.1	jgi|Altal1|6868|CE6867_2937
OG0006269	KAI4280258.1	jgi|Podan3|208703|mRNA_7531
OG0006334	KAI4280080.1	jgi|Aspni_DSM_1|164931|An12g06180m.01
OG0006351	KAI4287116.1	coassemb378_008669-T1, coassemb378_003689-T1
OG0006372	KAI4284380.1	KAI4233084.1
OG0006586	KAI4287911.1	jgi|Altal1|997246|estExt_Genewise1Plus.C_21_t20032
OG0006638	KAI4290062.1	jgi|Dibbae1|8770|DIBA_002263-RA
OG0006638	KAI4290062.1	jgi|Clagr3|6591|CLAGR_006304-RA
OG0006638	KAI4290062.1	jgi|Artol1|6195|AOL_s00081g25m.01
OG0006654	KAI4265681.1	jgi|Dibbae1|6525|DIBA_002660-RA
OG0006828	KAI4286993.1	coassemb76_004075-T1
OG0006828	KAI4286993.1	KAJ9651555.1
OG0006971	KAI4280711.1, KAI4284473.1	KAI9672148.1, KAI9665517.1
OG0007083	KAI4258346.1	coassemb378_010436-T1
OG0007102	KAI4287577.1	coassemb76_010212-T1
OG0007618	KAI4288893.1	jgi|Claba1|135516|Z519_02378T0
OG0007956	KAI4290151.1	jgi|Clagr3|3886|CLAGR_003709-RA
OG0008199	KAI4290391.1	KAI9715847.1
OG0008390	KAI4289625.1	jgi|Grascr1|3382|GST1_009162-RA
