Orthogroup	JALAHW01_protein	Other
OG0000004	KAI4106465.1	jgi|Altal1|944165|e_gw1.21.103.1
OG0000004	KAI4106465.1	KAI9838038.1
OG0000004	KAI4106465.1	jgi|Podan3|210970|mRNA_9798
OG0000004	KAI4106465.1	jgi|Neucr_trp3_1|4617|Neucr2.NCU00306T0
OG0000004	KAI4106465.1	jgi|Phach1|6022|rna6021
OG0000004	KAI4106465.1	jgi|Sclsc1|14335|SS1G_07364T0
OG0000004	KAI4106465.1	jgi|PseVKM4520_1|1279|transcript_KFZ19258
OG0000004	KAI4106465.1	GTX0466b15_003009-T1
OG0000004	KAI4106465.1	jgi|Exoaq1|1592|A1O9_01598T0, jgi|Exoaq1|1620|A1O9_01626T0
OG0000004	KAI4106465.1	KAJ9661672.1
OG0000004	KAI4106465.1	jgi|Fonmu1|11895|Z520_05100T0
OG0000004	KAI4106465.1	jgi|Claba1|139936|Z519_06468T0
OG0000004	KAI4106465.1	XP_008721505.1, XP_008713353.1
OG0000004	KAI4106465.1	coassemb64_001807-T1
OG0000004	KAI4106465.1	GTX0494b19_001430-T1
OG0000004	KAI4106465.1	FUN_008674_T2_FUN_008674, FUN_008674_T1_FUN_008674
OG0000004	KAI4106465.1	coassemb76_010056-T1
OG0000004	KAI4107742.1	jgi|Exoaq1|11121|A1O9_07456T0
OG0000004	KAI4104893.1	jgi|Claba1|133761|Z519_11161T0
OG0000015	KAI4087037.1	jgi|Monha1|7534|H072_7784m.01
OG0000023	KAI4104041.1	KAI9823564.1
OG0000033	KAI4099651.1	jgi|Exoaq1|1692|A1O9_01698T0
OG0000038	KAI4104015.1	jgi|Aspni_DSM_1|168541|An18g00910m.01
OG0000044	KAI4106399.1	XP_008711242.1
OG0000057	KAI4105630.1	jgi|Fusgr1|2767|FGSG_12134T0, jgi|Fusgr1|3417|FGSG_04581T0
OG0000057	KAI4105630.1	FUN_005600_T1_FUN_005600
OG0000061	KAI4098315.1	jgi|Penexp1|1729|PEXP_074030T0
OG0000066	KAI4099867.1	jgi|Phach1|1394|rna1393
OG0000067	KAI4091907.1	jgi|Podan3|206798|mRNA_5626
OG0000072	KAI4086922.1	jgi|Aspni_DSM_1|167721|An16g04250m.01
OG0000077	KAI4090825.1	GTX0486b100_001948-T1
OG0000080	KAI4099249.1	XP_008714722.1
OG0000081	KAI4104192.1	jgi|Claba1|134768|Z519_12174T0
OG0000088	KAI4099545.1	KAI4287751.1
OG0000091	KAI4092827.1, KAI4104577.1	coassemb76_008068-T1
OG0000092	KAI4101003.1	jgi|Podan3|203432|mRNA_2260
OG0000094	KAI4110176.1	jgi|Aspni_DSM_1|158241|An03g02320m.01
OG0000100	KAI4106604.1	jgi|Podan3|208008|mRNA_6836
OG0000101	KAI4100542.1, KAI4106048.1	jgi|Aspni_DSM_1|165047|An12g07490m.01
OG0000101	KAI4100542.1, KAI4106048.1	KAI9659590.1
OG0000102	KAI4108459.1, KAI4106619.1	jgi|Dibbae1|8713|DIBA_011037-RA, jgi|Dibbae1|8716|DIBA_011040-RA, jgi|Dibbae1|6761|DIBA_002648-RA, jgi|Dibbae1|8789|DIBA_002282-RA
OG0000115	KAI4108503.1	jgi|EndpusZ1|5818|EPUS_06007T0
OG0000118	KAI4105868.1	jgi|EndpusZ1|1884|EPUS_03253T0
OG0000119	KAI4107148.1	jgi|Acastr1|126338|AST1_002427-RA
OG0000120	KAI4091738.1	jgi|Fonmu1|10481|Z520_12348T0
OG0000125	KAI4100262.1	jgi|Dibbae1|2378|DIBA_006353-RA
OG0000126	KAI4108423.1	coassemb76_010089-T1
OG0000126	KAI4108423.1	jgi|Grascr1|3178|GST1_002108-RA
OG0000126	KAI4102401.1	jgi|Penexp1|7858|PEXP_008390T0
OG0000131	KAI4097728.1	KAI9653286.1
OG0000131	KAI4097728.1	jgi|Aurpu_var_mel1|63718|fgenesh1_pg.4_#_55, jgi|Aurpu_var_mel1|56530|e_gw1.24.372.1
OG0000143	KAI4087588.1	jgi|Artol1|2365|AOL_s00043g528m.01
OG0000151	KAI4103140.1	jgi|PseVKM4520_1|10168|transcript_KFZ24155
OG0000151	KAI4103140.1	KAI9719401.1
OG0000152	KAI4099107.1	jgi|Exoaq1|10471|A1O9_06839T0
OG0000160	KAI4092738.1	jgi|EndpusZ1|1203|EPUS_00014T0
OG0000160	KAI4092738.1	jgi|Fonmu1|8828|Z520_02903T0
OG0000160	KAI4092738.1	jgi|Altal1|938129|e_gw1.13.798.1
OG0000164	KAI4099553.1	jgi|Podan3|206414|mRNA_5242
OG0000165	KAI4102658.1	KAI9708569.1
OG0000170	KAI4108138.1	jgi|Penexp1|120|PEXP_020750T0
OG0000170	KAI4108138.1	jgi|Altal1|702313|CE702312_36332, jgi|Altal1|993239|estExt_Genewise1Plus.C_15_t20144
OG0000177	KAI4101978.1	jgi|Aurpu_var_mel1|88715|gm1.9111_g
OG0000181	KAI4105960.1	CAF9937712.1
OG0000181	KAI4105960.1	jgi|Fonmu1|11781|Z520_04986T0
OG0000189	KAI4109235.1	jgi|PseVKM4520_1|6362|transcript_KFZ09916
OG0000189	KAI4109235.1	jgi|Acastr1|125916|AST1_004326-RA, jgi|Acastr1|123896|AST1_003074-RA
OG0000189	KAI4109235.1	CAF9938336.1, CAF9937390.1
OG0000189	KAI4109235.1	coassemb378_007229-T1
OG0000201	KAI4101201.1, KAI4096211.1, KAI4105850.1	coassemb378_001789-T1
OG0000206	KAI4099952.1	jgi|Penexp1|3673|PEXP_041520T0
OG0000220	KAI4099718.1	jgi|Grascr1|1541|GST1_006149-RA
OG0000228	KAI4108699.1	jgi|Dibbae1|4735|DIBA_007639-RA
OG0000228	KAI4108699.1	jgi|Grascr1|6316|GST1_010593-RA, jgi|Grascr1|1990|GST1_007519-RA, jgi|Grascr1|10869|GST1_000962-RA, jgi|Grascr1|4379|GST1_009737-RA
OG0000228	KAI4108699.1	jgi|Podan3|207707|mRNA_6535, jgi|Podan3|207906|mRNA_6734
OG0000228	KAI4108699.1	KAI9668791.1
OG0000228	KAI4108699.1	jgi|Aurpu_var_mel1|50186|e_gw1.12.169.1
OG0000228	KAI4108699.1	jgi|Neucr_trp3_1|9924|Neucr2.NCU08393T0
OG0000228	KAI4108699.1	coassemb76_007629-T1
OG0000228	KAI4108699.1	jgi|Claba1|130520|Z519_08827T0
OG0000228	KAI4108699.1	XP_008711173.1
OG0000228	KAI4108699.1	jgi|Acastr1|120947|AST1_005971-RA
OG0000228	KAI4108699.1	jgi|Altal1|1095603|estExt_Genemark1.C_120311
OG0000228	KAI4108699.1	KAI9722566.1
OG0000228	KAI4108699.1	jgi|Clagr3|7458|CLAGR_007055-RA
OG0000228	KAI4108699.1	jgi|Clagr3|7458|CLAGR_007055-RA
OG0000235	KAI4097937.1	jgi|Exoaq1|1989|A1O9_09521T0
OG0000238	KAI4109260.1	jgi|Aurpu_var_mel1|49698|e_gw1.11.49.1
OG0000238	KAI4109260.1	jgi|Altal1|1057710|gm1.1945_g
OG0000238	KAI4109259.1	jgi|Aurpu_var_mel1|49698|e_gw1.11.49.1
OG0000238	KAI4109259.1	jgi|EndpusZ1|4453|EPUS_07923T0
OG0000238	KAI4109259.1	jgi|Fonmu1|4373|Z520_01358T0
OG0000238	KAI4109259.1	jgi|Claba1|131665|Z519_09981T0
OG0000238	KAI4109259.1	jgi|Exoaq1|2615|A1O9_10139T0
OG0000238	KAI4109259.1	coassemb64_003989-T1
OG0000238	KAI4109259.1	jgi|Capcor1|95880|A1O1_03022T0
OG0000238	KAI4109259.1	GTX0466b15_004715-T1
OG0000238	KAI4109259.1	KAJ9655951.1
OG0000238	KAI4109259.1	XP_008716001.1
OG0000238	KAI4109259.1	jgi|Phach1|2488|rna2487
OG0000238	KAI4109259.1	jgi|Aurpu_var_mel1|49698|e_gw1.11.49.1
OG0000238	KAI4109259.1	KAI9654708.1
OG0000238	KAI4109259.1	KAI9728436.1
OG0000238	KAI4109259.1	jgi|Sclsc1|4848|SS1G_11304T0
OG0000238	KAI4109259.1	jgi|Fusgr1|12735|FGSG_10939T0
OG0000238	KAI4109259.1	jgi|Neucr_trp3_1|10018|Neucr2.NCU04554T0
OG0000238	KAI4109259.1	jgi|Podan3|208173|mRNA_7001
OG0000238	KAI4109259.1	jgi|PseVKM4520_1|4176|transcript_KFZ13920
OG0000238	KAI4109259.1	jgi|Altal1|1057710|gm1.1945_g
OG0000238	KAI4109259.1	jgi|Altal1|1057710|gm1.1945_g
OG0000238	KAI4109259.1	KAI9707214.1
OG0000238	KAI4109259.1	GTX0486b100_006271-T1
OG0000238	KAI4109259.1	jgi|Erypu1|1609|transcript_POS83361, jgi|Erypu1|5528|transcript_POS81877, jgi|Erypu1|2701|transcript_POS82723
OG0000239	KAI4107734.1	jgi|Capcor1|94518|A1O1_01656T0
OG0000249	KAI4092981.1, KAI4086415.1, KAI4090408.1, KAI4086847.1, KAI4087622.1	jgi|Cocpo1_1|2495|XM_003067448.1, jgi|Cocpo1_1|6003|XM_003070956.1
OG0000250	KAI4107009.1	KAI9712898.1
OG0000253	KAI4094592.1	GTX0466b15_004827-T1
OG0000253	KAI4094592.1	XP_008719626.1, XP_008717279.1
OG0000258	KAI4108017.1	jgi|Aspni_DSM_1|160399|An07g01670m.01, jgi|Aspni_DSM_1|166512|An14g07310m.01, jgi|Aspni_DSM_1|168482|An18g00280m.01, jgi|Aspni_DSM_1|160266|An07g00280m.01, jgi|Aspni_DSM_1|155805|An01g07630m.01
OG0000262	KAI4101554.1	coassemb64_006437-T1
OG0000264	KAI4098825.1	CAF9915243.1
OG0000271	KAI4095539.1, KAI4090661.1	jgi|Aspni_DSM_1|162693|An09g02330m.01
OG0000279	KAI4101353.1	jgi|Neucr_trp3_1|6469|Neucr2.NCU06980T0
OG0000286	KAI4104198.1	jgi|Fonmu1|5538|Z520_09351T0
OG0000293	KAI4105306.1	coassemb378_002291-T1
OG0000295	KAI4092258.1	jgi|Morco1|606068|estExt_Genemark1.C_280061
OG0000295	KAI4092258.1	jgi|Monha1|99|H072_99m.01, jgi|Monha1|8731|H072_9064m.01
OG0000298	KAI4101359.1	jgi|EndpusZ1|8555|EPUS_08720T0
OG0000308	KAI4104938.1	jgi|Capcor1|93137|A1O1_00267T0
OG0000311	KAI4099956.1	jgi|Penexp1|9779|PEXP_098470T0
OG0000313	KAI4102417.1	coassemb76_010026-T1
OG0000315	KAI4109207.1	jgi|Penexp1|2729|PEXP_108930T0
OG0000315	KAI4109207.1	jgi|Cocpo1_1|4194|XM_003069147.1
OG0000317	KAI4104916.1	jgi|Sclsc1|1845|SS1G_08301T0
OG0000317	KAI4104916.1	GTX0486b100_006784-T1
OG0000337	KAI4100664.1	coassemb64_001600-T1
OG0000337	KAI4100664.1	jgi|Capcor1|101114|A1O1_08302T0
OG0000342	KAI4102173.1	jgi|Ascim1|123924|CE123923_1326
OG0000358	KAI4108209.1	CAF9942250.1
OG0000360	KAI4108461.1	jgi|Penexp1|5287|PEXP_046120T0
OG0000360	KAI4101800.1	jgi|Dibbae1|7507|DIBA_010463-RA
OG0000395	KAI4110071.1	jgi|EndpusZ1|4681|EPUS_02171T0
OG0000399	KAI4105262.1	jgi|Morco1|470072|gw1.20.229.1
OG0000403	KAI4107407.1	KAI4106904.1
OG0000411	KAI4091501.1	jgi|Neucr_trp3_1|5948|Neucr2.NCU06311T0
OG0000411	KAI4091501.1	jgi|Podan3|210377|mRNA_9205
OG0000411	KAI4091501.1	jgi|Ascim1|301543|fgenesh1_pg.4_#_63
OG0000411	KAI4091501.1	jgi|Fusgr1|5827|FGSG_05007T0
OG0000411	KAI4091501.1	jgi|Artol1|3518|AOL_s00054g851m.01
OG0000411	KAI4091501.1	jgi|Monha1|6640|H072_6853m.01
OG0000411	KAI4091501.1	jgi|PseVKM4520_1|7287|transcript_KFZ08570
OG0000415	KAI4093709.1	coassemb378_010623-T1
OG0000449	KAI4104756.1	CAF9903795.1
OG0000466	KAI4100531.1	jgi|Grascr1|11362|GST1_005242-RA
OG0000470	KAI4098143.1	jgi|Phach1|2717|rna2716
OG0000470	KAI4098143.1	CAF9915761.1
OG0000485	KAI4107351.1	jgi|Penexp1|3620|PEXP_086100T0
OG0000491	KAI4103536.1	KAI9700613.1
OG0000580	KAI4099951.1	jgi|Capcor1|99769|A1O1_06944T0
OG0000589	KAI4089773.1	KAI9719502.1
OG0000589	KAI4089773.1	jgi|Dibbae1|3259|DIBA_007210-RA
OG0000589	KAI4089773.1	jgi|Grascr1|2258|GST1_006793-RA
OG0000589	KAI4089773.1	GTX0486b100_005597-T1
OG0000615	KAI4092703.1	CAF9926602.1
OG0000620	KAI4094177.1	coassemb376_002221-T1
OG0000620	KAI4094177.1	CAF9924105.1
OG0000635	KAI4093645.1	coassemb76_005142-T1, coassemb76_002157-T1
OG0000635	KAI4093645.1	jgi|Exoaq1|10496|A1O9_06864T0
OG0000636	KAI4105974.1	jgi|Clagr3|6601|CLAGR_006314-RA
OG0000673	KAI4093617.1	jgi|Exoaq1|4173|A1O9_11696T0
OG0000673	KAI4093617.1	GTX0466b15_001598-T1
OG0000696	KAI4110122.1	jgi|Altal1|1019116|fgenesh1_kg.7_#_251_#_Locus2570v1rpkm58.59
OG0000721	KAI4108240.1	coassemb76_005366-T1
OG0000742	KAI4089215.1	KAJ9663078.1
OG0000746	KAI4100371.1	KAI9712186.1
OG0000746	KAI4100371.1	jgi|Aurpu_var_mel1|51785|e_gw1.15.13.1
OG0000773	KAI4101549.1	jgi|Ascim1|66125|CE66124_1416
OG0000774	KAI4102045.1	jgi|Dibbae1|1063|DIBA_004908-RA
OG0000775	KAI4102957.1	jgi|Aspni_DSM_1|166516|An14g07350m.01
OG0000780	KAI4107152.1	coassemb64_008147-T1
OG0000791	KAI4094397.1	GTX0466b15_004002-T1
OG0000791	KAI4100559.1	jgi|EndpusZ1|9090|EPUS_06921T0
OG0000792	KAI4102143.1	jgi|Fusgr1|5336|FGSG_02884T0
OG0000793	KAI4102964.1, KAI4098146.1	coassemb378_010898-T1
OG0000796	KAI4090334.1	coassemb376_002365-T1
OG0000796	KAI4090334.1	coassemb378_011515-T1
OG0000821	KAI4098127.1	jgi|Ascim1|41603|CE41602_3598
OG0000823	KAI4101762.1	coassemb76_009583-T1
OG0000894	KAI4101663.1	KAJ9662613.1, KAJ9658160.1, KAJ9654031.1
OG0000897	KAI4104628.1	jgi|Fonmu1|6990|Z520_02200T0
OG0000897	KAI4104628.1	GTX0486b100_000479-T1
OG0000909	KAI4099613.1	jgi|Penexp1|7694|PEXP_006740T0
OG0000928	KAI4101964.1	KAJ9654449.1
OG0000938	KAI4108762.1	GTX0486b100_008467-T1
OG0000978	KAI4087709.1	GTX0486b100_008487-T1
OG0000978	KAI4087709.1	KAJ9663328.1
OG0000979	KAI4100212.1	coassemb76_008435-T1
OG0000997	KAI4098236.1	jgi|Artol1|71|AOL_s00004g70m.01
OG0001008	KAI4098372.1	jgi|EndpusZ1|9085|EPUS_06916T0
OG0001008	KAI4098372.1	jgi|Podan3|204627|mRNA_3455
OG0001014	KAI4088981.1	jgi|Fonmu1|4494|Z520_01480T0
OG0001035	KAI4100824.1	CAF9933149.1
OG0001038	KAI4100298.1	GTX0466b15_000493-T1
OG0001038	KAI4100298.1	jgi|Penexp1|2724|PEXP_108880T0
OG0001045	KAI4110119.1	jgi|Aspni_DSM_1|160439|An07g02080m.01
OG0001077	KAI4105648.1	jgi|Altal1|941513|e_gw1.17.603.1
OG0001077	KAI4105648.1	jgi|Aurpu_var_mel1|48153|e_gw1.9.98.1
OG0001077	KAI4105648.1	KAI9670203.1
OG0001077	KAI4105648.1	KAI9716716.1
OG0001077	KAI4105648.1	KAI9828548.1
OG0001077	KAI4105648.1	KAI9717874.1
OG0001077	KAI4105648.1	KAI9704949.1
OG0001077	KAI4105648.1	GTX0486b100_001645-T1
OG0001077	KAI4105648.1	KAI9749723.1
OG0001077	KAI4105648.1	KAI9814685.1
OG0001077	KAI4105648.1	jgi|Umbpus1|101293|LPUS_02695T0
OG0001077	KAI4105648.1	jgi|Acastr1|125950|AST1_008055-RA
OG0001077	KAI4105648.1	jgi|Aspni_DSM_1|161048|An07g08280m.01
OG0001077	KAI4105648.1	jgi|Penexp1|3122|PEXP_106030T0
OG0001077	KAI4105648.1	jgi|Cocpo1_1|6743|XM_003071696.1
OG0001077	KAI4105648.1	jgi|Claba1|136167|Z519_12690T0
OG0001077	KAI4105648.1	jgi|Fonmu1|10351|Z520_12217T0
OG0001077	KAI4105648.1	jgi|Exoaq1|10978|A1O9_07347T0
OG0001077	KAI4105648.1	coassemb64_004668-T1
OG0001077	KAI4105648.1	jgi|Capcor1|99743|A1O1_06916T0
OG0001077	KAI4105648.1	coassemb76_004467-T1
OG0001077	KAI4105648.1	GTX0466b15_002403-T1
OG0001077	KAI4105648.1	XP_008714903.1
OG0001077	KAI4105648.1	KAJ9662722.1
OG0001077	KAI4105648.1	jgi|EndpusZ1|6132|EPUS_02399T0
OG0001077	KAI4105648.1	jgi|Phach1|1331|rna1330
OG0001077	KAI4105648.1	jgi|Grascr1|588|GST1_007194-RA
OG0001077	KAI4105648.1	jgi|Dibbae1|7597|DIBA_010689-RA
OG0001077	KAI4105648.1	coassemb376_004157-T1
OG0001077	KAI4105648.1	jgi|Clagr3|9694|CLAGR_009816-RA
OG0001077	KAI4105648.1	CAF9929550.1
OG0001077	KAI4105648.1	FUN_010065_T1_FUN_010065
OG0001077	KAI4105648.1	GTX0494b19_002522-T1
OG0001077	KAI4105648.1	KAI4100984.1
OG0001077	KAI4105648.1	KAI4224578.1
OG0001077	KAI4105648.1	KAI4230565.1
OG0001077	KAI4105648.1	KAI4286386.1
OG0001077	KAI4105648.1	coassemb76_010062-T1
OG0001077	KAI4105648.1	KAI4286386.1
OG0001077	KAI4105648.1	coassemb76_010062-T1
OG0001080	KAI4100922.1	jgi|Grascr1|8725|GST1_011777-RA
OG0001084	KAI4096209.1	jgi|Fusgr1|6893|FGSG_05944T0
OG0001093	KAI4085940.1	jgi|Monha1|10095|H072_10639m.01
OG0001115	KAI4091052.1	coassemb76_002847-T1, coassemb76_003966-T1
OG0001115	KAI4091052.1	jgi|Dibbae1|6852|DIBA_009240-RA
OG0001116	KAI4107739.1	jgi|PseVKM4520_1|8715|transcript_KFZ04061
OG0001129	KAI4105982.1	jgi|Grascr1|3461|GST1_008067-RA
OG0001129	KAI4105982.1	coassemb64_000930-T1
OG0001133	KAI4100045.1	jgi|Exoaq1|7366|A1O9_03896T0
OG0001135	KAI4109371.1	jgi|Artol1|3669|AOL_s00075g7m.01
OG0001137	KAI4095671.1	jgi|Umbpus1|101255|LPUS_07978T0
OG0001144	KAI4094733.1	coassemb378_005320-T1, coassemb378_011564-T1
OG0001146	KAI4101656.1	jgi|Sclsc1|10347|SS1G_03376T0
OG0001151	KAI4099481.1	coassemb64_003162-T1
OG0001159	KAI4094819.1	jgi|Sclsc1|11022|SS1G_04051T0
OG0001177	KAI4099106.1	coassemb76_009379-T1
OG0001179	KAI4100284.1	coassemb376_004853-T1, coassemb376_005948-T1
OG0001179	KAI4100284.1	jgi|Clagr3|3764|CLAGR_003466-RA
OG0001179	KAI4100284.1	KAI9720176.1
OG0001179	KAI4100284.1	KAI9704786.1
OG0001179	KAI4100284.1	GTX0486b100_000683-T1
OG0001181	KAI4088700.1	jgi|Fonmu1|8464|Z520_11439T0
OG0001182	KAI4094557.1	jgi|Fonmu1|10688|Z520_03889T0
OG0001191	KAI4106209.1	jgi|Morco1|547704|fgenesh1_pg.43_#_83
OG0001203	KAI4103979.1	jgi|Clagr3|9146|CLAGR_009773-RA
OG0001206	KAI4103580.1	KAI9702425.1
OG0001212	KAI4110112.1	jgi|Artol1|170|AOL_s00004g169m.01
OG0001227	KAI4108706.1	jgi|Artol1|4183|AOL_s00076g279m.01
OG0001227	KAI4108706.1	jgi|Aspni_DSM_1|158193|An03g01800m.01
OG0001235	KAI4099410.1	jgi|Monha1|9471|H072_9938m.01
OG0001250	KAI4109222.1	GTX0466b15_001962-T1
OG0001281	KAI4101190.1	jgi|Artol1|5|AOL_s00004g4m.01
OG0001281	KAI4101190.1	jgi|Fusgr1|13314|FGSG_11241T0, jgi|Fusgr1|10669|FGSG_09212T0
OG0001300	KAI4099556.1	jgi|Artol1|5665|AOL_s00079g439m.01
OG0001365	KAI4109509.1	jgi|Podan3|208764|mRNA_7592
OG0001369	KAI4107569.1	coassemb76_001977-T1
OG0001406	KAI4099797.1	coassemb76_009080-T1
OG0001435	KAI4110036.1	KAI4287589.1
OG0001435	KAI4110036.1	coassemb376_005892-T1
OG0001452	KAI4106038.1	KAI9714973.1
OG0001473	KAI4106964.1	jgi|Fusgr1|2642|FGSG_02304T0
OG0001487	KAI4103151.1	coassemb76_009690-T1
OG0001489	KAI4107428.1	coassemb378_010712-T1
OG0001489	KAI4107428.1	coassemb376_006328-T1
OG0001499	KAI4100801.1	jgi|EndpusZ1|2781|EPUS_05882T0
OG0001512	KAI4109690.1	coassemb76_005891-T1
OG0001518	KAI4107996.1	jgi|Penexp1|8657|PEXP_013540T0
OG0001522	KAI4100082.1	jgi|Aspni_DSM_1|158203|An03g01910m.01
OG0001529	KAI4101981.1	jgi|Aspni_DSM_1|168268|An17g00540m.01
OG0001529	KAI4101981.1	coassemb64_004123-T1
OG0001536	KAI4103074.1	jgi|Podan3|211277|mRNA_10105
OG0001538	KAI4100929.1	jgi|Fusgr1|4823|FGSG_03328T0
OG0001557	KAI4107341.1	coassemb64_004441-T1
OG0001563	KAI4103729.1	KAI9660210.1
OG0001567	KAI4092980.1	coassemb76_007635-T1
OG0001635	KAI4107711.1	coassemb76_009868-T1
OG0001640	KAI4086500.1	FUN_010253_T1_FUN_010253
OG0001640	KAI4086500.1	GTX0494b19_004054-T1
OG0001640	KAI4086500.1	KAI4222976.1
OG0001640	KAI4086500.1	KAI4106709.1
OG0001640	KAI4086500.1	KAI4289528.1
OG0001640	KAI4086500.1	CAF9919532.1
OG0001640	KAI4086500.1	jgi|Clagr3|9161|CLAGR_010389-RA
OG0001640	KAI4086500.1	jgi|Grascr1|6516|GST1_000383-RA
OG0001640	KAI4086500.1	coassemb378_000495-T1
OG0001640	KAI4086500.1	jgi|Dibbae1|12652|DIBA_006465-RA
OG0001640	KAI4086500.1	jgi|Umbpus1|104183|LPUS_10915T0
OG0001640	KAI4086500.1	KAI9657228.1
OG0001640	KAI4086500.1	KAI9715947.1
OG0001640	KAI4086500.1	jgi|Aurpu_var_mel1|46810|e_gw1.8.516.1
OG0001640	KAI4086500.1	jgi|Altal1|1021599|fgenesh1_kg.13_#_266_#_Locus6397v1rpkm14.23
OG0001640	KAI4086500.1	KAI9696269.1
OG0001640	KAI4086500.1	KAI9709042.1
OG0001640	KAI4086500.1	GTX0486b100_005339-T1
OG0001640	KAI4086500.1	KAI9830910.1
OG0001640	KAI4086500.1	jgi|Acastr1|122096|AST1_006876-RA
OG0001640	KAI4086500.1	KAI9825062.1
OG0001640	KAI4086500.1	jgi|Morco1|602543|estExt_Genemark1.C_50106
OG0001640	KAI4086500.1	jgi|Ascim1|411601|fgenesh1_RNNotator_kg.7_#_74_#_Locus7594v1rpkm11.04
OG0001640	KAI4086500.1	KAI9749143.1
OG0001640	KAI4086500.1	jgi|PseVKM4520_1|2112|transcript_KFZ17611
OG0001640	KAI4086500.1	jgi|Sclsc1|5841|SS1G_01342T0
OG0001640	KAI4086500.1	jgi|Erypu1|2573|transcript_POS86918
OG0001640	KAI4086500.1	jgi|Podan3|209653|mRNA_8481
OG0001640	KAI4086500.1	jgi|Neucr_trp3_1|5714|Neucr2.NCU07702T0
OG0001640	KAI4086500.1	jgi|Fusgr1|11097|FGSG_09575T0
OG0001640	KAI4086500.1	coassemb76_008375-T1
OG0001640	KAI4086500.1	coassemb64_002804-T1
OG0001702	KAI4105102.1	GTX0486b100_005054-T1
OG0001702	KAI4105102.1	KAI9839547.1
OG0001704	KAI4109933.1	coassemb76_009440-T1
OG0001707	KAI4089354.1	CAF9932627.1
OG0001708	KAI4103454.1	jgi|Clagr3|3759|CLAGR_003461-RA
OG0001708	KAI4103454.1	jgi|Grascr1|10596|GST1_012689-RA
OG0001711	KAI4107921.1	coassemb76_007893-T1
OG0001732	KAI4098871.1	GTX0486b100_008526-T1
OG0001744	KAI4106222.1	coassemb378_008974-T1
OG0001746	KAI4096827.1	coassemb378_003258-T1
OG0001754	KAI4109894.1	jgi|Erypu1|6183|transcript_POS81775
OG0001764	KAI4092376.1	jgi|Podan3|209159|mRNA_7987, jgi|Podan3|210190|mRNA_9018
OG0001767	KAI4104620.1	jgi|Dibbae1|12296|DIBA_003772-RA
OG0001767	KAI4104620.1	jgi|Umbpus1|105721|LPUS_03748T0
OG0001767	KAI4104620.1	jgi|Clagr3|3444|CLAGR_004154-RA
OG0001767	KAI4104620.1	CAF9930187.1
OG0001767	KAI4104620.1	KAI4231653.1
OG0001767	KAI4104620.1	GTX0494b19_003346-T1
OG0001767	KAI4104620.1	KAI4221827.1, KAI4222420.1
OG0001767	KAI4104620.1	KAI4109079.1
OG0001767	KAI4104620.1	KAI4265008.1
OG0001767	KAI4104620.1	FUN_009225_T2_FUN_009225, FUN_009225_T1_FUN_009225
OG0001767	KAI4104620.1	FUN_009225_T2_FUN_009225, FUN_009225_T1_FUN_009225
OG0001767	KAI4104620.1	jgi|Sclsc1|4958|SS1G_11414T0
OG0001768	KAI4101376.1	KAI9700457.1
OG0001770	KAI4091499.1	jgi|Fusgr1|9933|FGSG_08344T0
OG0001782	KAI4109532.1	jgi|Acastr1|119261|AST1_001460-RA
OG0001791	KAI4105274.1, KAI4105275.1	CAF9908416.1
OG0001796	KAI4092823.1	jgi|PseVKM4520_1|2442|transcript_KFZ16962
OG0001800	KAI4102532.1	jgi|Claba1|131384|Z519_09698T0
OG0001800	KAI4102532.1	coassemb76_009563-T1
OG0001814	KAI4104032.1	coassemb76_008228-T1
OG0001822	KAI4103668.1	FUN_002886_T2_FUN_002886, FUN_002886_T4_FUN_002886, FUN_002886_T3_FUN_002886
OG0001827	KAI4106586.1	jgi|Erypu1|6487|transcript_POS81721
OG0001829	KAI4102299.1	jgi|Ascim1|304459|fgenesh1_pg.19_#_26
OG0001829	KAI4102299.1	jgi|Morco1|536624|fgenesh1_kg.31_#_23_#_Locus720v1rpkm256.46
OG0001829	KAI4102299.1	jgi|Monha1|10158|H072_10716m.01
OG0001829	KAI4102299.1	jgi|Artol1|3630|AOL_s00054g963m.01
OG0001830	KAI4110162.1	coassemb76_007596-T1
OG0001834	KAI4104496.1	KAI9717546.1
OG0001845	KAI4105116.1	jgi|Claba1|131841|Z519_10158T0
OG0001845	KAI4105116.1	coassemb76_008813-T1
OG0001846	KAI4101151.1	coassemb76_009430-T1
OG0001849	KAI4099971.1	KAI9726210.1
OG0001860	KAI4103551.1	jgi|Aurpu_var_mel1|70521|fgenesh1_pg.47_#_5
OG0001890	KAI4103738.1	jgi|Penexp1|1359|PEXP_026030T0
OG0001907	KAI4104933.1	jgi|Fusgr1|4937|FGSG_12482T0
OG0001924	KAI4100375.1	KAI9671338.1
OG0001932	KAI4104915.1	jgi|Neucr_trp3_1|5863|Neucr2.NCU06385T0
OG0001935	KAI4103534.1, KAI4108457.1	jgi|Morco1|203785|CE203784_1176
OG0001950	KAI4104334.1	jgi|Erypu1|5784|transcript_POS81829
OG0001991	KAI4091663.1	KAI9719903.1
OG0001991	KAI4091663.1	KAI9671358.1
OG0001991	KAI4091663.1	jgi|Aurpu_var_mel1|18566|gw1.7.271.1
OG0001991	KAI4091663.1	jgi|Neucr_trp3_1|3820|Neucr2.NCU09162T0
OG0001991	KAI4091663.1	jgi|Podan3|211627|mRNA_10455
OG0001991	KAI4091663.1	jgi|Fusgr1|3084|FGSG_02701T0
OG0001991	KAI4091663.1	jgi|Sclsc1|4953|SS1G_11409T0
OG0001991	KAI4091663.1	jgi|Penexp1|7386|PEXP_038150T0
OG0001991	KAI4091663.1	jgi|Aspni_DSM_1|166470|An14g06880m.01
OG0001991	KAI4091663.1	jgi|Cocpo1_1|2274|XM_003067227.1
OG0001991	KAI4091663.1	jgi|Phach1|6535|rna6534
OG0001991	KAI4091663.1	KAJ9663692.1
OG0001991	KAI4091663.1	XP_008713002.1
OG0001991	KAI4091663.1	GTX0466b15_007405-T1
OG0001991	KAI4091663.1	coassemb76_001942-T1
OG0001991	KAI4091663.1	jgi|Exoaq1|11775|A1O9_08091T0
OG0001991	KAI4091663.1	jgi|Claba1|133105|Z519_01583T0
OG0001991	KAI4091663.1	jgi|Fonmu1|478|Z520_00479T0
OG0001991	KAI4091663.1	jgi|Capcor1|95773|A1O1_02915T0
OG0001991	KAI4091663.1	jgi|EndpusZ1|3368|EPUS_08291T0
OG0001991	KAI4091663.1	jgi|Ascim1|166901|CE166900_4969
OG0001991	KAI4091663.1	jgi|Artol1|3107|AOL_s00054g440m.01
OG0001991	KAI4091663.1	jgi|Monha1|3548|H072_3570m.01
OG0001991	KAI4091663.1	jgi|Morco1|384809|CE384808_2248
OG0002000	KAI4106679.1	KAI4279879.1
OG0002004	KAI4101898.1	coassemb76_000425-T1
OG0002008	KAI4092945.1	coassemb376_004075-T1
OG0002025	KAI4102261.1	jgi|Fusgr1|278|FGSG_00225T0
OG0002029	KAI4103152.1	coassemb76_009689-T1
OG0002081	KAI4105707.1	coassemb64_004135-T1
OG0002082	KAI4108161.1	jgi|Neucr_trp3_1|8808|Neucr2.NCU04822T0
OG0002105	KAI4108199.1	jgi|Phach1|1541|rna1540
OG0002105	KAI4108199.1	jgi|EndpusZ1|2355|EPUS_02007T0
OG0002105	KAI4108199.1	KAJ9663717.1
OG0002105	KAI4108199.1	jgi|Claba1|132969|Z519_01447T0
OG0002105	KAI4108199.1	jgi|Fonmu1|6642|Z520_01852T0
OG0002105	KAI4108199.1	jgi|Capcor1|95419|A1O1_02558T0
OG0002105	KAI4108199.1	jgi|Exoaq1|11890|A1O9_08206T0
OG0002105	KAI4108199.1	XP_008716671.1
OG0002105	KAI4108199.1	GTX0466b15_000557-T1
OG0002105	KAI4108199.1	coassemb76_008123-T1
OG0002154	KAI4099089.1	jgi|Sclsc1|8089|SS1G_13512T0
OG0002154	KAI4099089.1	coassemb76_008216-T1
OG0002155	KAI4093074.1	jgi|Morco1|539078|fgenesh1_kg.56_#_43_#_Locus2055v1rpkm84.22
OG0002155	KAI4093074.1	jgi|Monha1|4475|H072_4570m.01
OG0002155	KAI4093074.1	jgi|Artol1|10636|AOL_s00215g83m.01
OG0002155	KAI4093074.1	jgi|Ascim1|205467|e_gw1.11.97.1
OG0002184	KAI4110110.1	coassemb76_009965-T1
OG0002196	KAI4103699.1	coassemb378_007075-T1
OG0002203	KAI4105092.1	jgi|Grascr1|5814|GST1_003548-RA
OG0002221	KAI4104352.1	jgi|EndpusZ1|176|EPUS_09319T0
OG0002235	KAI4104229.1	jgi|EndpusZ1|4631|EPUS_02121T0
OG0002326	KAI4106020.1	jgi|Grascr1|5606|GST1_009829-RA
OG0002329	KAI4103537.1	KAI4289628.1
OG0002329	KAI4103537.1	jgi|Dibbae1|8223|DIBA_010511-RA
OG0002342	KAI4109248.1	coassemb76_009114-T1
OG0002458	KAI4095057.1	CAF9922504.1
OG0002458	KAI4095057.1	jgi|Fonmu1|357|Z520_00358T0
OG0002468	KAI4108525.1	coassemb64_002119-T1
OG0002473	KAI4093707.1	coassemb76_009557-T1
OG0002532	KAI4104048.1	coassemb378_011050-T1
OG0002553	KAI4107560.1	coassemb376_006157-T1
OG0002624	KAI4091588.1	coassemb76_009612-T1
OG0002624	KAI4091588.1	KAJ9649871.1
OG0002650	KAI4108438.1	coassemb76_006781-T1
OG0002656	KAI4099705.1	jgi|Erypu1|138|transcript_POS81639
OG0002676	KAI4110160.1	coassemb76_007595-T1
OG0002704	KAI4105789.1	coassemb76_008812-T1
OG0002707	KAI4107775.1	coassemb76_008891-T1
OG0002716	KAI4101266.1	coassemb378_006947-T1
OG0002718	KAI4105862.1	coassemb64_002777-T1
OG0002738	KAI4098945.1	jgi|Monha1|1364|H072_1364m.01
OG0002738	KAI4098945.1	jgi|Sclsc1|3554|SS1G_10010T0
OG0002760	KAI4105584.1	jgi|Monha1|5677|H072_5862m.01
OG0002761	KAI4105604.1	jgi|Aspni_DSM_1|155792|An01g07490m.01
OG0002764	KAI4099810.1	jgi|Ascim1|377009|estExt_fgenesh1_pg.C_420059
OG0002915	KAI4108289.1	jgi|Podan3|210066|mRNA_8894
OG0002915	KAI4108289.1	KAJ9653342.1
OG0002940	KAI4101452.1	coassemb64_002535-T1
OG0002973	KAI4107419.1	coassemb378_010763-T1
OG0003022	KAI4099219.1	coassemb378_004555-T1
OG0003031	KAI4108791.1	jgi|Exoaq1|5208|A1O9_02731T0
OG0003044	KAI4108832.1	jgi|PseVKM4520_1|5317|transcript_KFZ11750
OG0003055	KAI4098653.1	jgi|Grascr1|9922|GST1_003923-RA
OG0003075	KAI4109463.1	FUN_008835_T1_FUN_008835
OG0003143	KAI4100291.1	jgi|Aspni_DSM_1|163709|An11g04690m.01
OG0003155	KAI4094493.1	jgi|Grascr1|80|GST1_000080-RA
OG0003255	KAI4092266.1	coassemb76_009234-T1
OG0003275	KAI4103555.1	coassemb76_010196-T1
OG0003326	KAI4098300.1	jgi|Exoaq1|10143|A1O9_06576T0
OG0003357	KAI4105705.1	KAI9701062.1
OG0003357	KAI4105705.1	KAI9721737.1
OG0003357	KAI4105705.1	GTX0486b100_006992-T1
OG0003357	KAI4105705.1	KAI9748183.1
OG0003357	KAI4105705.1	KAI9827716.1
OG0003357	KAI4105705.1	GTX0486b100_006991-T1
OG0003357	KAI4105705.1	GTX0486b100_006991-T1
OG0003357	KAI4105705.1	jgi|Acastr1|125867|AST1_004569-RA
OG0003398	KAI4096784.1	jgi|Cocpo1_1|5470|XM_003070423.1
OG0003472	KAI4109711.1	coassemb76_009613-T1
OG0003482	KAI4107784.1	jgi|Dibbae1|9620|DIBA_003758-RA
OG0003482	KAI4107784.1	jgi|Altal1|283663|CE283662_23
OG0003482	KAI4107784.1	coassemb76_009858-T1
OG0003488	KAI4100879.1	jgi|Neucr_trp3_1|1223006|e_gw1.223.19.1
OG0003534	KAI4109033.1	KAI9724968.1
OG0003546	KAI4098870.1	GTX0486b100_008525-T1
OG0003680	KAI4101466.1	jgi|Morco1|577490|gm1.8266_g
OG0003782	KAI4097227.1	coassemb76_001444-T1
OG0003794	KAI4102270.1	KAI9817910.1
OG0003802	KAI4099804.1	jgi|Claba1|130454|Z519_08761T0
OG0003829	KAI4096602.1	coassemb378_009065-T1
OG0003840	KAI4099892.1	jgi|Claba1|137073|Z519_12810T0
OG0003840	KAI4099892.1	XP_008710554.1, XP_008721554.1
OG0003858	KAI4103153.1	GTX0486b100_004435-T1
OG0003859	KAI4103150.1	coassemb76_009691-T1
OG0003907	KAI4093614.1	jgi|Fusgr1|4797|FGSG_12452T0, jgi|Fusgr1|5120|FGSG_03074T0
OG0003946	KAI4108167.1	coassemb76_009991-T1
OG0003980	KAI4101504.1, KAI4101505.1	coassemb76_006176-T1
OG0003987	KAI4101858.1	jgi|Dibbae1|11444|DIBA_003947-RA
OG0004184	KAI4106084.1	FUN_008494_T1_FUN_008494
OG0004184	KAI4106085.1	jgi|Grascr1|6744|GST1_011845-RA
OG0004184	KAI4106085.1	jgi|Morco1|608927|estExt_Genemark1.C_630043, jgi|Morco1|494499|e_gw1.63.97.1
OG0004184	KAI4106085.1	GTX0494b19_001299-T1
OG0004184	KAI4106085.1	KAI4232351.1
OG0004184	KAI4106085.1	KAI4227058.1
OG0004184	KAI4106085.1	FUN_008493_T1_FUN_008493
OG0004184	KAI4106085.1	KAI9756875.1
OG0004184	KAI4106085.1	KAI9835423.1
OG0004250	KAI4110131.1	jgi|Claba1|128932|Z519_07232T0
OG0004250	KAI4110131.1	jgi|Monha1|1644|H072_1644m.01
OG0004260	KAI4092501.1	coassemb76_009531-T1
OG0004284	KAI4098578.1	KAJ9650877.1
OG0004295	KAI4104881.1	jgi|Fusgr1|12290|FGSG_10627T0
OG0004318	KAI4102445.1	jgi|PseVKM4520_1|3541|transcript_KFZ14981
OG0004411	KAI4108142.1	jgi|Capcor1|101072|A1O1_08260T0
OG0004527	KAI4106446.1	KAI9652523.1
OG0004609	KAI4088808.1	jgi|Clagr3|2100|CLAGR_002088-RA
OG0004622	KAI4095872.1	jgi|Clagr3|2324|CLAGR_001722-RA
OG0004631	KAI4098660.1	KAI9700672.1
OG0004640	KAI4110077.1	KAI9710051.1
OG0004683	KAI4105131.1	jgi|Podan3|206003|mRNA_4831
OG0004749	KAI4100481.1	jgi|Aurpu_var_mel1|65965|fgenesh1_pg.10_#_51
OG0004760	KAI4087534.1	jgi|Capcor1|95013|A1O1_02152T0
OG0004760	KAI4087534.1	jgi|Artol1|5540|AOL_s00079g314m.01
OG0004795	KAI4104922.1	jgi|Claba1|139160|Z519_05692T0
OG0004811	KAI4108477.1	jgi|Grascr1|8519|GST1_003040-RA
OG0004946	KAI4105652.1	jgi|Fonmu1|9138|Z520_11544T0
OG0004987	KAI4099532.1	GTX0486b100_008500-T1
OG0004993	KAI4101366.1	jgi|Aspni_DSM_1|160798|An07g05740m.01
OG0005004	KAI4089229.1	jgi|Amamu1|156153|fgenesh1_kg.3_#_85_#_Locus1210v2rpkm2.24_PRE
OG0005004	KAI4089229.1	jgi|Artol1|5516|AOL_s00079g290m.01
OG0005004	KAI4089229.1	jgi|Monha1|3395|H072_3412m.01
OG0005004	KAI4089229.1	jgi|Morco1|568529|estExt_fgenesh1_pg.C_750026
OG0005177	KAI4107581.1	jgi|Grascr1|8130|GST1_003831-RA
OG0005228	KAI4106480.1	jgi|Monha1|8323|H072_8618m.01
OG0005243	KAI4104735.1	GTX0466b15_004710-T1
OG0005256	KAI4108424.1	coassemb76_010088-T1
OG0005288	KAI4107433.1	jgi|Penexp1|936|PEXP_095660T0
OG0005351	KAI4098943.1	KAJ9653021.1
OG0005425	KAI4103122.1	jgi|Phach1|1154|rna1153
OG0005435	KAI4101057.1	jgi|Acastr1|121105|AST1_006607-RA
OG0005435	KAI4101058.1	KAI9756173.1
OG0005435	KAI4101058.1	jgi|Acastr1|121105|AST1_006607-RA
OG0005435	KAI4101058.1	KAJ9653400.1
OG0005435	KAI4101058.1	jgi|PseVKM4520_1|4574|transcript_KFZ13184
OG0005435	KAI4101058.1	jgi|Phach1|2481|rna2480
OG0005435	KAI4101058.1	jgi|Acastr1|121105|AST1_006607-RA
OG0005479	KAI4109708.1	jgi|Clagr3|8990|CLAGR_008713-RA
OG0005484	KAI4095432.1	jgi|Fonmu1|2034|Z520_06667T0
OG0005499	KAI4098379.1	jgi|Penexp1|2970|PEXP_089060T0
OG0005499	KAI4098379.1	jgi|Exoaq1|4779|A1O9_02298T0, jgi|Exoaq1|9599|A1O9_06029T0
OG0005512	KAI4099811.1	KAI9702096.1
OG0005563	KAI4108713.1	jgi|Aurpu_var_mel1|77219|fgenesh1_pm.19_#_28
OG0005563	KAI4108713.1	jgi|Artol1|1143|AOL_s00006g483m.01
OG0005575	KAI4109968.1	jgi|Aspni_DSM_1|161719|An08g04560m.01
OG0005605	KAI4103696.1	GTX0486b100_008523-T1
OG0005605	KAI4103696.1	coassemb64_003773-T1
OG0005622	KAI4101797.1	jgi|Monha1|8768|H072_9101m.01, jgi|Monha1|8759|H072_9092m.01
OG0005622	KAI4101797.1	jgi|Acastr1|124503|AST1_005159-RA
OG0005622	KAI4101797.1	jgi|Claba1|140289|Z519_06823T0, jgi|Claba1|130097|Z519_08404T0
OG0005622	KAI4101797.1	coassemb378_001373-T1
OG0005622	KAI4101797.1	jgi|Artol1|1400|AOL_s00007g148m.01
OG0005622	KAI4101797.1	KAI9825592.1
OG0005622	KAI4101797.1	jgi|Podan3|210012|mRNA_8840
OG0005622	KAI4101797.1	jgi|PseVKM4520_1|2837|transcript_KFZ16317
OG0005622	KAI4101797.1	jgi|Clagr3|8862|CLAGR_008842-RA, jgi|Clagr3|9792|CLAGR_010128-RA, jgi|Clagr3|6488|CLAGR_006593-RA
OG0005622	KAI4101797.1	jgi|Clagr3|8862|CLAGR_008842-RA, jgi|Clagr3|9792|CLAGR_010128-RA, jgi|Clagr3|6488|CLAGR_006593-RA
OG0005622	KAI4101797.1	jgi|Grascr1|4906|GST1_009438-RA, jgi|Grascr1|10838|GST1_000931-RA
OG0005682	KAI4099210.1	coassemb76_009415-T1
OG0005689	KAI4103716.1	coassemb76_009641-T1
OG0005703	KAI4107771.1	jgi|Neucr_trp3_1|5771|Neucr2.NCU07660T0
OG0005703	KAI4107771.1	jgi|Penexp1|5410|PEXP_058710T0
OG0005718	KAI4106462.1	GTX0466b15_006999-T1, GTX0466b15_009230-T1
OG0005794	KAI4099975.1	coassemb76_008471-T1
OG0005835	KAI4100640.1	jgi|Capcor1|101392|A1O1_08583T0
OG0005885	KAI4090086.1	CAF9917154.1
OG0005885	KAI4108479.1	CAF9905518.1
OG0005912	KAI4101141.1	GTX0486b100_006171-T1
OG0005912	KAI4101141.1	KAI9716225.1
OG0005912	KAI4101141.1	jgi|Umbpus1|100744|LPUS_07429T0
OG0005912	KAI4101141.1	jgi|Acastr1|119022|AST1_008195-RA
OG0005912	KAI4101141.1	jgi|Artol1|7543|AOL_s00097g359m.01
OG0005912	KAI4101141.1	KAI9700247.1
OG0005912	KAI4101141.1	jgi|Altal1|1065480|gm1.9715_g
OG0005931	KAI4105265.1	jgi|PseVKM4520_1|5116|transcript_KFZ12166, jgi|PseVKM4520_1|11080|transcript_KFZ23327
OG0006003	KAI4104926.1	XP_008717735.1
OG0006007	KAI4106088.1	jgi|Aspni_DSM_1|164921|An12g06090m.01
OG0006022	KAI4099552.1	jgi|EndpusZ1|6271|EPUS_05121T0
OG0006025	KAI4098229.1	jgi|Penexp1|9708|PEXP_100150T0
OG0006063	KAI4100546.1	jgi|Umbpus1|100783|LPUS_07473T0, jgi|Umbpus1|100322|LPUS_00725T0
OG0006091	KAI4100892.1	jgi|Podan3|210152|mRNA_8980
OG0006094	KAI4105644.1	jgi|Penexp1|1455|PEXP_026990T0
OG0006094	KAI4105644.1	coassemb76_006090-T1, coassemb76_005829-T1
OG0006187	KAI4100773.1	GTX0486b100_008562-T1
OG0006372	KAI4089491.1	KAI4233084.1
OG0006382	KAI4100443.1	KAJ9659592.1
OG0006446	KAI4108165.1	coassemb76_009989-T1
OG0006512	KAI4098140.1	jgi|PseVKM4520_1|4471|transcript_KFZ13388
OG0006584	KAI4100784.1	jgi|Exoaq1|9369|A1O9_05797T0, jgi|Exoaq1|7606|A1O9_04137T0
OG0006586	KAI4090567.1, KAI4106034.1, KAI4106033.1	jgi|Altal1|997246|estExt_Genewise1Plus.C_21_t20032
OG0006589	KAI4089374.1	jgi|Monha1|5186|H072_5294m.01, jgi|Monha1|6980|H072_7205m.01
OG0006626	KAI4099957.1	jgi|Exoaq1|6084|A1O9_11884T0
OG0006716	KAI4102026.1	jgi|Morco1|558143|estExt_fgenesh1_pm.C_170001
OG0006828	KAI4100648.1	coassemb76_004075-T1
OG0006828	KAI4100648.1	KAJ9651555.1
OG0006841	KAI4106913.1	jgi|Exoaq1|10150|A1O9_06583T0, jgi|Exoaq1|6236|A1O9_12037T0
OG0006886	KAI4095535.1	CAF9936313.1
OG0006971	KAI4110014.1	KAI9672148.1, KAI9665517.1
OG0006979	KAI4088308.1	FUN_005397_T1_FUN_005397
OG0006979	KAI4088308.1	GTX0494b19_006997-T1
OG0007209	KAI4087107.1, KAI4099216.1	KAI4218697.1
OG0007232	KAI4099529.1	jgi|Phach1|1760|rna1759
OG0007316	KAI4098292.1	KAJ9663687.1
OG0007320	KAI4090258.1	jgi|Podan3|202203|mRNA_1031
OG0008199	KAI4100760.1	KAI9715847.1
