Orthogroup	JALAIK01_protein	Other
OG0000003	KAI4224142.1	jgi|Penexp1|10011|PEXP_017340T0
OG0000003	KAI4225723.1	jgi|Podan3|201333|mRNA_161
OG0000004	KAI4224674.1	jgi|Exoaq1|11121|A1O9_07456T0
OG0000004	KAI4225211.1	jgi|Claba1|133761|Z519_11161T0
OG0000012	KAI4222020.1	XP_008720608.1
OG0000016	KAI4230320.1	KAI9716702.1
OG0000016	KAI4230320.1	GTX0486b100_001164-T1, GTX0486b100_000790-T1, GTX0486b100_001165-T1
OG0000020	KAI4219359.1	jgi|Aspni_DSM_1|162084|An08g08250m.01
OG0000027	KAI4230034.1	jgi|Penexp1|2017|PEXP_024290T0
OG0000029	KAI4222129.1	coassemb64_007229-T1
OG0000033	KAI4221182.1	jgi|Grascr1|7426|GST1_012003-RA
OG0000034	KAI4228882.1	KAI9701812.1
OG0000038	KAI4225426.1, KAI4224941.1	jgi|Aspni_DSM_1|168541|An18g00910m.01
OG0000048	KAI4220349.1	KAJ9660456.1, KAJ9651860.1, KAJ9664322.1
OG0000052	KAI4218008.1	jgi|Grascr1|1647|GST1_007228-RA
OG0000061	KAI4226644.1	jgi|Penexp1|1729|PEXP_074030T0
OG0000066	KAI4219481.1	jgi|Phach1|1394|rna1393
OG0000067	KAI4224225.1, KAI4224224.1	jgi|Podan3|206798|mRNA_5626
OG0000072	KAI4222021.1	jgi|Aspni_DSM_1|167721|An16g04250m.01
OG0000074	KAI4219960.1	jgi|Clagr3|11264|CLAGR_011075-RA
OG0000074	KAI4219960.1	coassemb376_001531-T1
OG0000080	KAI4210721.1	XP_008714722.1
OG0000091	KAI4226958.1, KAI4222786.1	coassemb76_008068-T1
OG0000092	KAI4221127.1	jgi|Podan3|203432|mRNA_2260
OG0000096	KAI4220052.1	jgi|EndpusZ1|6610|EPUS_05226T0
OG0000102	KAI4221659.1	jgi|Dibbae1|8713|DIBA_011037-RA, jgi|Dibbae1|8716|DIBA_011040-RA, jgi|Dibbae1|6761|DIBA_002648-RA, jgi|Dibbae1|8789|DIBA_002282-RA
OG0000112	KAI4221655.1	jgi|Exoaq1|6159|A1O9_11960T0
OG0000115	KAI4218275.1	jgi|EndpusZ1|5818|EPUS_06007T0
OG0000118	KAI4220330.1	jgi|EndpusZ1|1884|EPUS_03253T0
OG0000119	KAI4230174.1	jgi|Acastr1|126338|AST1_002427-RA
OG0000125	KAI4226198.1	jgi|Dibbae1|6490|DIBA_008349-RA
OG0000125	KAI4223583.1	jgi|Dibbae1|2378|DIBA_006353-RA
OG0000126	KAI4226604.1	coassemb76_010089-T1
OG0000126	KAI4226604.1	jgi|Grascr1|3178|GST1_002108-RA
OG0000126	KAI4229361.1	jgi|Penexp1|7858|PEXP_008390T0
OG0000131	KAI4227434.1	KAI9653286.1
OG0000131	KAI4227434.1	jgi|Aurpu_var_mel1|63718|fgenesh1_pg.4_#_55, jgi|Aurpu_var_mel1|56530|e_gw1.24.372.1
OG0000136	KAI4222192.1	jgi|Aspni_DSM_1|158536|An03g05440m.01
OG0000146	KAI4230241.1	jgi|Grascr1|714|GST1_007014-RA
OG0000146	KAI4230241.1	coassemb378_003750-T1
OG0000151	KAI4224498.1	jgi|PseVKM4520_1|10168|transcript_KFZ24155
OG0000151	KAI4224498.1	KAI9719401.1
OG0000157	KAI4218758.1	KAI9715689.1
OG0000160	KAI4223597.1	jgi|EndpusZ1|1203|EPUS_00014T0
OG0000160	KAI4223597.1	jgi|Fonmu1|8828|Z520_02903T0
OG0000160	KAI4223597.1	jgi|Altal1|938129|e_gw1.13.798.1
OG0000164	KAI4228733.1	jgi|Podan3|206414|mRNA_5242
OG0000165	KAI4221889.1	KAI9708569.1
OG0000169	KAI4224879.1	jgi|Penexp1|9251|PEXP_065540T0
OG0000171	KAI4223099.1	jgi|Exoaq1|8178|A1O9_04713T0
OG0000171	KAI4223099.1	coassemb76_007072-T1
OG0000173	KAI4225882.1	jgi|Clagr3|3318|CLAGR_003137-RA
OG0000177	KAI4221893.1	jgi|Aurpu_var_mel1|88715|gm1.9111_g
OG0000181	KAI4211994.1	CAF9937712.1
OG0000181	KAI4211994.1	jgi|Fonmu1|11781|Z520_04986T0
OG0000201	KAI4219872.1, KAI4228118.1	coassemb378_001789-T1
OG0000206	KAI4223220.1	jgi|Penexp1|3673|PEXP_041520T0
OG0000235	KAI4219923.1	jgi|Penexp1|8163|PEXP_075040T0
OG0000238	KAI4227981.1	jgi|Aurpu_var_mel1|49698|e_gw1.11.49.1
OG0000238	KAI4227981.1	jgi|Altal1|1057710|gm1.1945_g
OG0000239	KAI4224714.1	jgi|Capcor1|94518|A1O1_01656T0
OG0000249	KAI4213155.1, KAI4219142.1	jgi|Cocpo1_1|2495|XM_003067448.1, jgi|Cocpo1_1|6003|XM_003070956.1
OG0000250	KAI4226677.1	KAI9712898.1
OG0000258	KAI4229702.1	jgi|Aspni_DSM_1|160399|An07g01670m.01, jgi|Aspni_DSM_1|166512|An14g07310m.01, jgi|Aspni_DSM_1|168482|An18g00280m.01, jgi|Aspni_DSM_1|160266|An07g00280m.01, jgi|Aspni_DSM_1|155805|An01g07630m.01
OG0000262	KAI4224030.1	coassemb64_006437-T1
OG0000271	KAI4228715.1	jgi|Aspni_DSM_1|162693|An09g02330m.01
OG0000279	KAI4222472.1	jgi|Neucr_trp3_1|6469|Neucr2.NCU06980T0
OG0000293	KAI4224682.1	coassemb378_002291-T1
OG0000293	KAI4219987.1	jgi|Aspni_DSM_1|161268|An08g00030m.01
OG0000293	KAI4219987.1	KAJ9659520.1
OG0000298	KAI4220825.1	jgi|EndpusZ1|8555|EPUS_08720T0
OG0000308	KAI4223859.1	jgi|Capcor1|93137|A1O1_00267T0
OG0000311	KAI4218122.1	jgi|Penexp1|9779|PEXP_098470T0
OG0000313	KAI4225466.1	coassemb76_010026-T1
OG0000314	KAI4221898.1	jgi|Exoaq1|12012|A1O9_08328T0
OG0000315	KAI4219331.1	jgi|Penexp1|2729|PEXP_108930T0
OG0000315	KAI4219331.1	jgi|Cocpo1_1|4194|XM_003069147.1
OG0000317	KAI4222744.1	jgi|Sclsc1|1845|SS1G_08301T0
OG0000317	KAI4222744.1	GTX0486b100_006784-T1
OG0000318	KAI4222696.1	jgi|Aspni_DSM_1|157513|An02g09980m.01, jgi|Aspni_DSM_1|156449|An01g14410m.01
OG0000325	KAI4218015.1	coassemb76_006608-T1
OG0000337	KAI4220196.1	coassemb64_001600-T1
OG0000337	KAI4220196.1	jgi|Capcor1|101114|A1O1_08302T0
OG0000342	KAI4221254.1	jgi|Ascim1|123924|CE123923_1326
OG0000358	KAI4223485.1	CAF9942250.1
OG0000391	KAI4224231.1	jgi|Grascr1|5827|GST1_011412-RA
OG0000395	KAI4226102.1	jgi|EndpusZ1|4681|EPUS_02171T0
OG0000399	KAI4229812.1	jgi|Morco1|470072|gw1.20.229.1
OG0000401	KAI4221676.1	jgi|Monha1|4268|H072_4348m.01
OG0000428	KAI4225458.1	KAI9826689.1, KAI9828552.1
OG0000449	KAI4227670.1	CAF9903795.1
OG0000462	KAI4230134.1	jgi|PseVKM4520_1|9164|transcript_KFZ03549
OG0000466	KAI4222048.1	jgi|Grascr1|11362|GST1_005242-RA
OG0000470	KAI4228028.1	jgi|Phach1|2717|rna2716
OG0000470	KAI4228028.1	CAF9915761.1
OG0000485	KAI4230303.1	jgi|Penexp1|3620|PEXP_086100T0
OG0000491	KAI4223053.1	KAI9700613.1
OG0000521	KAI4221025.1	jgi|EndpusZ1|4157|EPUS_04802T0
OG0000523	KAI4225570.1, KAI4223124.1, KAI4224429.1	jgi|Claba1|132707|Z519_01185T0
OG0000528	KAI4220037.1	coassemb76_003245-T1
OG0000578	KAI4226395.1	KAI9821483.1
OG0000578	KAI4226395.1	KAI9754320.1
OG0000578	KAI4226395.1	jgi|Ascim1|413717|fgenesh1_RNNotator_kg.23_#_63_#_Locus1915v1rpkm85.47, jgi|Ascim1|46970|CE46969_14448
OG0000578	KAI4226395.1	jgi|Morco1|538282|fgenesh1_kg.45_#_97_#_Locus6442v1rpkm15.93, jgi|Morco1|601873|estExt_Genemark1.C_20275
OG0000578	KAI4226395.1	jgi|Cocpo1_1|3875|XM_003068828.1
OG0000578	KAI4226395.1	jgi|Phach1|1939|rna1938
OG0000578	KAI4226395.1	jgi|Fonmu1|3818|Z520_08455T0
OG0000578	KAI4226395.1	jgi|Claba1|137998|Z519_04524T0
OG0000578	KAI4226395.1	coassemb378_000903-T1
OG0000578	KAI4226395.1	coassemb76_006329-T1
OG0000578	KAI4226395.1	coassemb64_007141-T1
OG0000580	KAI4223721.1, KAI4222215.1	jgi|Capcor1|99769|A1O1_06944T0
OG0000599	KAI4230437.1	jgi|Claba1|133694|Z519_11094T0
OG0000599	KAI4230437.1	jgi|Exoaq1|7285|A1O9_03815T0
OG0000615	KAI4222862.1	CAF9926602.1
OG0000620	KAI4227495.1	coassemb376_002221-T1
OG0000620	KAI4227495.1	CAF9924105.1
OG0000621	KAI4218202.1	CAF9904326.1
OG0000636	KAI4224335.1	jgi|Clagr3|6601|CLAGR_006314-RA
OG0000654	KAI4224203.1	coassemb64_005016-T1
OG0000654	KAI4224203.1	coassemb76_006623-T1
OG0000654	KAI4219752.1	jgi|Exoaq1|12818|A1O9_09103T0
OG0000703	KAI4218158.1	jgi|Altal1|1099843|estExt_Genemark1.C_310035
OG0000721	KAI4220517.1	coassemb76_005366-T1
OG0000742	KAI4219785.1	KAJ9663078.1
OG0000774	KAI4229030.1	jgi|Dibbae1|1063|DIBA_004908-RA
OG0000775	KAI4220575.1	jgi|Aspni_DSM_1|166516|An14g07350m.01
OG0000780	KAI4230178.1	coassemb64_008147-T1
OG0000791	KAI4227248.1	jgi|EndpusZ1|9090|EPUS_06921T0
OG0000792	KAI4230261.1	jgi|Fusgr1|5336|FGSG_02884T0
OG0000793	KAI4220581.1, KAI4228024.1	coassemb378_010898-T1
OG0000796	KAI4229733.1	coassemb376_002365-T1
OG0000796	KAI4229733.1	coassemb378_011515-T1
OG0000821	KAI4228522.1	jgi|Ascim1|41603|CE41602_3598
OG0000823	KAI4220684.1	coassemb76_009583-T1
OG0000894	KAI4224762.1	KAI9705150.1
OG0000897	KAI4209895.1	jgi|Fonmu1|6990|Z520_02200T0
OG0000897	KAI4209895.1	GTX0486b100_000479-T1
OG0000906	KAI4222176.1	CAF9930826.1
OG0000909	KAI4229038.1	jgi|Penexp1|7694|PEXP_006740T0
OG0000928	KAI4224350.1	KAJ9654449.1
OG0000938	KAI4229186.1	GTX0486b100_008467-T1
OG0000945	KAI4225528.1	jgi|Fusgr1|8994|FGSG_07770T0
OG0000979	KAI4219820.1	coassemb76_008435-T1
OG0001008	KAI4226077.1	jgi|EndpusZ1|9085|EPUS_06916T0
OG0001008	KAI4226077.1	jgi|Podan3|204627|mRNA_3455
OG0001014	KAI4230103.1	jgi|Fonmu1|4494|Z520_01480T0
OG0001035	KAI4227936.1	CAF9933149.1
OG0001038	KAI4221620.1	GTX0466b15_000493-T1
OG0001038	KAI4221620.1	jgi|Penexp1|2724|PEXP_108880T0
OG0001045	KAI4226922.1	jgi|Aspni_DSM_1|160439|An07g02080m.01
OG0001077	KAI4224578.1	KAI4105648.1
OG0001077	KAI4224578.1	KAI4286386.1
OG0001077	KAI4224578.1	coassemb76_010062-T1
OG0001080	KAI4214630.1	jgi|Grascr1|8725|GST1_011777-RA
OG0001084	KAI4222913.1	jgi|Fusgr1|6893|FGSG_05944T0
OG0001093	KAI4223712.1, KAI4218048.1	jgi|Monha1|10095|H072_10639m.01
OG0001115	KAI4227602.1	coassemb76_002847-T1, coassemb76_003966-T1
OG0001115	KAI4227602.1	jgi|Dibbae1|6852|DIBA_009240-RA
OG0001116	KAI4224676.1	jgi|PseVKM4520_1|8715|transcript_KFZ04061
OG0001129	KAI4227211.1	jgi|Grascr1|3461|GST1_008067-RA
OG0001129	KAI4227211.1	coassemb64_000930-T1
OG0001133	KAI4226354.1	jgi|Exoaq1|7366|A1O9_03896T0
OG0001144	KAI4226324.1	coassemb378_005320-T1, coassemb378_011564-T1
OG0001146	KAI4219193.1	jgi|Sclsc1|10347|SS1G_03376T0
OG0001151	KAI4223198.1	coassemb64_003162-T1
OG0001155	KAI4223000.1	CAF9922875.1
OG0001159	KAI4226293.1	jgi|Sclsc1|11022|SS1G_04051T0
OG0001177	KAI4228493.1	coassemb76_009379-T1
OG0001182	KAI4220703.1	jgi|Fonmu1|10688|Z520_03889T0
OG0001184	KAI4224333.1	jgi|Exoaq1|6235|A1O9_12036T0
OG0001191	KAI4228143.1	jgi|Morco1|547704|fgenesh1_pg.43_#_83
OG0001203	KAI4228057.1	jgi|Clagr3|9146|CLAGR_009773-RA
OG0001227	KAI4228435.1	jgi|Artol1|4183|AOL_s00076g279m.01
OG0001227	KAI4228435.1	jgi|Aspni_DSM_1|158193|An03g01800m.01
OG0001235	KAI4225775.1	coassemb76_007875-T1
OG0001250	KAI4225162.1	GTX0466b15_001962-T1
OG0001281	KAI4223780.1	jgi|Artol1|5|AOL_s00004g4m.01
OG0001281	KAI4223780.1	jgi|Fusgr1|13314|FGSG_11241T0, jgi|Fusgr1|10669|FGSG_09212T0
OG0001300	KAI4222858.1	jgi|Artol1|5666|AOL_s00079g440m.01
OG0001308	KAI4223731.1	jgi|Grascr1|11367|GST1_005247-RA
OG0001365	KAI4223169.1	jgi|Podan3|208764|mRNA_7592
OG0001369	KAI4229850.1	coassemb76_001977-T1
OG0001406	KAI4221772.1	coassemb76_009080-T1
OG0001435	KAI4229073.1	coassemb376_005892-T1
OG0001435	KAI4229073.1	KAI4287589.1
OG0001452	KAI4223601.1	KAI9714973.1
OG0001473	KAI4225821.1	jgi|Fusgr1|2642|FGSG_02304T0
OG0001487	KAI4224614.1	coassemb76_009690-T1
OG0001489	KAI4225679.1	coassemb378_010712-T1
OG0001489	KAI4225679.1	coassemb376_006328-T1
OG0001499	KAI4228885.1	jgi|EndpusZ1|2781|EPUS_05882T0
OG0001512	KAI4222884.1	coassemb76_005891-T1
OG0001518	KAI4229713.1	jgi|Penexp1|8657|PEXP_013540T0
OG0001522	KAI4219590.1	jgi|Aspni_DSM_1|158203|An03g01910m.01
OG0001529	KAI4221894.1	jgi|Aspni_DSM_1|168268|An17g00540m.01
OG0001529	KAI4221894.1	coassemb64_004123-T1
OG0001536	KAI4222667.1	jgi|Podan3|211277|mRNA_10105
OG0001557	KAI4230314.1	coassemb64_004441-T1
OG0001563	KAI4220451.1	KAI9660210.1
OG0001567	KAI4230329.1	coassemb76_007635-T1
OG0001581	KAI4227070.1	KAI9825660.1
OG0001635	KAI4228991.1	coassemb76_009868-T1
OG0001640	KAI4222976.1	KAI4086500.1
OG0001668	KAI4223871.1	coassemb76_009897-T1
OG0001702	KAI4229497.1	GTX0486b100_005054-T1
OG0001702	KAI4229497.1	KAI9839547.1
OG0001704	KAI4221510.1	coassemb76_009440-T1
OG0001707	KAI4226598.1	CAF9932627.1
OG0001708	KAI4227864.1	jgi|Clagr3|3759|CLAGR_003461-RA
OG0001708	KAI4227864.1	jgi|Grascr1|10596|GST1_012689-RA
OG0001711	KAI4221722.1	coassemb76_007893-T1
OG0001732	KAI4229272.1	GTX0486b100_008526-T1
OG0001744	KAI4228358.1	coassemb378_008974-T1
OG0001746	KAI4226467.1	coassemb378_003258-T1
OG0001754	KAI4228253.1	jgi|Erypu1|6183|transcript_POS81775
OG0001764	KAI4222255.1	jgi|Podan3|209159|mRNA_7987, jgi|Podan3|210190|mRNA_9018
OG0001767	KAI4221827.1, KAI4222420.1	FUN_009225_T2_FUN_009225, FUN_009225_T1_FUN_009225
OG0001767	KAI4221827.1, KAI4222420.1	KAI4104620.1
OG0001768	KAI4226146.1	KAI9700457.1
OG0001770	KAI4229294.1	jgi|Fusgr1|9933|FGSG_08344T0
OG0001782	KAI4229312.1	jgi|Acastr1|119261|AST1_001460-RA
OG0001791	KAI4229795.1	CAF9908416.1
OG0001796	KAI4226955.1	jgi|PseVKM4520_1|2442|transcript_KFZ16962
OG0001800	KAI4227268.1	jgi|Claba1|131384|Z519_09698T0
OG0001800	KAI4227268.1	coassemb76_009563-T1
OG0001814	KAI4229596.1	coassemb76_008228-T1
OG0001822	KAI4228317.1	FUN_002886_T2_FUN_002886, FUN_002886_T4_FUN_002886, FUN_002886_T3_FUN_002886
OG0001827	KAI4226267.1	jgi|Erypu1|6487|transcript_POS81721
OG0001830	KAI4226024.1	coassemb76_007596-T1
OG0001834	KAI4230068.1	KAI9717546.1
OG0001845	KAI4229486.1	jgi|Claba1|131841|Z519_10158T0
OG0001845	KAI4229486.1	coassemb76_008813-T1
OG0001846	KAI4227686.1	coassemb76_009430-T1
OG0001849	KAI4225732.1	KAI9726210.1
OG0001860	KAI4223378.1	jgi|Aurpu_var_mel1|70521|fgenesh1_pg.47_#_5
OG0001890	KAI4228682.1	jgi|Penexp1|1359|PEXP_026030T0
OG0001907	KAI4220811.1	jgi|Fusgr1|4937|FGSG_12482T0
OG0001932	KAI4224743.1	jgi|Neucr_trp3_1|5863|Neucr2.NCU06385T0
OG0001935	KAI4227464.1	jgi|Morco1|203785|CE203784_1176
OG0001950	KAI4227012.1	jgi|Erypu1|5784|transcript_POS81829
OG0002000	KAI4226421.1	KAI4279879.1
OG0002004	KAI4225154.1	coassemb76_000425-T1
OG0002008	KAI4228375.1	coassemb376_004075-T1
OG0002029	KAI4224613.1	coassemb76_009689-T1
OG0002081	KAI4227035.1	coassemb64_004135-T1
OG0002082	KAI4219806.1	jgi|Neucr_trp3_1|8808|Neucr2.NCU04822T0
OG0002154	KAI4228510.1	jgi|Sclsc1|8089|SS1G_13512T0
OG0002154	KAI4228510.1	coassemb76_008216-T1
OG0002184	KAI4226917.1	coassemb76_009965-T1
OG0002196	KAI4222404.1	coassemb378_007075-T1
OG0002203	KAI4226363.1	jgi|Grascr1|5814|GST1_003548-RA
OG0002221	KAI4230405.1	jgi|EndpusZ1|176|EPUS_09319T0
OG0002235	KAI4227314.1	jgi|EndpusZ1|4631|EPUS_02121T0
OG0002326	KAI4222369.1	jgi|Grascr1|5606|GST1_009829-RA
OG0002329	KAI4223054.1	KAI4289628.1
OG0002329	KAI4223054.1	jgi|Dibbae1|8223|DIBA_010511-RA
OG0002342	KAI4227972.1	coassemb76_009114-T1
OG0002345	KAI4221428.1	coassemb378_002074-T1
OG0002349	KAI4227969.1	jgi|Grascr1|958|GST1_006961-RA
OG0002349	KAI4227969.1	jgi|Acastr1|122567|AST1_006589-RA
OG0002468	KAI4225502.1	coassemb64_002119-T1
OG0002473	KAI4221101.1	coassemb76_009557-T1
OG0002532	KAI4219024.1	coassemb378_011050-T1
OG0002553	KAI4229864.1	coassemb376_006157-T1
OG0002624	KAI4223896.1	coassemb76_009612-T1
OG0002624	KAI4223896.1	KAJ9649871.1
OG0002650	KAI4226502.1	coassemb76_006781-T1
OG0002656	KAI4222832.1	jgi|Erypu1|138|transcript_POS81639
OG0002676	KAI4226025.1	coassemb76_007595-T1
OG0002704	KAI4221609.1	coassemb76_008812-T1
OG0002707	KAI4225286.1	coassemb76_008891-T1
OG0002716	KAI4221436.1	coassemb378_006947-T1
OG0002718	KAI4228105.1	coassemb64_002777-T1
OG0002738	KAI4228122.1	jgi|Monha1|1364|H072_1364m.01
OG0002738	KAI4228122.1	jgi|Sclsc1|3554|SS1G_10010T0
OG0002760	KAI4222433.1	jgi|Monha1|5677|H072_5862m.01
OG0002761	KAI4224213.1	jgi|Aspni_DSM_1|155792|An01g07490m.01
OG0002764	KAI4220540.1	jgi|Ascim1|377009|estExt_fgenesh1_pg.C_420059
OG0002915	KAI4226582.1	jgi|Podan3|210066|mRNA_8894
OG0002915	KAI4226582.1	KAJ9653342.1
OG0002940	KAI4230462.1	coassemb64_002535-T1
OG0002940	KAI4230462.1	jgi|Acastr1|122943|AST1_008079-RA
OG0002973	KAI4223625.1	coassemb378_010763-T1
OG0003022	KAI4219453.1	coassemb378_004555-T1
OG0003031	KAI4229512.1	jgi|Exoaq1|5208|A1O9_02731T0
OG0003044	KAI4229549.1	jgi|PseVKM4520_1|5317|transcript_KFZ11750
OG0003055	KAI4229745.1	jgi|Grascr1|9922|GST1_003923-RA
OG0003075	KAI4227233.1	FUN_008835_T1_FUN_008835
OG0003143	KAI4229562.1	jgi|Aspni_DSM_1|163709|An11g04690m.01
OG0003155	KAI4228530.1	jgi|Grascr1|80|GST1_000080-RA
OG0003232	KAI4227034.1	coassemb76_000910-T1
OG0003255	KAI4225758.1	coassemb76_009234-T1
OG0003275	KAI4223375.1	coassemb76_010196-T1
OG0003326	KAI4228509.1	jgi|Exoaq1|10143|A1O9_06576T0
OG0003398	KAI4218234.1	jgi|Cocpo1_1|5470|XM_003070423.1
OG0003472	KAI4224322.1	coassemb76_009613-T1
OG0003482	KAI4225290.1	jgi|Dibbae1|9620|DIBA_003758-RA
OG0003482	KAI4225290.1	jgi|Altal1|283663|CE283662_23
OG0003482	KAI4225290.1	coassemb76_009858-T1
OG0003488	KAI4226489.1	jgi|Neucr_trp3_1|1223006|e_gw1.223.19.1
OG0003534	KAI4219922.1	KAI9724968.1
OG0003546	KAI4229273.1	GTX0486b100_008525-T1
OG0003680	KAI4230448.1	jgi|Morco1|577490|gm1.8266_g
OG0003782	KAI4225352.1	coassemb76_001444-T1
OG0003794	KAI4229938.1	KAI9817910.1
OG0003802	KAI4221778.1	jgi|Claba1|130454|Z519_08761T0
OG0003829	KAI4223019.1	coassemb378_009065-T1
OG0003840	KAI4222933.1	jgi|Claba1|137073|Z519_12810T0
OG0003840	KAI4222933.1	XP_008710554.1, XP_008721554.1
OG0003858	KAI4224612.1	GTX0486b100_004435-T1
OG0003859	KAI4224615.1	coassemb76_009691-T1
OG0003946	KAI4223931.1	coassemb76_009991-T1
OG0003987	KAI4221237.1	jgi|Dibbae1|11444|DIBA_003947-RA
OG0004002	KAI4228223.1	GTX0486b100_008454-T1
OG0004024	KAI4229371.1	jgi|Fonmu1|6334|Z520_10147T0
OG0004115	KAI4223207.1	jgi|Penexp1|7114|PEXP_076500T0
OG0004173	KAI4222405.1	GTX0486b100_008522-T1
OG0004184	KAI4227058.1	KAI4106085.1
OG0004250	KAI4223463.1	jgi|Claba1|128932|Z519_07232T0
OG0004250	KAI4223463.1	jgi|Monha1|1644|H072_1644m.01
OG0004260	KAI4220646.1	coassemb76_009531-T1
OG0004284	KAI4224279.1	KAJ9650877.1
OG0004295	KAI4222328.1	jgi|Fusgr1|12290|FGSG_10627T0
OG0004308	KAI4225626.1	jgi|Aspni_DSM_1|159406|An04g07230m.01
OG0004308	KAI4225626.1	jgi|Penexp1|3549|PEXP_086730T0
OG0004308	KAI4225626.1	jgi|Fusgr1|12415|FGSG_13829T0
OG0004318	KAI4220564.1	jgi|PseVKM4520_1|3541|transcript_KFZ14981
OG0004511	KAI4227267.1	coassemb76_009565-T1
OG0004527	KAI4227892.1	KAI9652523.1
OG0004609	KAI4224318.1	jgi|Clagr3|2100|CLAGR_002088-RA
OG0004622	KAI4225807.1	jgi|Clagr3|2324|CLAGR_001722-RA
OG0004631	KAI4219610.1	KAI9700672.1
OG0004640	KAI4226103.1	KAI9710051.1
OG0004683	KAI4218975.1	jgi|Podan3|206003|mRNA_4831
OG0004760	KAI4224918.1	jgi|Capcor1|95013|A1O1_02152T0
OG0004760	KAI4224918.1	jgi|Artol1|5540|AOL_s00079g314m.01
OG0004766	KAI4229807.1	jgi|Erypu1|6691|transcript_POS81688
OG0004811	KAI4227479.1	jgi|Grascr1|8519|GST1_003040-RA
OG0004821	KAI4228294.1, KAI4220695.1	jgi|Acastr1|125605|AST1_005124-RA
OG0004821	KAI4228294.1, KAI4220695.1	jgi|Aspni_DSM_1|168677|An18g02320m.01
OG0004987	KAI4219150.1	GTX0486b100_008500-T1
OG0004993	KAI4226134.1	jgi|Aspni_DSM_1|160798|An07g05740m.01
OG0005177	KAI4226095.1	jgi|Grascr1|8130|GST1_003831-RA
OG0005228	KAI4227914.1	jgi|Monha1|8323|H072_8618m.01
OG0005243	KAI4221065.1	GTX0466b15_004710-T1
OG0005256	KAI4226603.1	coassemb76_010088-T1
OG0005288	KAI4225684.1	jgi|Penexp1|936|PEXP_095660T0
OG0005311	KAI4217985.1	coassemb376_007649-T1
OG0005351	KAI4228119.1	KAJ9653021.1
OG0005425	KAI4225311.1	jgi|Phach1|1154|rna1153
OG0005435	KAI4222650.1	jgi|Acastr1|121105|AST1_006607-RA
OG0005479	KAI4224312.1	jgi|Clagr3|8990|CLAGR_008713-RA
OG0005485	KAI4224289.1	coassemb64_007365-T1
OG0005485	KAI4224289.1	jgi|Exoaq1|4650|A1O9_02169T0
OG0005499	KAI4217851.1	jgi|Penexp1|2970|PEXP_089060T0
OG0005499	KAI4217851.1	jgi|Exoaq1|4779|A1O9_02298T0, jgi|Exoaq1|9599|A1O9_06029T0
OG0005575	KAI4229136.1	jgi|Aspni_DSM_1|161719|An08g04560m.01
OG0005605	KAI4222406.1	coassemb64_003773-T1
OG0005605	KAI4222406.1	GTX0486b100_008523-T1
OG0005682	KAI4222396.1	coassemb76_009415-T1
OG0005689	KAI4230235.1	coassemb76_009641-T1
OG0005703	KAI4221891.1	jgi|Neucr_trp3_1|5771|Neucr2.NCU07660T0
OG0005703	KAI4221891.1	jgi|Penexp1|5410|PEXP_058710T0
OG0005718	KAI4226184.1	GTX0466b15_006999-T1, GTX0466b15_009230-T1
OG0005747	KAI4224032.1	jgi|EndpusZ1|3287|EPUS_08556T0, jgi|EndpusZ1|3288|EPUS_08557T0
OG0005794	KAI4225736.1	coassemb76_008471-T1
OG0005825	KAI4217741.1	KAI9705914.1
OG0005931	KAI4229809.1	jgi|PseVKM4520_1|5116|transcript_KFZ12166, jgi|PseVKM4520_1|11080|transcript_KFZ23327
OG0006007	KAI4220224.1	jgi|Aspni_DSM_1|164921|An12g06090m.01
OG0006022	KAI4228734.1	jgi|EndpusZ1|6271|EPUS_05121T0
OG0006025	KAI4226385.1	jgi|Penexp1|9708|PEXP_100150T0
OG0006063	KAI4227582.1	jgi|Umbpus1|100783|LPUS_07473T0, jgi|Umbpus1|100322|LPUS_00725T0
OG0006094	KAI4225585.1	jgi|Penexp1|1455|PEXP_026990T0
OG0006094	KAI4225585.1	coassemb76_006090-T1, coassemb76_005829-T1
OG0006190	KAI4218424.1	jgi|Aurpu_var_mel1|66583|fgenesh1_pg.12_#_80
OG0006190	KAI4219510.1, KAI4219504.1	jgi|Altal1|6868|CE6867_2937
OG0006269	KAI4223103.1	jgi|Podan3|208703|mRNA_7531
OG0006292	KAI4228881.1	jgi|Grascr1|267|GST1_006557-RA
OG0006292	KAI4228881.1	jgi|Penexp1|9533|PEXP_068380T0
OG0006292	KAI4228881.1	jgi|Cocpo1_1|4348|XM_003069301.1
OG0006292	KAI4228881.1	jgi|Phach1|3029|rna3028
OG0006292	KAI4228881.1	KAJ9659943.1
OG0006292	KAI4228881.1	CAF9914314.1
OG0006292	KAI4228881.1	jgi|Clagr3|4893|CLAGR_005394-RA
OG0006292	KAI4228881.1	jgi|EndpusZ1|172|EPUS_09315T0
OG0006292	KAI4228881.1	jgi|Fonmu1|11517|Z520_04722T0
OG0006292	KAI4228881.1	jgi|Claba1|140364|Z519_06898T0
OG0006292	KAI4228881.1	jgi|Exoaq1|6880|A1O9_12682T0
OG0006292	KAI4228881.1	coassemb64_003957-T1
OG0006292	KAI4228881.1	jgi|Capcor1|94525|A1O1_01663T0
OG0006292	KAI4228881.1	coassemb76_009774-T1
OG0006292	KAI4228881.1	XP_008713928.1
OG0006292	KAI4228881.1	coassemb378_005116-T1
OG0006292	KAI4228881.1	jgi|Acastr1|123789|AST1_002817-RA
OG0006292	KAI4228881.1	jgi|Umbpus1|101465|LPUS_02797T0
OG0006334	KAI4228582.1, KAI4212326.1	jgi|Aspni_DSM_1|164931|An12g06180m.01
OG0006351	KAI4220151.1	coassemb378_008669-T1, coassemb378_003689-T1
OG0006382	KAI4229465.1	KAJ9659592.1
OG0006446	KAI4223929.1	coassemb76_009989-T1
OG0006472	KAI4219112.1	KAI9720785.1
OG0006486	KAI4224647.1, KAI4219083.1, KAI4218879.1, KAI4224648.1	GTX0486b100_000478-T1
OG0006512	KAI4228042.1	jgi|PseVKM4520_1|4471|transcript_KFZ13388
OG0006584	KAI4221854.1	jgi|Exoaq1|9369|A1O9_05797T0, jgi|Exoaq1|7606|A1O9_04137T0
OG0006586	KAI4228823.1, KAI4223607.1	jgi|Altal1|997246|estExt_Genewise1Plus.C_21_t20032
OG0006589	KAI4227737.1	jgi|Monha1|5186|H072_5294m.01, jgi|Monha1|6980|H072_7205m.01
OG0006638	KAI4220637.1	jgi|Dibbae1|8770|DIBA_002263-RA
OG0006638	KAI4220637.1	jgi|Clagr3|6591|CLAGR_006304-RA
OG0006638	KAI4220637.1	jgi|Artol1|6195|AOL_s00081g25m.01
OG0006716	KAI4230214.1	jgi|Morco1|558143|estExt_fgenesh1_pm.C_170001
OG0006828	KAI4229262.1	coassemb76_004075-T1
OG0006828	KAI4229262.1	KAJ9651555.1
OG0006841	KAI4221008.1	jgi|Exoaq1|10150|A1O9_06583T0, jgi|Exoaq1|6236|A1O9_12037T0
OG0006842	KAI4214284.1	jgi|EndpusZ1|2241|EPUS_06577T0
OG0006971	KAI4228173.1	KAI9672148.1, KAI9665517.1
OG0007083	KAI4230239.1	coassemb378_010436-T1
OG0007102	KAI4229768.1	coassemb76_010212-T1
OG0007165	KAI4226704.1	coassemb76_009436-T1
OG0007209	KAI4218697.1	KAI4087107.1, KAI4099216.1
OG0007209	KAI4218697.1	jgi|Exoaq1|9896|A1O9_06329T0
OG0007209	KAI4218697.1	jgi|Clagr3|1409|CLAGR_001392-RA
OG0007209	KAI4218697.1	jgi|Acastr1|126301|AST1_006456-RA
OG0007857	KAI4218735.1	FUN_005778_T1_FUN_005778
OG0007857	KAI4218735.1	jgi|Phach1|5123|rna5122
OG0007857	KAI4218735.1	KAI9665519.1
OG0007857	KAI4218735.1	jgi|Exoaq1|5613|A1O9_03139T0
OG0007857	KAI4218735.1	jgi|Claba1|132681|Z519_01159T0, jgi|Claba1|137208|Z519_03734T0
OG0007857	KAI4218735.1	jgi|Fonmu1|6002|Z520_09815T0
OG0007857	KAI4218735.1	coassemb64_004475-T1
OG0007857	KAI4218735.1	KAJ9662438.1
OG0007857	KAI4218735.1	XP_008713920.1
OG0008693	KAI4223680.1	jgi|Morco1|478317|gw1.38.285.1
