Orthogroup	JAPDRQ01_protein	Other
OG0000000	KAJ9653241.1, KAJ9662337.1	jgi|Exoaq1|3410|A1O9_10929T0
OG0000000	KAJ9653761.1	jgi|Clagr3|6472|CLAGR_006578-RA
OG0000002	KAJ9652770.1	jgi|Claba1|130881|Z519_09192T0
OG0000002	KAJ9652770.1	jgi|Podan3|204345|mRNA_3173
OG0000002	KAJ9652770.1	jgi|Fusgr1|5067|FGSG_03117T0
OG0000004	KAJ9661672.1	KAI4106465.1
OG0000005	KAJ9663722.1	jgi|Claba1|138818|Z519_05350T0
OG0000008	KAJ9651914.1	jgi|Fonmu1|5786|Z520_09599T0
OG0000009	KAJ9663857.1, KAJ9652153.1	coassemb378_004974-T1, coassemb378_008543-T1
OG0000009	KAJ9663857.1, KAJ9652153.1	jgi|Clagr3|7027|CLAGR_006763-RA
OG0000009	KAJ9663857.1, KAJ9652153.1	KAI9728433.1
OG0000009	KAJ9663857.1, KAJ9652153.1	KAI9716678.1
OG0000009	KAJ9663857.1, KAJ9652153.1	KAI9699962.1
OG0000009	KAJ9663857.1, KAJ9652153.1	jgi|Dibbae1|2517|DIBA_007823-RA
OG0000009	KAJ9663857.1, KAJ9652153.1	jgi|EndpusZ1|1236|EPUS_00047T0
OG0000009	KAJ9663857.1, KAJ9652153.1	FUN_005123_T1_FUN_005123
OG0000009	KAJ9663857.1, KAJ9652153.1	jgi|Exoaq1|5525|A1O9_03049T0
OG0000009	KAJ9663857.1, KAJ9652153.1	jgi|Exoaq1|5525|A1O9_03049T0
OG0000009	KAJ9663857.1, KAJ9652153.1	jgi|Claba1|128724|Z519_07022T0
OG0000009	KAJ9663857.1, KAJ9652153.1	coassemb76_003044-T1
OG0000009	KAJ9663857.1, KAJ9652153.1	GTX0466b15_005176-T1
OG0000009	KAJ9663857.1, KAJ9652153.1	jgi|Monha1|6336|H072_6538m.01
OG0000009	KAJ9663857.1, KAJ9652153.1	XP_008720756.1
OG0000009	KAJ9663857.1, KAJ9652153.1	jgi|Claba1|128724|Z519_07022T0
OG0000010	KAJ9654589.1	jgi|Claba1|131098|Z519_09410T0
OG0000010	KAJ9654589.1	jgi|Exoaq1|2869|A1O9_10391T0, jgi|Exoaq1|2756|A1O9_10281T0, jgi|Exoaq1|483|A1O9_00484T0
OG0000010	KAJ9654589.1	jgi|Fonmu1|9542|Z520_11949T0, jgi|Fonmu1|7093|Z520_02303T0
OG0000010	KAJ9654589.1	coassemb64_008267-T1
OG0000010	KAJ9654589.1	jgi|Fusgr1|3308|FGSG_04672T0
OG0000010	KAJ9654589.1	jgi|Capcor1|99510|A1O1_06682T0
OG0000010	KAJ9654589.1	jgi|Aurpu_var_mel1|77972|fgenesh1_pm.24_#_1
OG0000010	KAJ9655585.1	CAF9932876.1
OG0000011	KAJ9658670.1	jgi|Penexp1|1017|PEXP_096440T0
OG0000013	KAJ9655409.1	XP_008713341.1
OG0000013	KAJ9655409.1	jgi|Umbpus1|103344|LPUS_09925T0
OG0000017	KAJ9655686.1	XP_008715630.1
OG0000025	KAJ9659846.1	jgi|Claba1|132263|Z519_10582T0
OG0000025	KAJ9659846.1	jgi|Fonmu1|9583|Z520_11990T0
OG0000033	KAJ9656277.1, KAJ9659034.1	jgi|Grascr1|7424|GST1_012001-RA
OG0000033	KAJ9656224.1	jgi|Exoaq1|1692|A1O9_01698T0, jgi|Exoaq1|5505|A1O9_03029T0, jgi|Exoaq1|2387|A1O9_09913T0
OG0000037	KAJ9659731.1	coassemb378_006802-T1
OG0000038	KAJ9664194.1, KAJ9652226.1	jgi|Dibbae1|4142|DIBA_008763-RA
OG0000048	KAJ9660456.1, KAJ9651860.1, KAJ9664322.1	jgi|Exoaq1|668|A1O9_00669T0
OG0000048	KAJ9660456.1, KAJ9651860.1, KAJ9664322.1	GTX0494b19_008263-T1, GTX0494b19_007006-T1
OG0000048	KAJ9660456.1, KAJ9651860.1, KAJ9664322.1	KAI4220349.1
OG0000048	KAJ9660456.1, KAJ9651860.1, KAJ9664322.1	KAI4231707.1, KAI4236155.1
OG0000048	KAJ9660456.1, KAJ9651860.1, KAJ9664322.1	coassemb378_010195-T1
OG0000048	KAJ9660456.1, KAJ9651860.1, KAJ9664322.1	KAI4101022.1
OG0000048	KAJ9660456.1, KAJ9651860.1, KAJ9664322.1	KAI4287198.1
OG0000048	KAJ9660456.1, KAJ9651860.1, KAJ9664322.1	jgi|Neucr_trp3_1|8519|Neucr2.NCU07168T0
OG0000061	KAJ9651156.1	jgi|Penexp1|1729|PEXP_074030T0
OG0000063	KAJ9654252.1	jgi|Phach1|2642|rna2641
OG0000066	KAJ9651602.1	jgi|Dibbae1|4642|DIBA_001639-RA
OG0000074	KAJ9652958.1	jgi|Cocpo1_1|4812|XM_003069765.1
OG0000076	KAJ9654358.1	jgi|Penexp1|8723|PEXP_014370T0
OG0000080	KAJ9656518.1	XP_008714722.1
OG0000080	KAJ9660192.1, KAJ9661015.1	CAF9935426.1
OG0000080	KAJ9661015.1	jgi|Fonmu1|6290|Z520_10103T0
OG0000092	KAJ9662052.1	jgi|Clagr3|5199|CLAGR_004539-RA
OG0000097	KAJ9651361.1	jgi|Grascr1|4501|GST1_002567-RA
OG0000101	KAJ9662446.1	jgi|Aurpu_var_mel1|70638|fgenesh1_pg.57_#_3
OG0000103	KAJ9659716.1	jgi|Podan3|204587|mRNA_3415
OG0000104	KAJ9650104.1	CAF9921432.1
OG0000108	KAJ9652681.1	coassemb64_004549-T1
OG0000120	KAJ9657489.1	jgi|Fonmu1|10481|Z520_12348T0
OG0000122	KAJ9654726.1, KAJ9654742.1	jgi|Morco1|522045|estExt_Genewise1Plus.C_200116
OG0000127	KAJ9660206.1	jgi|Exoaq1|5162|A1O9_02685T0
OG0000127	KAJ9658348.1	XP_008719660.1
OG0000131	KAJ9652960.1	jgi|Aurpu_var_mel1|63718|fgenesh1_pg.4_#_55, jgi|Aurpu_var_mel1|56530|e_gw1.24.372.1
OG0000131	KAJ9652960.1	KAI9653286.1
OG0000131	KAJ9652960.1	jgi|Grascr1|8627|GST1_012291-RA
OG0000153	KAJ9654520.1	jgi|Grascr1|4402|GST1_009774-RA
OG0000154	KAJ9657726.1	jgi|Dibbae1|7779|DIBA_003252-RA
OG0000154	KAJ9657726.1	XP_008711644.1
OG0000160	KAJ9661397.1	jgi|Dibbae1|9776|DIBA_011215-RA
OG0000164	KAJ9663820.1, KAJ9663819.1, KAJ9652449.1	jgi|Podan3|206414|mRNA_5242
OG0000165	KAJ9654110.1	KAI9708568.1
OG0000170	KAJ9656472.1	jgi|Penexp1|120|PEXP_020750T0
OG0000170	KAJ9656472.1	jgi|Altal1|702313|CE702312_36332, jgi|Altal1|993239|estExt_Genewise1Plus.C_15_t20144
OG0000176	KAJ9653578.1	jgi|Penexp1|5324|PEXP_046490T0
OG0000176	KAJ9653578.1	jgi|Aspni_DSM_1|159622|An04g09410m.01
OG0000176	KAJ9653578.1	jgi|Grascr1|7436|GST1_010741-RA, jgi|Grascr1|4201|GST1_001185-RA
OG0000176	KAJ9653578.1	jgi|Fusgr1|2600|FGSG_02266T0
OG0000176	KAJ9653578.1	coassemb378_002349-T1
OG0000176	KAJ9653578.1	jgi|Exoaq1|11622|A1O9_07958T0
OG0000176	KAJ9653578.1	XP_008713361.1
OG0000176	KAJ9653578.1	jgi|Exoaq1|11622|A1O9_07958T0
OG0000176	KAJ9653578.1	XP_008713361.1
OG0000176	KAJ9653578.1	jgi|Altal1|164662|CE164661_6166
OG0000176	KAJ9653578.1	jgi|Aurpu_var_mel1|47419|e_gw1.9.148.1
OG0000176	KAJ9653578.1	KAI9709026.1
OG0000176	KAJ9653578.1	GTX0486b100_003883-T1
OG0000176	KAJ9653578.1	KAI9696258.1
OG0000176	KAJ9653578.1	KAI9726293.1
OG0000176	KAJ9653578.1	KAI9668803.1
OG0000176	KAJ9653578.1	jgi|Dibbae1|4946|DIBA_008476-RA
OG0000176	KAJ9653578.1	jgi|Phach1|6444|rna6443
OG0000181	KAJ9664732.1	coassemb378_005990-T1
OG0000193	KAJ9664682.1, KAJ9652743.1	jgi|Aurpu_var_mel1|86688|gm1.7084_g
OG0000200	KAJ9653682.1	jgi|Fusgr1|3068|FGSG_02688T0, jgi|Fusgr1|4515|FGSG_12409T0
OG0000200	KAJ9662802.1	jgi|Grascr1|8319|GST1_012131-RA
OG0000201	KAJ9661403.1	coassemb378_001789-T1
OG0000206	KAJ9659527.1	jgi|Penexp1|3673|PEXP_041520T0
OG0000214	KAJ9657599.1	jgi|Fusgr1|4397|FGSG_03711T0
OG0000222	KAJ9661901.1, KAJ9663884.1	jgi|Sclsc1|2679|SS1G_09135T0
OG0000222	KAJ9663884.1	coassemb76_005374-T1
OG0000225	KAJ9657066.1	KAI4288535.1
OG0000235	KAJ9651969.1	jgi|Penexp1|8163|PEXP_075040T0
OG0000235	KAJ9657519.1	jgi|Exoaq1|1989|A1O9_09521T0
OG0000238	KAJ9655951.1	jgi|Altal1|1057710|gm1.1945_g
OG0000238	KAJ9655951.1	KAI4109259.1
OG0000238	KAJ9655951.1	jgi|Aurpu_var_mel1|49698|e_gw1.11.49.1
OG0000253	KAJ9662896.1, KAJ9655065.1	GTX0466b15_004827-T1
OG0000253	KAJ9655065.1	XP_008717279.1
OG0000259	KAJ9654501.1	jgi|Exoaq1|9275|A1O9_05702T0
OG0000282	KAJ9652262.1	jgi|Penexp1|9817|PEXP_098850T0
OG0000282	KAJ9652262.1	GTX0466b15_004792-T1
OG0000282	KAJ9652262.1	coassemb76_003702-T1
OG0000282	KAJ9652262.1	XP_008713752.1, XP_008712121.1
OG0000282	KAJ9652262.1	jgi|Exoaq1|463|A1O9_00464T0
OG0000282	KAJ9652262.1	jgi|Fonmu1|4564|Z520_01551T0
OG0000282	KAJ9652262.1	jgi|Claba1|131871|Z519_10189T0
OG0000282	KAJ9652262.1	jgi|PseVKM4520_1|11522|transcript_KFZ22925
OG0000282	KAJ9659602.1	jgi|Capcor1|101069|A1O1_08257T0
OG0000282	KAJ9659602.1	coassemb76_004088-T1
OG0000282	KAJ9659602.1	coassemb64_007531-T1
OG0000282	KAJ9659602.1	jgi|Aspni_DSM_1|160205|An06g02380m.01
OG0000282	KAJ9659602.1	jgi|Claba1|129355|Z519_07658T0
OG0000282	KAJ9659602.1	jgi|PseVKM4520_1|6583|transcript_KFZ09607
OG0000282	KAJ9659602.1	XP_008713160.1
OG0000282	KAJ9659602.1	XP_008713160.1
OG0000283	KAJ9655715.1	KAI9726043.1
OG0000283	KAJ9655715.1	KAI9654165.1, KAI9651602.1
OG0000283	KAJ9655715.1	jgi|Altal1|1029639|fgenesh1_pm.6_#_185
OG0000283	KAJ9655715.1	jgi|Aurpu_var_mel1|9459|gw1.37.4.1
OG0000283	KAJ9658966.1	coassemb376_007093-T1
OG0000293	KAJ9659520.1	jgi|Acastr1|123638|AST1_009028-RA
OG0000293	KAJ9659520.1	jgi|Aspni_DSM_1|161268|An08g00030m.01
OG0000293	KAJ9659520.1	jgi|Aspni_DSM_1|161268|An08g00030m.01
OG0000293	KAJ9659520.1	KAI4206361.1
OG0000293	KAJ9659520.1	FUN_001955_T1_FUN_001955
OG0000293	KAJ9659520.1	GTX0494b19_007228-T1
OG0000293	KAJ9659520.1	KAI4219987.1
OG0000293	KAJ9659520.1	jgi|Podan3|210235|mRNA_9063, jgi|Podan3|208779|mRNA_7607
OG0000293	KAJ9659520.1	jgi|Neucr_trp3_1|1200598|e_gw1.14.171.1
OG0000294	KAJ9652404.1	jgi|Claba1|136555|Z519_03086T0
OG0000311	KAJ9656324.1	jgi|Penexp1|9779|PEXP_098470T0
OG0000311	KAJ9658585.1	jgi|Clagr3|9403|CLAGR_009348-RA
OG0000315	KAJ9663549.1	jgi|Penexp1|2729|PEXP_108930T0
OG0000315	KAJ9663549.1	jgi|Cocpo1_1|4194|XM_003069147.1
OG0000317	KAJ9664672.1	jgi|Sclsc1|1845|SS1G_08301T0
OG0000317	KAJ9664672.1	GTX0486b100_006784-T1
OG0000331	KAJ9655689.1	jgi|Exoaq1|2100|A1O9_09633T0
OG0000332	KAJ9658083.1	GTX0486b100_005093-T1
OG0000337	KAJ9654601.1	coassemb64_001600-T1
OG0000337	KAJ9654601.1	jgi|Capcor1|101114|A1O1_08302T0
OG0000361	KAJ9650809.1	jgi|Fusgr1|9924|FGSG_08350T0
OG0000378	KAJ9664718.1	GTX0486b100_005092-T1
OG0000381	KAJ9664707.1	FUN_000190_T1_FUN_000190
OG0000399	KAJ9656001.1	jgi|Cocpo1_1|2934|XM_003067887.1
OG0000399	KAJ9656001.1	jgi|Exoaq1|3000|A1O9_10522T0
OG0000399	KAJ9656001.1	jgi|Fonmu1|756|Z520_00758T0
OG0000401	KAJ9650748.1	jgi|Monha1|4268|H072_4348m.01
OG0000412	KAJ9662351.1	jgi|Aurpu_var_mel1|55275|e_gw1.21.335.1
OG0000428	KAJ9649846.1	KAI9826689.1
OG0000455	KAJ9653987.1	jgi|Grascr1|12662|GST1_001956-RA
OG0000463	KAJ9651089.1	GTX0466b15_001346-T1
OG0000464	KAJ9650776.1	jgi|Clagr3|6737|CLAGR_006926-RA
OG0000464	KAJ9660932.1	jgi|Clagr3|9550|CLAGR_009003-RA
OG0000466	KAJ9660349.1	jgi|Grascr1|11362|GST1_005242-RA
OG0000483	KAJ9652066.1	FUN_009084_T1_FUN_009084
OG0000485	KAJ9653450.1	KAI9826477.1
OG0000485	KAJ9653450.1	jgi|Fusgr1|5084|FGSG_03103T0
OG0000488	KAJ9653412.1	XP_008721379.1
OG0000518	KAJ9661564.1	jgi|Penexp1|8081|PEXP_103240T0
OG0000528	KAJ9655629.1	coassemb76_003245-T1
OG0000570	KAJ9664369.1	jgi|Acastr1|126593|AST1_000188-RA
OG0000570	KAJ9664369.1	jgi|Clagr3|4900|CLAGR_005401-RA
OG0000570	KAJ9664369.1	coassemb376_002440-T1
OG0000570	KAJ9664369.1	CAF9916146.1
OG0000570	KAJ9664369.1	jgi|Dibbae1|6195|DIBA_009427-RA
OG0000570	KAJ9664369.1	FUN_007460_T1_FUN_007460
OG0000570	KAJ9664369.1	GTX0494b19_003908-T1
OG0000580	KAJ9656624.1	jgi|Aspni_DSM_1|158126|An03g01130m.01
OG0000580	KAJ9656624.1	coassemb378_009052-T1
OG0000590	KAJ9650450.1	coassemb378_008024-T1
OG0000609	KAJ9660284.1	jgi|Artol1|4636|AOL_s00078g22m.01
OG0000615	KAJ9663553.1	CAF9926602.1
OG0000635	KAJ9663075.1	jgi|Claba1|132436|Z519_10755T0
OG0000635	KAJ9650384.1	coassemb76_005142-T1, coassemb76_002157-T1
OG0000654	KAJ9654437.1	jgi|Exoaq1|12818|A1O9_09103T0
OG0000673	KAJ9651415.1	jgi|Exoaq1|4173|A1O9_11696T0
OG0000673	KAJ9651415.1	GTX0466b15_001598-T1
OG0000682	KAJ9661918.1	KAI9714171.1
OG0000684	KAJ9651154.1	jgi|Sclsc1|10766|SS1G_03795T0
OG0000688	KAJ9655021.1	KAI9722806.1
OG0000688	KAJ9655021.1	jgi|Clagr3|7015|CLAGR_006751-RA
OG0000688	KAJ9655021.1	coassemb378_001950-T1
OG0000688	KAJ9655021.1	jgi|Aurpu_var_mel1|83715|gm1.4111_g
OG0000688	KAJ9655021.1	jgi|EndpusZ1|9016|EPUS_05276T0, jgi|EndpusZ1|3977|EPUS_08691T0
OG0000688	KAJ9655021.1	jgi|Exoaq1|9555|A1O9_05985T0
OG0000688	KAJ9655021.1	KAI9750258.1
OG0000688	KAJ9655021.1	jgi|Sclsc1|6662|SS1G_11759T0
OG0000688	KAJ9655021.1	jgi|EndpusZ1|9016|EPUS_05276T0, jgi|EndpusZ1|3977|EPUS_08691T0
OG0000688	KAJ9655021.1	jgi|Exoaq1|9555|A1O9_05985T0
OG0000691	KAJ9648657.1	coassemb378_007181-T1
OG0000693	KAJ9663676.1, KAJ9657228.1	jgi|Phach1|3435|rna3434
OG0000693	KAJ9663676.1, KAJ9657228.1	XP_008717509.1
OG0000693	KAJ9663676.1, KAJ9657228.1	jgi|EndpusZ1|212|EPUS_07065T0
OG0000693	KAJ9663676.1, KAJ9657228.1	coassemb378_004613-T1
OG0000693	KAJ9663676.1, KAJ9657228.1	jgi|Clagr3|1841|CLAGR_001831-RA
OG0000693	KAJ9663676.1, KAJ9657228.1	CAF9916800.1
OG0000693	KAJ9663676.1, KAJ9657228.1	jgi|Penexp1|7382|PEXP_038110T0
OG0000693	KAJ9663676.1, KAJ9657228.1	jgi|Aurpu_var_mel1|66363|fgenesh1_pg.11_#_155
OG0000693	KAJ9663676.1, KAJ9657228.1	jgi|Sclsc1|1320|SS1G_07776T0, jgi|Sclsc1|11851|SS1G_04880T0
OG0000693	KAJ9663676.1, KAJ9657228.1	KAI9754871.1
OG0000703	KAJ9654553.1	jgi|Altal1|1099843|estExt_Genemark1.C_310035
OG0000713	KAJ9655710.1	coassemb378_007793-T1
OG0000713	KAJ9655710.1	coassemb376_002469-T1
OG0000740	KAJ9656401.1	jgi|Fonmu1|2667|Z520_07301T0, jgi|Fonmu1|3586|Z520_08222T0
OG0000740	KAJ9656401.1	jgi|Cocpo1_1|3857|XM_003068810.1
OG0000740	KAJ9656401.1	jgi|Aspni_DSM_1|163466|An11g02150m.01, jgi|Aspni_DSM_1|164839|An12g05200m.01
OG0000740	KAJ9656401.1	jgi|Altal1|1003329|estExt_Genewise1Plus.C_430072, jgi|Altal1|1011674|fgenesh1_pg.19_#_148, jgi|Altal1|1028111|fgenesh1_pm.3_#_2
OG0000740	KAJ9656401.1	jgi|EndpusZ1|4637|EPUS_02127T0
OG0000740	KAJ9656401.1	jgi|Penexp1|4955|PEXP_043560T0
OG0000740	KAJ9656401.1	jgi|PseVKM4520_1|10180|transcript_KFZ25511
OG0000740	KAJ9656401.1	coassemb64_003552-T1
OG0000740	KAJ9656401.1	GTX0466b15_003366-T1
OG0000740	KAJ9656401.1	GTX0466b15_003366-T1
OG0000742	KAJ9663078.1	jgi|Dibbae1|8232|DIBA_010520-RA
OG0000742	KAJ9663078.1	KAI9716470.1
OG0000742	KAJ9663078.1	KAI9695799.1
OG0000742	KAJ9663078.1	GTX0494b19_008827-T1, GTX0494b19_007477-T1
OG0000742	KAJ9663078.1	KAI4098398.1, KAI4101089.1
OG0000742	KAJ9663078.1	KAI4224040.1
OG0000742	KAJ9663078.1	KAI4219785.1
OG0000742	KAJ9663078.1	FUN_009022_T1_FUN_009022
OG0000742	KAJ9663078.1	KAI4287625.1
OG0000742	KAJ9663078.1	KAI4089215.1
OG0000742	KAJ9663078.1	jgi|PseVKM4520_1|4437|transcript_KFZ13461
OG0000742	KAJ9663078.1	coassemb376_007668-T1
OG0000742	KAJ9663078.1	CAF9926422.1
OG0000742	KAJ9663078.1	jgi|Clagr3|608|CLAGR_000599-RA
OG0000742	KAJ9663078.1	KAI9840089.1
OG0000742	KAJ9663078.1	KAI9829136.1
OG0000742	KAJ9663078.1	jgi|Acastr1|126177|AST1_001636-RA
OG0000742	KAJ9663078.1	jgi|Cocpo1_1|7202|XM_003072155.1
OG0000742	KAJ9663078.1	jgi|Penexp1|2419|PEXP_052740T0, jgi|Penexp1|5552|PEXP_097960T0
OG0000742	KAJ9658491.1, KAJ9660770.1	CAF9912950.1
OG0000746	KAJ9651224.1	KAI9712186.1
OG0000746	KAJ9651224.1	jgi|Aurpu_var_mel1|51785|e_gw1.15.13.1
OG0000749	KAJ9652123.1	jgi|Aurpu_var_mel1|85019|gm1.5415_g
OG0000779	KAJ9659853.1	jgi|Dibbae1|4836|DIBA_009724-RA
OG0000780	KAJ9656814.1, KAJ9651481.1	jgi|PseVKM4520_1|10673|transcript_KFZ25328
OG0000780	KAJ9656814.1, KAJ9651481.1	KAI9718072.1
OG0000780	KAJ9656814.1, KAJ9651481.1	coassemb378_005839-T1
OG0000791	KAJ9651135.1	jgi|Grascr1|1838|GST1_008089-RA
OG0000791	KAJ9651135.1	KAI9653688.1
OG0000791	KAJ9651135.1	jgi|Umbpus1|102133|LPUS_08897T0
OG0000792	KAJ9661942.1	jgi|Fusgr1|5336|FGSG_02884T0
OG0000793	KAJ9661914.1	coassemb378_010898-T1
OG0000796	KAJ9660351.1	coassemb376_002365-T1
OG0000796	KAJ9660351.1	coassemb378_011515-T1
OG0000797	KAJ9653878.1, KAJ9651587.1	jgi|Monha1|6753|H072_6970m.01, jgi|Monha1|5858|H072_6047m.01, jgi|Monha1|212|H072_212m.01
OG0000814	KAJ9653048.1	CAF9935020.1
OG0000826	KAJ9655420.1	coassemb378_009464-T1
OG0000894	KAJ9662613.1, KAJ9658160.1, KAJ9654031.1	jgi|Podan3|206085|mRNA_4913
OG0000894	KAJ9662613.1, KAJ9658160.1, KAJ9654031.1	jgi|Neucr_trp3_1|6529|Neucr2.NCU07036T0
OG0000894	KAJ9662613.1, KAJ9658160.1, KAJ9654031.1	GTX0486b100_006861-T1
OG0000894	KAJ9662613.1, KAJ9658160.1, KAJ9654031.1	jgi|Artol1|9851|AOL_s00188g252m.01
OG0000894	KAJ9662613.1, KAJ9658160.1, KAJ9654031.1	jgi|EndpusZ1|4160|EPUS_04805T0
OG0000894	KAJ9662613.1, KAJ9658160.1, KAJ9654031.1	jgi|Fonmu1|2150|Z520_06783T0
OG0000894	KAJ9662613.1, KAJ9658160.1, KAJ9654031.1	jgi|Phach1|6672|rna6671
OG0000894	KAJ9662613.1, KAJ9658160.1, KAJ9654031.1	jgi|Exoaq1|4495|A1O9_02014T0
OG0000894	KAJ9662613.1, KAJ9658160.1, KAJ9654031.1	jgi|Sclsc1|11316|SS1G_04345T0
OG0000894	KAJ9662613.1, KAJ9658160.1, KAJ9654031.1	jgi|Amamu1|25601|estExt_Genemark1.C_500014, jgi|Amamu1|25079|estExt_Genemark1.C_380052
OG0000894	KAJ9662613.1, KAJ9658160.1, KAJ9654031.1	KAI4101663.1
OG0000894	KAJ9662613.1, KAJ9658160.1, KAJ9654031.1	CAF9915155.1
OG0000894	KAJ9662613.1, KAJ9658160.1, KAJ9654031.1	jgi|Altal1|837383|CE837382_5096
OG0000894	KAJ9662613.1, KAJ9658160.1, KAJ9654031.1	jgi|Fusgr1|173|FGSG_00141T0
OG0000897	KAJ9654109.1	GTX0486b100_000479-T1
OG0000909	KAJ9652331.1	jgi|Acastr1|121351|AST1_002291-RA
OG0000913	KAJ9659528.1	jgi|Acastr1|122178|AST1_005884-RA
OG0000923	KAJ9653267.1	jgi|Penexp1|332|PEXP_056510T0
OG0000928	KAJ9654449.1	KAI9672174.1
OG0000928	KAJ9654449.1	KAI9719850.1
OG0000928	KAJ9654449.1	KAI4109120.1
OG0000928	KAJ9654449.1	KAI4224350.1
OG0000928	KAJ9654449.1	FUN_009274_T1_FUN_009274
OG0000928	KAJ9654449.1	GTX0494b19_003386-T1
OG0000928	KAJ9654449.1	KAI4236692.1
OG0000928	KAJ9654449.1	KAI4284831.1
OG0000928	KAJ9654449.1	KAI4101964.1
OG0000928	KAJ9654449.1	jgi|Acastr1|122653|AST1_006541-RA
OG0000928	KAJ9654449.1	jgi|Umbpus1|107397|LPUS_05639T0
OG0000928	KAJ9654449.1	CAF9916225.1
OG0000928	KAJ9654449.1	jgi|Clagr3|8597|CLAGR_008653-RA
OG0000928	KAJ9654125.1	CAF9924993.1
OG0000929	KAJ9656983.1, KAJ9650467.1	jgi|Sclsc1|3721|SS1G_10177T0
OG0000929	KAJ9650467.1	jgi|Fusgr1|7534|FGSG_06516T0
OG0000945	KAJ9664719.1	jgi|Fusgr1|8994|FGSG_07770T0
OG0000970	KAJ9651264.1	jgi|Grascr1|2165|GST1_001284-RA
OG0000973	KAJ9650080.1	jgi|Erypu1|6454|transcript_POS81727
OG0000976	KAJ9654202.1	FUN_000406_T1_FUN_000406
OG0000976	KAJ9654202.1	CAF9943318.1
OG0000978	KAJ9663328.1	jgi|Acastr1|123046|AST1_001277-RA
OG0000978	KAJ9663328.1	KAI9712132.1
OG0000978	KAJ9663328.1	KAI9706561.1
OG0000978	KAJ9663328.1	GTX0486b100_006692-T1
OG0000978	KAJ9663328.1	KAI9755453.1
OG0000978	KAJ9663328.1	jgi|Umbpus1|100516|LPUS_07168T0
OG0000978	KAJ9663328.1	KAI9825845.1
OG0000978	KAJ9663328.1	coassemb376_005110-T1
OG0000978	KAJ9663328.1	KAI4250993.1
OG0000978	KAJ9663328.1	GTX0486b100_008487-T1
OG0000978	KAJ9663328.1	GTX0486b100_008487-T1
OG0000978	KAJ9663328.1	jgi|Morco1|579143|gm1.9919_g
OG0000978	KAJ9663328.1	jgi|Grascr1|10851|GST1_000944-RA
OG0000978	KAJ9663328.1	jgi|PseVKM4520_1|3352|transcript_KFZ15362
OG0000978	KAJ9663328.1	KAI4087709.1
OG0000991	KAJ9652281.1	jgi|Podan3|204154|mRNA_2982
OG0000991	KAJ9652281.1	jgi|Neucr_trp3_1|7763|Neucr2.NCU01333T0
OG0000991	KAJ9652281.1	jgi|Fusgr1|11580|FGSG_10003T0
OG0000991	KAJ9652281.1	jgi|PseVKM4520_1|10943|transcript_KFZ23438
OG0000991	KAJ9652281.1	jgi|Erypu1|1143|transcript_POS87359
OG0000991	KAJ9652281.1	jgi|Sclsc1|11825|SS1G_04854T0
OG0000991	KAJ9652281.1	jgi|EndpusZ1|1662|EPUS_08533T0
OG0000991	KAJ9652281.1	jgi|Penexp1|9590|PEXP_068950T0
OG0000991	KAJ9652281.1	jgi|Cocpo1_1|6071|XM_003071024.1
OG0000993	KAJ9663718.1	coassemb378_001917-T1
OG0001011	KAJ9652202.1	jgi|Fusgr1|3303|FGSG_04677T0
OG0001017	KAJ9654066.1, KAJ9654162.1, KAJ9661428.1	jgi|Altal1|938817|e_gw1.14.419.1
OG0001023	KAJ9656183.1	KAI4234030.1
OG0001034	KAJ9651968.1	jgi|Altal1|1015420|fgenesh1_kg.1_#_398_#_Locus12168v1rpkm0.86
OG0001060	KAJ9654079.1	jgi|Morco1|578177|gm1.8953_g, jgi|Morco1|578182|gm1.8958_g, jgi|Morco1|578180|gm1.8956_g, jgi|Morco1|493985|e_gw1.58.72.1
OG0001077	KAJ9662722.1	KAI4105648.1
OG0001077	KAJ9662722.1	KAI4286386.1
OG0001084	KAJ9658507.1	jgi|Fusgr1|6893|FGSG_05944T0
OG0001100	KAJ9650092.1	CAF9903761.1
OG0001115	KAJ9651064.1	jgi|Morco1|18387|CE18386_180
OG0001133	KAJ9653957.1	jgi|Exoaq1|7366|A1O9_03896T0
OG0001136	KAJ9656688.1	jgi|PseVKM4520_1|8458|transcript_KFZ24508, jgi|PseVKM4520_1|6258|transcript_KFZ10076
OG0001150	KAJ9652583.1	jgi|Fusgr1|11434|FGSG_13666T0
OG0001159	KAJ9655197.1	jgi|Sclsc1|11022|SS1G_04051T0
OG0001164	KAJ9656002.1	coassemb378_007717-T1
OG0001164	KAJ9656002.1	jgi|Grascr1|5183|GST1_010557-RA
OG0001164	KAJ9656002.1	jgi|Fusgr1|4390|FGSG_03717T0
OG0001164	KAJ9656002.1	KAI9725462.1
OG0001164	KAJ9656002.1	KAI9658167.1
OG0001164	KAJ9656002.1	jgi|Aurpu_var_mel1|77454|fgenesh1_pm.20_#_119
OG0001173	KAJ9650205.1	FUN_003555_T1_FUN_003555
OG0001177	KAJ9659498.1, KAJ9657714.1	jgi|PseVKM4520_1|2876|transcript_KFZ16243
OG0001184	KAJ9659158.1	jgi|PseVKM4520_1|7830|transcript_KFZ07710
OG0001191	KAJ9651694.1	jgi|Morco1|547704|fgenesh1_pg.43_#_83
OG0001196	KAJ9651252.1	jgi|Acastr1|124709|AST1_002374-RA
OG0001203	KAJ9660525.1	jgi|Clagr3|9146|CLAGR_009773-RA
OG0001227	KAJ9653286.1	jgi|Artol1|4183|AOL_s00076g279m.01
OG0001227	KAJ9653286.1	jgi|Aspni_DSM_1|158193|An03g01800m.01
OG0001233	KAJ9664695.1	jgi|Monha1|154|H072_154m.01
OG0001250	KAJ9654074.1	GTX0466b15_001962-T1
OG0001251	KAJ9656044.1	jgi|Fonmu1|619|Z520_00621T0
OG0001270	KAJ9652976.1	jgi|Sclsc1|2142|SS1G_08599T0
OG0001281	KAJ9650036.1	jgi|Artol1|5|AOL_s00004g4m.01
OG0001281	KAJ9650036.1	jgi|Fusgr1|13314|FGSG_11241T0, jgi|Fusgr1|10669|FGSG_09212T0
OG0001300	KAJ9661666.1	jgi|Artol1|5666|AOL_s00079g440m.01
OG0001300	KAJ9661666.1	FUN_007913_T1_FUN_007913
OG0001301	KAJ9661327.1	KAI9710163.1
OG0001301	KAJ9661327.1	jgi|Umbpus1|107108|LPUS_05356T0, jgi|Umbpus1|100324|LPUS_06907T0
OG0001301	KAJ9653658.1	jgi|Fonmu1|10383|Z520_12249T0
OG0001329	KAJ9653320.1	KAI4233996.1
OG0001338	KAJ9653146.1	coassemb64_003324-T1
OG0001362	KAJ9652216.1	KAI9700632.1
OG0001372	KAJ9653776.1	CAF9922714.1
OG0001427	KAJ9660202.1	KAI9838537.1
OG0001428	KAJ9663162.1	jgi|Grascr1|4396|GST1_010145-RA
OG0001435	KAJ9658662.1	coassemb376_005892-T1, coassemb376_005891-T1
OG0001435	KAJ9658662.1	KAI4287589.1
OG0001454	KAJ9660405.1	coassemb376_007399-T1
OG0001459	KAJ9664315.1	jgi|Claba1|139479|Z519_06011T0
OG0001473	KAJ9655019.1	jgi|Fusgr1|2642|FGSG_02304T0
OG0001497	KAJ9657216.1	jgi|Sclsc1|3190|SS1G_09646T0
OG0001497	KAJ9657216.1	jgi|Dibbae1|9770|DIBA_012322-RA
OG0001503	KAJ9654395.1	CAF9926446.1, CAF9926450.1
OG0001512	KAJ9658447.1	jgi|Sclsc1|6419|SS1G_01919T0
OG0001536	KAJ9662625.1	jgi|Podan3|211277|mRNA_10105
OG0001572	KAJ9664419.1	KAI4289398.1
OG0001572	KAJ9664419.1	jgi|Clagr3|3038|CLAGR_002700-RA
OG0001580	KAJ9655997.1	KAI4287607.1
OG0001581	KAJ9664665.1	KAI9825660.1
OG0001609	KAJ9662508.1	KAI9669354.1
OG0001609	KAJ9662508.1	KAI4281491.1
OG0001615	KAJ9653358.1	jgi|Acastr1|126438|AST1_001133-RA
OG0001618	KAJ9662087.1	jgi|Acastr1|119091|AST1_006272-RA
OG0001624	KAJ9656586.1	jgi|Sclsc1|5173|SS1G_11629T0
OG0001624	KAJ9656586.1	jgi|PseVKM4520_1|7991|transcript_KFZ24628
OG0001669	KAJ9650870.1	jgi|Fusgr1|12287|FGSG_10624T0
OG0001702	KAJ9660104.1	GTX0486b100_005054-T1
OG0001702	KAJ9660104.1	KAI9839547.1
OG0001704	KAJ9653941.1	KAI9715680.1
OG0001744	KAJ9659303.1	jgi|Umbpus1|99583|LPUS_06157T0
OG0001748	KAJ9656831.1	jgi|Monha1|5511|H072_5647m.01
OG0001752	KAJ9660332.1	jgi|Grascr1|3314|GST1_008158-RA
OG0001764	KAJ9654387.1	jgi|Podan3|209159|mRNA_7987, jgi|Podan3|210190|mRNA_9018
OG0001782	KAJ9660683.1	FUN_008736_T1_FUN_008736
OG0001796	KAJ9651394.1, KAJ9662586.1, KAJ9651115.1	jgi|PseVKM4520_1|2442|transcript_KFZ16962
OG0001841	KAJ9661321.1	jgi|Acastr1|123786|AST1_006423-RA
OG0001860	KAJ9660825.1	jgi|Aurpu_var_mel1|70521|fgenesh1_pg.47_#_5
OG0001860	KAJ9660825.1	coassemb378_011336-T1
OG0001873	KAJ9663860.1	jgi|PseVKM4520_1|4677|transcript_KFZ12996
OG0001889	KAJ9652606.1	KAI9651668.1
OG0001890	KAJ9664777.1	GTX0466b15_002312-T1
OG0001892	KAJ9654861.1	KAI9720200.1
OG0001900	KAJ9661170.1, KAJ9664186.1	jgi|Podan3|209699|mRNA_8527, jgi|Podan3|207569|mRNA_6397
OG0001900	KAJ9664186.1	CAF9927524.1
OG0001908	KAJ9658191.1	coassemb378_011231-T1
OG0001923	KAJ9664492.1	jgi|Grascr1|235|GST1_000509-RA
OG0001929	KAJ9652247.1	jgi|Grascr1|10011|GST1_004182-RA
OG0001932	KAJ9653080.1	jgi|Neucr_trp3_1|5863|Neucr2.NCU06385T0
OG0001935	KAJ9656539.1	jgi|Morco1|203785|CE203784_1176
OG0001950	KAJ9658988.1	jgi|Erypu1|5784|transcript_POS81829
OG0001955	KAJ9651859.1	KAI9837859.1
OG0001985	KAJ9651913.1	jgi|Acastr1|124185|AST1_007313-RA
OG0001991	KAJ9663692.1	KAI4091663.1
OG0001998	KAJ9658221.1	coassemb64_008335-T1
OG0002008	KAJ9653220.1	coassemb376_004075-T1
OG0002021	KAJ9649219.1	jgi|Umbpus1|102516|LPUS_09074T0
OG0002022	KAJ9664244.1	CAF9938633.1
OG0002035	KAJ9662796.1	coassemb376_006802-T1
OG0002048	KAJ9663022.1	CAF9927521.1
OG0002082	KAJ9650256.1	jgi|Neucr_trp3_1|8808|Neucr2.NCU04822T0
OG0002105	KAJ9663717.1	KAI4108199.1
OG0002138	KAJ9660658.1	jgi|Grascr1|1555|GST1_006163-RA
OG0002154	KAJ9652380.1	jgi|Sclsc1|8089|SS1G_13512T0
OG0002156	KAJ9654011.1	KAI9712472.1
OG0002214	KAJ9655785.1	coassemb378_011679-T1
OG0002226	KAJ9662505.1	jgi|Fusgr1|1996|FGSG_01733T0
OG0002238	KAJ9651869.1	jgi|Acastr1|123805|AST1_002833-RA
OG0002283	KAJ9652645.1	jgi|Sclsc1|13646|SS1G_06675T0
OG0002345	KAJ9653439.1	coassemb378_002074-T1
OG0002349	KAJ9656243.1	jgi|Acastr1|122567|AST1_006589-RA
OG0002349	KAJ9656243.1	jgi|Grascr1|958|GST1_006961-RA
OG0002367	KAJ9652605.1	jgi|Fusgr1|5161|FGSG_12527T0
OG0002373	KAJ9651159.1	FUN_005923_T1_FUN_005923
OG0002488	KAJ9651630.1	jgi|Acastr1|125060|AST1_002012-RA
OG0002575	KAJ9653790.1	GTX0486b100_008436-T1
OG0002575	KAJ9653790.1	GTX0494b19_000543-T1
OG0002624	KAJ9649871.1	jgi|Sclsc1|5782|SS1G_01283T0
OG0002624	KAJ9649871.1	jgi|Erypu1|3367|transcript_POS86594
OG0002624	KAJ9649871.1	jgi|Neucr_trp3_1|1339192|MIX114_1760_98
OG0002624	KAJ9649871.1	jgi|Podan3|202106|mRNA_934
OG0002624	KAJ9649871.1	jgi|Fusgr1|608|FGSG_00506T0
OG0002624	KAJ9649871.1	jgi|PseVKM4520_1|9942|transcript_KFZ24362
OG0002624	KAJ9649871.1	jgi|Altal1|1023822|fgenesh1_kg.21_#_40_#_Locus5685v1rpkm18.72
OG0002624	KAJ9649871.1	KAI9838705.1
OG0002624	KAJ9649871.1	coassemb376_000269-T1
OG0002624	KAJ9649871.1	CAF9934643.1
OG0002624	KAJ9649871.1	jgi|Clagr3|7569|CLAGR_007970-RA
OG0002624	KAJ9649871.1	KAI4290058.1
OG0002624	KAJ9649871.1	KAI4091588.1
OG0002624	KAJ9649871.1	KAI4208435.1
OG0002624	KAJ9649871.1	GTX0494b19_006428-T1
OG0002624	KAJ9649871.1	FUN_004850_T1_FUN_004850
OG0002624	KAJ9649871.1	KAI4223896.1
OG0002624	KAJ9649871.1	KAI4111001.1
OG0002624	KAJ9649871.1	jgi|Umbpus1|106239|LPUS_04343T0
OG0002624	KAJ9649871.1	jgi|Acastr1|123183|AST1_003820-RA
OG0002624	KAJ9649871.1	jgi|Grascr1|3681|GST1_010112-RA
OG0002630	KAJ9653456.1	jgi|Aspni_DSM_1|168702|An18g02580m.01, jgi|Aspni_DSM_1|168701|An18g02570m.01
OG0002676	KAJ9654619.1	KAI9831149.1
OG0002676	KAJ9654619.1	coassemb376_003947-T1
OG0002682	KAJ9662311.1	jgi|Erypu1|5639|transcript_POS81857
OG0002693	KAJ9653479.1	coassemb376_007173-T1
OG0002705	KAJ9664031.1	KAI4286705.1
OG0002705	KAJ9651166.1	jgi|Artol1|2736|AOL_s00054g69m.01
OG0002705	KAJ9651166.1	jgi|Monha1|4334|H072_4426m.01
OG0002705	KAJ9651166.1	KAI4286705.1
OG0002705	KAJ9651166.1	KAI4286705.1
OG0002705	KAJ9651166.1	jgi|Fusgr1|717|FGSG_00601T0
OG0002705	KAJ9651166.1	coassemb376_005348-T1, coassemb376_005833-T1
OG0002738	KAJ9661823.1	jgi|Monha1|1364|H072_1364m.01
OG0002738	KAJ9661823.1	jgi|Sclsc1|3554|SS1G_10010T0
OG0002760	KAJ9655760.1	jgi|Monha1|5677|H072_5862m.01
OG0002764	KAJ9656166.1	KAI9812097.1
OG0002764	KAJ9656166.1	jgi|Ascim1|377009|estExt_fgenesh1_pg.C_420059
OG0002769	KAJ9661661.1	KAI4232683.1
OG0002828	KAJ9651521.1	jgi|Podan3|207818|mRNA_6646
OG0002870	KAJ9650819.1, KAJ9660162.1	CAF9925069.1, CAF9904013.1
OG0002884	KAJ9654552.1	jgi|Umbpus1|99828|LPUS_06401T0
OG0002909	KAJ9653602.1, KAJ9656281.1	GTX0494b19_005790-T1
OG0002915	KAJ9660768.1	jgi|Podan3|210066|mRNA_8894
OG0002915	KAJ9653342.1	KAI4108289.1
OG0002915	KAJ9653342.1	KAI4220978.1
OG0002915	KAJ9653342.1	KAI4226582.1
OG0002915	KAJ9653342.1	GTX0494b19_003100-T1
OG0002915	KAJ9653342.1	FUN_006744_T1_FUN_006744
OG0002915	KAJ9653342.1	KAI4111150.1
OG0002915	KAJ9653342.1	KAI4288491.1
OG0002915	KAJ9653342.1	jgi|Clagr3|3665|CLAGR_003870-RA
OG0002915	KAJ9653342.1	CAF9911204.1
OG0002915	KAJ9653342.1	jgi|Umbpus1|103308|LPUS_09888T0
OG0002915	KAJ9653342.1	coassemb376_003464-T1
OG0002915	KAJ9653342.1	coassemb378_006391-T1
OG0002915	KAJ9653342.1	jgi|Grascr1|10700|GST1_003866-RA
OG0002915	KAJ9653342.1	jgi|Dibbae1|7402|DIBA_009565-RA
OG0002915	KAJ9653342.1	jgi|Grascr1|11245|GST1_005871-RA
OG0002915	KAJ9653342.1	jgi|Grascr1|11245|GST1_005871-RA
OG0002915	KAJ9653342.1	jgi|Altal1|1030286|fgenesh1_pm.8_#_61
OG0002915	KAJ9653342.1	KAI9652251.1
OG0002915	KAJ9653342.1	jgi|Aspni_DSM_1|160016|An06g00430m.01
OG0002915	KAJ9653342.1	jgi|Clagr3|8243|CLAGR_009111-RA
OG0002915	KAJ9653342.1	jgi|Clagr3|8243|CLAGR_009111-RA
OG0002915	KAJ9653342.1	jgi|Clagr3|2366|CLAGR_001764-RA
OG0002915	KAJ9653342.1	jgi|Clagr3|2366|CLAGR_001764-RA
OG0002915	KAJ9653342.1	jgi|Podan3|210066|mRNA_8894
OG0002915	KAJ9653342.1	jgi|Ascim1|416225|fgenesh1_RNNotator_kg.60_#_29_#_Locus9315v1rpkm4.92
OG0002915	KAJ9653342.1	jgi|Aurpu_var_mel1|79469|fgenesh1_pm.46_#_1
OG0002915	KAJ9653342.1	jgi|Penexp1|4622|PEXP_047470T0
OG0002915	KAJ9653342.1	jgi|Podan3|210066|mRNA_8894
OG0002978	KAJ9655640.1	jgi|Dibbae1|6486|DIBA_008345-RA
OG0002986	KAJ9654000.1	KAI9717607.1
OG0003013	KAJ9659315.1	jgi|Sclsc1|8112|SS1G_13535T0
OG0003013	KAJ9659315.1	KAI4221834.1
OG0003046	KAJ9658427.1	jgi|Umbpus1|106843|LPUS_05054T0
OG0003236	KAJ9660097.1	jgi|Umbpus1|99689|LPUS_06290T0
OG0003368	KAJ9654116.1	jgi|Umbpus1|100922|LPUS_07632T0
OG0003398	KAJ9664361.1	jgi|Fusgr1|12761|FGSG_10917T0
OG0003406	KAJ9656326.1	jgi|Capcor1|94735|A1O1_01873T0, jgi|Capcor1|95016|A1O1_02155T0
OG0003422	KAJ9650871.1	jgi|Grascr1|6991|GST1_002829-RA
OG0003465	KAJ9652818.1	jgi|Grascr1|8572|GST1_003093-RA
OG0003465	KAJ9652818.1	jgi|Acastr1|126311|AST1_007276-RA
OG0003534	KAJ9659634.1	KAI9724968.1
OG0003578	KAJ9655909.1	jgi|Fusgr1|5216|FGSG_02990T0
OG0003617	KAJ9652542.1	CAF9906519.1
OG0003629	KAJ9651477.1	coassemb376_000939-T1
OG0003680	KAJ9652850.1	jgi|Morco1|577490|gm1.8266_g
OG0003689	KAJ9661400.1	jgi|Clagr3|7431|CLAGR_007028-RA
OG0003739	KAJ9662339.1	KAI4289387.1
OG0003750	KAJ9654629.1	jgi|Umbpus1|101693|LPUS_08431T0
OG0003752	KAJ9662282.1	jgi|Umbpus1|101274|LPUS_08013T0
OG0003775	KAJ9651003.1	jgi|Umbpus1|102243|LPUS_08996T0
OG0003783	KAJ9659423.1	jgi|Umbpus1|101691|LPUS_08429T0
OG0003794	KAJ9660833.1	KAI9817910.1
OG0003880	KAJ9659244.1	jgi|Umbpus1|105574|LPUS_12582T0
OG0003885	KAJ9653745.1	jgi|Acastr1|126374|AST1_002463-RA
OG0003907	KAJ9656820.1	jgi|Fusgr1|4797|FGSG_12452T0
OG0003978	KAJ9656318.1	CAF9943228.1
OG0003980	KAJ9658314.1	coassemb76_006176-T1
OG0004009	KAJ9656403.1	jgi|Exoaq1|6089|A1O9_11889T0
OG0004032	KAJ9659863.1	jgi|Umbpus1|101987|LPUS_08764T0
OG0004124	KAJ9657371.1	jgi|Grascr1|7304|GST1_010154-RA
OG0004250	KAJ9659231.1	jgi|Monha1|1644|H072_1644m.01
OG0004251	KAJ9659968.1, KAJ9655999.1, KAJ9654572.1	jgi|Clagr3|1524|CLAGR_002318-RA
OG0004251	KAJ9659968.1, KAJ9655999.1, KAJ9654572.1	jgi|Exoaq1|6274|A1O9_12075T0
OG0004264	KAJ9652628.1	coassemb378_011412-T1
OG0004284	KAJ9650877.1	KAI9836067.1
OG0004284	KAJ9650877.1	KAI4098578.1
OG0004284	KAJ9650877.1	KAI4096996.1
OG0004284	KAJ9650877.1	GTX0494b19_003580-T1
OG0004284	KAJ9650877.1	FUN_002552_T1_FUN_002552
OG0004284	KAJ9650877.1	KAI4224279.1
OG0004284	KAJ9650877.1	KAI4236303.1
OG0004284	KAJ9650877.1	KAI4288152.1
OG0004284	KAJ9650877.1	CAF9932786.1
OG0004284	KAJ9650877.1	jgi|Clagr3|9799|CLAGR_010135-RA
OG0004284	KAJ9650877.1	GTX0466b15_000389-T1
OG0004284	KAJ9650877.1	coassemb76_003157-T1
OG0004284	KAJ9650877.1	jgi|Aurpu_var_mel1|41243|e_gw1.3.1242.1
OG0004284	KAJ9650877.1	KAI9666929.1
OG0004284	KAJ9650877.1	jgi|Altal1|1024263|fgenesh1_kg.22_#_212_#_Locus5964v1rpkm16.80
OG0004318	KAJ9651900.1	jgi|PseVKM4520_1|3541|transcript_KFZ14981
OG0004369	KAJ9664769.1	jgi|Morco1|534707|fgenesh1_kg.17_#_43_#_Locus16834v1rpkm0.80
OG0004435	KAJ9658436.1	GTX0486b100_006750-T1
OG0004527	KAJ9651963.1	KAI9652523.1
OG0004589	KAJ9650549.1	jgi|Podan3|202579|mRNA_1407
OG0004589	KAJ9650549.1	jgi|Neucr_trp3_1|908|Neucr2.NCU02712T0
OG0004589	KAJ9650549.1	jgi|PseVKM4520_1|4308|transcript_KFZ13665
OG0004589	KAJ9650549.1	FUN_004438_T1_FUN_004438
OG0004589	KAJ9650549.1	GTX0494b19_008727-T1
OG0004589	KAJ9650549.1	KAI4229059.1
OG0004589	KAJ9650549.1	KAI4093629.1
OG0004589	KAJ9650549.1	jgi|Clagr3|3690|CLAGR_003895-RA
OG0004589	KAJ9650549.1	CAF9928792.1
OG0004589	KAJ9650549.1	jgi|Dibbae1|8489|DIBA_002210-RA
OG0004589	KAJ9650549.1	GTX0486b100_004194-T1
OG0004589	KAJ9650549.1	KAI9723313.1
OG0004589	KAJ9650549.1	KAI9706481.1
OG0004589	KAJ9650549.1	KAI9746987.1
OG0004589	KAJ9650549.1	KAI9823004.1
OG0004589	KAJ9650549.1	KAI9726625.1
OG0004589	KAJ9650549.1	jgi|Acastr1|124068|AST1_004487-RA
OG0004589	KAJ9650549.1	jgi|Artol1|4313|AOL_s00076g410m.01, jgi|Artol1|7105|AOL_s00088g57m.01
OG0004589	KAJ9650549.1	jgi|Umbpus1|103637|LPUS_01250T0, jgi|Umbpus1|103270|LPUS_09848T0
OG0004589	KAJ9650549.1	jgi|Grascr1|1350|GST1_007391-RA
OG0004589	KAJ9650549.1	jgi|Fusgr1|1508|FGSG_11926T0
OG0004596	KAJ9659329.1	jgi|Podan3|203261|mRNA_2089
OG0004609	KAJ9655464.1	jgi|Clagr3|2100|CLAGR_002088-RA
OG0004609	KAJ9655465.1	jgi|Clagr3|2825|CLAGR_002793-RA
OG0004683	KAJ9654140.1	jgi|Podan3|206003|mRNA_4831
OG0004760	KAJ9660923.1	jgi|Artol1|5540|AOL_s00079g314m.01
OG0004778	KAJ9652586.1	coassemb378_004240-T1
OG0004907	KAJ9664010.1	jgi|Umbpus1|102915|LPUS_09505T0
OG0004951	KAJ9661273.1	jgi|Acastr1|127638|AST1_004262-RA
OG0004993	KAJ9654643.1	jgi|Aspni_DSM_1|160798|An07g05740m.01
OG0005152	KAJ9662486.1	jgi|Podan3|206814|mRNA_5642
OG0005152	KAJ9662486.1	XP_008716112.1
OG0005177	KAJ9654797.1	jgi|Grascr1|8130|GST1_003831-RA
OG0005227	KAJ9664247.1	jgi|Dibbae1|5833|DIBA_008034-RA
OG0005228	KAJ9661520.1	jgi|Monha1|8323|H072_8618m.01
OG0005288	KAJ9650034.1	jgi|Penexp1|936|PEXP_095660T0
OG0005288	KAJ9656546.1	jgi|Sclsc1|3090|SS1G_09546T0
OG0005288	KAJ9656546.1	jgi|Phach1|293|rna292, jgi|Phach1|3611|rna3610
OG0005288	KAJ9656546.1	jgi|Aspni_DSM_1|157562|An02g10460m.01
OG0005288	KAJ9656546.1	jgi|Penexp1|3994|PEXP_030670T0
OG0005288	KAJ9656546.1	jgi|EndpusZ1|7410|EPUS_01828T0
OG0005288	KAJ9656546.1	coassemb76_006690-T1
OG0005288	KAJ9656546.1	GTX0466b15_006781-T1
OG0005288	KAJ9656546.1	XP_008714499.1
OG0005288	KAJ9656546.1	jgi|Fonmu1|9819|Z520_03214T0
OG0005288	KAJ9656546.1	jgi|Claba1|129525|Z519_07830T0
OG0005288	KAJ9656546.1	jgi|Exoaq1|8124|A1O9_04659T0
OG0005288	KAJ9656546.1	jgi|Capcor1|96520|A1O1_03669T0
OG0005288	KAJ9656546.1	jgi|Fusgr1|2284|FGSG_01991T0
OG0005351	KAJ9653021.1	KAI9825432.1
OG0005351	KAJ9653021.1	KAI9724823.1
OG0005351	KAJ9653021.1	KAI9707422.1
OG0005351	KAJ9653021.1	GTX0486b100_003701-T1
OG0005351	KAJ9653021.1	jgi|Acastr1|121810|AST1_005541-RA
OG0005351	KAJ9653021.1	KAI4098943.1
OG0005351	KAJ9653021.1	KAI4235108.1
OG0005351	KAJ9653021.1	KAI4101401.1
OG0005351	KAJ9653021.1	KAI4228119.1
OG0005351	KAJ9653021.1	GTX0494b19_005110-T1
OG0005351	KAJ9653021.1	FUN_001128_T1_FUN_001128
OG0005351	KAJ9653021.1	KAI4289077.1
OG0005351	KAJ9653021.1	coassemb376_003724-T1
OG0005351	KAJ9653021.1	CAF9938139.1
OG0005351	KAJ9653021.1	jgi|Clagr3|5111|CLAGR_004453-RA
OG0005351	KAJ9653021.1	jgi|Umbpus1|102456|LPUS_03177T0
OG0005351	KAJ9653021.1	jgi|Dibbae1|3941|DIBA_006913-RA
OG0005351	KAJ9653021.1	coassemb378_006113-T1
OG0005351	KAJ9653021.1	jgi|Grascr1|2086|GST1_007336-RA, jgi|Grascr1|2084|GST1_007334-RA, jgi|Grascr1|2085|GST1_007335-RA
OG0005352	KAJ9650446.1	coassemb64_005839-T1
OG0005352	KAJ9650446.1	KAI9727716.1
OG0005352	KAJ9650446.1	jgi|Penexp1|10207|PEXP_019300T0
OG0005352	KAJ9650446.1	jgi|Fonmu1|11768|Z520_04973T0
OG0005352	KAJ9650446.1	jgi|Claba1|140066|Z519_06599T0
OG0005352	KAJ9650446.1	coassemb378_011768-T1
OG0005352	KAJ9650446.1	jgi|PseVKM4520_1|1277|transcript_KFZ19256
OG0005352	KAJ9650446.1	jgi|Altal1|1028550|fgenesh1_pm.3_#_441
OG0005366	KAJ9653298.1	KAI4231955.1
OG0005404	KAJ9654314.1	FUN_003800_T1_FUN_003800
OG0005404	KAJ9654314.1	GTX0486b100_003784-T1
OG0005425	KAJ9653364.1	jgi|Phach1|1154|rna1153
OG0005427	KAJ9652564.1	KAI9814970.1
OG0005435	KAJ9653400.1	KAI4101058.1
OG0005435	KAJ9653400.1	jgi|Acastr1|121105|AST1_006607-RA
OG0005478	KAJ9658103.1	jgi|Penexp1|3367|PEXP_084480T0
OG0005488	KAJ9662588.1	jgi|Morco1|578739|gm1.9515_g, jgi|Morco1|524214|estExt_Genewise1Plus.C_310004
OG0005505	KAJ9655734.1	jgi|Acastr1|123637|AST1_009027-RA
OG0005512	KAJ9660303.1	KAI9702096.1
OG0005589	KAJ9651492.1	coassemb378_004017-T1
OG0005589	KAJ9651492.1	jgi|Grascr1|855|GST1_006739-RA
OG0005589	KAJ9651492.1	jgi|Acastr1|124702|AST1_002367-RA
OG0005642	KAJ9656690.1	jgi|Grascr1|5566|GST1_001888-RA
OG0005657	KAJ9656011.1, KAJ9655419.1	jgi|Dibbae1|10027|DIBA_002947-RA
OG0005657	KAJ9656011.1, KAJ9655419.1	jgi|Clagr3|11138|CLAGR_010750-RA
OG0005657	KAJ9656011.1, KAJ9655419.1	jgi|Monha1|5041|H072_5147m.01
OG0005662	KAJ9652662.1	KAI9719829.1
OG0005662	KAJ9652662.1	jgi|Grascr1|2591|GST1_006896-RA
OG0005662	KAJ9652662.1	CAF9941370.1
OG0005682	KAJ9658504.1	jgi|Dibbae1|11879|DIBA_001053-RA
OG0005689	KAJ9658772.1	coassemb76_009641-T1
OG0005718	KAJ9660412.1	GTX0466b15_006999-T1
OG0005816	KAJ9652760.1	KAI4267027.1
OG0005825	KAJ9659141.1	KAI9705914.1
OG0005867	KAJ9663381.1	KAI4218542.1
OG0005877	KAJ9649971.1, KAJ9649972.1	jgi|PseVKM4520_1|4243|transcript_KFZ13794
OG0005888	KAJ9654590.1	jgi|Claba1|130796|Z519_09106T0
OG0005921	KAJ9656752.1	jgi|Grascr1|2195|GST1_001314-RA
OG0005921	KAJ9656752.1	jgi|Monha1|9690|H072_10193m.01
OG0006003	KAJ9659384.1	coassemb378_011469-T1
OG0006043	KAJ9651162.1	jgi|Podan3|206644|mRNA_5472
OG0006091	KAJ9662872.1	jgi|Podan3|210152|mRNA_8980
OG0006092	KAJ9656104.1	FUN_006046_T1_FUN_006046
OG0006092	KAJ9656795.1	XP_008720544.1
OG0006137	KAJ9653371.1	jgi|Grascr1|745|GST1_008999-RA
OG0006284	KAJ9659625.1	jgi|Aspni_DSM_1|156551|An02g00260m.01
OG0006292	KAJ9659943.1	KAI4228881.1
OG0006297	KAJ9661893.1	jgi|Aurpu_var_mel1|54327|e_gw1.19.63.1, jgi|Aurpu_var_mel1|57082|e_gw1.25.51.1
OG0006297	KAJ9661893.1	jgi|Fusgr1|10231|FGSG_08082T0, jgi|Fusgr1|10772|FGSG_09301T0
OG0006297	KAJ9661893.1	KAI9830650.1, KAI9834058.1
OG0006297	KAJ9661893.1	jgi|PseVKM4520_1|5013|transcript_KFZ12336, jgi|PseVKM4520_1|9409|transcript_KFZ03270
OG0006297	KAJ9661893.1	jgi|Altal1|1022271|fgenesh1_kg.15_#_295_#_Locus2626v2rpkm0.00_PRE
OG0006297	KAJ9661893.1	jgi|Acastr1|120570|AST1_007936-RA
OG0006297	KAJ9661893.1	jgi|Umbpus1|103113|LPUS_03416T0
OG0006297	KAJ9661893.1	jgi|Dibbae1|1789|DIBA_005805-RA
OG0006297	KAJ9661893.1	jgi|Grascr1|11313|GST1_005342-RA
OG0006297	KAJ9661893.1	jgi|Neucr_trp3_1|9253|Neucr2.NCU04039T0
OG0006297	KAJ9661893.1	jgi|Podan3|207335|mRNA_6163
OG0006297	KAJ9661893.1	jgi|Exoaq1|3232|A1O9_10750T0
OG0006297	KAJ9661893.1	jgi|Exoaq1|3232|A1O9_10750T0
OG0006312	KAJ9652635.1	coassemb378_011409-T1
OG0006382	KAJ9659592.1	coassemb376_002935-T1
OG0006382	KAJ9659592.1	KAI4094339.1, KAI4104281.1
OG0006382	KAJ9659592.1	CAF9919357.1
OG0006382	KAJ9659592.1	jgi|Clagr3|9183|CLAGR_009395-RA
OG0006382	KAJ9659592.1	KAI4100443.1
OG0006382	KAJ9659592.1	GTX0494b19_002786-T1
OG0006382	KAJ9659592.1	FUN_006146_T1_FUN_006146
OG0006382	KAJ9659592.1	KAI4229465.1
OG0006382	KAJ9659592.1	KAI4232443.1
OG0006382	KAJ9659592.1	KAI9701771.1
OG0006382	KAJ9659592.1	KAI9719933.1, KAI9710039.1
OG0006382	KAJ9659592.1	jgi|Neucr_trp3_1|6888|Neucr2.NCU07768T0
OG0006382	KAJ9659592.1	jgi|Aurpu_var_mel1|82010|gm1.2406_g
OG0006502	KAJ9654186.1, KAJ9664170.1	jgi|Fusgr1|5160|FGSG_03039T0
OG0006530	KAJ9651588.1	jgi|Grascr1|2299|GST1_009044-RA
OG0006556	KAJ9657159.1	KAI9655898.1
OG0006556	KAJ9657159.1	jgi|Dibbae1|3529|DIBA_001227-RA, jgi|Dibbae1|10625|DIBA_003189-RA
OG0006556	KAJ9657159.1	KAI9827729.1
OG0006556	KAJ9657159.1	jgi|Grascr1|2786|GST1_009215-RA
OG0006556	KAJ9657159.1	jgi|Fusgr1|12624|FGSG_11035T0
OG0006556	KAJ9657159.1	jgi|Aurpu_var_mel1|75808|fgenesh1_pm.12_#_54
OG0006589	KAJ9651261.1	jgi|Clagr3|1049|CLAGR_001037-RA, jgi|Clagr3|6977|CLAGR_006635-RA
OG0006589	KAJ9651261.1	jgi|Monha1|5186|H072_5294m.01
OG0006758	KAJ9655287.1	jgi|Artol1|5650|AOL_s00079g424m.01
OG0006759	KAJ9663995.1	CAF9925470.1
OG0006828	KAJ9651555.1	coassemb76_004075-T1
OG0006828	KAJ9651555.1	jgi|Sclsc1|12719|SS1G_05748T0
OG0006828	KAJ9651555.1	coassemb76_004075-T1
OG0006828	KAJ9651555.1	coassemb376_001986-T1
OG0006828	KAJ9651555.1	jgi|Clagr3|1340|CLAGR_001324-RA
OG0006828	KAJ9651555.1	KAI4286993.1
OG0006828	KAJ9651555.1	KAI4100648.1
OG0006828	KAJ9651555.1	KAI4223570.1
OG0006828	KAJ9651555.1	KAI4229262.1
OG0006828	KAJ9651555.1	KAI4110296.1
OG0006828	KAJ9651555.1	FUN_001478_T1_FUN_001478
OG0006828	KAJ9651555.1	GTX0494b19_003674-T1
OG0006828	KAJ9651555.1	jgi|Dibbae1|520|DIBA_000909-RA
OG0006835	KAJ9650692.1	coassemb378_003079-T1
OG0006843	KAJ9650342.1	jgi|Exoaq1|10158|A1O9_06591T0
OG0007011	KAJ9663852.1	jgi|Exoaq1|4101|A1O9_11624T0
OG0007038	KAJ9659347.1	jgi|Neucr_trp3_1|6034|Neucr2.NCU04475T0
OG0007038	KAJ9659347.1	KAI9670541.1
OG0007038	KAJ9659347.1	KAI9728642.1
OG0007038	KAJ9659347.1	KAI9717207.1
OG0007038	KAJ9659347.1	jgi|Grascr1|4198|GST1_001182-RA
OG0007038	KAJ9659347.1	jgi|Altal1|1031626|fgenesh1_pm.11_#_340
OG0007038	KAJ9659347.1	jgi|Fusgr1|12407|FGSG_11227T0
OG0007038	KAJ9659347.1	jgi|Aurpu_var_mel1|35695|gw1.10.877.1
OG0007038	KAJ9659347.1	jgi|Erypu1|5785|transcript_POS85157
OG0007038	KAJ9659347.1	jgi|Sclsc1|2086|SS1G_08542T0
OG0007038	KAJ9659347.1	KAI9717207.1
OG0007038	KAJ9659347.1	coassemb378_009082-T1
OG0007038	KAJ9659347.1	jgi|PseVKM4520_1|7800|transcript_KFZ07760
OG0007038	KAJ9659347.1	jgi|Phach1|1176|rna1175
OG0007083	KAJ9649144.1	coassemb378_010436-T1
OG0007215	KAJ9651468.1	jgi|Aspni_DSM_1|162669|An09g02090m.01
OG0007306	KAJ9659601.1	jgi|Ascim1|365017|estExt_Genemark1.C_1000002
OG0007306	KAJ9659601.1	jgi|Aspni_DSM_1|166555|An15g00320m.01
OG0007306	KAJ9659601.1	jgi|Penexp1|7095|PEXP_076310T0
OG0007306	KAJ9659601.1	jgi|Exoaq1|11608|A1O9_07944T0
OG0007306	KAJ9659601.1	jgi|Exoaq1|11608|A1O9_07944T0
OG0007306	KAJ9659601.1	jgi|Aurpu_var_mel1|37040|e_gw1.1.1566.1
OG0007306	KAJ9659601.1	jgi|Capcor1|99514|A1O1_06686T0
OG0007306	KAJ9659601.1	jgi|Altal1|1028146|fgenesh1_pm.3_#_37
OG0007306	KAJ9659601.1	jgi|Morco1|495599|e_gw1.76.6.1
OG0007306	KAJ9659601.1	jgi|PseVKM4520_1|11144|transcript_KFZ23267
OG0007306	KAJ9659601.1	jgi|Aspni_DSM_1|160209|An06g02420m.01
OG0007306	KAJ9659601.1	jgi|Claba1|129356|Z519_07659T0
OG0007306	KAJ9659601.1	coassemb64_007532-T1
OG0007306	KAJ9659601.1	jgi|Fusgr1|4874|FGSG_03288T0
OG0007306	KAJ9659601.1	jgi|Aspni_DSM_1|160209|An06g02420m.01
OG0007306	KAJ9659601.1	jgi|Claba1|129356|Z519_07659T0
OG0007316	KAJ9655125.1	jgi|Morco1|143739|CE143738_34
OG0007316	KAJ9663687.1	jgi|Monha1|2895|H072_2902m.01
OG0007316	KAJ9663687.1	KAI4098292.1
OG0007316	KAJ9663687.1	jgi|Fusgr1|5368|FGSG_12564T0
OG0007331	KAJ9664404.1	jgi|Umbpus1|99812|LPUS_06386T0
OG0007357	KAJ9657659.1	jgi|Morco1|515957|estExt_Genewise1Plus.C_3_t10073
OG0007414	KAJ9653552.1, KAJ9650252.1	jgi|Exoaq1|5433|A1O9_02957T0
OG0007414	KAJ9653552.1, KAJ9650252.1	jgi|Fusgr1|10219|FGSG_08092T0
OG0007414	KAJ9653552.1, KAJ9650252.1	jgi|Altal1|382987|CE382986_28277
OG0007414	KAJ9653552.1, KAJ9650252.1	jgi|Grascr1|13006|GST1_005535-RA
OG0007420	KAJ9650115.1	jgi|PseVKM4520_1|6948|transcript_KFZ09051
OG0007562	KAJ9655683.1	jgi|Claba1|127841|Z519_00222T0
OG0007714	KAJ9659521.1	jgi|Podan3|207866|mRNA_6694
OG0007756	KAJ9651034.1	jgi|Dibbae1|3712|DIBA_008829-RA
OG0007857	KAJ9662438.1	KAI4218735.1
OG0007995	KAJ9654690.1	jgi|Fonmu1|2902|Z520_07538T0
OG0007995	KAJ9654690.1	GTX0486b100_004426-T1
OG0007995	KAJ9654690.1	KAI9699489.1
OG0007995	KAJ9654690.1	jgi|Claba1|135872|Z519_02735T0
