Orthogroup	JAPETW01_protein	Other
OG0000015	KAI9754740.1	jgi|Cocpo1_1|2685|XM_003067638.1
OG0000015	KAI9754740.1	jgi|Penexp1|3668|PEXP_085500T0
OG0000015	KAI9754740.1	jgi|Aspni_DSM_1|159833|An05g01120m.01, jgi|Aspni_DSM_1|163216|An10g00660m.01, jgi|Aspni_DSM_1|162661|An09g02000m.01
OG0000057	KAI9749727.1	jgi|Fusgr1|2767|FGSG_12134T0, jgi|Fusgr1|3417|FGSG_04581T0
OG0000057	KAI9749727.1	FUN_005600_T1_FUN_005600
OG0000064	KAI9747835.1	coassemb76_009611-T1
OG0000066	KAI9757271.1	jgi|Phach1|1394|rna1393
OG0000077	KAI9747201.1	GTX0486b100_001948-T1
OG0000080	KAI9756627.1	XP_008714722.1
OG0000093	KAI9757478.1	jgi|Dibbae1|3763|DIBA_009047-RA
OG0000097	KAI9747795.1	KAI4264560.1
OG0000101	KAI9752153.1	KAI9659590.1
OG0000101	KAI9752153.1	jgi|Neucr_trp3_1|9511|Neucr2.NCU05094T0
OG0000101	KAI9752153.1	jgi|Podan3|203070|mRNA_1898
OG0000101	KAI9752153.1	jgi|Aspni_DSM_1|165047|An12g07490m.01
OG0000112	KAI9747185.1	jgi|Dibbae1|10710|DIBA_004515-RA
OG0000122	KAI9751866.1	jgi|Morco1|522045|estExt_Genewise1Plus.C_200116
OG0000165	KAI9754788.1	KAI9708569.1
OG0000181	KAI9747609.1	CAF9937712.1
OG0000181	KAI9747609.1	jgi|Fonmu1|11781|Z520_04986T0
OG0000200	KAI9747683.1	jgi|Fusgr1|3068|FGSG_02688T0, jgi|Fusgr1|4515|FGSG_12409T0
OG0000222	KAI9756863.1	coassemb64_007458-T1
OG0000235	KAI9757277.1	jgi|Exoaq1|1989|A1O9_09521T0
OG0000238	KAI9753701.1	jgi|Fusgr1|3901|FGSG_04143T0
OG0000238	KAI9754875.1	jgi|Aurpu_var_mel1|49698|e_gw1.11.49.1
OG0000238	KAI9754875.1	jgi|Altal1|1057710|gm1.1945_g
OG0000262	KAI9757420.1	coassemb64_006437-T1
OG0000264	KAI9756027.1	CAF9915243.1
OG0000282	KAI9753821.1	jgi|Fonmu1|9103|Z520_03178T0
OG0000282	KAI9753821.1	jgi|Claba1|130825|Z519_09135T0
OG0000282	KAI9753821.1	jgi|Capcor1|93555|A1O1_00688T0
OG0000282	KAI9753821.1	jgi|Exoaq1|7029|A1O9_12831T0
OG0000282	KAI9753821.1	jgi|Penexp1|10467|PEXP_061450T0
OG0000282	KAI9753821.1	jgi|Aspni_DSM_1|158329|An03g03350m.01
OG0000282	KAI9753821.1	jgi|Altal1|688826|CE688825_3399
OG0000282	KAI9753821.1	jgi|Monha1|10627|H072_11289m.01
OG0000282	KAI9753821.1	jgi|Artol1|9460|AOL_s00173g367m.01
OG0000282	KAI9753821.1	XP_008718184.1
OG0000282	KAI9753821.1	jgi|Fusgr1|4991|FGSG_12496T0
OG0000282	KAI9753821.1	jgi|Fusgr1|4991|FGSG_12496T0
OG0000315	KAI9749406.1	jgi|Penexp1|2729|PEXP_108930T0
OG0000315	KAI9749406.1	jgi|Cocpo1_1|4194|XM_003069147.1
OG0000345	KAI9749174.1	jgi|Morco1|486361|e_gw1.19.285.1
OG0000358	KAI9749658.1	CAF9942250.1
OG0000361	KAI9756034.1	jgi|EndpusZ1|3311|EPUS_07951T0
OG0000391	KAI9748204.1	jgi|Grascr1|5827|GST1_011412-RA
OG0000399	KAI9752826.1	jgi|Morco1|470072|gw1.20.229.1
OG0000415	KAI9747104.1	coassemb378_010623-T1
OG0000416	KAI9754239.1	coassemb64_004696-T1
OG0000483	KAI9754374.1	FUN_009084_T1_FUN_009084
OG0000485	KAI9757807.1	jgi|Penexp1|3620|PEXP_086100T0
OG0000578	KAI9754320.1	KAI4226395.1
OG0000615	KAI9749556.1	CAF9926602.1
OG0000635	KAI9755747.1	jgi|Claba1|132436|Z519_10755T0
OG0000688	KAI9750258.1	KAJ9655021.1
OG0000688	KAI9750258.1	jgi|EndpusZ1|9016|EPUS_05276T0, jgi|EndpusZ1|3977|EPUS_08691T0
OG0000688	KAI9750258.1	jgi|Exoaq1|9555|A1O9_05985T0
OG0000693	KAI9754871.1	KAJ9663676.1, KAJ9657228.1
OG0000698	KAI9750361.1	jgi|Aurpu_var_mel1|68258|fgenesh1_pg.20_#_96
OG0000745	KAI9754738.1	jgi|Penexp1|3667|PEXP_085490T0
OG0000745	KAI9754738.1	jgi|Aspni_DSM_1|162662|An09g02010m.01
OG0000792	KAI9749527.1	jgi|Fusgr1|5336|FGSG_02884T0
OG0000821	KAI9752150.1	jgi|Ascim1|41603|CE41602_3598
OG0000823	KAI9752168.1	coassemb76_009583-T1
OG0000868	KAI9754480.1	jgi|Capcor1|95944|A1O1_03087T0
OG0000897	KAI9750166.1	jgi|Fonmu1|6990|Z520_02200T0
OG0000897	KAI9750166.1	GTX0486b100_000479-T1
OG0000900	KAI9749528.1	jgi|Fusgr1|3783|FGSG_04250T0
OG0000909	KAI9748100.1	jgi|Penexp1|7694|PEXP_006740T0
OG0000945	KAI9754583.1	jgi|Fusgr1|8994|FGSG_07770T0
OG0000976	KAI9756956.1	FUN_000406_T1_FUN_000406
OG0000976	KAI9756956.1	CAF9943318.1
OG0000978	KAI9755453.1	KAJ9663328.1
OG0000978	KAI9755453.1	GTX0486b100_008487-T1
OG0000979	KAI9750392.1	coassemb76_008435-T1
OG0000993	KAI9753791.1	coassemb378_001917-T1
OG0001006	KAI9758212.1	jgi|Monha1|9388|H072_9849m.01
OG0001008	KAI9758304.1	jgi|EndpusZ1|9085|EPUS_06916T0
OG0001034	KAI9754741.1	jgi|Aurpu_var_mel1|47791|e_gw1.9.720.1
OG0001034	KAI9754741.1	jgi|Fusgr1|6610|FGSG_05696T0
OG0001034	KAI9754741.1	jgi|Podan3|201785|mRNA_613
OG0001034	KAI9754741.1	jgi|Neucr_trp3_1|1918|Neucr2.NCU00792T0
OG0001034	KAI9754741.1	jgi|Sclsc1|7393|SS1G_12816T0
OG0001034	KAI9754741.1	jgi|PseVKM4520_1|478|transcript_KFZ20715
OG0001034	KAI9754741.1	jgi|Altal1|1015420|fgenesh1_kg.1_#_398_#_Locus12168v1rpkm0.86
OG0001034	KAI9754741.1	jgi|Altal1|1015420|fgenesh1_kg.1_#_398_#_Locus12168v1rpkm0.86
OG0001034	KAI9754741.1	jgi|Ascim1|222551|estExt_Genewise1.C_120088
OG0001034	KAI9754741.1	jgi|Capcor1|98785|A1O1_05952T0
OG0001034	KAI9754741.1	XP_008715603.1
OG0001034	KAI9754741.1	jgi|Penexp1|3669|PEXP_085510T0
OG0001034	KAI9754741.1	KAI9826786.1
OG0001034	KAI9754741.1	KAI9826786.1
OG0001034	KAI9754741.1	jgi|Fusgr1|66|FGSG_00049T0
OG0001034	KAI9754741.1	jgi|Fusgr1|66|FGSG_00049T0
OG0001034	KAI9754741.1	coassemb64_004311-T1
OG0001034	KAI9754741.1	jgi|Acastr1|122575|AST1_008451-RA
OG0001034	KAI9754741.1	jgi|Aspni_DSM_1|159831|An05g01100m.01
OG0001034	KAI9754741.1	jgi|Acastr1|122575|AST1_008451-RA
OG0001035	KAI9748601.1	CAF9933149.1
OG0001046	KAI9748898.1	KAI9832412.1
OG0001046	KAI9748898.1	KAI9697615.1
OG0001077	KAI9749723.1	KAI4105648.1
OG0001077	KAI9749723.1	KAI4286386.1
OG0001080	KAI9753390.1	jgi|Grascr1|8725|GST1_011777-RA
OG0001115	KAI9752074.1	coassemb76_002847-T1, coassemb76_003966-T1
OG0001115	KAI9752074.1	jgi|Dibbae1|6852|DIBA_009240-RA
OG0001116	KAI9756404.1	jgi|PseVKM4520_1|8715|transcript_KFZ04061
OG0001135	KAI9756955.1	jgi|Artol1|3669|AOL_s00075g7m.01
OG0001144	KAI9756133.1	coassemb378_005320-T1, coassemb378_011564-T1
OG0001150	KAI9756031.1	jgi|Fusgr1|11434|FGSG_13666T0
OG0001151	KAI9749529.1	coassemb64_003162-T1
OG0001159	KAI9753947.1	jgi|Sclsc1|11022|SS1G_04051T0
OG0001203	KAI9756507.1	jgi|Clagr3|9146|CLAGR_009773-RA
OG0001227	KAI9756091.1	jgi|Artol1|4183|AOL_s00076g279m.01
OG0001227	KAI9756091.1	jgi|Aspni_DSM_1|158193|An03g01800m.01
OG0001235	KAI9748074.1	jgi|Monha1|9471|H072_9938m.01
OG0001281	KAI9754540.1	jgi|Artol1|5|AOL_s00004g4m.01
OG0001281	KAI9754540.1	jgi|Fusgr1|13314|FGSG_11241T0, jgi|Fusgr1|10669|FGSG_09212T0
OG0001300	KAI9750554.1	jgi|Artol1|5665|AOL_s00079g439m.01
OG0001365	KAI9754955.1	jgi|Podan3|208764|mRNA_7592
OG0001394	KAI9751049.1	jgi|Aspni_DSM_1|156376|An01g13570m.01
OG0001435	KAI9747089.1	coassemb376_005892-T1
OG0001435	KAI9747089.1	KAI4287589.1
OG0001512	KAI9757951.1	coassemb76_005891-T1
OG0001529	KAI9755980.1	jgi|Aspni_DSM_1|168268|An17g00540m.01
OG0001529	KAI9755980.1	coassemb64_004123-T1
OG0001536	KAI9752860.1	jgi|Podan3|211277|mRNA_10105
OG0001538	KAI9753376.1	jgi|Fusgr1|4823|FGSG_03328T0
OG0001580	KAI9753940.1	KAI4287607.1
OG0001627	KAI9753711.1	coassemb376_004123-T1
OG0001635	KAI9754276.1	coassemb76_009868-T1
OG0001640	KAI9749143.1	KAI4086500.1
OG0001641	KAI9751181.1	jgi|Acastr1|119979|AST1_007852-RA
OG0001669	KAI9756752.1	jgi|Fusgr1|12287|FGSG_10624T0
OG0001688	KAI9749290.1	KAI4208429.1
OG0001696	KAI9751199.1	jgi|Dibbae1|4325|DIBA_001953-RA
OG0001702	KAI9747674.1	GTX0486b100_005054-T1
OG0001702	KAI9747674.1	KAI9839547.1
OG0001711	KAI9747909.1	coassemb76_010120-T1, coassemb76_007893-T1
OG0001744	KAI9748748.1	coassemb378_008974-T1
OG0001796	KAI9755858.1	jgi|PseVKM4520_1|2442|transcript_KFZ16962
OG0001796	KAI9755857.1	jgi|Acastr1|124859|AST1_007609-RA
OG0001796	KAI9755857.1	KAI9718749.1
OG0001796	KAI9755857.1	GTX0486b100_002903-T1
OG0001796	KAI9755857.1	KAI9702891.1
OG0001796	KAI9755857.1	jgi|Grascr1|113|GST1_000113-RA
OG0001796	KAI9755857.1	coassemb378_003217-T1
OG0001796	KAI9755857.1	jgi|PseVKM4520_1|2442|transcript_KFZ16962
OG0001796	KAI9755857.1	jgi|Sclsc1|8856|SS1G_02271T0
OG0001796	KAI9755857.1	jgi|Dibbae1|6778|DIBA_011358-RA
OG0001796	KAI9755857.1	jgi|PseVKM4520_1|2442|transcript_KFZ16962
OG0001800	KAI9758024.1	jgi|Claba1|131384|Z519_09698T0
OG0001800	KAI9758024.1	coassemb76_009563-T1
OG0001822	KAI9753753.1	FUN_002886_T3_FUN_002886
OG0001827	KAI9750821.1	jgi|Erypu1|6487|transcript_POS81721
OG0001830	KAI9748338.1	coassemb76_007596-T1
OG0001845	KAI9758333.1	jgi|Claba1|131841|Z519_10158T0
OG0001845	KAI9758333.1	coassemb76_008813-T1
OG0001860	KAI9747579.1	jgi|Aurpu_var_mel1|70521|fgenesh1_pg.47_#_5
OG0001924	KAI9749245.1	KAI9671338.1
OG0001932	KAI9749976.1	jgi|Neucr_trp3_1|5863|Neucr2.NCU06385T0
OG0001935	KAI9751552.1	jgi|Morco1|203785|CE203784_1176
OG0002008	KAI9749100.1	coassemb376_004075-T1
OG0002060	KAI9755613.1	coassemb378_002165-T1
OG0002082	KAI9751575.1	jgi|Neucr_trp3_1|8808|Neucr2.NCU04822T0
OG0002097	KAI9747128.1	GTX0486b100_004932-T1
OG0002117	KAI9747351.1	jgi|Umbpus1|106055|LPUS_02013T0
OG0002136	KAI9758047.1	jgi|Clagr3|2921|CLAGR_002585-RA
OG0002184	KAI9752941.1	coassemb76_009965-T1
OG0002211	KAI9752123.1	jgi|Aspni_DSM_1|155098|An01g00340m.01
OG0002235	KAI9751298.1	jgi|EndpusZ1|4631|EPUS_02121T0
OG0002300	KAI9757323.1	KAI4290298.1
OG0002326	KAI9752281.1	jgi|Grascr1|5606|GST1_009829-RA
OG0002342	KAI9752022.1	coassemb76_009114-T1
OG0002373	KAI9754525.1	FUN_005923_T1_FUN_005923
OG0002392	KAI9751780.1	jgi|Sclsc1|11983|SS1G_05012T0
OG0002468	KAI9750845.1	coassemb64_002119-T1
OG0002468	KAI9750845.1	GTX0494b19_002949-T1
OG0002553	KAI9754032.1	coassemb376_006157-T1
OG0002624	KAI9756523.1	coassemb76_009612-T1
OG0002631	KAI9747574.1	coassemb378_011664-T1
OG0002650	KAI9751438.1	coassemb76_006781-T1
OG0002656	KAI9748718.1	jgi|Erypu1|138|transcript_POS81639
OG0002676	KAI9748337.1	coassemb76_007595-T1
OG0002693	KAI9747210.1	coassemb376_007173-T1
OG0002704	KAI9758334.1	coassemb76_008812-T1
OG0002716	KAI9751091.1	coassemb378_006947-T1
OG0002718	KAI9748847.1	coassemb64_002777-T1
OG0002760	KAI9752340.1	jgi|Monha1|5677|H072_5862m.01
OG0002764	KAI9753859.1	jgi|Ascim1|377009|estExt_fgenesh1_pg.C_420059
OG0003022	KAI9749997.1	coassemb378_004555-T1
OG0003031	KAI9748408.1	jgi|Exoaq1|5208|A1O9_02731T0
OG0003044	KAI9757967.1	jgi|PseVKM4520_1|5317|transcript_KFZ11750
OG0003232	KAI9748186.1	coassemb76_000910-T1
OG0003357	KAI9748183.1	GTX0486b100_006991-T1
OG0003357	KAI9748183.1	KAI4105705.1
OG0003398	KAI9749353.1	jgi|Fusgr1|12761|FGSG_10917T0
OG0003422	KAI9756751.1	jgi|Grascr1|6991|GST1_002829-RA
OG0003467	KAI9748327.1	jgi|Dibbae1|12474|DIBA_004861-RA
OG0003472	KAI9753238.1	coassemb76_009613-T1
OG0003482	KAI9754793.1	coassemb76_009858-T1
OG0003488	KAI9747975.1	jgi|Neucr_trp3_1|1223006|e_gw1.223.19.1
OG0003617	KAI9748465.1	CAF9906519.1
OG0003680	KAI9747736.1	jgi|Morco1|577490|gm1.8266_g
OG0003840	KAI9747606.1	jgi|Claba1|137073|Z519_12810T0
OG0003840	KAI9747606.1	XP_008710554.1, XP_008721554.1
OG0003880	KAI9755489.1	jgi|Umbpus1|105574|LPUS_12582T0
OG0003938	KAI9753998.1	coassemb76_009999-T1
OG0004115	KAI9753481.1	jgi|Penexp1|7114|PEXP_076500T0
OG0004184	KAI9756875.1	KAI4106085.1
OG0004250	KAI9750079.1	jgi|Claba1|128932|Z519_07232T0
OG0004250	KAI9750079.1	jgi|Monha1|1644|H072_1644m.01
OG0004318	KAI9754928.1	jgi|PseVKM4520_1|3541|transcript_KFZ14981
OG0004511	KAI9757389.1	coassemb76_009565-T1
OG0004589	KAI9746987.1	KAJ9650549.1
OG0004631	KAI9751395.1	KAI9700672.1
OG0004993	KAI9749636.1	jgi|Aspni_DSM_1|160798|An07g05740m.01
OG0005243	KAI9754331.1	GTX0466b15_004710-T1
OG0005366	KAI9752658.1	KAI4231955.1
OG0005425	KAI9755051.1	jgi|EndpusZ1|255|EPUS_04141T0
OG0005435	KAI9756173.1	jgi|Acastr1|121105|AST1_006607-RA
OG0005435	KAI9756173.1	KAI4101058.1
OG0005703	KAI9754780.1	jgi|Neucr_trp3_1|5771|Neucr2.NCU07660T0
OG0005703	KAI9754780.1	jgi|Penexp1|5410|PEXP_058710T0
OG0005816	KAI9755815.1	KAI4267027.1
OG0005850	KAI9757965.1	jgi|Clagr3|11036|CLAGR_010911-RA
OG0005921	KAI9757901.1	jgi|Monha1|9690|H072_10193m.01
OG0005921	KAI9757901.1	jgi|Grascr1|2195|GST1_001314-RA
OG0006037	KAI9754634.1	jgi|Neucr_trp3_1|9642|Neucr2.NCU17154T0, jgi|Neucr_trp3_1|9558|Neucr2.NCU05047T0
OG0006476	KAI9757834.1	GTX0486b100_007663-T1
OG0006512	KAI9753036.1	jgi|PseVKM4520_1|4471|transcript_KFZ13388
OG0006638	KAI9747316.1	jgi|Dibbae1|8770|DIBA_002263-RA
OG0006638	KAI9747316.1	jgi|Clagr3|6591|CLAGR_006304-RA
OG0006638	KAI9747316.1	jgi|Artol1|6195|AOL_s00081g25m.01
OG0007763	KAI9755871.1	jgi|Aspni_DSM_1|156541|An02g00160m.01
