Orthogroup	JAPETR01_protein	Other
OG0000003	KAI9727976.1	jgi|Podan3|201333|mRNA_161
OG0000004	KAI9722559.1	jgi|Claba1|133761|Z519_11161T0
OG0000009	KAI9728433.1	jgi|Claba1|128724|Z519_07022T0
OG0000009	KAI9728433.1	KAJ9663857.1, KAJ9652153.1
OG0000009	KAI9728433.1	jgi|Exoaq1|5525|A1O9_03049T0
OG0000010	KAI9724642.1	jgi|Dibbae1|129|DIBA_001266-RA
OG0000013	KAI9720911.1	XP_008713341.1
OG0000013	KAI9720911.1	jgi|Umbpus1|103344|LPUS_09925T0
OG0000015	KAI9722165.1	jgi|Penexp1|3668|PEXP_085500T0
OG0000015	KAI9722165.1	jgi|Aspni_DSM_1|159833|An05g01120m.01, jgi|Aspni_DSM_1|163216|An10g00660m.01, jgi|Aspni_DSM_1|162661|An09g02000m.01
OG0000015	KAI9722165.1	jgi|Cocpo1_1|2685|XM_003067638.1
OG0000029	KAI9726274.1	coassemb64_007229-T1
OG0000040	KAI9714702.1	jgi|Capcor1|97361|A1O1_04519T0
OG0000050	KAI9723893.1	jgi|Dibbae1|10322|DIBA_012218-RA
OG0000057	KAI9720555.1	jgi|Exoaq1|5750|A1O9_03277T0
OG0000057	KAI9725373.1	jgi|Fusgr1|2767|FGSG_12134T0, jgi|Fusgr1|3417|FGSG_04581T0
OG0000057	KAI9725373.1	FUN_005600_T1_FUN_005600
OG0000057	KAI9718651.1	CAF9904471.1
OG0000064	KAI9725409.1	coassemb76_009611-T1
OG0000066	KAI9724199.1	jgi|Phach1|1394|rna1393
OG0000067	KAI9728204.1, KAI9727461.1	jgi|Grascr1|1098|GST1_001155-RA, jgi|Grascr1|800|GST1_008971-RA
OG0000069	KAI9717487.1	jgi|Grascr1|1601|GST1_007646-RA
OG0000074	KAI9717339.1, KAI9710432.1	coassemb376_001531-T1
OG0000074	KAI9717339.1, KAI9710432.1	jgi|Clagr3|11264|CLAGR_011075-RA
OG0000080	KAI9720726.1	XP_008714722.1
OG0000097	KAI9727470.1	jgi|Exoaq1|8669|A1O9_12924T0
OG0000101	KAI9710026.1	jgi|Aurpu_var_mel1|70638|fgenesh1_pg.57_#_3
OG0000101	KAI9727674.1	CAF9918053.1
OG0000112	KAI9727641.1	jgi|Exoaq1|6159|A1O9_11960T0
OG0000125	KAI9715531.1	jgi|Dibbae1|6490|DIBA_008349-RA
OG0000127	KAI9719176.1	jgi|Exoaq1|5162|A1O9_02685T0
OG0000151	KAI9718847.1	jgi|PseVKM4520_1|10168|transcript_KFZ24155
OG0000164	KAI9709601.1	jgi|Podan3|206414|mRNA_5242
OG0000165	KAI9708569.1, KAI9708568.1	coassemb378_001028-T1
OG0000165	KAI9708569.1, KAI9708568.1	jgi|Cocpo1_1|3842|XM_003068795.1
OG0000165	KAI9708569.1, KAI9708568.1	jgi|Aspni_DSM_1|156405|An01g13880m.01
OG0000165	KAI9708569.1, KAI9708568.1	jgi|Penexp1|5603|PEXP_109920T0
OG0000165	KAI9708569.1	jgi|Dibbae1|3095|DIBA_008987-RA
OG0000165	KAI9708569.1	jgi|Clagr3|9276|CLAGR_009204-RA
OG0000165	KAI9708569.1	CAF9910302.1
OG0000165	KAI9708569.1	KAI4237534.1
OG0000165	KAI9708569.1	GTX0494b19_003606-T1
OG0000165	KAI9708569.1	KAI4103036.1
OG0000165	KAI9708569.1	KAI4221889.1
OG0000165	KAI9708569.1	FUN_007641_T1_FUN_007641
OG0000165	KAI9708569.1	KAI4102658.1
OG0000165	KAI9708569.1	KAI4289619.1
OG0000165	KAI9708569.1	jgi|Acastr1|126540|AST1_000135-RA
OG0000165	KAI9708569.1	jgi|Umbpus1|100539|LPUS_07199T0
OG0000165	KAI9708569.1	KAI9825701.1
OG0000165	KAI9708569.1	KAI9833783.1
OG0000165	KAI9708569.1	GTX0486b100_002086-T1
OG0000165	KAI9708569.1	coassemb376_002455-T1
OG0000165	KAI9708569.1	KAI9706083.1
OG0000165	KAI9708569.1	KAI9710633.1
OG0000165	KAI9708569.1	KAI9754788.1
OG0000165	KAI9708569.1	coassemb76_005593-T1
OG0000165	KAI9708569.1	GTX0466b15_007022-T1
OG0000165	KAI9708568.1	jgi|Phach1|4574|rna4573
OG0000165	KAI9708568.1	jgi|EndpusZ1|7723|EPUS_05941T0
OG0000165	KAI9708568.1	coassemb64_004002-T1
OG0000165	KAI9708568.1	jgi|Exoaq1|4404|A1O9_01922T0
OG0000165	KAI9708568.1	jgi|Capcor1|97469|A1O1_04628T0
OG0000165	KAI9708568.1	jgi|Claba1|138753|Z519_05284T0
OG0000165	KAI9708568.1	jgi|Fonmu1|11307|Z520_04509T0
OG0000165	KAI9708568.1	XP_008715556.1
OG0000165	KAI9708568.1	KAJ9654110.1
OG0000165	KAI9708568.1	coassemb76_005594-T1
OG0000165	KAI9708568.1	GTX0466b15_007023-T1
OG0000165	KAI9708568.1	KAI9710634.1
OG0000165	KAI9708568.1	KAI9706082.1
OG0000169	KAI9722839.1	KAI4232071.1
OG0000169	KAI9717490.1	jgi|Penexp1|9251|PEXP_065540T0
OG0000170	KAI9715208.1	jgi|Penexp1|120|PEXP_020750T0
OG0000171	KAI9727719.1	coassemb76_007072-T1
OG0000171	KAI9727719.1	jgi|Exoaq1|8178|A1O9_04713T0
OG0000176	KAI9726293.1	jgi|Exoaq1|11622|A1O9_07958T0
OG0000176	KAI9726293.1	XP_008713361.1
OG0000176	KAI9726293.1	KAJ9653578.1
OG0000200	KAI9728211.1	jgi|Fusgr1|3068|FGSG_02688T0, jgi|Fusgr1|4515|FGSG_12409T0
OG0000201	KAI9725146.1	coassemb378_001789-T1
OG0000207	KAI9726614.1	GTX0486b100_005416-T1
OG0000213	KAI9722134.1	jgi|Claba1|136825|Z519_03359T0
OG0000216	KAI9728470.1	jgi|Cocpo1_1|6066|XM_003071019.1
OG0000228	KAI9722566.1	KAI4108699.1
OG0000228	KAI9722566.1	jgi|Clagr3|7458|CLAGR_007055-RA
OG0000238	KAI9728436.1	jgi|Aurpu_var_mel1|49698|e_gw1.11.49.1
OG0000238	KAI9728436.1	jgi|Altal1|1057710|gm1.1945_g
OG0000238	KAI9728436.1	KAI4109259.1
OG0000239	KAI9716592.1	jgi|Capcor1|94518|A1O1_01656T0
OG0000250	KAI9716980.1	jgi|Fonmu1|3815|Z520_08452T0
OG0000253	KAI9720759.1	coassemb64_000923-T1
OG0000253	KAI9719708.1	GTX0466b15_004827-T1
OG0000253	KAI9719708.1	XP_008719626.1
OG0000262	KAI9725117.1	coassemb64_006437-T1
OG0000264	KAI9725407.1	CAF9915243.1
OG0000264	KAI9725226.1	jgi|Exoaq1|3970|A1O9_11492T0
OG0000264	KAI9725226.1	jgi|Grascr1|467|GST1_006106-RA
OG0000283	KAI9726043.1	KAJ9655715.1
OG0000294	KAI9716414.1	jgi|Claba1|136555|Z519_03086T0
OG0000296	KAI9711172.1	KAI4283092.1
OG0000307	KAI9721423.1	jgi|Dibbae1|10153|DIBA_003107-RA
OG0000311	KAI9713757.1	jgi|Penexp1|9779|PEXP_098470T0
OG0000311	KAI9727712.1	jgi|Clagr3|9403|CLAGR_009348-RA
OG0000315	KAI9727346.1	jgi|Penexp1|2729|PEXP_108930T0
OG0000315	KAI9727346.1	jgi|Cocpo1_1|4194|XM_003069147.1
OG0000317	KAI9718857.1	jgi|Sclsc1|1845|SS1G_08301T0
OG0000331	KAI9714699.1	jgi|Aspni_DSM_1|165381|An12g10850m.01
OG0000331	KAI9714699.1	jgi|Dibbae1|8221|DIBA_010509-RA
OG0000332	KAI9729094.1	GTX0486b100_005093-T1
OG0000333	KAI9709854.1	coassemb378_010980-T1
OG0000342	KAI9723560.1	jgi|Ascim1|123924|CE123923_1326
OG0000345	KAI9716497.1	jgi|Morco1|486361|e_gw1.19.285.1
OG0000356	KAI9720086.1	KAI9830031.1, KAI9830942.1
OG0000356	KAI9718156.1, KAI9715619.1	jgi|Podan3|206883|mRNA_5711
OG0000356	KAI9718156.1, KAI9715619.1	jgi|Neucr_trp3_1|9466|Neucr2.NCU05138T0
OG0000356	KAI9718156.1, KAI9715619.1	jgi|Altal1|1030099|fgenesh1_pm.7_#_214
OG0000356	KAI9718156.1	KAI9830031.1
OG0000356	KAI9718156.1	KAI9830031.1
OG0000356	KAI9715619.1	KAI9830942.1
OG0000356	KAI9715619.1	KAI9830942.1
OG0000356	KAI9720086.1	jgi|Dibbae1|5755|DIBA_002020-RA, jgi|Dibbae1|5791|DIBA_002056-RA
OG0000361	KAI9725417.1	jgi|EndpusZ1|3311|EPUS_07951T0
OG0000391	KAI9714125.1	jgi|Grascr1|5827|GST1_011412-RA
OG0000416	KAI9708878.1	coassemb64_004696-T1
OG0000416	KAI9708878.1	GTX0486b100_001768-T1
OG0000431	KAI9723550.1	jgi|Dibbae1|456|DIBA_005890-RA
OG0000431	KAI9723550.1	jgi|Grascr1|12567|GST1_006084-RA
OG0000455	KAI9726362.1	jgi|Grascr1|12662|GST1_001956-RA
OG0000466	KAI9727530.1	jgi|Grascr1|11362|GST1_005242-RA
OG0000488	KAI9719488.1	XP_008721379.1
OG0000518	KAI9717696.1	jgi|Penexp1|8081|PEXP_103240T0
OG0000523	KAI9713767.1	jgi|Claba1|132707|Z519_01185T0
OG0000579	KAI9714109.1	jgi|Morco1|480639|e_gw1.4.340.1
OG0000589	KAI9719502.1	KAI4089773.1
OG0000607	KAI9727352.1	jgi|Fonmu1|11791|Z520_04996T0
OG0000609	KAI9729016.1	jgi|Artol1|4636|AOL_s00078g22m.01
OG0000615	KAI9723882.1	CAF9926602.1
OG0000620	KAI9716725.1	coassemb376_002221-T1
OG0000620	KAI9716725.1	CAF9924105.1
OG0000654	KAI9729029.1	coassemb64_005016-T1
OG0000654	KAI9729029.1	coassemb76_006623-T1
OG0000654	KAI9729029.1	jgi|Exoaq1|12309|A1O9_08604T0, jgi|Exoaq1|12818|A1O9_09103T0
OG0000660	KAI9718316.1	jgi|Artol1|1003|AOL_s00006g343m.01
OG0000682	KAI9714171.1	jgi|EndpusZ1|6416|EPUS_07871T0
OG0000682	KAI9714171.1	KAJ9661918.1
OG0000682	KAI9714171.1	jgi|Sclsc1|1510|SS1G_07966T0
OG0000682	KAI9714171.1	jgi|Claba1|135820|Z519_02683T0
OG0000688	KAI9722806.1	jgi|EndpusZ1|9016|EPUS_05276T0, jgi|EndpusZ1|3977|EPUS_08691T0
OG0000688	KAI9722806.1	jgi|Exoaq1|9555|A1O9_05985T0
OG0000688	KAI9722806.1	KAJ9655021.1
OG0000742	KAI9727636.1	CAF9912950.1
OG0000746	KAI9712186.1	KAI9827237.1
OG0000746	KAI9712186.1	coassemb378_010706-T1
OG0000746	KAI9712186.1	coassemb376_004142-T1
OG0000746	KAI9712186.1	KAI9704834.1
OG0000746	KAI9712186.1	KAI9720218.1
OG0000746	KAI9712186.1	GTX0486b100_007210-T1
OG0000746	KAI9712186.1	jgi|Fusgr1|6548|FGSG_12772T0
OG0000746	KAI9712186.1	KAI4100371.1
OG0000746	KAI9712186.1	jgi|Neucr_trp3_1|5498|Neucr2.NCU07917T0
OG0000746	KAI9712186.1	jgi|Podan3|210130|mRNA_8958
OG0000746	KAI9712186.1	jgi|Dibbae1|10154|DIBA_003108-RA
OG0000746	KAI9712186.1	jgi|Capcor1|96571|A1O1_03720T0
OG0000746	KAI9712186.1	jgi|Fonmu1|5160|Z520_08971T0
OG0000746	KAI9712186.1	KAJ9651224.1
OG0000746	KAI9712186.1	jgi|Aurpu_var_mel1|51785|e_gw1.15.13.1
OG0000746	KAI9712186.1	jgi|Aurpu_var_mel1|51785|e_gw1.15.13.1
OG0000746	KAI9712186.1	jgi|Aspni_DSM_1|158268|An03g02610m.01
OG0000748	KAI9722577.1	coassemb378_006069-T1
OG0000770	KAI9715519.1	jgi|Aspni_DSM_1|156861|An02g03380m.01
OG0000775	KAI9725625.1	jgi|Aspni_DSM_1|166516|An14g07350m.01
OG0000792	KAI9726501.1	jgi|Fusgr1|5336|FGSG_02884T0
OG0000868	KAI9719542.1	jgi|Capcor1|95944|A1O1_03087T0
OG0000880	KAI9720090.1	FUN_003923_T1_FUN_003923
OG0000897	KAI9726150.1	GTX0486b100_000479-T1
OG0000900	KAI9727175.1	jgi|Fusgr1|3783|FGSG_04250T0
OG0000909	KAI9717354.1	jgi|Penexp1|7694|PEXP_006740T0
OG0000922	KAI9728202.1	GTX0494b19_000148-T1
OG0000928	KAI9719850.1	KAJ9654449.1
OG0000929	KAI9726144.1	jgi|Sclsc1|3721|SS1G_10177T0
OG0000929	KAI9726144.1	jgi|Fusgr1|12527|FGSG_11124T0
OG0000931	KAI9727906.1	jgi|Penexp1|7856|PEXP_008370T0
OG0000976	KAI9721326.1	FUN_000406_T1_FUN_000406
OG0000976	KAI9721326.1	CAF9943318.1
OG0000976	KAI9721326.1	jgi|Acastr1|127804|AST1_007648-RA
OG0001008	KAI9726428.1	jgi|EndpusZ1|9085|EPUS_06916T0
OG0001008	KAI9726428.1	jgi|Podan3|204627|mRNA_3455
OG0001045	KAI9725482.1	jgi|Umbpus1|102935|LPUS_09526T0
OG0001045	KAI9725482.1	jgi|Aspni_DSM_1|160439|An07g02080m.01
OG0001046	KAI9728947.1	KAI9832412.1
OG0001046	KAI9728947.1	KAI9697615.1
OG0001056	KAI9716735.1	jgi|Clagr3|2884|CLAGR_002851-RA
OG0001077	KAI9716716.1	KAI4105648.1
OG0001077	KAI9716716.1	KAI4286386.1
OG0001080	KAI9722521.1	jgi|Grascr1|8725|GST1_011777-RA
OG0001082	KAI9725238.1, KAI9719547.1	jgi|Sclsc1|603|SS1G_00603T0
OG0001082	KAI9725238.1, KAI9719547.1	jgi|Podan3|203720|mRNA_2548
OG0001082	KAI9725238.1, KAI9719547.1	jgi|Neucr_trp3_1|6701|Neucr2.NCU05230T0
OG0001084	KAI9708407.1	jgi|Fusgr1|6893|FGSG_05944T0
OG0001115	KAI9726029.1	coassemb76_002847-T1, coassemb76_003966-T1
OG0001135	KAI9710025.1	jgi|Artol1|3669|AOL_s00075g7m.01
OG0001159	KAI9728950.1	jgi|Sclsc1|11022|SS1G_04051T0
OG0001164	KAI9725462.1	KAJ9656002.1
OG0001177	KAI9721166.1	coassemb76_009379-T1
OG0001178	KAI9726049.1	jgi|Cocpo1_1|6081|XM_003071034.1
OG0001184	KAI9724299.1	jgi|Exoaq1|6235|A1O9_12036T0
OG0001191	KAI9716583.1	jgi|Erypu1|6359|transcript_POS81739
OG0001191	KAI9716583.1	jgi|Morco1|547704|fgenesh1_pg.43_#_83
OG0001213	KAI9720278.1	jgi|Penexp1|271|PEXP_000820T0
OG0001227	KAI9718174.1	jgi|Artol1|4183|AOL_s00076g279m.01
OG0001227	KAI9718174.1	jgi|Aspni_DSM_1|158193|An03g01800m.01
OG0001235	KAI9726194.1	jgi|Monha1|9471|H072_9938m.01
OG0001300	KAI9726823.1	jgi|Artol1|5665|AOL_s00079g439m.01
OG0001398	KAI9716748.1	jgi|Dibbae1|6811|DIBA_010974-RA
OG0001428	KAI9725330.1	jgi|Grascr1|4396|GST1_010145-RA
OG0001499	KAI9725908.1	jgi|EndpusZ1|2781|EPUS_05882T0
OG0001503	KAI9712939.1	CAF9926446.1, CAF9926450.1
OG0001518	KAI9725398.1	jgi|Penexp1|8657|PEXP_013540T0
OG0001525	KAI9726918.1	FUN_009223_T1_FUN_009223
OG0001529	KAI9727174.1	coassemb64_004123-T1
OG0001529	KAI9727174.1	jgi|Aspni_DSM_1|168268|An17g00540m.01
OG0001580	KAI9728926.1	KAI4287607.1
OG0001583	KAI9724241.1	coassemb76_002648-T1, coassemb76_002060-T1
OG0001598	KAI9719692.1	FUN_007080_T1_FUN_007080
OG0001640	KAI9715947.1	KAI4086500.1
OG0001668	KAI9721414.1	coassemb76_009897-T1
OG0001688	KAI9720339.1	KAI4208429.1
OG0001827	KAI9720925.1	jgi|Erypu1|6487|transcript_POS81721
OG0001841	KAI9725455.1	jgi|Acastr1|123786|AST1_006423-RA
OG0001845	KAI9720500.1	jgi|Claba1|131841|Z519_10158T0
OG0001845	KAI9720500.1	coassemb76_008813-T1
OG0001846	KAI9715319.1	coassemb76_009430-T1
OG0001849	KAI9726210.1	KAI9835760.1
OG0001849	KAI9726210.1	jgi|Dibbae1|1908|DIBA_001417-RA
OG0001849	KAI9726210.1	CAF9935298.1
OG0001849	KAI9726210.1	jgi|Umbpus1|103073|LPUS_09634T0
OG0001849	KAI9726210.1	FUN_001199_T1_FUN_001199
OG0001849	KAI9726210.1	GTX0494b19_000957-T1
OG0001849	KAI9726210.1	KAI4225732.1
OG0001849	KAI9726210.1	KAI4102793.1
OG0001849	KAI9726210.1	KAI4099971.1
OG0001849	KAI9726210.1	KAI4282566.1
OG0001849	KAI9726210.1	KAI9698527.1
OG0001849	KAI9726210.1	KAI9714199.1
OG0001849	KAI9726210.1	GTX0486b100_006084-T1
OG0001849	KAI9726210.1	jgi|Acastr1|119088|AST1_006269-RA
OG0001849	KAI9726210.1	coassemb378_007782-T1
OG0001849	KAI9726210.1	jgi|Grascr1|1246|GST1_007670-RA
OG0001862	KAI9724238.1	jgi|Erypu1|5241|transcript_POS81923, jgi|Erypu1|35|transcript_POS81655
OG0001901	KAI9717484.1	KAI4286564.1
OG0001907	KAI9727097.1	jgi|Fusgr1|4937|FGSG_12482T0
OG0001929	KAI9724255.1	jgi|Grascr1|10011|GST1_004182-RA
OG0001932	KAI9725628.1	jgi|Neucr_trp3_1|5863|Neucr2.NCU06385T0
OG0001942	KAI9718680.1	coassemb76_007634-T1
OG0001950	KAI9715212.1	jgi|Erypu1|5784|transcript_POS81829
OG0001955	KAI9722844.1	KAI9837859.1
OG0001991	KAI9719903.1	KAI4091663.1
OG0002004	KAI9726729.1	coassemb76_000425-T1
OG0002008	KAI9724721.1	coassemb376_004075-T1
OG0002015	KAI9724697.1	coassemb76_009535-T1
OG0002020	KAI9720528.1	coassemb376_007349-T1
OG0002022	KAI9716621.1	CAF9938633.1
OG0002025	KAI9715028.1	jgi|Fusgr1|278|FGSG_00225T0
OG0002060	KAI9729075.1	coassemb378_002165-T1
OG0002079	KAI9728406.1	KAI4271278.1
OG0002081	KAI9726524.1	coassemb64_004135-T1
OG0002136	KAI9726565.1	jgi|Clagr3|2921|CLAGR_002585-RA
OG0002154	KAI9717461.1	jgi|Sclsc1|8089|SS1G_13512T0
OG0002184	KAI9725943.1	coassemb76_009965-T1
OG0002211	KAI9723533.1	jgi|Aspni_DSM_1|155098|An01g00340m.01
OG0002235	KAI9717239.1	jgi|EndpusZ1|4631|EPUS_02121T0
OG0002241	KAI9709637.1	coassemb76_009947-T1
OG0002293	KAI9719197.1	GTX0486b100_003252-T1
OG0002329	KAI9714696.1	KAI4289628.1
OG0002329	KAI9714696.1	jgi|Dibbae1|8223|DIBA_010511-RA
OG0002345	KAI9728660.1	coassemb378_002074-T1
OG0002349	KAI9727348.1	jgi|Acastr1|122567|AST1_006589-RA
OG0002349	KAI9727348.1	jgi|Grascr1|958|GST1_006961-RA
OG0002392	KAI9725388.1	jgi|Sclsc1|11983|SS1G_05012T0
OG0002396	KAI9713354.1	jgi|Acastr1|125592|AST1_007869-RA
OG0002398	KAI9716053.1	jgi|Erypu1|5004|transcript_POS81971
OG0002459	KAI9722462.1	jgi|Grascr1|1927|GST1_006382-RA
OG0002468	KAI9726638.1	coassemb64_002119-T1
OG0002488	KAI9713671.1	jgi|Erypu1|5837|transcript_POS81824
OG0002624	KAI9727291.1	coassemb76_009612-T1
OG0002656	KAI9729002.1	jgi|Erypu1|138|transcript_POS81639
OG0002676	KAI9726817.1	KAI9831149.1
OG0002676	KAI9726817.1	coassemb376_003947-T1
OG0002693	KAI9725919.1	coassemb376_007173-T1
OG0002704	KAI9720497.1	coassemb76_008812-T1
OG0002705	KAI9726145.1	KAI4286705.1
OG0002718	KAI9723170.1	coassemb64_002777-T1
OG0002760	KAI9719855.1	jgi|Monha1|5677|H072_5862m.01
OG0002764	KAI9708864.1	KAI9812097.1
OG0002764	KAI9708864.1	jgi|Ascim1|377009|estExt_fgenesh1_pg.C_420059
OG0003075	KAI9719845.1	FUN_008835_T1_FUN_008835
OG0003218	KAI9728943.1	jgi|Umbpus1|101609|LPUS_08336T0
OG0003255	KAI9728426.1	coassemb76_009234-T1
OG0003320	KAI9722785.1	jgi|Morco1|582358|MIX1456_1203_46
OG0003326	KAI9724157.1	jgi|Exoaq1|10143|A1O9_06576T0
OG0003327	KAI9725832.1	jgi|Morco1|537732|fgenesh1_kg.40_#_60_#_Locus3159v1rpkm49.35
OG0003358	KAI9726462.1	jgi|Acastr1|123626|AST1_006950-RA
OG0003358	KAI9726462.1	KAI9816652.1
OG0003398	KAI9708273.1	jgi|Cocpo1_1|5470|XM_003070423.1
OG0003402	KAI9720129.1	coassemb376_001305-T1
OG0003534	KAI9720924.1	KAI9724968.1
OG0003680	KAI9711112.1	jgi|Morco1|577490|gm1.8266_g
OG0003689	KAI9717596.1	jgi|Clagr3|7431|CLAGR_007028-RA
OG0003709	KAI9715714.1	coassemb376_002099-T1
OG0003739	KAI9725934.1	KAI4289387.1
OG0003802	KAI9719183.1	jgi|Claba1|130454|Z519_08761T0
OG0003828	KAI9725512.1	FUN_005187_T1_FUN_005187
OG0003840	KAI9717603.1	jgi|Claba1|137073|Z519_12810T0
OG0003840	KAI9717603.1	XP_008710554.1, XP_008721554.1
OG0003879	KAI9726176.1	GTX0486b100_006270-T1
OG0003880	KAI9725273.1	jgi|Umbpus1|105574|LPUS_12582T0
OG0003897	KAI9722823.1	coassemb76_009113-T1
OG0003980	KAI9726564.1	coassemb76_006176-T1
OG0004115	KAI9728713.1	jgi|Penexp1|7114|PEXP_076500T0
OG0004137	KAI9726747.1	jgi|EndpusZ1|7542|EPUS_07291T0
OG0004143	KAI9709797.1	coassemb76_009739-T1
OG0004250	KAI9723453.1	jgi|Monha1|1644|H072_1644m.01
OG0004251	KAI9722466.1	jgi|Clagr3|1524|CLAGR_002318-RA
OG0004251	KAI9722466.1	jgi|Exoaq1|6274|A1O9_12075T0
OG0004308	KAI9724647.1	jgi|Fusgr1|12415|FGSG_13829T0
OG0004308	KAI9724647.1	jgi|Sclsc1|64|SS1G_00064T0
OG0004318	KAI9725994.1	jgi|PseVKM4520_1|3541|transcript_KFZ14981
OG0004435	KAI9715713.1	GTX0486b100_006750-T1
OG0004456	KAI9724196.1	coassemb76_009740-T1
OG0004511	KAI9722398.1	coassemb76_009565-T1
OG0004527	KAI9715410.1	CAF9925501.1
OG0004589	KAI9726625.1	KAJ9650549.1
OG0004595	KAI9727563.1	jgi|Acastr1|127333|AST1_006860-RA
OG0004596	KAI9723081.1	jgi|Podan3|203261|mRNA_2089
OG0004596	KAI9723081.1	jgi|Phach1|1746|rna1745
OG0004631	KAI9716157.1	KAI9700672.1
OG0004648	KAI9715029.1	jgi|Fonmu1|3939|Z520_08576T0
OG0004664	KAI9728188.1	jgi|Grascr1|678|GST1_001391-RA
OG0004683	KAI9716871.1	jgi|Podan3|206003|mRNA_4831
OG0004739	KAI9722863.1	jgi|Umbpus1|101492|LPUS_08193T0
OG0004760	KAI9708680.1	jgi|Artol1|5540|AOL_s00079g314m.01
OG0004795	KAI9722431.1	jgi|Claba1|139160|Z519_05692T0
OG0004811	KAI9726213.1	jgi|Grascr1|8519|GST1_003040-RA
OG0004821	KAI9713351.1	jgi|Aspni_DSM_1|168677|An18g02320m.01
OG0004821	KAI9713351.1	jgi|Acastr1|125605|AST1_005124-RA
OG0004825	KAI9718502.1	jgi|Aspni_DSM_1|158621|An03g06350m.01
OG0004946	KAI9725621.1	jgi|Fonmu1|9138|Z520_11544T0
OG0004966	KAI9721353.1	coassemb378_011168-T1
OG0005228	KAI9721663.1	jgi|Monha1|8323|H072_8618m.01
OG0005243	KAI9720716.1	GTX0466b15_004710-T1
OG0005288	KAI9723129.1	jgi|Penexp1|936|PEXP_095660T0
OG0005352	KAI9727716.1	KAJ9650446.1
OG0005366	KAI9725497.1	KAI4231955.1
OG0005369	KAI9710391.1	jgi|Dibbae1|4088|DIBA_001672-RA
OG0005369	KAI9710391.1	GTX0486b100_007935-T1
OG0005369	KAI9710391.1	jgi|Altal1|1049344|estExt_fgenesh1_pg.C_80148
OG0005369	KAI9710391.1	jgi|Fusgr1|4514|FGSG_12408T0
OG0005369	KAI9710391.1	KAI9838698.1
OG0005369	KAI9710391.1	jgi|Neucr_trp3_1|6973|Neucr2.NCU10184T0
OG0005369	KAI9710391.1	jgi|PseVKM4520_1|9247|transcript_KFZ03452
OG0005404	KAI9728458.1	GTX0486b100_003784-T1
OG0005404	KAI9728458.1	FUN_003800_T1_FUN_003800
OG0005427	KAI9727159.1	KAI9814970.1
OG0005432	KAI9710824.1	coassemb378_005041-T1
OG0005478	KAI9718644.1	jgi|Penexp1|3367|PEXP_084480T0
OG0005484	KAI9712602.1	jgi|Fonmu1|2034|Z520_06667T0
OG0005523	KAI9720711.1	jgi|Acastr1|120100|AST1_007404-RA
OG0005662	KAI9723119.1	KAI9719829.1
OG0005662	KAI9723119.1	jgi|Grascr1|2591|GST1_006896-RA
OG0005662	KAI9723119.1	CAF9941370.1
OG0005666	KAI9715227.1	FUN_002097_T1_FUN_002097
OG0005703	KAI9725581.1	jgi|Neucr_trp3_1|5771|Neucr2.NCU07660T0
OG0005703	KAI9725581.1	jgi|Penexp1|5410|PEXP_058710T0
OG0005794	KAI9715000.1	coassemb76_008471-T1
OG0005802	KAI9713356.1	jgi|Acastr1|125594|AST1_007871-RA
OG0005867	KAI9724572.1	KAI4218542.1
OG0005881	KAI9721167.1	jgi|Grascr1|7047|GST1_010577-RA
OG0005931	KAI9722562.1	jgi|PseVKM4520_1|5116|transcript_KFZ12166, jgi|PseVKM4520_1|11080|transcript_KFZ23327
OG0006149	KAI9718867.1	jgi|Claba1|135032|Z519_12439T0
OG0006359	KAI9721631.1	jgi|Grascr1|9964|GST1_012007-RA
OG0006382	KAI9719933.1, KAI9710039.1	KAJ9659592.1
OG0006654	KAI9726199.1	jgi|Dibbae1|6525|DIBA_002660-RA
OG0006843	KAI9725670.1	jgi|Exoaq1|10158|A1O9_06591T0
OG0006890	KAI9728925.1	jgi|Clagr3|5815|CLAGR_006866-RA
OG0007038	KAI9728642.1	KAJ9659347.1
OG0007038	KAI9717207.1	coassemb378_009082-T1
OG0007038	KAI9717207.1	jgi|PseVKM4520_1|7800|transcript_KFZ07760
OG0007038	KAI9717207.1	jgi|Phach1|1176|rna1175
OG0007038	KAI9717207.1	KAJ9659347.1
OG0007038	KAI9717207.1	KAJ9659347.1
OG0007038	KAI9717207.1	jgi|Erypu1|5785|transcript_POS85157
OG0007038	KAI9717207.1	jgi|Sclsc1|2086|SS1G_08542T0
OG0007038	KAI9717207.1	jgi|Altal1|1031626|fgenesh1_pm.11_#_340
OG0007038	KAI9717207.1	jgi|Fusgr1|12407|FGSG_11227T0
OG0007038	KAI9717207.1	jgi|Aurpu_var_mel1|35695|gw1.10.877.1
OG0007038	KAI9717207.1	jgi|Grascr1|4198|GST1_001182-RA
OG0007083	KAI9716956.1	coassemb378_010436-T1
OG0007156	KAI9720505.1, KAI9717937.1	coassemb376_006264-T1
OG0007232	KAI9717241.1	jgi|Phach1|1760|rna1759
OG0007268	KAI9720135.1	jgi|Fusgr1|6757|FGSG_12819T0
OG0007296	KAI9721129.1	coassemb76_002129-T1
OG0007449	KAI9724608.1	coassemb64_005957-T1
OG0007997	KAI9723066.1	jgi|Penexp1|820|PEXP_094490T0
OG0007997	KAI9723066.1	jgi|Fusgr1|12265|FGSG_13795T0
