Orthogroup	JAPETP01_protein	Other
OG0000000	KAI9704748.1	jgi|Exoaq1|3558|A1O9_11078T0
OG0000000	KAI9704748.1	CAF9931851.1
OG0000004	KAI9701485.1	jgi|Exoaq1|11121|A1O9_07456T0
OG0000004	KAI9703190.1	jgi|Claba1|133761|Z519_11161T0
OG0000009	KAI9699962.1	jgi|Claba1|128724|Z519_07022T0
OG0000009	KAI9699962.1	KAJ9663857.1, KAJ9652153.1
OG0000009	KAI9699962.1	jgi|Exoaq1|5525|A1O9_03049T0
OG0000011	KAI9707675.1	jgi|EndpusZ1|5497|EPUS_00653T0
OG0000014	KAI9697230.1	jgi|Penexp1|10961|PEXP_021950T0
OG0000014	KAI9697230.1	jgi|EndpusZ1|5016|EPUS_06527T0
OG0000030	KAI9701092.1	jgi|Penexp1|9742|PEXP_098100T0
OG0000034	KAI9701812.1	FUN_006835_T1_FUN_006835
OG0000034	KAI9701812.1	GTX0494b19_004957-T1
OG0000034	KAI9701812.1	KAI4234032.1
OG0000034	KAI9701812.1	KAI4228882.1
OG0000038	KAI9702601.1	jgi|Dibbae1|10385|DIBA_012139-RA, jgi|Dibbae1|3651|DIBA_008332-RA, jgi|Dibbae1|3655|DIBA_008336-RA
OG0000050	KAI9707067.1	jgi|Dibbae1|10322|DIBA_012218-RA
OG0000055	KAI9707443.1	jgi|Clagr3|2322|CLAGR_001720-RA
OG0000066	KAI9703773.1	jgi|Phach1|1394|rna1393
OG0000074	KAI9697785.1	jgi|Cocpo1_1|4812|XM_003069765.1
OG0000080	KAI9704879.1	XP_008714722.1
OG0000080	KAI9700292.1	CAF9935426.1
OG0000088	KAI9704347.1	KAI4287751.1
OG0000096	KAI9704956.1	jgi|EndpusZ1|6610|EPUS_05226T0
OG0000097	KAI9696417.1	jgi|Exoaq1|8669|A1O9_12924T0
OG0000101	KAI9702767.1	jgi|Aspni_DSM_1|165047|An12g07490m.01
OG0000101	KAI9702767.1	KAI9659590.1
OG0000112	KAI9698024.1	jgi|Dibbae1|10710|DIBA_004515-RA
OG0000118	KAI9698509.1	jgi|EndpusZ1|1884|EPUS_03253T0
OG0000119	KAI9698047.1	jgi|Acastr1|126338|AST1_002427-RA
OG0000122	KAI9701201.1	jgi|Morco1|522045|estExt_Genewise1Plus.C_200116
OG0000124	KAI9701810.1	jgi|Clagr3|3224|CLAGR_003045-RA
OG0000125	KAI9696599.1	jgi|Dibbae1|6490|DIBA_008349-RA
OG0000126	KAI9700627.1	coassemb76_010089-T1
OG0000144	KAI9702329.1	jgi|Clagr3|667|CLAGR_000658-RA
OG0000144	KAI9702329.1	jgi|Dibbae1|4934|DIBA_008464-RA
OG0000144	KAI9702329.1	jgi|Grascr1|812|GST1_008983-RA, jgi|Grascr1|4219|GST1_001203-RA
OG0000151	KAI9705902.1	jgi|PseVKM4520_1|10168|transcript_KFZ24155
OG0000164	KAI9699148.1	jgi|Podan3|206414|mRNA_5242
OG0000165	KAI9706083.1	KAI9708569.1
OG0000165	KAI9706082.1	KAI9708568.1
OG0000169	KAI9702602.1	jgi|Penexp1|9251|PEXP_065540T0
OG0000176	KAI9696258.1	jgi|Exoaq1|11622|A1O9_07958T0
OG0000176	KAI9696258.1	XP_008713361.1
OG0000176	KAI9696258.1	KAJ9653578.1
OG0000180	KAI9699316.1	jgi|Acastr1|120961|AST1_003980-RA
OG0000181	KAI9704923.1	CAF9937712.1
OG0000181	KAI9704923.1	jgi|Fonmu1|11781|Z520_04986T0
OG0000186	KAI9700837.1	jgi|Dibbae1|9301|DIBA_011352-RA
OG0000193	KAI9697750.1	jgi|Claba1|136698|Z519_03230T0
OG0000200	KAI9705528.1	jgi|Fusgr1|3068|FGSG_02688T0, jgi|Fusgr1|4515|FGSG_12409T0
OG0000201	KAI9701835.1	coassemb378_001789-T1
OG0000207	KAI9702574.1	GTX0486b100_005416-T1
OG0000222	KAI9706059.1	coassemb64_007458-T1
OG0000225	KAI9702612.1	KAI4288535.1
OG0000235	KAI9697264.1	jgi|Penexp1|8163|PEXP_075040T0
OG0000235	KAI9706591.1, KAI9703738.1	jgi|Exoaq1|1989|A1O9_09521T0
OG0000238	KAI9707215.1	jgi|Altal1|2778|CE2777_3532
OG0000238	KAI9707215.1	jgi|Artol1|7140|AOL_s00091g31m.01
OG0000238	KAI9707214.1	jgi|Aurpu_var_mel1|49698|e_gw1.11.49.1
OG0000238	KAI9707214.1	jgi|Altal1|1057710|gm1.1945_g
OG0000238	KAI9707214.1	KAI4109259.1
OG0000239	KAI9706089.1	jgi|Capcor1|94518|A1O1_01656T0
OG0000258	KAI9698917.1	jgi|Aspni_DSM_1|160399|An07g01670m.01, jgi|Aspni_DSM_1|166512|An14g07310m.01, jgi|Aspni_DSM_1|168482|An18g00280m.01, jgi|Aspni_DSM_1|160266|An07g00280m.01, jgi|Aspni_DSM_1|155805|An01g07630m.01
OG0000264	KAI9707289.1	CAF9915243.1
OG0000279	KAI9703557.1	jgi|Neucr_trp3_1|6469|Neucr2.NCU06980T0
OG0000289	KAI9697070.1	jgi|Sclsc1|4475|SS1G_10931T0
OG0000311	KAI9705821.1	jgi|Penexp1|9779|PEXP_098470T0
OG0000313	KAI9697006.1	coassemb76_010026-T1
OG0000315	KAI9707103.1	jgi|Penexp1|2729|PEXP_108930T0
OG0000315	KAI9707103.1	jgi|Cocpo1_1|4194|XM_003069147.1
OG0000317	KAI9705907.1	jgi|Sclsc1|1845|SS1G_08301T0
OG0000318	KAI9699944.1	jgi|Aspni_DSM_1|157513|An02g09980m.01, jgi|Aspni_DSM_1|156449|An01g14410m.01
OG0000325	KAI9702344.1	coassemb76_006608-T1
OG0000331	KAI9698147.1	jgi|Aspni_DSM_1|165381|An12g10850m.01
OG0000331	KAI9698147.1	jgi|Dibbae1|8221|DIBA_010509-RA
OG0000342	KAI9702488.1	jgi|Ascim1|123924|CE123923_1326
OG0000345	KAI9699808.1	jgi|Morco1|486361|e_gw1.19.285.1
OG0000356	KAI9707175.1	KAI9830031.1, KAI9830942.1
OG0000391	KAI9705592.1	jgi|Grascr1|5827|GST1_011412-RA
OG0000399	KAI9697455.1	jgi|Morco1|470072|gw1.20.229.1
OG0000415	KAI9696836.1	coassemb378_010623-T1
OG0000416	KAI9696087.1	coassemb64_004696-T1
OG0000449	KAI9706682.1	CAF9903795.1
OG0000458	KAI9700079.1	jgi|Clagr3|609|CLAGR_000600-RA
OG0000458	KAI9700079.1	CAF9927989.1
OG0000466	KAI9699010.1	jgi|Grascr1|11362|GST1_005242-RA
OG0000483	KAI9705826.1	FUN_009084_T1_FUN_009084
OG0000485	KAI9702993.1	jgi|Penexp1|3620|PEXP_086100T0
OG0000491	KAI9700613.1	jgi|Grascr1|3093|GST1_008817-RA
OG0000491	KAI9700613.1	jgi|Podan3|211728|mRNA_10556
OG0000491	KAI9700613.1	KAI4098390.1
OG0000491	KAI9700613.1	KAI4235072.1
OG0000491	KAI9700613.1	KAI4223053.1
OG0000491	KAI9700613.1	KAI4103536.1
OG0000491	KAI9700613.1	jgi|Sclsc1|727|SS1G_00727T0
OG0000576	KAI9698459.1	coassemb376_007705-T1
OG0000615	KAI9700312.1	CAF9926602.1
OG0000648	KAI9702334.1	coassemb76_003566-T1
OG0000664	KAI9703754.1	coassemb376_007369-T1
OG0000698	KAI9707803.1	jgi|Aurpu_var_mel1|68258|fgenesh1_pg.20_#_96
OG0000716	KAI9699340.1	coassemb378_005324-T1
OG0000721	KAI9706428.1	jgi|Penexp1|937|PEXP_095670T0
OG0000742	KAI9695799.1	KAJ9663078.1
OG0000746	KAI9704834.1	KAI9712186.1
OG0000746	KAI9704834.1	jgi|Aurpu_var_mel1|51785|e_gw1.15.13.1
OG0000775	KAI9705832.1	jgi|Aspni_DSM_1|166516|An14g07350m.01
OG0000780	KAI9698750.1	coassemb378_005839-T1
OG0000793	KAI9705866.1	coassemb378_010898-T1
OG0000823	KAI9706547.1	coassemb76_009583-T1
OG0000825	KAI9700822.1	jgi|Dibbae1|1262|DIBA_001746-RA
OG0000868	KAI9707729.1	jgi|Capcor1|95944|A1O1_03087T0
OG0000897	KAI9704257.1	jgi|Fonmu1|6990|Z520_02200T0
OG0000897	KAI9704257.1	GTX0486b100_000479-T1
OG0000909	KAI9700697.1	jgi|Penexp1|7694|PEXP_006740T0
OG0000922	KAI9703883.1	GTX0494b19_000148-T1
OG0000931	KAI9698443.1	jgi|Penexp1|7856|PEXP_008370T0
OG0000976	KAI9698062.1	FUN_000406_T1_FUN_000406
OG0000976	KAI9698062.1	CAF9943318.1
OG0000978	KAI9706561.1	KAJ9663328.1
OG0000979	KAI9706674.1	coassemb76_008435-T1
OG0001006	KAI9703900.1	jgi|Monha1|9388|H072_9849m.01
OG0001008	KAI9700449.1	jgi|EndpusZ1|9085|EPUS_06916T0
OG0001008	KAI9700449.1	jgi|Podan3|204627|mRNA_3455
OG0001014	KAI9704410.1	jgi|Fonmu1|4494|Z520_01480T0
OG0001035	KAI9699416.1	CAF9933149.1
OG0001045	KAI9706656.1	jgi|Umbpus1|102935|LPUS_09526T0
OG0001045	KAI9706656.1	jgi|Aspni_DSM_1|160439|An07g02080m.01
OG0001046	KAI9697615.1	KAI9748898.1
OG0001046	KAI9697615.1	jgi|Aurpu_var_mel1|47031|e_gw1.8.252.1
OG0001046	KAI9697615.1	jgi|Altal1|987905|estExt_Genewise1Plus.C_9_t10419
OG0001046	KAI9697615.1	KAI9651966.1
OG0001046	KAI9697615.1	KAI9728947.1
OG0001046	KAI9697615.1	KAI9832412.1
OG0001046	KAI9697615.1	jgi|Claba1|128123|Z519_00506T0
OG0001046	KAI9697615.1	FUN_005506_T1_FUN_005506
OG0001046	KAI9697615.1	coassemb64_003577-T1
OG0001046	KAI9697615.1	jgi|Penexp1|9223|PEXP_065260T0
OG0001046	KAI9697615.1	KAI9832412.1
OG0001046	KAI9697615.1	coassemb76_002806-T1
OG0001077	KAI9704949.1	KAI4105648.1
OG0001077	KAI9704949.1	KAI4286386.1
OG0001080	KAI9697433.1	jgi|Grascr1|8725|GST1_011777-RA
OG0001115	KAI9699127.1	coassemb76_002847-T1, coassemb76_003966-T1
OG0001115	KAI9699127.1	jgi|Dibbae1|6852|DIBA_009240-RA
OG0001116	KAI9701467.1	jgi|PseVKM4520_1|8715|transcript_KFZ04061
OG0001133	KAI9704714.1	jgi|Exoaq1|7366|A1O9_03896T0
OG0001135	KAI9704327.1	jgi|Artol1|3669|AOL_s00075g7m.01
OG0001144	KAI9699707.1	coassemb378_005320-T1, coassemb378_011564-T1
OG0001145	KAI9701028.1	CAF9908713.1
OG0001147	KAI9705478.1	CAF9919947.1
OG0001150	KAI9707298.1	jgi|Fusgr1|11434|FGSG_13666T0
OG0001151	KAI9697977.1	coassemb64_003162-T1
OG0001159	KAI9697653.1	jgi|Sclsc1|11022|SS1G_04051T0
OG0001179	KAI9704786.1	KAI4100284.1
OG0001184	KAI9704924.1	jgi|Exoaq1|6235|A1O9_12036T0
OG0001206	KAI9702425.1	jgi|Dibbae1|3234|DIBA_007224-RA
OG0001206	KAI9702425.1	jgi|Umbpus1|100835|LPUS_07542T0
OG0001206	KAI9702425.1	GTX0494b19_007331-T1
OG0001206	KAI9702425.1	KAI4103580.1
OG0001206	KAI9702425.1	KAI4284894.1
OG0001206	KAI9702425.1	coassemb376_007330-T1
OG0001206	KAI9702425.1	coassemb378_008689-T1
OG0001230	KAI9702377.1	XP_008711368.1
OG0001235	KAI9700857.1	jgi|Monha1|9471|H072_9938m.01
OG0001274	KAI9700617.1	CAF9937968.1
OG0001274	KAI9700617.1	CAF9937968.1
OG0001274	KAI9700617.1	jgi|Grascr1|6551|GST1_000418-RA, jgi|Grascr1|12289|GST1_006686-RA, jgi|Grascr1|7996|GST1_011542-RA
OG0001274	KAI9700617.1	jgi|Altal1|1016368|fgenesh1_kg.2_#_441_#_Locus12210v2rpkm0.46
OG0001274	KAI9700617.1	jgi|Aurpu_var_mel1|82352|gm1.2748_g
OG0001274	KAI9700617.1	jgi|Sclsc1|733|SS1G_00733T0
OG0001274	KAI9700617.1	KAI9716323.1
OG0001274	KAI9700617.1	coassemb376_006966-T1
OG0001274	KAI9700617.1	jgi|EndpusZ1|1154|EPUS_06986T0
OG0001281	KAI9701861.1	jgi|Artol1|5|AOL_s00004g4m.01
OG0001281	KAI9701861.1	jgi|Fusgr1|13314|FGSG_11241T0, jgi|Fusgr1|10669|FGSG_09212T0
OG0001300	KAI9706556.1	jgi|Artol1|5666|AOL_s00079g440m.01
OG0001362	KAI9700632.1	jgi|Phach1|3986|rna3985
OG0001362	KAI9700632.1	coassemb64_003509-T1, coassemb64_001521-T1
OG0001362	KAI9700632.1	XP_008716771.1
OG0001362	KAI9700632.1	GTX0466b15_006061-T1
OG0001362	KAI9700632.1	coassemb76_002887-T1
OG0001362	KAI9700632.1	jgi|Capcor1|95440|A1O1_02579T0
OG0001362	KAI9700632.1	jgi|Exoaq1|6465|A1O9_12267T0
OG0001362	KAI9700632.1	jgi|Claba1|130203|Z519_08510T0
OG0001362	KAI9700632.1	jgi|Fonmu1|558|Z520_00559T0
OG0001362	KAI9700632.1	KAJ9652216.1
OG0001362	KAI9700632.1	jgi|EndpusZ1|1846|EPUS_03215T0
OG0001362	KAI9700632.1	jgi|Ascim1|106073|CE106072_5990
OG0001362	KAI9700632.1	jgi|Grascr1|3186|GST1_002116-RA
OG0001362	KAI9700632.1	coassemb378_004023-T1
OG0001394	KAI9701105.1	jgi|Aspni_DSM_1|156376|An01g13570m.01
OG0001406	KAI9702128.1	coassemb76_009080-T1
OG0001435	KAI9696827.1	coassemb376_005892-T1
OG0001435	KAI9696827.1	KAI4287589.1
OG0001446	KAI9705992.1	coassemb76_009718-T1
OG0001473	KAI9704138.1	jgi|Fusgr1|2642|FGSG_02304T0
OG0001499	KAI9700020.1	jgi|EndpusZ1|2781|EPUS_05882T0
OG0001512	KAI9703866.1	coassemb76_005891-T1
OG0001525	KAI9695850.1	FUN_009223_T1_FUN_009223
OG0001536	KAI9700295.1	jgi|Podan3|211277|mRNA_10105
OG0001567	KAI9702969.1	coassemb76_007635-T1
OG0001580	KAI9697684.1	KAI4287607.1
OG0001581	KAI9706062.1	KAI9825660.1
OG0001635	KAI9701552.1	coassemb76_009868-T1
OG0001640	KAI9696269.1	KAI4086500.1
OG0001641	KAI9697566.1	jgi|Acastr1|119979|AST1_007852-RA
OG0001688	KAI9707784.1	KAI4208429.1
OG0001696	KAI9704354.1	jgi|Dibbae1|4325|DIBA_001953-RA
OG0001702	KAI9706398.1	GTX0486b100_005054-T1
OG0001702	KAI9706398.1	KAI9839547.1
OG0001704	KAI9707183.1	coassemb76_009440-T1
OG0001708	KAI9698223.1	jgi|Clagr3|3759|CLAGR_003461-RA
OG0001708	KAI9698223.1	jgi|Grascr1|10596|GST1_012689-RA
OG0001711	KAI9701149.1	coassemb76_010120-T1, coassemb76_007893-T1
OG0001744	KAI9696109.1	coassemb378_008974-T1
OG0001754	KAI9699772.1	jgi|Erypu1|6183|transcript_POS81775
OG0001757	KAI9698661.1	CAF9931211.1
OG0001761	KAI9706590.1	jgi|Fonmu1|1328|Z520_05958T0
OG0001768	KAI9700457.1	coassemb376_002507-T1
OG0001768	KAI9700457.1	jgi|Clagr3|4787|CLAGR_003583-RA
OG0001768	KAI9700457.1	CAF9924157.1
OG0001768	KAI9700457.1	KAI4238754.1
OG0001768	KAI9700457.1	KAI4104870.1
OG0001768	KAI9700457.1	FUN_007702_T1_FUN_007702
OG0001768	KAI9700457.1	GTX0494b19_000629-T1
OG0001768	KAI9700457.1	KAI4226146.1
OG0001768	KAI9700457.1	KAI4286711.1
OG0001768	KAI9700457.1	KAI4101376.1
OG0001768	KAI9700457.1	coassemb64_007762-T1
OG0001770	KAI9697902.1	jgi|Fusgr1|9933|FGSG_08344T0
OG0001782	KAI9697917.1	jgi|Acastr1|119261|AST1_001460-RA
OG0001796	KAI9702891.1	jgi|PseVKM4520_1|2442|transcript_KFZ16962
OG0001796	KAI9702891.1	KAI9755857.1
OG0001800	KAI9701880.1	jgi|Claba1|131384|Z519_09698T0
OG0001800	KAI9701880.1	coassemb76_009563-T1
OG0001824	KAI9706720.1	coassemb376_000559-T1
OG0001827	KAI9704165.1	jgi|Erypu1|6487|transcript_POS81721
OG0001830	KAI9706495.1	coassemb76_007596-T1
OG0001845	KAI9697190.1	jgi|Claba1|131841|Z519_10158T0
OG0001845	KAI9697190.1	coassemb76_008813-T1
OG0001849	KAI9698527.1	KAI9726210.1
OG0001860	KAI9707489.1	jgi|Aurpu_var_mel1|70521|fgenesh1_pg.47_#_5
OG0001862	KAI9707111.1	jgi|Erypu1|5241|transcript_POS81923, jgi|Erypu1|35|transcript_POS81655
OG0001890	KAI9701011.1	jgi|Penexp1|1359|PEXP_026030T0
OG0001900	KAI9707756.1, KAI9701956.1, KAI9696253.1	jgi|Podan3|209699|mRNA_8527, jgi|Podan3|207569|mRNA_6397
OG0001900	KAI9701956.1, KAI9696253.1	CAF9927524.1
OG0001904	KAI9701061.1	jgi|Acastr1|125865|AST1_004567-RA
OG0001924	KAI9700664.1	KAI9671338.1
OG0001932	KAI9705939.1	jgi|Neucr_trp3_1|5863|Neucr2.NCU06385T0
OG0001935	KAI9700610.1	jgi|Morco1|203785|CE203784_1176
OG0001950	KAI9703213.1	jgi|Erypu1|5784|transcript_POS81829
OG0002004	KAI9702838.1	coassemb76_000425-T1
OG0002008	KAI9699286.1	coassemb376_004075-T1
OG0002011	KAI9699413.1	jgi|Acastr1|122152|AST1_007384-RA
OG0002025	KAI9696280.1	jgi|Fusgr1|278|FGSG_00225T0
OG0002081	KAI9701040.1	coassemb64_004135-T1
OG0002082	KAI9705443.1	jgi|Neucr_trp3_1|8808|Neucr2.NCU04822T0
OG0002099	KAI9698979.1	jgi|Acastr1|127222|AST1_000761-RA
OG0002136	KAI9706578.1	jgi|Clagr3|2921|CLAGR_002585-RA
OG0002154	KAI9702887.1	jgi|Sclsc1|8089|SS1G_13512T0
OG0002184	KAI9702367.1	coassemb76_009965-T1
OG0002211	KAI9696437.1	jgi|Aspni_DSM_1|155098|An01g00340m.01
OG0002221	KAI9704405.1	jgi|EndpusZ1|176|EPUS_09319T0
OG0002235	KAI9707479.1	jgi|EndpusZ1|4631|EPUS_02121T0
OG0002326	KAI9696034.1	jgi|Grascr1|5606|GST1_009829-RA
OG0002342	KAI9707133.1	coassemb76_009114-T1
OG0002349	KAI9707196.1	jgi|Acastr1|122567|AST1_006589-RA
OG0002349	KAI9707196.1	jgi|Grascr1|958|GST1_006961-RA
OG0002367	KAI9699143.1	jgi|Fusgr1|5161|FGSG_12527T0
OG0002373	KAI9697275.1	FUN_005923_T1_FUN_005923
OG0002392	KAI9707503.1	jgi|Sclsc1|11983|SS1G_05012T0
OG0002458	KAI9698762.1	CAF9922504.1
OG0002468	KAI9707438.1	coassemb64_002119-T1
OG0002473	KAI9696210.1	coassemb76_009557-T1
OG0002624	KAI9701784.1	coassemb76_009612-T1
OG0002630	KAI9702849.1	jgi|Aspni_DSM_1|168702|An18g02580m.01, jgi|Aspni_DSM_1|168701|An18g02570m.01
OG0002631	KAI9702768.1	coassemb378_011664-T1
OG0002650	KAI9700821.1	coassemb76_006781-T1
OG0002656	KAI9697626.1	jgi|Erypu1|138|transcript_POS81639
OG0002676	KAI9702349.1	coassemb76_007595-T1
OG0002683	KAI9704122.1	jgi|Grascr1|6728|GST1_010644-RA
OG0002704	KAI9697189.1	coassemb76_008812-T1
OG0002716	KAI9698497.1	coassemb378_006947-T1
OG0002718	KAI9698482.1	coassemb64_002777-T1
OG0002738	KAI9698374.1	jgi|Monha1|1364|H072_1364m.01
OG0002738	KAI9698374.1	jgi|Sclsc1|3554|SS1G_10010T0
OG0002760	KAI9696615.1	jgi|Monha1|5677|H072_5862m.01
OG0002761	KAI9696585.1	jgi|Aspni_DSM_1|155792|An01g07490m.01
OG0002761	KAI9696585.1	coassemb376_004577-T1
OG0002764	KAI9702097.1	jgi|Ascim1|377009|estExt_fgenesh1_pg.C_420059
OG0002769	KAI9707711.1	KAI4232683.1
OG0002820	KAI9704332.1	jgi|Acastr1|119290|AST1_004379-RA
OG0002915	KAI9699115.1	jgi|Podan3|210066|mRNA_8894
OG0002940	KAI9704863.1	coassemb64_002535-T1
OG0003031	KAI9705517.1	jgi|Exoaq1|5208|A1O9_02731T0
OG0003044	KAI9705426.1	jgi|PseVKM4520_1|5317|transcript_KFZ11750
OG0003232	KAI9701037.1	coassemb76_000910-T1
OG0003255	KAI9707660.1	coassemb76_009234-T1
OG0003327	KAI9699135.1	jgi|Morco1|537732|fgenesh1_kg.40_#_60_#_Locus3159v1rpkm49.35
OG0003357	KAI9701062.1	KAI4105705.1
OG0003393	KAI9705989.1	coassemb376_007251-T1
OG0003472	KAI9707752.1	coassemb76_009613-T1
OG0003482	KAI9706086.1	coassemb76_009858-T1
OG0003488	KAI9696068.1	jgi|Neucr_trp3_1|1223006|e_gw1.223.19.1
OG0003527	KAI9701120.1	KAI4268025.1
OG0003680	KAI9702497.1	jgi|Morco1|577490|gm1.8266_g
OG0003689	KAI9699317.1	jgi|Clagr3|7431|CLAGR_007028-RA
OG0003709	KAI9702842.1	coassemb376_002099-T1
OG0003782	KAI9696256.1	coassemb76_001444-T1
OG0003840	KAI9704921.1	jgi|Claba1|137073|Z519_12810T0
OG0003840	KAI9704921.1	XP_008710554.1, XP_008721554.1
OG0003920	KAI9695801.1	CAF9921412.1
OG0003938	KAI9703835.1	coassemb76_009999-T1
OG0003987	KAI9707352.1	jgi|Dibbae1|11444|DIBA_003947-RA
OG0004115	KAI9698029.1	jgi|Penexp1|7114|PEXP_076500T0
OG0004184	KAI9706038.1	FUN_008494_T1_FUN_008494
OG0004186	KAI9706369.1	KAI9839543.1
OG0004250	KAI9697629.1	KAI9827474.1
OG0004250	KAI9697629.1	jgi|Monha1|1644|H072_1644m.01
OG0004250	KAI9697629.1	jgi|Claba1|128932|Z519_07232T0
OG0004308	KAI9703642.1	jgi|Fusgr1|12415|FGSG_13829T0
OG0004308	KAI9703642.1	jgi|Sclsc1|64|SS1G_00064T0
OG0004318	KAI9697272.1	jgi|PseVKM4520_1|3541|transcript_KFZ14981
OG0004487	KAI9695916.1	coassemb376_006342-T1
OG0004511	KAI9701959.1	coassemb76_009565-T1
OG0004527	KAI9702396.1	CAF9925501.1
OG0004589	KAI9706481.1	KAJ9650549.1
OG0004596	KAI9704267.1	jgi|Podan3|203261|mRNA_2089
OG0004631	KAI9700672.1	KAI4283261.1
OG0004631	KAI9700672.1	jgi|Dibbae1|6745|DIBA_002632-RA
OG0004631	KAI9700672.1	KAI4227220.1
OG0004631	KAI9700672.1	KAI4094519.1
OG0004631	KAI9700672.1	FUN_009805_T1_FUN_009805
OG0004631	KAI9700672.1	GTX0494b19_002382-T1
OG0004631	KAI9700672.1	KAI4219610.1
OG0004631	KAI9700672.1	KAI9751395.1
OG0004631	KAI9700672.1	KAI9829654.1
OG0004631	KAI9700672.1	jgi|Claba1|139833|Z519_06365T0
OG0004631	KAI9700672.1	KAI4098660.1
OG0004631	KAI9700672.1	jgi|Phach1|5126|rna5125
OG0004631	KAI9700672.1	KAI9716157.1
OG0004631	KAI9700672.1	KAI9664219.1
OG0004766	KAI9697445.1	jgi|Erypu1|6691|transcript_POS81688
OG0004795	KAI9702033.1	jgi|Claba1|139160|Z519_05692T0
OG0004811	KAI9700699.1	jgi|Grascr1|8519|GST1_003040-RA
OG0004993	KAI9700461.1	jgi|Aspni_DSM_1|160798|An07g05740m.01
OG0005228	KAI9707721.1	jgi|Monha1|8323|H072_8618m.01
OG0005243	KAI9703344.1	GTX0466b15_004710-T1
OG0005288	KAI9700765.1	jgi|Penexp1|936|PEXP_095660T0
OG0005351	KAI9707422.1	KAJ9653021.1
OG0005366	KAI9699403.1	KAI4231955.1
OG0005391	KAI9701537.1	jgi|Fonmu1|10502|Z520_12369T0
OG0005421	KAI9702104.1	jgi|Acastr1|125559|AST1_002789-RA
OG0005425	KAI9699441.1	jgi|EndpusZ1|255|EPUS_04141T0
OG0005432	KAI9696739.1	coassemb378_005041-T1
OG0005484	KAI9702126.1	jgi|Clagr3|10117|CLAGR_009699-RA
OG0005484	KAI9702126.1	jgi|Fonmu1|2034|Z520_06667T0
OG0005512	KAI9702096.1	jgi|Dibbae1|8353|DIBA_002328-RA
OG0005512	KAI9702096.1	KAI4099811.1
OG0005512	KAI9702096.1	GTX0494b19_006579-T1
OG0005512	KAI9702096.1	FUN_008347_T1_FUN_008347
OG0005512	KAI9702096.1	KAI4286327.1
OG0005512	KAI9702096.1	KAJ9660303.1
OG0005523	KAI9703353.1	jgi|Acastr1|120100|AST1_007404-RA
OG0005563	KAI9702447.1	jgi|Aurpu_var_mel1|77219|fgenesh1_pm.19_#_28
OG0005563	KAI9702447.1	jgi|Artol1|1143|AOL_s00006g483m.01
OG0005563	KAI9706645.1	jgi|PseVKM4520_1|3869|transcript_KFZ14400
OG0005563	KAI9706645.1	jgi|Grascr1|11066|GST1_004053-RA
OG0005563	KAI9706645.1	coassemb378_005003-T1
OG0005563	KAI9706645.1	jgi|Aurpu_var_mel1|77219|fgenesh1_pm.19_#_28
OG0005563	KAI9706645.1	jgi|Artol1|1143|AOL_s00006g483m.01
OG0005563	KAI9706645.1	jgi|Aurpu_var_mel1|77219|fgenesh1_pm.19_#_28
OG0005563	KAI9706645.1	jgi|Artol1|1143|AOL_s00006g483m.01
OG0005689	KAI9704095.1	coassemb76_009641-T1
OG0005703	KAI9706068.1	jgi|Neucr_trp3_1|5771|Neucr2.NCU07660T0
OG0005703	KAI9706068.1	jgi|Penexp1|5410|PEXP_058710T0
OG0005718	KAI9696945.1	GTX0466b15_006999-T1, GTX0466b15_009230-T1
OG0005825	KAI9705914.1	jgi|Neucr_trp3_1|1467|Neucr2.NCU08379T0
OG0005825	KAI9705914.1	jgi|Podan3|201598|mRNA_426
OG0005825	KAI9705914.1	jgi|Amamu1|11134|gm1.5144_g
OG0005825	KAI9705914.1	jgi|Exoaq1|3172|A1O9_10690T0
OG0005825	KAI9705914.1	XP_008711558.1
OG0005825	KAI9705914.1	GTX0466b15_009242-T1
OG0005825	KAI9705914.1	coassemb64_000421-T1
OG0005825	KAI9705914.1	jgi|Claba1|131126|Z519_09438T0
OG0005825	KAI9705914.1	jgi|Fonmu1|7060|Z520_02270T0
OG0005825	KAI9705914.1	jgi|Capcor1|93099|A1O1_00229T0
OG0005825	KAI9705914.1	KAJ9659141.1
OG0005825	KAI9705914.1	coassemb76_008008-T1
OG0005825	KAI9705914.1	jgi|EndpusZ1|4721|EPUS_02891T0
OG0005825	KAI9705914.1	jgi|Cocpo1_1|6431|XM_003071384.1
OG0005825	KAI9705914.1	jgi|Aspni_DSM_1|155430|An01g03820m.01
OG0005825	KAI9705914.1	jgi|Penexp1|1147|PEXP_029060T0
OG0005825	KAI9705914.1	jgi|Fusgr1|1766|FGSG_01528T0
OG0005825	KAI9705914.1	jgi|Sclsc1|12873|SS1G_05902T0
OG0005825	KAI9705914.1	jgi|PseVKM4520_1|3823|transcript_KFZ14441
OG0005825	KAI9705914.1	KAI4217741.1
OG0005825	KAI9705914.1	jgi|Grascr1|8362|GST1_010856-RA
OG0005825	KAI9705914.1	KAI9837063.1
OG0005825	KAI9705914.1	jgi|Aurpu_var_mel1|61792|fgenesh1_pg.1_#_394
OG0005850	KAI9705429.1	jgi|Clagr3|11036|CLAGR_010911-RA
OG0005912	KAI9700247.1	KAI4101141.1
OG0005921	KAI9696784.1	jgi|Monha1|9690|H072_10193m.01
OG0005946	KAI9706558.1	coassemb378_005089-T1
OG0006003	KAI9704813.1	XP_008717735.1
OG0006063	KAI9699146.1	jgi|Umbpus1|100783|LPUS_07473T0, jgi|Umbpus1|100322|LPUS_00725T0
OG0006178	KAI9706628.1, KAI9701958.1	jgi|Grascr1|8723|GST1_011775-RA
OG0006382	KAI9701771.1	KAJ9659592.1
OG0006463	KAI9697229.1	jgi|Penexp1|10962|PEXP_021960T0
OG0006530	KAI9701122.1	jgi|Altal1|1017390|fgenesh1_kg.4_#_190_#_Locus2228v1rpkm69.13
OG0006638	KAI9705113.1	jgi|Dibbae1|8770|DIBA_002263-RA
OG0006638	KAI9705113.1	jgi|Clagr3|6591|CLAGR_006304-RA
OG0006638	KAI9705113.1	jgi|Artol1|6195|AOL_s00081g25m.01
OG0006654	KAI9698520.1	jgi|Dibbae1|6525|DIBA_002660-RA
OG0006766	KAI9707055.1	jgi|Exoaq1|2630|A1O9_10154T0
OG0006841	KAI9700321.1	jgi|Exoaq1|10150|A1O9_06583T0, jgi|Exoaq1|6236|A1O9_12037T0
OG0006945	KAI9695668.1	GTX0466b15_009134-T1, GTX0466b15_003812-T1
OG0007156	KAI9696221.1	coassemb376_006264-T1
OG0007995	KAI9699489.1	KAJ9654690.1
