Orthogroup	JAPETN01_protein	Other
OG0000000	KAI9717630.1	jgi|Exoaq1|3558|A1O9_11078T0
OG0000000	KAI9717630.1	CAF9931851.1
OG0000004	KAI9712541.1	jgi|Exoaq1|11121|A1O9_07456T0
OG0000004	KAI9716228.1	jgi|Claba1|133761|Z519_11161T0
OG0000009	KAI9716678.1	jgi|Claba1|128724|Z519_07022T0
OG0000009	KAI9716678.1	KAJ9663857.1, KAJ9652153.1
OG0000009	KAI9716678.1	jgi|Exoaq1|5525|A1O9_03049T0
OG0000011	KAI9722909.1	jgi|EndpusZ1|5497|EPUS_00653T0
OG0000016	KAI9716702.1	GTX0486b100_001164-T1, GTX0486b100_000790-T1, GTX0486b100_001165-T1
OG0000016	KAI9716702.1	jgi|Clagr3|940|CLAGR_000929-RA
OG0000016	KAI9716702.1	CAF9903094.1
OG0000016	KAI9716702.1	KAI4287359.1
OG0000016	KAI9716702.1	KAI4230320.1
OG0000016	KAI9716702.1	GTX0494b19_001568-T1
OG0000016	KAI9716702.1	FUN_004617_T1_FUN_004617
OG0000016	KAI9716702.1	KAI4109799.1
OG0000016	KAI9716702.1	KAI4226492.1
OG0000016	KAI9716702.1	jgi|Umbpus1|106437|LPUS_04566T0
OG0000016	KAI9716702.1	jgi|Aurpu_var_mel1|37371|e_gw1.1.598.1
OG0000016	KAI9716702.1	jgi|Altal1|1081876|MIX13774_63_96
OG0000016	KAI9716702.1	KAI9670232.1
OG0000016	KAI9716702.1	KAI9834991.1
OG0000016	KAI9716702.1	jgi|Dibbae1|9202|DIBA_011321-RA
OG0000016	KAI9716702.1	GTX0486b100_001164-T1, GTX0486b100_000790-T1, GTX0486b100_001165-T1
OG0000028	KAI9710419.1	jgi|Claba1|129144|Z519_07445T0
OG0000028	KAI9715644.1	FUN_010538_T1_FUN_010538
OG0000030	KAI9721777.1	jgi|Penexp1|9742|PEXP_098100T0
OG0000034	KAI9716367.1	KAI4231866.1
OG0000055	KAI9724846.1	jgi|Clagr3|2322|CLAGR_001720-RA
OG0000066	KAI9722060.1	jgi|Phach1|1394|rna1393
OG0000074	KAI9719099.1	jgi|Clagr3|11264|CLAGR_011075-RA
OG0000074	KAI9719099.1	coassemb376_001531-T1
OG0000074	KAI9717664.1	jgi|Cocpo1_1|4812|XM_003069765.1
OG0000080	KAI9720232.1	XP_008714722.1
OG0000080	KAI9710810.1	CAF9935426.1
OG0000081	KAI9725081.1	jgi|Claba1|134768|Z519_12174T0
OG0000088	KAI9724311.1	KAI4287751.1
OG0000096	KAI9712970.1	jgi|EndpusZ1|6610|EPUS_05226T0
OG0000097	KAI9719610.1	jgi|Exoaq1|8669|A1O9_12924T0
OG0000097	KAI9719748.1	KAI4264560.1
OG0000101	KAI9714147.1	jgi|Aspni_DSM_1|165047|An12g07490m.01
OG0000101	KAI9714147.1	KAI9659590.1
OG0000112	KAI9720813.1	jgi|Exoaq1|6159|A1O9_11960T0
OG0000112	KAI9711897.1	jgi|Dibbae1|10710|DIBA_004515-RA
OG0000118	KAI9714213.1	jgi|EndpusZ1|1884|EPUS_03253T0
OG0000122	KAI9721181.1	jgi|Morco1|522045|estExt_Genewise1Plus.C_200116
OG0000126	KAI9721011.1	coassemb76_010089-T1
OG0000151	KAI9719402.1, KAI9719401.1	jgi|PseVKM4520_1|10168|transcript_KFZ24155
OG0000151	KAI9719401.1	KAI4103140.1
OG0000151	KAI9719401.1	KAI4281366.1
OG0000151	KAI9719401.1	FUN_010106_T1_FUN_010106
OG0000151	KAI9719401.1	GTX0494b19_007636-T1
OG0000151	KAI9719401.1	KAI4088991.1
OG0000151	KAI9719401.1	KAI4220457.1
OG0000151	KAI9719401.1	KAI4224498.1
OG0000151	KAI9719401.1	coassemb376_002954-T1
OG0000151	KAI9719401.1	CAF9928166.1
OG0000151	KAI9719401.1	jgi|Clagr3|5422|CLAGR_006217-RA
OG0000151	KAI9719401.1	jgi|Umbpus1|101222|LPUS_07944T0
OG0000151	KAI9719401.1	jgi|Acastr1|127706|AST1_006464-RA
OG0000151	KAI9719401.1	jgi|Dibbae1|6279|DIBA_008612-RA
OG0000157	KAI9715689.1	KAI4289283.1
OG0000157	KAI9715689.1	jgi|Artol1|10678|AOL_s00215g125m.01
OG0000157	KAI9715689.1	GTX0486b100_003561-T1
OG0000157	KAI9715689.1	GTX0466b15_003038-T1
OG0000157	KAI9715689.1	jgi|Clagr3|11248|CLAGR_011101-RA
OG0000157	KAI9715689.1	KAI4218758.1
OG0000157	KAI9715689.1	coassemb376_005668-T1
OG0000164	KAI9716691.1	jgi|Podan3|206414|mRNA_5242
OG0000165	KAI9710633.1	KAI9708569.1
OG0000165	KAI9710634.1	KAI9708568.1
OG0000170	KAI9709381.1	jgi|Penexp1|120|PEXP_020750T0
OG0000170	KAI9709381.1	jgi|Altal1|702313|CE702312_36332, jgi|Altal1|993239|estExt_Genewise1Plus.C_15_t20144
OG0000176	KAI9709026.1	jgi|Exoaq1|11622|A1O9_07958T0
OG0000176	KAI9709026.1	XP_008713361.1
OG0000176	KAI9709026.1	KAJ9653578.1
OG0000177	KAI9709611.1	jgi|Aurpu_var_mel1|88715|gm1.9111_g
OG0000180	KAI9716517.1	jgi|Acastr1|120961|AST1_003980-RA
OG0000181	KAI9717901.1	CAF9937712.1
OG0000181	KAI9717901.1	jgi|Fonmu1|11781|Z520_04986T0
OG0000186	KAI9719805.1	jgi|Dibbae1|9301|DIBA_011352-RA
OG0000200	KAI9724052.1	jgi|Fusgr1|3068|FGSG_02688T0, jgi|Fusgr1|4515|FGSG_12409T0
OG0000201	KAI9720635.1	coassemb378_001789-T1
OG0000207	KAI9713633.1	GTX0486b100_005416-T1
OG0000209	KAI9714216.1	jgi|Fonmu1|11540|Z520_04745T0
OG0000209	KAI9714216.1	jgi|Ascim1|313883|fgenesh1_pg.180_#_6
OG0000209	KAI9714216.1	jgi|Capcor1|93702|A1O1_00836T0
OG0000209	KAI9714216.1	jgi|Exoaq1|208|A1O9_00208T0
OG0000209	KAI9714216.1	jgi|Neucr_trp3_1|1598|Neucr2.NCU07410T0
OG0000209	KAI9714216.1	jgi|Podan3|202280|mRNA_1108
OG0000209	KAI9714216.1	jgi|Sclsc1|11394|SS1G_04423T0
OG0000209	KAI9714216.1	jgi|Fusgr1|7897|FGSG_06835T0
OG0000209	KAI9714216.1	jgi|Morco1|4199|CE4198_150, jgi|Morco1|609774|estExt_Genemark1.C_1000003, jgi|Morco1|415655|CE415654_38626, jgi|Morco1|431632|CE431631_7604
OG0000209	KAI9714216.1	coassemb64_005276-T1
OG0000209	KAI9714216.1	jgi|Acastr1|123098|AST1_004223-RA
OG0000209	KAI9714216.1	jgi|Acastr1|123098|AST1_004223-RA
OG0000209	KAI9714216.1	jgi|Phach1|5077|rna5076
OG0000235	KAI9712910.1	jgi|Penexp1|8796|PEXP_015100T0
OG0000235	KAI9718222.1	jgi|Penexp1|8163|PEXP_075040T0
OG0000235	KAI9710447.1, KAI9716644.1	jgi|Exoaq1|1989|A1O9_09521T0
OG0000238	KAI9723675.1	jgi|Aurpu_var_mel1|49698|e_gw1.11.49.1
OG0000238	KAI9723675.1	jgi|Altal1|1057710|gm1.1945_g
OG0000239	KAI9710627.1	jgi|Capcor1|94518|A1O1_01656T0
OG0000249	KAI9715683.1	jgi|Cocpo1_1|2495|XM_003067448.1, jgi|Cocpo1_1|6003|XM_003070956.1
OG0000250	KAI9712898.1	jgi|Dibbae1|1578|DIBA_000742-RA
OG0000250	KAI9712898.1	jgi|Grascr1|997|GST1_007122-RA
OG0000250	KAI9712898.1	coassemb378_010366-T1
OG0000250	KAI9712898.1	CAF9906798.1
OG0000250	KAI9712898.1	jgi|Clagr3|10560|CLAGR_010384-RA
OG0000250	KAI9712898.1	coassemb376_004632-T1
OG0000250	KAI9712898.1	GTX0494b19_002320-T1
OG0000250	KAI9712898.1	KAI4232828.1
OG0000250	KAI9712898.1	KAI4111581.1
OG0000250	KAI9712898.1	KAI4280323.1
OG0000250	KAI9712898.1	KAI4107009.1
OG0000250	KAI9712898.1	KAI4226677.1
OG0000250	KAI9712898.1	FUN_002617_T1_FUN_002617
OG0000264	KAI9717395.1	CAF9915243.1
OG0000279	KAI9717762.1	jgi|Neucr_trp3_1|6469|Neucr2.NCU06980T0
OG0000289	KAI9712607.1	jgi|Sclsc1|4475|SS1G_10931T0
OG0000296	KAI9721243.1	KAI4283092.1
OG0000311	KAI9714575.1	jgi|Penexp1|9779|PEXP_098470T0
OG0000313	KAI9715981.1	coassemb76_010026-T1
OG0000315	KAI9723695.1	jgi|Penexp1|2729|PEXP_108930T0
OG0000315	KAI9723695.1	jgi|Cocpo1_1|4194|XM_003069147.1
OG0000317	KAI9719409.1	jgi|Sclsc1|1845|SS1G_08301T0
OG0000325	KAI9715458.1	coassemb76_006608-T1
OG0000331	KAI9720463.1	jgi|Aspni_DSM_1|165381|An12g10850m.01
OG0000331	KAI9720463.1	jgi|Dibbae1|8221|DIBA_010509-RA
OG0000342	KAI9723389.1	jgi|Ascim1|123924|CE123923_1326
OG0000345	KAI9712210.1	jgi|Morco1|486361|e_gw1.19.285.1
OG0000356	KAI9723629.1	KAI9830031.1, KAI9830942.1
OG0000391	KAI9724092.1	jgi|Grascr1|5827|GST1_011412-RA
OG0000399	KAI9716767.1	jgi|Morco1|470072|gw1.20.229.1
OG0000415	KAI9718558.1	coassemb378_010623-T1
OG0000416	KAI9714933.1	coassemb64_004696-T1
OG0000449	KAI9715269.1	CAF9903795.1
OG0000458	KAI9717122.1	jgi|Clagr3|609|CLAGR_000600-RA
OG0000458	KAI9717122.1	CAF9927989.1
OG0000466	KAI9722236.1	jgi|Grascr1|11362|GST1_005242-RA
OG0000483	KAI9714568.1	FUN_009084_T1_FUN_009084
OG0000483	KAI9685806.1	coassemb378_004244-T1
OG0000483	KAI9685806.1	coassemb64_006514-T1
OG0000483	KAI9685806.1	KAI9837043.1
OG0000483	KAI9685806.1	FUN_009084_T1_FUN_009084
OG0000483	KAI9685806.1	FUN_009084_T1_FUN_009084
OG0000485	KAI9709408.1	jgi|Penexp1|3620|PEXP_086100T0
OG0000615	KAI9721575.1	CAF9926602.1
OG0000648	KAI9715467.1	coassemb76_003566-T1
OG0000664	KAI9716641.1	coassemb376_007369-T1
OG0000698	KAI9722965.1	jgi|Aurpu_var_mel1|68258|fgenesh1_pg.20_#_96
OG0000713	KAI9724470.1	coassemb378_007793-T1
OG0000713	KAI9724470.1	coassemb376_002469-T1
OG0000716	KAI9713366.1	coassemb378_005324-T1
OG0000721	KAI9723260.1	jgi|Penexp1|937|PEXP_095670T0
OG0000742	KAI9716470.1	KAJ9663078.1
OG0000746	KAI9720218.1	KAI9712186.1
OG0000746	KAI9720218.1	jgi|Aurpu_var_mel1|51785|e_gw1.15.13.1
OG0000775	KAI9714559.1	jgi|Aspni_DSM_1|166516|An14g07350m.01
OG0000780	KAI9718071.1	coassemb378_005839-T1
OG0000780	KAI9718072.1	jgi|Aspni_DSM_1|166432|An14g06500m.01
OG0000780	KAI9718072.1	jgi|Penexp1|2758|PEXP_109220T0
OG0000780	KAI9718072.1	jgi|Cocpo1_1|2233|XM_003067186.1
OG0000780	KAI9718072.1	KAJ9656814.1, KAJ9651481.1
OG0000780	KAI9718072.1	coassemb64_003244-T1
OG0000780	KAI9718072.1	jgi|Exoaq1|11873|A1O9_08189T0
OG0000780	KAI9718072.1	jgi|Fonmu1|542|Z520_00543T0
OG0000780	KAI9718072.1	jgi|Claba1|130190|Z519_08497T0
OG0000780	KAI9718072.1	jgi|Capcor1|95508|A1O1_02647T0
OG0000780	KAI9718072.1	jgi|EndpusZ1|5321|EPUS_00477T0
OG0000780	KAI9718072.1	XP_008716264.1
OG0000780	KAI9718072.1	GTX0466b15_000517-T1
OG0000780	KAI9718072.1	jgi|Phach1|4024|rna4023
OG0000780	KAI9718072.1	jgi|PseVKM4520_1|10673|transcript_KFZ25328
OG0000780	KAI9718072.1	jgi|PseVKM4520_1|10673|transcript_KFZ25328
OG0000780	KAI9718072.1	coassemb76_008347-T1
OG0000780	KAI9718072.1	coassemb378_005839-T1
OG0000780	KAI9718072.1	coassemb378_005839-T1
OG0000793	KAI9714587.1	coassemb378_010898-T1
OG0000823	KAI9714146.1	coassemb76_009583-T1
OG0000825	KAI9715178.1	jgi|Dibbae1|1262|DIBA_001746-RA
OG0000868	KAI9722985.1	jgi|Capcor1|95944|A1O1_03087T0
OG0000894	KAI9705150.1	jgi|PseVKM4520_1|4095|transcript_KFZ14036, jgi|PseVKM4520_1|1239|transcript_KFZ19308
OG0000894	KAI9705150.1	KAI4112172.1
OG0000894	KAI9705150.1	KAI4224762.1
OG0000894	KAI9705150.1	GTX0494b19_002981-T1
OG0000894	KAI9705150.1	FUN_000308_T1_FUN_000308
OG0000894	KAI9705150.1	jgi|Podan3|210208|mRNA_9036
OG0000909	KAI9721073.1	jgi|Penexp1|7694|PEXP_006740T0
OG0000976	KAI9718975.1	FUN_000406_T1_FUN_000406
OG0000976	KAI9718975.1	CAF9943318.1
OG0000978	KAI9712132.1	KAJ9663328.1
OG0000979	KAI9715278.1	coassemb76_008435-T1
OG0000991	KAI9698579.1	jgi|Aspni_DSM_1|161188|An07g09690m.01
OG0000991	KAI9698579.1	jgi|Penexp1|47|PEXP_009620T0
OG0000991	KAI9698579.1	jgi|Cocpo1_1|5972|XM_003070925.1
OG0000991	KAI9698579.1	KAI9819822.1
OG0000991	KAI9698579.1	KAI9836227.1
OG0000991	KAI9698579.1	jgi|Umbpus1|100039|LPUS_02464T0
OG0000991	KAI9698579.1	jgi|Acastr1|120766|AST1_005992-RA
OG0000991	KAI9698579.1	coassemb76_005663-T1
OG0001006	KAI9721924.1	jgi|Monha1|9388|H072_9849m.01
OG0001008	KAI9721440.1	jgi|EndpusZ1|9085|EPUS_06916T0
OG0001008	KAI9721440.1	jgi|Podan3|204627|mRNA_3455
OG0001014	KAI9717312.1	jgi|Fonmu1|4494|Z520_01480T0
OG0001035	KAI9716933.1	CAF9933149.1
OG0001045	KAI9712151.1	jgi|Umbpus1|102935|LPUS_09526T0
OG0001045	KAI9712151.1	jgi|Aspni_DSM_1|160439|An07g02080m.01
OG0001077	KAI9717874.1	KAI4105648.1
OG0001077	KAI9717874.1	KAI4286386.1
OG0001080	KAI9716788.1	jgi|Grascr1|8725|GST1_011777-RA
OG0001116	KAI9711415.1	jgi|PseVKM4520_1|8715|transcript_KFZ04061
OG0001133	KAI9720169.1	jgi|Exoaq1|7366|A1O9_03896T0
OG0001135	KAI9714079.1	jgi|Artol1|3669|AOL_s00075g7m.01
OG0001144	KAI9719025.1	coassemb378_005320-T1, coassemb378_011564-T1
OG0001145	KAI9721703.1	CAF9908713.1
OG0001147	KAI9724001.1	CAF9919947.1
OG0001150	KAI9717380.1	jgi|Fusgr1|11434|FGSG_13666T0
OG0001151	KAI9718913.1	coassemb64_003162-T1
OG0001159	KAI9715741.1	jgi|Sclsc1|11022|SS1G_04051T0
OG0001177	KAI9716245.1	coassemb76_009379-T1
OG0001179	KAI9720176.1	KAI4100284.1
OG0001184	KAI9717900.1	jgi|Exoaq1|6235|A1O9_12036T0
OG0001214	KAI9717070.1	coassemb378_006048-T1
OG0001214	KAI9717070.1	jgi|EndpusZ1|8796|EPUS_03780T0
OG0001214	KAI9717070.1	coassemb378_006048-T1
OG0001214	KAI9717070.1	jgi|Capcor1|98840|A1O1_06008T0
OG0001214	KAI9717070.1	GTX0466b15_006919-T1, GTX0466b15_006920-T1
OG0001214	KAI9717070.1	coassemb76_000584-T1
OG0001214	KAI9717070.1	jgi|Exoaq1|9095|A1O9_05520T0
OG0001214	KAI9717070.1	coassemb64_007212-T1
OG0001214	KAI9717070.1	coassemb376_003251-T1, coassemb376_004900-T1
OG0001214	KAI9717070.1	jgi|Neucr_trp3_1|3101|Neucr2.NCU06787T0
OG0001214	KAI9717070.1	jgi|Sclsc1|9914|SS1G_14339T0, jgi|Sclsc1|9915|SS1G_14340T0
OG0001227	KAI9714675.1	jgi|Artol1|4183|AOL_s00076g279m.01
OG0001227	KAI9714675.1	jgi|Aspni_DSM_1|158193|An03g01800m.01
OG0001230	KAI9713748.1	XP_008711368.1
OG0001235	KAI9715159.1	jgi|Monha1|9471|H072_9938m.01
OG0001274	KAI9716323.1	CAF9937968.1
OG0001274	KAI9716323.1	KAI9700617.1
OG0001281	KAI9720585.1	jgi|Artol1|5|AOL_s00004g4m.01
OG0001281	KAI9720585.1	jgi|Fusgr1|13314|FGSG_11241T0, jgi|Fusgr1|10669|FGSG_09212T0
OG0001300	KAI9722044.1	jgi|Artol1|5666|AOL_s00079g440m.01
OG0001301	KAI9710163.1	jgi|Fonmu1|10383|Z520_12249T0, jgi|Fonmu1|9777|Z520_12184T0
OG0001301	KAI9710163.1	KAJ9661327.1
OG0001394	KAI9721764.1	jgi|Aspni_DSM_1|156376|An01g13570m.01
OG0001406	KAI9713340.1	coassemb76_009080-T1
OG0001435	KAI9718565.1	coassemb376_005892-T1
OG0001435	KAI9718565.1	KAI4287589.1
OG0001446	KAI9719293.1	coassemb76_009718-T1
OG0001452	KAI9714973.1	jgi|Dibbae1|3418|DIBA_000288-RA
OG0001452	KAI9714973.1	jgi|Grascr1|4160|GST1_008935-RA
OG0001452	KAI9714973.1	coassemb378_002630-T1
OG0001452	KAI9714973.1	KAI4223601.1
OG0001452	KAI9714973.1	KAI4098912.1
OG0001452	KAI9714973.1	KAI4229751.1
OG0001452	KAI9714973.1	GTX0494b19_008270-T1
OG0001452	KAI9714973.1	FUN_007283_T1_FUN_007283
OG0001452	KAI9714973.1	KAI4106038.1
OG0001452	KAI9714973.1	KAI4282628.1
OG0001452	KAI9714973.1	CAF9910567.1
OG0001452	KAI9714973.1	jgi|Clagr3|4936|CLAGR_005437-RA
OG0001473	KAI9724518.1	jgi|Fusgr1|2642|FGSG_02304T0
OG0001499	KAI9717184.1	jgi|EndpusZ1|2781|EPUS_05882T0
OG0001512	KAI9721961.1	coassemb76_005891-T1
OG0001525	KAI9715056.1	FUN_009223_T1_FUN_009223
OG0001536	KAI9719122.1	jgi|Podan3|211277|mRNA_10105
OG0001557	KAI9722668.1	coassemb64_004441-T1
OG0001567	KAI9709424.1	coassemb76_007635-T1
OG0001580	KAI9715767.1	KAI4287607.1
OG0001581	KAI9719220.1	KAI9825660.1
OG0001610	KAI9718349.1	jgi|EndpusZ1|9217|EPUS_05848T0
OG0001635	KAI9709190.1	coassemb76_009868-T1
OG0001640	KAI9709042.1	KAI4086500.1
OG0001641	KAI9717257.1	jgi|Acastr1|119979|AST1_007852-RA
OG0001688	KAI9722967.1	KAI4208429.1
OG0001696	KAI9724320.1	jgi|Dibbae1|4325|DIBA_001953-RA
OG0001702	KAI9723208.1	GTX0486b100_005054-T1
OG0001702	KAI9723208.1	KAI9839547.1
OG0001704	KAI9723641.1	coassemb76_009440-T1
OG0001704	KAI9715680.1	KAJ9653941.1
OG0001704	KAI9715680.1	coassemb378_003443-T1
OG0001704	KAI9715680.1	jgi|Penexp1|10001|PEXP_017240T0
OG0001704	KAI9715680.1	jgi|Phach1|4543|rna4542
OG0001704	KAI9715680.1	jgi|Podan3|210721|mRNA_9549
OG0001704	KAI9715680.1	jgi|Neucr_trp3_1|5009|Neucr2.NCU08228T0, jgi|Neucr_trp3_1|5392|Neucr2.NCU04936T0
OG0001704	KAI9715680.1	jgi|Fusgr1|3804|FGSG_04232T0
OG0001704	KAI9715680.1	jgi|EndpusZ1|6164|EPUS_02431T0
OG0001704	KAI9715680.1	jgi|Altal1|1044467|estExt_fgenesh1_pm.C_290048
OG0001704	KAI9715680.1	jgi|Aspni_DSM_1|156020|An01g09820m.01
OG0001704	KAI9715680.1	jgi|Claba1|140005|Z519_06537T0
OG0001704	KAI9715680.1	jgi|Fonmu1|11833|Z520_05038T0
OG0001704	KAI9715680.1	coassemb76_002054-T1
OG0001708	KAI9720378.1	jgi|Clagr3|3759|CLAGR_003461-RA
OG0001708	KAI9720378.1	jgi|Grascr1|10596|GST1_012689-RA
OG0001711	KAI9721211.1	coassemb76_010120-T1, coassemb76_007893-T1
OG0001744	KAI9710863.1	coassemb378_008974-T1
OG0001754	KAI9719087.1	jgi|Erypu1|6183|transcript_POS81775
OG0001757	KAI9718453.1	CAF9931211.1
OG0001761	KAI9721713.1	jgi|Fonmu1|1328|Z520_05958T0
OG0001770	KAI9718973.1	jgi|Fusgr1|9933|FGSG_08344T0
OG0001782	KAI9718958.1	jgi|Acastr1|119261|AST1_001460-RA
OG0001796	KAI9718749.1	jgi|PseVKM4520_1|2442|transcript_KFZ16962
OG0001796	KAI9718749.1	KAI9755857.1
OG0001800	KAI9720566.1	jgi|Claba1|131384|Z519_09698T0
OG0001800	KAI9720566.1	coassemb76_009563-T1
OG0001824	KAI9715239.1	coassemb376_000559-T1
OG0001827	KAI9724490.1	jgi|Erypu1|6487|transcript_POS81721
OG0001830	KAI9715453.1	coassemb76_007596-T1
OG0001834	KAI9717546.1	jgi|Clagr3|10421|CLAGR_009736-RA
OG0001834	KAI9717546.1	CAF9933379.1
OG0001834	KAI9717546.1	KAI4236590.1
OG0001834	KAI9717546.1	KAI4230068.1
OG0001834	KAI9717546.1	KAI4090953.1
OG0001834	KAI9717546.1	FUN_005465_T1_FUN_005465
OG0001834	KAI9717546.1	GTX0494b19_002006-T1
OG0001834	KAI9717546.1	KAI4288728.1
OG0001834	KAI9717546.1	KAI4104496.1
OG0001834	KAI9717546.1	jgi|Grascr1|12116|GST1_004868-RA
OG0001834	KAI9717546.1	jgi|Dibbae1|717|DIBA_006445-RA
OG0001834	KAI9717546.1	coassemb378_010887-T1
OG0001834	KAI9717546.1	coassemb376_003396-T1
OG0001834	KAI9717546.1	KAI9832371.1
OG0001845	KAI9718275.1	jgi|Claba1|131841|Z519_10158T0
OG0001845	KAI9718275.1	coassemb76_008813-T1
OG0001849	KAI9714199.1	KAI9726210.1
OG0001860	KAI9724899.1	jgi|Aurpu_var_mel1|70521|fgenesh1_pg.47_#_5
OG0001862	KAI9723702.1	jgi|Erypu1|5241|transcript_POS81923, jgi|Erypu1|35|transcript_POS81655
OG0001890	KAI9710057.1	jgi|Penexp1|1359|PEXP_026030T0
OG0001892	KAI9720200.1	jgi|Claba1|129571|Z519_07876T0
OG0001892	KAI9720200.1	jgi|Fonmu1|7788|Z520_10760T0
OG0001892	KAI9720200.1	jgi|Capcor1|96558|A1O1_03707T0
OG0001892	KAI9720200.1	jgi|Exoaq1|7983|A1O9_04516T0
OG0001892	KAI9720200.1	KAJ9654861.1
OG0001892	KAI9720200.1	coassemb76_000956-T1
OG0001892	KAI9720200.1	GTX0466b15_001956-T1
OG0001892	KAI9720200.1	XP_008710744.1
OG0001892	KAI9720200.1	jgi|EndpusZ1|7673|EPUS_02297T0
OG0001892	KAI9720200.1	jgi|Phach1|3976|rna3975
OG0001892	KAI9720200.1	jgi|Umbpus1|103018|LPUS_03373T0
OG0001892	KAI9720200.1	coassemb64_007051-T1
OG0001900	KAI9712976.1, KAI9722998.1, KAI9709030.1, KAI9712975.1	jgi|Podan3|209699|mRNA_8527, jgi|Podan3|207569|mRNA_6397
OG0001900	KAI9709030.1	CAF9927524.1
OG0001904	KAI9721736.1	jgi|Acastr1|125865|AST1_004567-RA
OG0001924	KAI9721045.1	KAI9671338.1
OG0001932	KAI9719450.1	jgi|Neucr_trp3_1|5863|Neucr2.NCU06385T0
OG0001935	KAI9721001.1	jgi|Morco1|203785|CE203784_1176
OG0001950	KAI9716143.1	jgi|Erypu1|5784|transcript_POS81829
OG0001999	KAI9713631.1	KAI9826321.1
OG0001999	KAI9713631.1	jgi|Erypu1|4292|transcript_POS86080
OG0001999	KAI9713631.1	jgi|Grascr1|5681|GST1_008584-RA
OG0001999	KAI9713631.1	coassemb378_008534-T1
OG0002004	KAI9712465.1	coassemb76_000425-T1
OG0002008	KAI9716534.1	coassemb376_004075-T1
OG0002011	KAI9716929.1	jgi|Acastr1|122152|AST1_007384-RA
OG0002025	KAI9711670.1	jgi|Fusgr1|278|FGSG_00225T0
OG0002081	KAI9721718.1	coassemb64_004135-T1
OG0002082	KAI9723963.1	jgi|Neucr_trp3_1|8808|Neucr2.NCU04822T0
OG0002099	KAI9722336.1	jgi|Acastr1|127222|AST1_000761-RA
OG0002136	KAI9724873.1	jgi|Clagr3|2921|CLAGR_002585-RA
OG0002154	KAI9718765.1	jgi|Sclsc1|8089|SS1G_13512T0
OG0002156	KAI9712472.1	GTX0466b15_008106-T1
OG0002156	KAI9712472.1	coassemb76_008026-T1
OG0002156	KAI9712472.1	jgi|Fonmu1|10872|Z520_04073T0
OG0002156	KAI9712472.1	jgi|Claba1|136764|Z519_03297T0
OG0002156	KAI9712472.1	jgi|Capcor1|93199|A1O1_00329T0
OG0002156	KAI9712472.1	coassemb64_001233-T1
OG0002156	KAI9712472.1	jgi|Exoaq1|7974|A1O9_04507T0
OG0002156	KAI9712472.1	XP_008718021.1
OG0002156	KAI9712472.1	KAJ9654011.1
OG0002184	KAI9713738.1	coassemb76_009965-T1
OG0002211	KAI9719627.1	jgi|Aspni_DSM_1|155098|An01g00340m.01
OG0002221	KAI9717318.1	jgi|EndpusZ1|176|EPUS_09319T0
OG0002235	KAI9724884.1	jgi|EndpusZ1|4631|EPUS_02121T0
OG0002279	KAI9715989.1	GTX0466b15_002802-T1
OG0002279	KAI9715989.1	XP_008710962.1
OG0002279	KAI9715989.1	jgi|Claba1|137412|Z519_03938T0
OG0002279	KAI9715989.1	jgi|Fonmu1|4949|Z520_08760T0
OG0002279	KAI9715989.1	jgi|Capcor1|99112|A1O1_06283T0
OG0002279	KAI9715989.1	jgi|Exoaq1|11417|A1O9_07753T0
OG0002279	KAI9715989.1	jgi|EndpusZ1|459|EPUS_01370T0
OG0002279	KAI9715989.1	jgi|Phach1|5378|rna5377
OG0002279	KAI9715989.1	coassemb378_006065-T1
OG0002279	KAI9715989.1	coassemb378_006065-T1
OG0002279	KAI9715989.1	coassemb64_001007-T1
OG0002279	KAI9715989.1	jgi|Ascim1|414545|fgenesh1_RNNotator_kg.32_#_67_#_Locus3306v1rpkm47.86
OG0002279	KAI9715989.1	coassemb76_008671-T1
OG0002326	KAI9714972.1	jgi|Grascr1|5606|GST1_009829-RA
OG0002329	KAI9716370.1	jgi|Dibbae1|8223|DIBA_010511-RA
OG0002329	KAI9716370.1	KAI4289628.1
OG0002342	KAI9723723.1	coassemb76_009114-T1
OG0002349	KAI9723654.1	jgi|Acastr1|122567|AST1_006589-RA
OG0002349	KAI9723654.1	jgi|Grascr1|958|GST1_006961-RA
OG0002367	KAI9704073.1	jgi|Fusgr1|5161|FGSG_12527T0
OG0002373	KAI9718195.1	FUN_005923_T1_FUN_005923
OG0002392	KAI9724908.1	jgi|Sclsc1|11983|SS1G_05012T0
OG0002458	KAI9718090.1	CAF9922504.1
OG0002468	KAI9724841.1	coassemb64_002119-T1
OG0002473	KAI9718534.1	coassemb76_009557-T1
OG0002624	KAI9720657.1	coassemb76_009612-T1
OG0002630	KAI9709659.1	jgi|Aspni_DSM_1|168702|An18g02580m.01, jgi|Aspni_DSM_1|168701|An18g02570m.01
OG0002631	KAI9714154.1	coassemb378_011664-T1
OG0002650	KAI9715179.1	coassemb76_006781-T1
OG0002676	KAI9715454.1	coassemb76_007595-T1
OG0002683	KAI9724532.1	jgi|Grascr1|6728|GST1_010644-RA
OG0002704	KAI9718276.1	coassemb76_008812-T1
OG0002716	KAI9714224.1	coassemb378_006947-T1
OG0002738	KAI9720073.1	jgi|Monha1|1364|H072_1364m.01
OG0002738	KAI9720073.1	jgi|Sclsc1|3554|SS1G_10010T0
OG0002760	KAI9716447.1	jgi|Monha1|5677|H072_5862m.01
OG0002761	KAI9716445.1	jgi|Aspni_DSM_1|155792|An01g07490m.01
OG0002761	KAI9716445.1	coassemb376_004577-T1
OG0002764	KAI9713312.1	jgi|Ascim1|377009|estExt_fgenesh1_pg.C_420059
OG0002769	KAI9723019.1	KAI4232683.1
OG0002820	KAI9714088.1	jgi|Acastr1|119290|AST1_004379-RA
OG0002915	KAI9708994.1	jgi|Podan3|210066|mRNA_8894
OG0002940	KAI9720250.1	coassemb64_002535-T1
OG0002986	KAI9717607.1	jgi|Grascr1|9524|GST1_012624-RA
OG0002986	KAI9717607.1	jgi|Phach1|3036|rna3035
OG0002986	KAI9717607.1	coassemb76_005094-T1
OG0002986	KAI9717607.1	GTX0466b15_006305-T1
OG0002986	KAI9717607.1	XP_008714963.1
OG0002986	KAI9717607.1	jgi|Exoaq1|12661|A1O9_08958T0
OG0002986	KAI9717607.1	coassemb64_005294-T1
OG0002986	KAI9717607.1	jgi|Claba1|138331|Z519_04859T0
OG0002986	KAI9717607.1	jgi|Fonmu1|2114|Z520_06747T0
OG0002986	KAI9717607.1	jgi|Capcor1|96669|A1O1_03819T0
OG0002986	KAI9717607.1	KAJ9654000.1
OG0002986	KAI9717607.1	jgi|EndpusZ1|3958|EPUS_02687T0
OG0003031	KAI9724042.1	jgi|Exoaq1|5208|A1O9_02731T0
OG0003044	KAI9723944.1	jgi|PseVKM4520_1|5317|transcript_KFZ11750
OG0003232	KAI9721719.1	coassemb76_000910-T1
OG0003357	KAI9721737.1	KAI4105705.1
OG0003393	KAI9719295.1	coassemb376_007251-T1
OG0003472	KAI9723000.1	coassemb76_009613-T1
OG0003482	KAI9710630.1	coassemb76_009858-T1
OG0003488	KAI9714953.1	jgi|Neucr_trp3_1|1223006|e_gw1.223.19.1
OG0003527	KAI9721790.1	KAI4268025.1
OG0003534	KAI9724968.1	FUN_003745_T1_FUN_003745
OG0003534	KAI9724968.1	GTX0494b19_008684-T1
OG0003534	KAI9724968.1	KAI4232676.1
OG0003534	KAI9724968.1	KAI4219922.1
OG0003534	KAI9724968.1	KAI4111384.1
OG0003534	KAI9724968.1	KAI4290160.1
OG0003534	KAI9724968.1	KAI4109033.1
OG0003534	KAI9724968.1	coassemb376_003575-T1
OG0003534	KAI9724968.1	jgi|Clagr3|188|CLAGR_000182-RA
OG0003534	KAI9724968.1	CAF9912512.1
OG0003534	KAI9724968.1	coassemb378_004975-T1
OG0003534	KAI9724968.1	jgi|Grascr1|3076|GST1_007504-RA
OG0003534	KAI9724968.1	jgi|Dibbae1|10793|DIBA_004642-RA
OG0003534	KAI9724968.1	KAI9829585.1
OG0003534	KAI9724968.1	jgi|Cocpo1_1|3347|XM_003068300.1
OG0003534	KAI9724968.1	jgi|Penexp1|8853|PEXP_013090T0
OG0003534	KAI9724968.1	jgi|Aspni_DSM_1|169016|An18g05800m.01
OG0003534	KAI9724968.1	KAJ9659634.1
OG0003534	KAI9724968.1	jgi|Phach1|4635|rna4634
OG0003534	KAI9724968.1	jgi|Exoaq1|783|A1O9_00784T0
OG0003534	KAI9724968.1	coassemb64_004582-T1
OG0003534	KAI9724968.1	jgi|Fonmu1|4710|Z520_01697T0
OG0003534	KAI9724968.1	jgi|Claba1|131313|Z519_09627T0
OG0003534	KAI9724968.1	jgi|Capcor1|96015|A1O1_03159T0
OG0003534	KAI9724968.1	GTX0466b15_003276-T1
OG0003534	KAI9724968.1	XP_008714830.1
OG0003534	KAI9724968.1	jgi|Aurpu_var_mel1|37954|e_gw1.1.540.1
OG0003534	KAI9724968.1	jgi|Altal1|1004286|fgenesh1_pg.1_#_582
OG0003534	KAI9724968.1	KAI9652150.1
OG0003534	KAI9724968.1	KAI9720924.1
OG0003680	KAI9723396.1	jgi|Morco1|577490|gm1.8266_g
OG0003689	KAI9716518.1	jgi|Clagr3|7431|CLAGR_007028-RA
OG0003709	KAI9709651.1	coassemb376_002099-T1
OG0003782	KAI9709028.1	coassemb76_001444-T1
OG0003794	KAI9720449.1	KAI9817910.1
OG0003840	KAI9717903.1	jgi|Claba1|137073|Z519_12810T0
OG0003840	KAI9717903.1	XP_008710554.1, XP_008721554.1
OG0003920	KAI9716468.1	CAF9921412.1
OG0003938	KAI9721995.1	coassemb76_009999-T1
OG0003946	KAI9724913.1	jgi|Clagr3|10978|CLAGR_010969-RA
OG0003987	KAI9724747.1	jgi|Dibbae1|11444|DIBA_003947-RA
OG0004115	KAI9711902.1	jgi|Penexp1|7114|PEXP_076500T0
OG0004184	KAI9719245.1	FUN_008494_T1_FUN_008494
OG0004318	KAI9718198.1	jgi|PseVKM4520_1|3541|transcript_KFZ14981
OG0004487	KAI9717557.1	coassemb376_006342-T1
OG0004511	KAI9722656.1	coassemb76_009565-T1
OG0004527	KAI9712901.1	CAF9925501.1
OG0004589	KAI9723313.1	KAJ9650549.1
OG0004596	KAI9724359.1	jgi|Podan3|203261|mRNA_2089
OG0004609	KAI9718457.1	jgi|Clagr3|2100|CLAGR_002088-RA
OG0004640	KAI9710051.1	coassemb378_003346-T1
OG0004640	KAI9710051.1	jgi|Grascr1|9418|GST1_011626-RA
OG0004640	KAI9710051.1	jgi|Dibbae1|2903|DIBA_007516-RA
OG0004640	KAI9710051.1	KAI4110077.1
OG0004640	KAI9710051.1	KAI4282251.1
OG0004640	KAI9710051.1	FUN_001768_T1_FUN_001768
OG0004640	KAI9710051.1	GTX0494b19_001239-T1
OG0004640	KAI9710051.1	KAI4095791.1
OG0004640	KAI9710051.1	KAI4226103.1
OG0004640	KAI9710051.1	KAI4208657.1, KAI4236153.1
OG0004766	KAI9716779.1	jgi|Erypu1|6691|transcript_POS81688
OG0004795	KAI9722619.1	jgi|Claba1|139160|Z519_05692T0
OG0004811	KAI9721084.1	jgi|Grascr1|8519|GST1_003040-RA
OG0004993	KAI9721427.1	jgi|Aspni_DSM_1|160798|An07g05740m.01
OG0005228	KAI9722940.1	jgi|Monha1|8323|H072_8618m.01
OG0005243	KAI9709387.1	GTX0466b15_004710-T1
OG0005288	KAI9719818.1	jgi|Penexp1|936|PEXP_095660T0
OG0005313	KAI9715842.1	jgi|Acastr1|126870|AST1_004047-RA
OG0005351	KAI9724823.1	KAJ9653021.1
OG0005366	KAI9716920.1	KAI4231955.1
OG0005391	KAI9709173.1	jgi|Fonmu1|10502|Z520_12369T0
OG0005421	KAI9713319.1	jgi|Acastr1|125559|AST1_002789-RA
OG0005432	KAI9715570.1	coassemb378_005041-T1
OG0005523	KAI9709376.1	jgi|Acastr1|120100|AST1_007404-RA
OG0005662	KAI9719829.1	jgi|Aurpu_var_mel1|83587|gm1.3983_g
OG0005662	KAI9719829.1	KAI9723119.1
OG0005662	KAI9719829.1	jgi|Umbpus1|106572|LPUS_04761T0
OG0005662	KAI9719829.1	coassemb378_004344-T1
OG0005662	KAI9719829.1	jgi|Aspni_DSM_1|156780|An02g02520m.01
OG0005662	KAI9719829.1	jgi|Penexp1|3099|PEXP_105420T0
OG0005662	KAI9719829.1	jgi|Cocpo1_1|2833|XM_003067786.1
OG0005662	KAI9719829.1	KAJ9652662.1
OG0005662	KAI9719829.1	jgi|Capcor1|97177|A1O1_04333T0
OG0005662	KAI9719829.1	jgi|Exoaq1|8021|A1O9_04554T0
OG0005662	KAI9719829.1	jgi|Claba1|129189|Z519_07490T0
OG0005662	KAI9719829.1	jgi|Fonmu1|10129|Z520_03527T0
OG0005662	KAI9719829.1	GTX0466b15_002410-T1
OG0005662	KAI9719829.1	XP_008714459.1
OG0005662	KAI9719829.1	jgi|EndpusZ1|7424|EPUS_01842T0
OG0005662	KAI9719829.1	CAF9941370.1
OG0005662	KAI9719829.1	CAF9941370.1
OG0005662	KAI9719829.1	coassemb64_002403-T1
OG0005662	KAI9719829.1	KAI9828967.1
OG0005662	KAI9719829.1	jgi|Grascr1|2591|GST1_006896-RA
OG0005662	KAI9719829.1	jgi|Grascr1|2591|GST1_006896-RA
OG0005689	KAI9724547.1	coassemb76_009641-T1
OG0005703	KAI9719765.1	jgi|Neucr_trp3_1|5771|Neucr2.NCU07660T0
OG0005703	KAI9719765.1	jgi|Penexp1|5410|PEXP_058710T0
OG0005718	KAI9712537.1	GTX0466b15_006999-T1, GTX0466b15_009230-T1
OG0005850	KAI9723951.1	jgi|Clagr3|11036|CLAGR_010911-RA
OG0005898	KAI9723592.1	jgi|Umbpus1|100217|LPUS_06796T0
OG0005898	KAI9723592.1	jgi|Dibbae1|570|DIBA_000959-RA
OG0005898	KAI9723592.1	jgi|Penexp1|6893|PEXP_038570T0
OG0005898	KAI9723592.1	jgi|Aspni_DSM_1|162304|An08g10550m.01
OG0005898	KAI9723592.1	jgi|Cocpo1_1|539|XM_003065491.1
OG0005898	KAI9723592.1	jgi|Altal1|1097953|estExt_Genemark1.C_200162
OG0005898	KAI9723592.1	jgi|Aurpu_var_mel1|80427|gm1.823_g
OG0005898	KAI9723592.1	jgi|PseVKM4520_1|10718|transcript_KFZ23676
OG0005898	KAI9723592.1	jgi|Sclsc1|6796|SS1G_11893T0
OG0005898	KAI9723592.1	jgi|Fusgr1|9218|FGSG_07963T0
OG0005898	KAI9723592.1	jgi|Neucr_trp3_1|1212649|e_gw1.76.65.1
OG0005898	KAI9723592.1	jgi|Podan3|208491|mRNA_7319
OG0005898	KAI9723592.1	KAI9654013.1
OG0005898	KAI9723592.1	jgi|Erypu1|1828|transcript_POS87175
OG0005898	KAI9723592.1	KAI9822146.1
OG0005898	KAI9723592.1	jgi|Acastr1|127428|AST1_000244-RA
OG0005912	KAI9716225.1	KAI4101141.1
OG0005921	KAI9715601.1	jgi|Monha1|9690|H072_10193m.01
OG0005931	KAI9716776.1	jgi|PseVKM4520_1|5116|transcript_KFZ12166, jgi|PseVKM4520_1|11080|transcript_KFZ23327
OG0005946	KAI9712133.1	coassemb378_005089-T1
OG0006003	KAI9709866.1	XP_008717735.1
OG0006178	KAI9709033.1, KAI9715893.1	jgi|Grascr1|8723|GST1_011775-RA
OG0006372	KAI9712894.1	KAI4233084.1
OG0006472	KAI9720785.1	KAI4094710.1
OG0006472	KAI9720785.1	GTX0494b19_006220-T1
OG0006472	KAI9720785.1	FUN_001159_T2_FUN_001159, FUN_001159_T1_FUN_001159
OG0006472	KAI9720785.1	KAI4231529.1
OG0006472	KAI9720785.1	KAI4219112.1
OG0006476	KAI9709167.1	GTX0486b100_007663-T1
OG0006530	KAI9721793.1	jgi|Altal1|1017390|fgenesh1_kg.4_#_190_#_Locus2228v1rpkm69.13
OG0006638	KAI9708425.1	jgi|Dibbae1|8770|DIBA_002263-RA
OG0006638	KAI9708425.1	jgi|Clagr3|6591|CLAGR_006304-RA
OG0006638	KAI9708425.1	jgi|Artol1|6195|AOL_s00081g25m.01
OG0006841	KAI9712882.1	jgi|Exoaq1|10150|A1O9_06583T0, jgi|Exoaq1|6236|A1O9_12037T0
OG0007156	KAI9718522.1	coassemb376_006264-T1
OG0008199	KAI9715847.1	jgi|Grascr1|5656|GST1_009656-RA
OG0008199	KAI9715847.1	KAI4100760.1
OG0008199	KAI9715847.1	KAI4290391.1
OG0008199	KAI9715847.1	jgi|Dibbae1|11618|DIBA_012676-RA
OG0008199	KAI9715847.1	KAI9829407.1
OG0008199	KAI9715847.1	coassemb378_005957-T1
OG0008390	KAI9716368.1	jgi|Grascr1|3382|GST1_009162-RA
