Orthogroup	JAPEUF01_protein	Other
OG0000004	KAI9822779.1	jgi|Exoaq1|11121|A1O9_07456T0
OG0000005	KAI9815379.1	jgi|Claba1|138818|Z519_05350T0
OG0000014	KAI9822140.1	KAI4208758.1
OG0000023	KAI9823564.1	GTX0494b19_001066-T1
OG0000023	KAI9823564.1	KAI4110969.1
OG0000023	KAI9823564.1	FUN_004813_T1_FUN_004813
OG0000023	KAI9823564.1	KAI4233811.1
OG0000023	KAI9823564.1	KAI4104041.1
OG0000023	KAI9823564.1	CAF9926024.1
OG0000023	KAI9823564.1	jgi|Clagr3|10665|CLAGR_010535-RA
OG0000023	KAI9823564.1	coassemb376_002442-T1, coassemb376_002570-T1
OG0000063	KAI9816124.1	jgi|Phach1|2642|rna2641
OG0000064	KAI9811554.1	coassemb76_009611-T1
OG0000066	KAI9828120.1	jgi|Phach1|1394|rna1393
OG0000093	KAI9814948.1	jgi|Dibbae1|3763|DIBA_009047-RA
OG0000097	KAI9817380.1	jgi|Exoaq1|8669|A1O9_12924T0
OG0000112	KAI9817639.1	jgi|Exoaq1|6159|A1O9_11960T0
OG0000118	KAI9827269.1	jgi|EndpusZ1|1884|EPUS_03253T0
OG0000119	KAI9824779.1	jgi|Acastr1|126338|AST1_002427-RA
OG0000122	KAI9818588.1	jgi|Morco1|522045|estExt_Genewise1Plus.C_200116
OG0000126	KAI9818685.1	coassemb76_010089-T1
OG0000151	KAI9820095.1	jgi|PseVKM4520_1|10168|transcript_KFZ24155
OG0000152	KAI9825299.1	jgi|Exoaq1|6157|A1O9_11958T0
OG0000165	KAI9825701.1	KAI9708569.1
OG0000173	KAI9810423.1	coassemb64_001760-T1
OG0000173	KAI9810423.1	jgi|EndpusZ1|766|EPUS_01327T0, jgi|EndpusZ1|6019|EPUS_06714T0, jgi|EndpusZ1|1022|EPUS_04600T0
OG0000177	KAI9825086.1	jgi|Aurpu_var_mel1|88715|gm1.9111_g
OG0000210	KAI9814289.1	KAI9837751.1
OG0000222	KAI9825664.1	coassemb64_007458-T1
OG0000225	KAI9814907.1	KAI4288535.1
OG0000235	KAI9815832.1, KAI9817617.1	jgi|Exoaq1|1989|A1O9_09521T0
OG0000238	KAI9828742.1	jgi|Fusgr1|3901|FGSG_04143T0
OG0000238	KAI9822110.1	jgi|Aurpu_var_mel1|49698|e_gw1.11.49.1
OG0000238	KAI9822110.1	jgi|Altal1|1057710|gm1.1945_g
OG0000239	KAI9825684.1	jgi|Capcor1|94518|A1O1_01656T0
OG0000264	KAI9816358.1	CAF9915243.1
OG0000313	KAI9829020.1	coassemb76_010026-T1
OG0000314	KAI9821621.1	jgi|Exoaq1|12012|A1O9_08328T0
OG0000315	KAI9814290.1	jgi|Penexp1|2729|PEXP_108930T0
OG0000315	KAI9814290.1	jgi|Cocpo1_1|4194|XM_003069147.1
OG0000317	KAI9824621.1	jgi|Sclsc1|1845|SS1G_08301T0
OG0000342	KAI9826388.1	jgi|Ascim1|123924|CE123923_1326
OG0000345	KAI9817051.1	jgi|Morco1|486361|e_gw1.19.285.1
OG0000356	KAI9828325.1	KAI9830031.1, KAI9830942.1
OG0000358	KAI9815352.1	CAF9942250.1
OG0000391	KAI9813510.1	jgi|Grascr1|5827|GST1_011412-RA
OG0000399	KAI9823475.1	jgi|Morco1|470072|gw1.20.229.1
OG0000415	KAI9824392.1	coassemb378_010623-T1
OG0000416	KAI9815643.1	coassemb64_004696-T1
OG0000428	KAI9829055.1	KAI9826689.1, KAI9828552.1
OG0000431	KAI9813000.1, KAI9825122.1	jgi|Dibbae1|456|DIBA_005890-RA
OG0000483	KAI9815815.1	FUN_009084_T1_FUN_009084
OG0000578	KAI9821483.1	KAI4226395.1
OG0000615	KAI9824755.1	CAF9926602.1
OG0000664	KAI9828136.1	coassemb376_007369-T1
OG0000742	KAI9829136.1	KAJ9663078.1
OG0000746	KAI9827237.1	KAI9712186.1
OG0000746	KAI9827237.1	jgi|Aurpu_var_mel1|51785|e_gw1.15.13.1
OG0000791	KAI9822897.1	GTX0466b15_004002-T1
OG0000791	KAI9822897.1	jgi|EndpusZ1|9090|EPUS_06921T0
OG0000792	KAI9818600.1	jgi|Fusgr1|5336|FGSG_02884T0
OG0000793	KAI9820092.1	coassemb378_010898-T1
OG0000821	KAI9826579.1	jgi|Ascim1|41603|CE41602_3598
OG0000823	KAI9826570.1	coassemb76_009583-T1
OG0000868	KAI9818259.1	jgi|Capcor1|95944|A1O1_03087T0
OG0000902	KAI9822229.1	FUN_000975_T1_FUN_000975
OG0000909	KAI9826136.1	jgi|Penexp1|7694|PEXP_006740T0
OG0000976	KAI9826878.1	FUN_000406_T1_FUN_000406
OG0000976	KAI9826878.1	CAF9943318.1
OG0000978	KAI9825845.1	KAJ9663328.1
OG0000978	KAI9825845.1	GTX0486b100_008487-T1
OG0000991	KAI9819822.1	KAI9698579.1
OG0000993	KAI9828140.1	coassemb378_001917-T1
OG0001006	KAI9827172.1	jgi|Monha1|9388|H072_9849m.01
OG0001008	KAI9826881.1	jgi|EndpusZ1|9085|EPUS_06916T0
OG0001014	KAI9812658.1	jgi|Fonmu1|4494|Z520_01480T0
OG0001035	KAI9825222.1	CAF9933149.1
OG0001038	KAI9827762.1	GTX0466b15_000493-T1
OG0001038	KAI9827762.1	jgi|Penexp1|2724|PEXP_108880T0
OG0001045	KAI9825862.1	jgi|Umbpus1|102935|LPUS_09526T0
OG0001045	KAI9825862.1	jgi|Aspni_DSM_1|160439|An07g02080m.01
OG0001056	KAI9811951.1	jgi|Clagr3|2884|CLAGR_002851-RA
OG0001077	KAI9814685.1	KAI4105648.1
OG0001077	KAI9814685.1	KAI4286386.1
OG0001080	KAI9823448.1	jgi|Grascr1|8725|GST1_011777-RA
OG0001115	KAI9827454.1	coassemb76_002847-T1, coassemb76_003966-T1
OG0001116	KAI9819423.1	jgi|PseVKM4520_1|8715|transcript_KFZ04061
OG0001135	KAI9810448.1	jgi|Artol1|3669|AOL_s00075g7m.01
OG0001144	KAI9823196.1	coassemb378_005320-T1, coassemb378_011564-T1
OG0001147	KAI9827182.1	CAF9919947.1
OG0001150	KAI9818320.1	jgi|Fusgr1|11434|FGSG_13666T0
OG0001151	KAI9822247.1	coassemb64_003162-T1
OG0001159	KAI9814859.1	jgi|Sclsc1|11022|SS1G_04051T0
OG0001203	KAI9824920.1	jgi|Clagr3|9146|CLAGR_009773-RA
OG0001227	KAI9812843.1	jgi|Artol1|4183|AOL_s00076g279m.01
OG0001227	KAI9812843.1	jgi|Aspni_DSM_1|158193|An03g01800m.01
OG0001235	KAI9827848.1	jgi|Monha1|9471|H072_9938m.01
OG0001301	KAI9826622.1	jgi|Fonmu1|10383|Z520_12249T0, jgi|Fonmu1|9777|Z520_12184T0
OG0001379	KAI9826387.1	jgi|Acastr1|122549|AST1_007026-RA
OG0001394	KAI9820510.1	jgi|Aspni_DSM_1|156376|An01g13570m.01
OG0001406	KAI9815410.1	coassemb76_009080-T1
OG0001435	KAI9824418.1	KAI4287589.1
OG0001435	KAI9824418.1	coassemb376_005892-T1
OG0001473	KAI9812541.1	jgi|Fusgr1|2642|FGSG_02304T0
OG0001512	KAI9826065.1	coassemb76_005891-T1
OG0001529	KAI9825089.1	jgi|Aspni_DSM_1|168268|An17g00540m.01
OG0001529	KAI9825089.1	coassemb64_004123-T1
OG0001536	KAI9824748.1	jgi|Podan3|211277|mRNA_10105
OG0001580	KAI9813001.1	KAI4287607.1
OG0001581	KAI9825660.1	jgi|Ascim1|168056|CE168055_1369
OG0001581	KAI9825660.1	coassemb76_001639-T1
OG0001581	KAI9825660.1	GTX0466b15_002503-T1
OG0001581	KAI9825660.1	XP_008719652.1
OG0001581	KAI9825660.1	KAJ9664665.1
OG0001581	KAI9825660.1	jgi|Exoaq1|10502|A1O9_06870T0
OG0001581	KAI9825660.1	coassemb64_005434-T1
OG0001581	KAI9825660.1	jgi|Capcor1|99473|A1O1_06645T0
OG0001581	KAI9825660.1	jgi|Fonmu1|8079|Z520_11052T0
OG0001581	KAI9825660.1	jgi|Claba1|133473|Z519_10871T0
OG0001581	KAI9825660.1	jgi|EndpusZ1|4763|EPUS_02933T0
OG0001581	KAI9825660.1	jgi|Penexp1|1271|PEXP_028260T0
OG0001581	KAI9825660.1	jgi|Aspni_DSM_1|166130|An14g03460m.01
OG0001581	KAI9825660.1	jgi|Cocpo1_1|2898|XM_003067851.1
OG0001581	KAI9825660.1	jgi|Aurpu_var_mel1|54993|e_gw1.21.449.1
OG0001581	KAI9825660.1	coassemb376_006474-T1
OG0001581	KAI9825660.1	jgi|Dibbae1|7600|DIBA_010692-RA
OG0001581	KAI9825660.1	KAI4237334.1
OG0001581	KAI9825660.1	GTX0494b19_001311-T1
OG0001581	KAI9825660.1	FUN_008506_T2_FUN_008506, FUN_008506_T1_FUN_008506
OG0001581	KAI9825660.1	KAI4227070.1
OG0001581	KAI9825660.1	KAI4104648.1
OG0001581	KAI9825660.1	KAI4289190.1
OG0001581	KAI9825660.1	jgi|Clagr3|2469|CLAGR_002442-RA
OG0001581	KAI9825660.1	CAF9906201.1
OG0001581	KAI9825660.1	coassemb378_011165-T1
OG0001581	KAI9825660.1	jgi|Grascr1|3837|GST1_000226-RA
OG0001581	KAI9825660.1	KAI9706062.1
OG0001581	KAI9825660.1	KAI9719220.1
OG0001581	KAI9825660.1	GTX0486b100_000617-T1
OG0001581	KAI9825660.1	KAI9835418.1
OG0001581	KAI9825660.1	jgi|Umbpus1|106797|LPUS_05006T0
OG0001581	KAI9825660.1	jgi|Acastr1|126965|AST1_001316-RA
OG0001581	KAI9825660.1	jgi|Artol1|10015|AOL_s00193g53m.01
OG0001581	KAI9825660.1	jgi|Monha1|2809|H072_2815m.01
OG0001581	KAI9825660.1	jgi|Morco1|539517|fgenesh1_kg.63_#_55_#_Locus7608v1rpkm10.51
OG0001581	KAI9825660.1	jgi|Altal1|802697|CE802696_1063
OG0001635	KAI9822746.1	coassemb76_009868-T1
OG0001640	KAI9825062.1	KAI4086500.1
OG0001641	KAI9825613.1	jgi|Acastr1|119979|AST1_007852-RA
OG0001669	KAI9813197.1	jgi|Fusgr1|12287|FGSG_10624T0
OG0001688	KAI9828463.1	KAI4208429.1
OG0001696	KAI9821385.1	jgi|Dibbae1|4325|DIBA_001953-RA
OG0001702	KAI9824582.1	GTX0486b100_005054-T1
OG0001702	KAI9824582.1	KAI9839547.1
OG0001704	KAI9815158.1	coassemb76_009440-T1
OG0001711	KAI9811688.1	coassemb76_010120-T1, coassemb76_007893-T1
OG0001744	KAI9815641.1	coassemb378_008974-T1
OG0001761	KAI9816659.1	jgi|Fonmu1|1328|Z520_05958T0
OG0001770	KAI9826798.1	jgi|Fusgr1|9933|FGSG_08344T0
OG0001776	KAI9814333.1	coassemb378_005773-T1
OG0001782	KAI9826818.1	FUN_008736_T1_FUN_008736
OG0001800	KAI9823584.1	jgi|Claba1|131384|Z519_09698T0
OG0001800	KAI9823584.1	coassemb76_009563-T1
OG0001824	KAI9825842.1	coassemb376_000559-T1
OG0001827	KAI9814915.1	jgi|Erypu1|6487|transcript_POS81721
OG0001830	KAI9818712.1	coassemb76_007596-T1
OG0001845	KAI9819438.1	jgi|Claba1|131841|Z519_10158T0
OG0001845	KAI9819438.1	coassemb76_008813-T1
OG0001860	KAI9817968.1	jgi|Aurpu_var_mel1|70521|fgenesh1_pg.47_#_5
OG0001862	KAI9815149.1	jgi|Erypu1|5241|transcript_POS81923, jgi|Erypu1|35|transcript_POS81655
OG0001904	KAI9827718.1	jgi|Acastr1|125865|AST1_004567-RA
OG0001914	KAI9824886.1	coassemb378_009316-T1
OG0001924	KAI9826132.1	KAI9671338.1
OG0001932	KAI9816960.1	jgi|Neucr_trp3_1|5863|Neucr2.NCU06385T0
OG0001935	KAI9817351.1	jgi|Morco1|203785|CE203784_1176
OG0001945	KAI9810503.1	jgi|Aspni_DSM_1|156837|An02g03140m.01
OG0001945	KAI9810503.1	jgi|Penexp1|1763|PEXP_074370T0
OG0001945	KAI9810503.1	jgi|Cocpo1_1|139|XM_003065090.1
OG0001945	KAI9810503.1	jgi|Clagr3|10607|CLAGR_010424-RA
OG0001945	KAI9810503.1	jgi|Phach1|5187|rna5186
OG0001999	KAI9826321.1	KAI9713631.1
OG0002004	KAI9826612.1	coassemb76_000425-T1
OG0002008	KAI9823317.1	coassemb376_004075-T1
OG0002011	KAI9813913.1	jgi|Acastr1|122152|AST1_007384-RA
OG0002025	KAI9825057.1	jgi|Fusgr1|278|FGSG_00225T0
OG0002081	KAI9827713.1	coassemb64_004135-T1
OG0002082	KAI9827245.1	jgi|Neucr_trp3_1|8808|Neucr2.NCU04822T0
OG0002097	KAI9828100.1	GTX0486b100_004932-T1
OG0002099	KAI9827552.1	jgi|Acastr1|127222|AST1_000761-RA
OG0002136	KAI9823903.1	jgi|Clagr3|2921|CLAGR_002585-RA
OG0002184	KAI9825901.1	coassemb76_009965-T1
OG0002211	KAI9825109.1	jgi|Aspni_DSM_1|155098|An01g00340m.01
OG0002221	KAI9813732.1	jgi|EndpusZ1|176|EPUS_09319T0
OG0002235	KAI9823911.1	jgi|EndpusZ1|4631|EPUS_02121T0
OG0002238	KAI9816388.1	jgi|Acastr1|123805|AST1_002833-RA
OG0002300	KAI9827515.1	KAI4290298.1
OG0002342	KAI9822128.1	coassemb76_009114-T1
OG0002345	KAI9816423.1	coassemb378_002074-T1
OG0002349	KAI9820862.1	jgi|Acastr1|122567|AST1_006589-RA
OG0002349	KAI9820862.1	jgi|Grascr1|958|GST1_006961-RA
OG0002373	KAI9817055.1	FUN_005923_T1_FUN_005923
OG0002392	KAI9820448.1	jgi|Sclsc1|11983|SS1G_05012T0
OG0002473	KAI9824428.1	coassemb76_009557-T1
OG0002631	KAI9826602.1	coassemb378_011664-T1
OG0002650	KAI9828025.1	coassemb76_006781-T1
OG0002656	KAI9812510.1	jgi|Erypu1|138|transcript_POS81639
OG0002676	KAI9818713.1	coassemb76_007595-T1
OG0002683	KAI9814122.1	jgi|Grascr1|6728|GST1_010644-RA
OG0002693	KAI9825443.1	coassemb376_007173-T1
OG0002704	KAI9819439.1	coassemb76_008812-T1
OG0002716	KAI9813368.1	coassemb378_006947-T1
OG0002718	KAI9813371.1	coassemb64_002777-T1
OG0002738	KAI9828678.1	jgi|Monha1|1364|H072_1364m.01
OG0002738	KAI9828678.1	jgi|Sclsc1|3554|SS1G_10010T0
OG0002760	KAI9829142.1	jgi|Monha1|5677|H072_5862m.01
OG0002761	KAI9811108.1	jgi|Aspni_DSM_1|155792|An01g07490m.01
OG0002764	KAI9824288.1	jgi|Ascim1|377009|estExt_fgenesh1_pg.C_420059
OG0002764	KAI9812097.1	jgi|Phach1|3914|rna3913
OG0002764	KAI9812097.1	jgi|Cocpo1_1|5567|XM_003070520.1
OG0002764	KAI9812097.1	jgi|Penexp1|9856|PEXP_099240T0
OG0002764	KAI9812097.1	jgi|Aspni_DSM_1|168011|An16g07260m.01
OG0002764	KAI9812097.1	jgi|Exoaq1|3744|A1O9_11264T0
OG0002764	KAI9812097.1	jgi|Claba1|129643|Z519_07948T0
OG0002764	KAI9812097.1	jgi|Fonmu1|5246|Z520_09057T0
OG0002764	KAI9812097.1	jgi|Capcor1|100986|A1O1_08174T0
OG0002764	KAI9812097.1	coassemb76_000446-T1, coassemb76_001774-T1
OG0002764	KAI9812097.1	GTX0466b15_001352-T1
OG0002764	KAI9812097.1	XP_008721416.1
OG0002764	KAI9812097.1	KAJ9656166.1
OG0002764	KAI9812097.1	jgi|EndpusZ1|8617|EPUS_04647T0
OG0002764	KAI9812097.1	KAI9669095.1
OG0002764	KAI9812097.1	KAI9708864.1
OG0002764	KAI9812097.1	jgi|Erypu1|3642|transcript_POS86462
OG0002764	KAI9812097.1	jgi|Ascim1|377009|estExt_fgenesh1_pg.C_420059
OG0002764	KAI9812097.1	jgi|Ascim1|377009|estExt_fgenesh1_pg.C_420059
OG0002769	KAI9828417.1	KAI4232683.1
OG0002915	KAI9827469.1	jgi|Podan3|210066|mRNA_8894
OG0003031	KAI9828055.1	jgi|Exoaq1|5208|A1O9_02731T0
OG0003044	KAI9826052.1	jgi|PseVKM4520_1|5317|transcript_KFZ11750
OG0003155	KAI9826595.1	jgi|Grascr1|80|GST1_000080-RA
OG0003232	KAI9827714.1	coassemb76_000910-T1
OG0003255	KAI9814949.1	coassemb76_009234-T1
OG0003327	KAI9825618.1	jgi|Morco1|537732|fgenesh1_kg.40_#_60_#_Locus3159v1rpkm49.35
OG0003357	KAI9827716.1	GTX0486b100_006991-T1
OG0003357	KAI9827716.1	KAI4105705.1
OG0003358	KAI9816652.1	jgi|Acastr1|123626|AST1_006950-RA
OG0003358	KAI9816652.1	jgi|Acastr1|123626|AST1_006950-RA
OG0003358	KAI9816652.1	jgi|Podan3|205136|mRNA_3964
OG0003358	KAI9816652.1	jgi|Neucr_trp3_1|7256|Neucr2.NCU03694T0
OG0003358	KAI9816652.1	jgi|PseVKM4520_1|1862|transcript_KFZ18137
OG0003358	KAI9816652.1	jgi|Erypu1|3919|transcript_POS88059
OG0003358	KAI9816652.1	jgi|Sclsc1|13983|SS1G_07012T0
OG0003358	KAI9816652.1	jgi|Altal1|1096375|estExt_Genemark1.C_150018
OG0003358	KAI9816652.1	KAI9726462.1
OG0003358	KAI9816652.1	KAI9668639.1
OG0003358	KAI9816652.1	jgi|Aurpu_var_mel1|60497|e_gw1.40.50.1
OG0003393	KAI9822224.1	coassemb376_007251-T1
OG0003422	KAI9813198.1	jgi|Grascr1|6991|GST1_002829-RA
OG0003482	KAI9825696.1	coassemb76_009858-T1
OG0003488	KAI9812351.1	jgi|Neucr_trp3_1|1223006|e_gw1.223.19.1
OG0003617	KAI9825392.1	CAF9906519.1
OG0003680	KAI9826374.1	jgi|Morco1|577490|gm1.8266_g
OG0003689	KAI9812237.1	jgi|Clagr3|7431|CLAGR_007028-RA
OG0003709	KAI9826616.1	coassemb376_002099-T1
OG0003782	KAI9825066.1	coassemb76_001444-T1
OG0003794	KAI9817910.1	KAI4229938.1
OG0003794	KAI9817910.1	KAI4101847.1
OG0003794	KAI9817910.1	KAI4237698.1
OG0003794	KAI9817910.1	FUN_001254_T1_FUN_001254
OG0003794	KAI9817910.1	GTX0494b19_001007-T1
OG0003794	KAI9817910.1	KAI4290045.1
OG0003794	KAI9817910.1	KAI4102270.1
OG0003794	KAI9817910.1	coassemb376_001164-T1
OG0003794	KAI9817910.1	jgi|Clagr3|862|CLAGR_000852-RA
OG0003794	KAI9817910.1	CAF9937214.1
OG0003794	KAI9817910.1	jgi|Umbpus1|102397|LPUS_03116T0
OG0003794	KAI9817910.1	coassemb64_002801-T1
OG0003794	KAI9817910.1	jgi|Exoaq1|8383|A1O9_04920T0
OG0003794	KAI9817910.1	XP_008720400.1
OG0003794	KAI9817910.1	jgi|Capcor1|98010|A1O1_05174T0
OG0003794	KAI9817910.1	jgi|Fonmu1|12292|Z520_05498T0
OG0003794	KAI9817910.1	jgi|Claba1|128870|Z519_07170T0
OG0003794	KAI9817910.1	KAJ9660833.1
OG0003794	KAI9817910.1	jgi|EndpusZ1|2972|EPUS_00892T0
OG0003794	KAI9817910.1	jgi|Cocpo1_1|6606|XM_003071559.1
OG0003794	KAI9817910.1	jgi|Erypu1|5|transcript_POS88451
OG0003794	KAI9817910.1	jgi|Neucr_trp3_1|1311|Neucr2.NCU03253T0
OG0003794	KAI9817910.1	jgi|Podan3|201489|mRNA_317
OG0003794	KAI9817910.1	jgi|Fusgr1|631|FGSG_00527T0
OG0003794	KAI9817910.1	jgi|PseVKM4520_1|7660|transcript_KFZ07938
OG0003794	KAI9817910.1	jgi|Grascr1|8800|GST1_003103-RA
OG0003794	KAI9817910.1	coassemb378_003516-T1
OG0003794	KAI9817910.1	jgi|Dibbae1|4601|DIBA_001598-RA
OG0003794	KAI9817910.1	KAI9669412.1
OG0003794	KAI9817910.1	jgi|Acastr1|119768|AST1_003542-RA
OG0003794	KAI9817910.1	GTX0486b100_003655-T1
OG0003794	KAI9817910.1	KAI9720449.1
OG0003794	KAI9817910.1	jgi|Aspni_DSM_1|160521|An07g02930m.01
OG0003794	KAI9817910.1	jgi|Penexp1|4516|PEXP_032360T0
OG0003794	KAI9817910.1	jgi|Sclsc1|9795|SS1G_14220T0
OG0003794	KAI9817910.1	KAI9835143.1
OG0003794	KAI9817910.1	GTX0466b15_005197-T1
OG0003802	KAI9824280.1	jgi|Claba1|130454|Z519_08761T0
OG0003840	KAI9812979.1	jgi|Claba1|137073|Z519_12810T0
OG0003840	KAI9812979.1	XP_008710554.1, XP_008721554.1
OG0003938	KAI9828152.1	coassemb76_009999-T1
OG0003994	KAI9819312.1	KAI4286425.1
OG0004115	KAI9824793.1	jgi|Penexp1|7114|PEXP_076500T0
OG0004250	KAI9827475.1	jgi|Claba1|128932|Z519_07232T0
OG0004250	KAI9827475.1	jgi|Monha1|1644|H072_1644m.01
OG0004250	KAI9827474.1	GTX0486b100_006972-T1
OG0004250	KAI9827474.1	jgi|Claba1|128932|Z519_07232T0
OG0004250	KAI9827474.1	coassemb76_008673-T1
OG0004250	KAI9827474.1	KAI9697629.1
OG0004250	KAI9827474.1	jgi|Claba1|128932|Z519_07232T0
OG0004250	KAI9827474.1	jgi|Monha1|1644|H072_1644m.01
OG0004250	KAI9827474.1	jgi|Monha1|1644|H072_1644m.01
OG0004308	KAI9811386.1	jgi|Fusgr1|12415|FGSG_13829T0
OG0004308	KAI9811386.1	jgi|Sclsc1|64|SS1G_00064T0
OG0004318	KAI9817059.1	jgi|PseVKM4520_1|3541|transcript_KFZ14981
OG0004511	KAI9823615.1	coassemb76_009565-T1
OG0004527	KAI9818255.1	CAF9925501.1
OG0004589	KAI9823004.1	KAJ9650549.1
OG0004596	KAI9821405.1	jgi|Podan3|203261|mRNA_2089
OG0004596	KAI9821405.1	jgi|Phach1|1746|rna1745
OG0004766	KAI9823471.1	jgi|Erypu1|6691|transcript_POS81688
OG0004811	KAI9826144.1	jgi|Grascr1|8519|GST1_003040-RA
OG0004928	KAI9828369.1	CAF9942232.1
OG0004946	KAI9820138.1	jgi|Fonmu1|9138|Z520_11544T0
OG0004993	KAI9826849.1	jgi|Aspni_DSM_1|160798|An07g05740m.01
OG0005243	KAI9813863.1	GTX0466b15_004710-T1
OG0005351	KAI9825432.1	KAJ9653021.1
OG0005366	KAI9816346.1	KAI4231955.1
OG0005425	KAI9825231.1	jgi|EndpusZ1|255|EPUS_04141T0
OG0005427	KAI9814970.1	jgi|Altal1|967702|estExt_Genewise1.C_16_t10479
OG0005427	KAI9814970.1	KAI9727159.1
OG0005427	KAI9814970.1	KAI9671705.1
OG0005427	KAI9814970.1	coassemb64_004691-T1
OG0005427	KAI9814970.1	jgi|Grascr1|2423|GST1_006593-RA
OG0005427	KAI9814970.1	jgi|Aurpu_var_mel1|78798|fgenesh1_pm.29_#_85
OG0005427	KAI9814970.1	KAJ9652564.1
OG0005427	KAI9814970.1	coassemb76_006580-T1
OG0005427	KAI9814970.1	GTX0466b15_003357-T1
OG0005427	KAI9814970.1	XP_008714114.1
OG0005427	KAI9814970.1	jgi|Claba1|137245|Z519_03771T0
OG0005427	KAI9814970.1	jgi|Fonmu1|5969|Z520_09782T0
OG0005427	KAI9814970.1	jgi|Capcor1|99222|A1O1_06393T0
OG0005427	KAI9814970.1	jgi|Exoaq1|11675|A1O9_08011T0
OG0005427	KAI9814970.1	jgi|EndpusZ1|6322|EPUS_02494T0
OG0005575	KAI9813194.1	jgi|Aspni_DSM_1|161719|An08g04560m.01
OG0005703	KAI9825688.1	jgi|Neucr_trp3_1|5771|Neucr2.NCU07660T0
OG0005703	KAI9825688.1	jgi|Penexp1|5410|PEXP_058710T0
OG0005850	KAI9826055.1	jgi|Clagr3|11036|CLAGR_010911-RA
OG0005868	KAI9815834.1	jgi|Clagr3|2959|CLAGR_002623-RA
OG0005898	KAI9822146.1	KAI9723592.1
OG0005921	KAI9824457.1	jgi|Monha1|9690|H072_10193m.01
OG0005931	KAI9823469.1	jgi|PseVKM4520_1|5116|transcript_KFZ12166, jgi|PseVKM4520_1|11080|transcript_KFZ23327
OG0006003	KAI9824073.1	XP_008717735.1
OG0006476	KAI9821390.1, KAI9811819.1	GTX0486b100_007663-T1
OG0006556	KAI9827729.1	KAJ9657159.1
OG0006716	KAI9825795.1	jgi|Morco1|558143|estExt_fgenesh1_pm.C_170001
OG0007714	KAI9814161.1	jgi|Podan3|207866|mRNA_6694
