Orthogroup	JAPEUD01_protein	Other
OG0000000	KAI9830716.1	jgi|Clagr3|6472|CLAGR_006578-RA
OG0000003	KAI9835391.1, KAI9832650.1	jgi|Dibbae1|10627|DIBA_003191-RA
OG0000003	KAI9835391.1, KAI9832650.1	KAI4232974.1
OG0000004	KAI9838038.1	KAI4106465.1
OG0000004	KAI9835536.1	jgi|Exoaq1|11121|A1O9_07456T0
OG0000013	KAI9834921.1	XP_008713341.1
OG0000013	KAI9834921.1	jgi|Umbpus1|103344|LPUS_09925T0
OG0000014	KAI9830722.1	KAI4208649.1
OG0000015	KAI9826792.1	jgi|Cocpo1_1|2685|XM_003067638.1
OG0000015	KAI9826792.1	jgi|Penexp1|3668|PEXP_085500T0
OG0000015	KAI9826792.1	jgi|Aspni_DSM_1|159833|An05g01120m.01, jgi|Aspni_DSM_1|163216|An10g00660m.01, jgi|Aspni_DSM_1|162661|An09g02000m.01
OG0000016	KAI9834991.1	KAI9716702.1
OG0000016	KAI9834991.1	GTX0486b100_001164-T1, GTX0486b100_000790-T1, GTX0486b100_001165-T1
OG0000029	KAI9839001.1	coassemb64_007229-T1
OG0000033	KAI9836022.1	jgi|Exoaq1|5505|A1O9_03029T0, jgi|Exoaq1|2387|A1O9_09913T0
OG0000034	KAI9830720.1	KAI4231867.1
OG0000037	KAI9833623.1	jgi|Aspni_DSM_1|161592|An08g03300m.01
OG0000038	KAI9831459.1	jgi|Dibbae1|6222|DIBA_009290-RA
OG0000063	KAI9832300.1	jgi|Umbpus1|99717|LPUS_02360T0
OG0000066	KAI9832246.1	jgi|Phach1|1394|rna1393
OG0000067	KAI9839199.1	jgi|Grascr1|1098|GST1_001155-RA, jgi|Grascr1|800|GST1_008971-RA
OG0000073	KAI9836986.1	jgi|Fusgr1|4450|FGSG_12400T0
OG0000075	KAI9832415.1	jgi|Dibbae1|130|DIBA_001267-RA
OG0000077	KAI9826738.1	GTX0486b100_001948-T1
OG0000088	KAI9832875.1	KAI4287751.1
OG0000094	KAI9825538.1	jgi|Aspni_DSM_1|158241|An03g02320m.01
OG0000097	KAI9839840.1	jgi|Exoaq1|8669|A1O9_12924T0
OG0000097	KAI9829671.1	KAI4264560.1
OG0000101	KAI9834081.1	jgi|Aspni_DSM_1|165047|An12g07490m.01
OG0000101	KAI9834081.1	KAI9659590.1
OG0000101	KAI9834081.1	jgi|Neucr_trp3_1|9511|Neucr2.NCU05094T0
OG0000101	KAI9834081.1	jgi|Podan3|203070|mRNA_1898
OG0000112	KAI9833023.1	jgi|Exoaq1|6159|A1O9_11960T0
OG0000115	KAI9834920.1	jgi|Exoaq1|11438|A1O9_07774T0
OG0000115	KAI9834920.1	jgi|Clagr3|7930|CLAGR_008371-RA
OG0000119	KAI9839537.1	jgi|Acastr1|126338|AST1_002427-RA
OG0000126	KAI9836111.1	coassemb76_010089-T1
OG0000127	KAI9839136.1	coassemb76_004097-T1
OG0000127	KAI9837291.1	jgi|Exoaq1|5162|A1O9_02685T0
OG0000131	KAI9838004.1	KAI9653286.1
OG0000131	KAI9838004.1	jgi|Aurpu_var_mel1|63718|fgenesh1_pg.4_#_55, jgi|Aurpu_var_mel1|56530|e_gw1.24.372.1
OG0000151	KAI9837038.1	jgi|PseVKM4520_1|10168|transcript_KFZ24155
OG0000152	KAI9830358.1	jgi|Exoaq1|6157|A1O9_11958T0
OG0000165	KAI9833783.1	KAI9708569.1
OG0000170	KAI9836091.1	jgi|Penexp1|120|PEXP_020750T0
OG0000170	KAI9836091.1	jgi|Altal1|702313|CE702312_36332, jgi|Altal1|993239|estExt_Genewise1Plus.C_15_t20144
OG0000180	KAI9836237.1	jgi|Acastr1|120961|AST1_003980-RA
OG0000181	KAI9838876.1	CAF9937712.1
OG0000181	KAI9838876.1	jgi|Fonmu1|11781|Z520_04986T0
OG0000186	KAI9828944.1	jgi|Dibbae1|9301|DIBA_011352-RA
OG0000201	KAI9835285.1	coassemb378_001789-T1
OG0000207	KAI9824499.1	GTX0486b100_005416-T1
OG0000210	KAI9837751.1	jgi|Umbpus1|100242|LPUS_06822T0
OG0000210	KAI9837751.1	KAI9814289.1
OG0000210	KAI9837751.1	GTX0486b100_005219-T1
OG0000210	KAI9837751.1	jgi|Acastr1|121126|AST1_003229-RA
OG0000225	KAI9832666.1	KAI4288535.1
OG0000235	KAI9829586.1	jgi|Penexp1|8163|PEXP_075040T0
OG0000235	KAI9834035.1, KAI9824842.1	jgi|Exoaq1|1989|A1O9_09521T0
OG0000238	KAI9834249.1	jgi|Aurpu_var_mel1|49698|e_gw1.11.49.1
OG0000238	KAI9834249.1	jgi|Altal1|1057710|gm1.1945_g
OG0000299	KAI9834533.1	jgi|Aurpu_var_mel1|15858|gw1.2.827.1
OG0000313	KAI9829741.1	coassemb76_010026-T1
OG0000314	KAI9838322.1	jgi|Exoaq1|12012|A1O9_08328T0
OG0000315	KAI9837753.1	jgi|Penexp1|2729|PEXP_108930T0
OG0000315	KAI9837753.1	jgi|Cocpo1_1|4194|XM_003069147.1
OG0000342	KAI9827916.1	jgi|Ascim1|123924|CE123923_1326
OG0000345	KAI9833609.1	jgi|Morco1|486361|e_gw1.19.285.1
OG0000356	KAI9830031.1, KAI9830942.1	KAI9828325.1
OG0000356	KAI9830031.1, KAI9830942.1	KAI9707175.1
OG0000356	KAI9830031.1, KAI9830942.1	KAI9723629.1
OG0000356	KAI9830031.1, KAI9830942.1	jgi|Sclsc1|3120|SS1G_09576T0, jgi|Sclsc1|1516|SS1G_07972T0
OG0000356	KAI9830031.1, KAI9830942.1	jgi|Umbpus1|101321|LPUS_08052T0
OG0000356	KAI9830031.1, KAI9830942.1	jgi|Dibbae1|256|DIBA_004379-RA
OG0000356	KAI9830031.1, KAI9830942.1	jgi|Grascr1|956|GST1_006959-RA
OG0000356	KAI9830031.1, KAI9830942.1	XP_008718257.1, XP_008713291.1
OG0000356	KAI9830031.1, KAI9830942.1	GTX0466b15_001837-T1
OG0000356	KAI9830031.1, KAI9830942.1	coassemb64_003313-T1
OG0000356	KAI9830031.1, KAI9830942.1	KAI9720086.1
OG0000356	KAI9830031.1, KAI9830942.1	KAI9666765.1
OG0000356	KAI9830031.1, KAI9830942.1	jgi|Dibbae1|5755|DIBA_002020-RA, jgi|Dibbae1|5791|DIBA_002056-RA
OG0000356	KAI9830031.1, KAI9830942.1	jgi|Dibbae1|5755|DIBA_002020-RA, jgi|Dibbae1|5791|DIBA_002056-RA
OG0000356	KAI9830031.1, KAI9830942.1	jgi|Podan3|206883|mRNA_5711
OG0000356	KAI9830031.1, KAI9830942.1	jgi|Neucr_trp3_1|9466|Neucr2.NCU05138T0
OG0000356	KAI9830031.1, KAI9830942.1	jgi|Altal1|1030099|fgenesh1_pm.7_#_214
OG0000356	KAI9830031.1	KAI9718156.1
OG0000356	KAI9830031.1	KAI9718156.1
OG0000356	KAI9830942.1	KAI9715619.1
OG0000356	KAI9830942.1	KAI9715619.1
OG0000358	KAI9830616.1	CAF9942250.1
OG0000360	KAI9836069.1	jgi|Penexp1|5287|PEXP_046120T0
OG0000360	KAI9826487.1	jgi|Dibbae1|7507|DIBA_010463-RA
OG0000401	KAI9838685.1	jgi|Monha1|4268|H072_4348m.01
OG0000412	KAI9839532.1	jgi|Aspni_DSM_1|158967|An04g02770m.01
OG0000415	KAI9830924.1	coassemb378_010623-T1
OG0000416	KAI9827137.1	coassemb64_004696-T1
OG0000428	KAI9826689.1, KAI9828552.1	KAI9829055.1
OG0000428	KAI9826689.1, KAI9828552.1	jgi|Altal1|942395|e_gw1.19.236.1
OG0000428	KAI9826689.1, KAI9828552.1	KAI4225458.1
OG0000428	KAI9826689.1, KAI9828552.1	KAI4234749.1
OG0000428	KAI9826689.1, KAI9828552.1	KAI4107095.1
OG0000428	KAI9826689.1	jgi|Artol1|177|AOL_s00004g176m.01
OG0000428	KAI9826689.1	jgi|Clagr3|4053|CLAGR_004378-RA
OG0000428	KAI9826689.1	CAF9943009.1
OG0000428	KAI9826689.1	jgi|Morco1|580857|gm1.11633_g
OG0000428	KAI9826689.1	jgi|Neucr_trp3_1|9556|Neucr2.NCU05049T0
OG0000428	KAI9826689.1	coassemb76_002386-T1
OG0000428	KAI9826689.1	jgi|Fonmu1|11001|Z520_04202T0
OG0000428	KAI9826689.1	jgi|Claba1|136658|Z519_03190T0
OG0000428	KAI9826689.1	jgi|Capcor1|92919|A1O1_00048T0
OG0000428	KAI9826689.1	jgi|Exoaq1|9309|A1O9_05736T0
OG0000428	KAI9826689.1	coassemb64_000351-T1
OG0000428	KAI9826689.1	KAJ9649846.1
OG0000428	KAI9826689.1	coassemb378_005616-T1
OG0000428	KAI9826689.1	jgi|Monha1|9345|H072_9788m.01
OG0000428	KAI9826689.1	jgi|Podan3|208654|mRNA_7482
OG0000428	KAI9826689.1	jgi|PseVKM4520_1|8601|transcript_KFZ04170, jgi|PseVKM4520_1|8894|transcript_KFZ03863
OG0000449	KAI9831804.1	CAF9903795.1
OG0000462	KAI9836470.1	jgi|PseVKM4520_1|9164|transcript_KFZ03549
OG0000466	KAI9839883.1	jgi|Grascr1|11362|GST1_005242-RA
OG0000483	KAI9837043.1	KAI9685806.1
OG0000483	KAI9837043.1	FUN_009084_T1_FUN_009084
OG0000485	KAI9826477.1	jgi|Cocpo1_1|993|XM_003065945.1
OG0000485	KAI9826477.1	jgi|Penexp1|1459|PEXP_027030T0
OG0000485	KAI9826477.1	jgi|Aspni_DSM_1|163568|An11g03170m.01
OG0000485	KAI9826477.1	jgi|Sclsc1|8991|SS1G_02406T0
OG0000485	KAI9826477.1	jgi|PseVKM4520_1|2963|transcript_KFZ16044
OG0000485	KAI9826477.1	jgi|Neucr_trp3_1|9230|Neucr2.NCU04016T0
OG0000485	KAI9826477.1	jgi|Podan3|207482|mRNA_6310
OG0000485	KAI9826477.1	jgi|Fusgr1|9700|FGSG_08546T0
OG0000485	KAI9826477.1	jgi|EndpusZ1|1976|EPUS_00680T0
OG0000485	KAI9826477.1	jgi|Phach1|6805|rna6804
OG0000485	KAI9826477.1	KAJ9653450.1
OG0000485	KAI9826477.1	coassemb76_007172-T1
OG0000485	KAI9826477.1	XP_008718575.1
OG0000485	KAI9826477.1	jgi|Fusgr1|5084|FGSG_03103T0
OG0000485	KAI9826477.1	jgi|Fusgr1|5084|FGSG_03103T0
OG0000485	KAI9826477.1	jgi|Claba1|136622|Z519_03154T0
OG0000485	KAI9826477.1	jgi|Fonmu1|3486|Z520_08122T0
OG0000485	KAI9826477.1	jgi|Exoaq1|7945|A1O9_04478T0
OG0000485	KAI9826477.1	jgi|Capcor1|93354|A1O1_00486T0
OG0000485	KAI9826477.1	GTX0466b15_003406-T1
OG0000485	KAI9835870.1	jgi|Penexp1|3620|PEXP_086100T0
OG0000590	KAI9835766.1	coassemb378_008024-T1
OG0000615	KAI9837495.1	CAF9926602.1
OG0000664	KAI9832298.1	coassemb376_007369-T1
OG0000698	KAI9834526.1	jgi|Aurpu_var_mel1|68258|fgenesh1_pg.20_#_96
OG0000716	KAI9836191.1	coassemb378_005324-T1
OG0000742	KAI9840089.1	KAJ9663078.1
OG0000780	KAI9837246.1	coassemb378_005839-T1
OG0000792	KAI9838086.1	jgi|Fusgr1|5336|FGSG_02884T0
OG0000793	KAI9837075.1	coassemb378_010898-T1
OG0000868	KAI9830027.1	jgi|Capcor1|95944|A1O1_03087T0
OG0000891	KAI9830633.1	jgi|Exoaq1|4058|A1O9_11580T0
OG0000891	KAI9830633.1	GTX0466b15_009377-T1, GTX0466b15_006137-T1
OG0000897	KAI9831557.1	jgi|Fonmu1|6990|Z520_02200T0
OG0000897	KAI9831557.1	GTX0486b100_000479-T1
OG0000909	KAI9830428.1	jgi|Penexp1|7694|PEXP_006740T0
OG0000928	KAI9838039.1	CAF9924993.1
OG0000934	KAI9833474.1	jgi|EndpusZ1|1739|EPUS_08963T0
OG0000934	KAI9833474.1	jgi|Phach1|251|rna250
OG0000934	KAI9833474.1	XP_008711376.1
OG0000934	KAI9833474.1	coassemb64_002485-T1
OG0000934	KAI9833474.1	jgi|Exoaq1|10360|A1O9_06727T0, jgi|Exoaq1|6147|A1O9_11948T0
OG0000934	KAI9833474.1	coassemb76_006341-T1
OG0000934	KAI9833474.1	GTX0466b15_003241-T1
OG0000945	KAI9832669.1	jgi|Fusgr1|8994|FGSG_07770T0
OG0000976	KAI9834583.1	FUN_000406_T1_FUN_000406
OG0000976	KAI9834583.1	CAF9943318.1
OG0000979	KAI9831814.1	coassemb76_008435-T1
OG0000991	KAI9836227.1	KAI9698579.1
OG0001006	KAI9836670.1	jgi|Monha1|9388|H072_9849m.01
OG0001014	KAI9826468.1	jgi|Fonmu1|4494|Z520_01480T0
OG0001034	KAI9826786.1	jgi|Aurpu_var_mel1|47791|e_gw1.9.720.1
OG0001034	KAI9826786.1	jgi|Fusgr1|6610|FGSG_05696T0
OG0001034	KAI9826786.1	jgi|Podan3|201785|mRNA_613
OG0001034	KAI9826786.1	jgi|Neucr_trp3_1|1918|Neucr2.NCU00792T0
OG0001034	KAI9826786.1	jgi|Sclsc1|7393|SS1G_12816T0
OG0001034	KAI9826786.1	jgi|PseVKM4520_1|478|transcript_KFZ20715
OG0001034	KAI9826786.1	jgi|Altal1|1015420|fgenesh1_kg.1_#_398_#_Locus12168v1rpkm0.86
OG0001034	KAI9826786.1	jgi|Altal1|1015420|fgenesh1_kg.1_#_398_#_Locus12168v1rpkm0.86
OG0001034	KAI9826786.1	jgi|Ascim1|222551|estExt_Genewise1.C_120088
OG0001034	KAI9826786.1	jgi|Fusgr1|66|FGSG_00049T0
OG0001034	KAI9826786.1	jgi|Acastr1|122575|AST1_008451-RA
OG0001034	KAI9826786.1	KAI9754741.1
OG0001034	KAI9826786.1	coassemb64_004311-T1
OG0001034	KAI9826786.1	jgi|Aspni_DSM_1|162660|An09g01990m.01, jgi|Aspni_DSM_1|159831|An05g01100m.01, jgi|Aspni_DSM_1|163212|An10g00620m.01, jgi|Aspni_DSM_1|164617|An12g02890m.01
OG0001034	KAI9826786.1	jgi|Fusgr1|66|FGSG_00049T0
OG0001034	KAI9826786.1	jgi|Acastr1|122575|AST1_008451-RA
OG0001034	KAI9826786.1	KAI9754741.1
OG0001034	KAI9826786.1	jgi|Capcor1|98785|A1O1_05952T0
OG0001034	KAI9826786.1	XP_008715603.1
OG0001034	KAI9826786.1	jgi|Penexp1|3669|PEXP_085510T0
OG0001038	KAI9837295.1	GTX0466b15_000493-T1
OG0001038	KAI9837295.1	jgi|Penexp1|2724|PEXP_108880T0
OG0001046	KAI9832412.1	KAI9748898.1
OG0001046	KAI9832412.1	jgi|Aurpu_var_mel1|47031|e_gw1.8.252.1
OG0001046	KAI9832412.1	jgi|Altal1|987905|estExt_Genewise1Plus.C_9_t10419
OG0001046	KAI9832412.1	KAI9651966.1
OG0001046	KAI9832412.1	KAI9728947.1
OG0001046	KAI9832412.1	coassemb76_002806-T1
OG0001046	KAI9832412.1	KAI9697615.1
OG0001046	KAI9832412.1	KAI9697615.1
OG0001046	KAI9832412.1	jgi|Penexp1|9223|PEXP_065260T0
OG0001046	KAI9832412.1	jgi|Claba1|128123|Z519_00506T0
OG0001046	KAI9832412.1	coassemb64_003577-T1
OG0001046	KAI9832412.1	FUN_005506_T1_FUN_005506
OG0001077	KAI9828548.1	KAI4105648.1
OG0001077	KAI9828548.1	KAI4286386.1
OG0001080	KAI9838872.1	jgi|Grascr1|8725|GST1_011777-RA
OG0001115	KAI9839845.1	coassemb76_002847-T1, coassemb76_003966-T1
OG0001115	KAI9839845.1	jgi|Dibbae1|6852|DIBA_009240-RA
OG0001116	KAI9835572.1	jgi|PseVKM4520_1|8715|transcript_KFZ04061
OG0001129	KAI9826733.1	jgi|Grascr1|3461|GST1_008067-RA
OG0001129	KAI9826733.1	coassemb64_000930-T1, coassemb64_007700-T1
OG0001133	KAI9839272.1	jgi|Exoaq1|7366|A1O9_03896T0
OG0001135	KAI9831582.1	jgi|Artol1|3669|AOL_s00075g7m.01
OG0001145	KAI9831018.1	CAF9908713.1
OG0001147	KAI9836642.1	CAF9919947.1
OG0001150	KAI9836856.1	jgi|Fusgr1|11434|FGSG_13666T0
OG0001151	KAI9832549.1	coassemb64_003162-T1
OG0001159	KAI9832400.1	jgi|Sclsc1|11022|SS1G_04051T0
OG0001177	KAI9837323.1	coassemb76_009379-T1
OG0001190	KAI9831705.1	coassemb64_008200-T1
OG0001203	KAI9827403.1	jgi|Clagr3|9146|CLAGR_009773-RA
OG0001227	KAI9839273.1	jgi|Artol1|4183|AOL_s00076g279m.01
OG0001227	KAI9839273.1	jgi|Aspni_DSM_1|158193|An03g01800m.01
OG0001235	KAI9833190.1	jgi|Monha1|9471|H072_9938m.01
OG0001281	KAI9835276.1	jgi|Artol1|5|AOL_s00004g4m.01
OG0001281	KAI9835276.1	jgi|Fusgr1|13314|FGSG_11241T0, jgi|Fusgr1|10669|FGSG_09212T0
OG0001300	KAI9829254.1	jgi|Artol1|5665|AOL_s00079g439m.01
OG0001394	KAI9829933.1	jgi|Aspni_DSM_1|156376|An01g13570m.01
OG0001406	KAI9831912.1	coassemb76_009080-T1
OG0001427	KAI9838537.1	jgi|Phach1|1405|rna1404
OG0001427	KAI9838537.1	jgi|EndpusZ1|376|EPUS_04344T0
OG0001427	KAI9838537.1	KAJ9660202.1
OG0001427	KAI9838537.1	GTX0466b15_009475-T1, GTX0466b15_002707-T1
OG0001427	KAI9838537.1	jgi|Claba1|138572|Z519_05103T0
OG0001427	KAI9838537.1	jgi|Fonmu1|11208|Z520_04410T0
OG0001427	KAI9838537.1	jgi|Capcor1|97674|A1O1_04835T0
OG0001427	KAI9838537.1	jgi|Exoaq1|4871|A1O9_02391T0
OG0001427	KAI9838537.1	XP_008710799.1
OG0001446	KAI9835452.1	coassemb76_009718-T1
OG0001473	KAI9834845.1	jgi|Fusgr1|2642|FGSG_02304T0
OG0001499	KAI9838329.1	jgi|EndpusZ1|2781|EPUS_05882T0
OG0001512	KAI9836367.1	coassemb76_005891-T1
OG0001518	KAI9840001.1	jgi|Penexp1|8657|PEXP_013540T0
OG0001525	KAI9832151.1	FUN_009223_T1_FUN_009223
OG0001529	KAI9832782.1	jgi|Aspni_DSM_1|168268|An17g00540m.01
OG0001529	KAI9832782.1	coassemb64_004123-T1
OG0001536	KAI9830758.1	jgi|Podan3|211277|mRNA_10105
OG0001547	KAI9836074.1	jgi|Capcor1|96218|A1O1_03363T0, jgi|Capcor1|100927|A1O1_08115T0, jgi|Capcor1|97895|A1O1_05057T0
OG0001547	KAI9827425.1	jgi|Capcor1|92468|A1O1_08892T0
OG0001547	KAI9827425.1	jgi|Neucr_trp3_1|2938|Neucr2.NCU05340T0
OG0001580	KAI9833497.1	KAI4287607.1
OG0001581	KAI9835418.1	KAI9825660.1
OG0001598	KAI9833135.1	FUN_007080_T1_FUN_007080
OG0001635	KAI9835558.1	coassemb76_009868-T1
OG0001640	KAI9830910.1	KAI4086500.1
OG0001641	KAI9832892.1	jgi|Acastr1|119979|AST1_007852-RA
OG0001668	KAI9838873.1	coassemb76_009897-T1
OG0001688	KAI9827686.1	KAI4208429.1
OG0001696	KAI9831565.1	jgi|Dibbae1|4325|DIBA_001953-RA
OG0001702	KAI9839547.1	KAI9747674.1
OG0001702	KAI9839547.1	KAI9824582.1
OG0001702	KAI9839547.1	jgi|Aurpu_var_mel1|54125|e_gw1.19.15.1
OG0001702	KAI9839547.1	jgi|Fonmu1|10785|Z520_03986T0
OG0001702	KAI9839547.1	jgi|Claba1|136857|Z519_03391T0
OG0001702	KAI9839547.1	jgi|Capcor1|93030|A1O1_00159T0
OG0001702	KAI9839547.1	jgi|Exoaq1|9289|A1O9_05716T0
OG0001702	KAI9839547.1	coassemb64_005662-T1
OG0001702	KAI9839547.1	GTX0466b15_008178-T1
OG0001702	KAI9839547.1	XP_008713995.1
OG0001702	KAI9839547.1	KAJ9660104.1
OG0001702	KAI9839547.1	jgi|EndpusZ1|828|EPUS_01544T0
OG0001702	KAI9839547.1	jgi|Aspni_DSM_1|156992|An02g04670m.01
OG0001702	KAI9839547.1	jgi|Cocpo1_1|2520|XM_003067473.1
OG0001702	KAI9839547.1	GTX0494b19_002748-T1
OG0001702	KAI9839547.1	FUN_006186_T1_FUN_006186
OG0001702	KAI9839547.1	KAI4104317.1
OG0001702	KAI9839547.1	KAI4229497.1
OG0001702	KAI9839547.1	KAI4236225.1
OG0001702	KAI9839547.1	KAI4283539.1
OG0001702	KAI9839547.1	KAI4105102.1
OG0001702	KAI9839547.1	CAF9911466.1
OG0001702	KAI9839547.1	jgi|Clagr3|8706|CLAGR_009132-RA
OG0001702	KAI9839547.1	coassemb376_004284-T1
OG0001702	KAI9839547.1	jgi|Phach1|5427|rna5426
OG0001702	KAI9839547.1	coassemb378_010074-T1
OG0001702	KAI9839547.1	jgi|Dibbae1|186|DIBA_001323-RA
OG0001702	KAI9839547.1	jgi|Umbpus1|104195|LPUS_03512T0
OG0001702	KAI9839547.1	jgi|Grascr1|337|GST1_005787-RA
OG0001702	KAI9839547.1	jgi|Altal1|1016155|fgenesh1_kg.2_#_228_#_Locus4265v1rpkm30.62
OG0001702	KAI9839547.1	KAI9706398.1
OG0001702	KAI9839547.1	KAI9723208.1
OG0001702	KAI9839547.1	GTX0486b100_005054-T1
OG0001702	KAI9839547.1	GTX0486b100_005054-T1
OG0001702	KAI9839547.1	coassemb76_009608-T1
OG0001708	KAI9834775.1	jgi|Clagr3|3759|CLAGR_003461-RA
OG0001708	KAI9834775.1	jgi|Grascr1|10596|GST1_012689-RA
OG0001711	KAI9838061.1	coassemb76_010120-T1, coassemb76_007893-T1
OG0001744	KAI9830837.1	coassemb378_008974-T1
OG0001761	KAI9831011.1	jgi|Fonmu1|1328|Z520_05958T0
OG0001764	KAI9837337.1	jgi|Podan3|209159|mRNA_7987, jgi|Podan3|210190|mRNA_9018
OG0001770	KAI9836681.1	jgi|Fusgr1|9933|FGSG_08344T0
OG0001796	KAI9835920.1	jgi|PseVKM4520_1|2442|transcript_KFZ16962
OG0001800	KAI9834954.1	jgi|Claba1|131384|Z519_09698T0
OG0001800	KAI9834954.1	coassemb76_009563-T1
OG0001827	KAI9834825.1	jgi|Erypu1|6487|transcript_POS81721
OG0001830	KAI9831147.1	coassemb76_007596-T1
OG0001834	KAI9832371.1	KAI9717546.1
OG0001845	KAI9823842.1	jgi|Claba1|131841|Z519_10158T0
OG0001845	KAI9823842.1	coassemb76_008813-T1
OG0001849	KAI9835760.1	KAI9726210.1
OG0001860	KAI9829247.1	jgi|Aurpu_var_mel1|70521|fgenesh1_pg.47_#_5
OG0001862	KAI9837827.1	jgi|Erypu1|5241|transcript_POS81923, jgi|Erypu1|35|transcript_POS81655
OG0001890	KAI9831041.1	jgi|Penexp1|1359|PEXP_026030T0
OG0001904	KAI9831027.1	jgi|Acastr1|125865|AST1_004567-RA
OG0001924	KAI9836099.1	KAI9671338.1
OG0001932	KAI9837091.1	jgi|Neucr_trp3_1|5863|Neucr2.NCU06385T0
OG0001935	KAI9836042.1	jgi|Morco1|203785|CE203784_1176
OG0001950	KAI9833325.1	jgi|Erypu1|5784|transcript_POS81829
OG0001955	KAI9837859.1	jgi|Fusgr1|9091|FGSG_07854T0
OG0001955	KAI9837859.1	jgi|Neucr_trp3_1|9636|Neucr2.NCU09297T0
OG0001955	KAI9837859.1	jgi|Podan3|208732|mRNA_7560
OG0001955	KAI9837859.1	jgi|PseVKM4520_1|4195|transcript_KFZ13939
OG0001955	KAI9837859.1	jgi|Sclsc1|4681|SS1G_11137T0
OG0001955	KAI9837859.1	jgi|Erypu1|6617|transcript_POS84635
OG0001955	KAI9837859.1	KAI9653446.1
OG0001955	KAI9837859.1	KAI9722844.1
OG0001955	KAI9837859.1	jgi|Aurpu_var_mel1|79545|fgenesh1_pm.52_#_10
OG0001955	KAI9837859.1	jgi|Altal1|974422|estExt_Genewise1.C_290110
OG0001955	KAI9837859.1	jgi|Aspni_DSM_1|164317|An11g11110m.01
OG0001955	KAI9837859.1	jgi|Penexp1|7359|PEXP_003540T0
OG0001955	KAI9837859.1	jgi|Cocpo1_1|271|XM_003065222.1
OG0001955	KAI9837859.1	coassemb76_001590-T1
OG0001955	KAI9837859.1	GTX0466b15_007998-T1
OG0001955	KAI9837859.1	XP_008712090.1
OG0001955	KAI9837859.1	jgi|Exoaq1|2508|A1O9_10030T0
OG0001955	KAI9837859.1	jgi|Claba1|134575|Z519_11980T0
OG0001955	KAI9837859.1	jgi|Fonmu1|4297|Z520_01282T0
OG0001955	KAI9837859.1	jgi|Capcor1|93698|A1O1_00832T0
OG0001955	KAI9837859.1	KAJ9651859.1
OG0001955	KAI9837859.1	jgi|EndpusZ1|6045|EPUS_06740T0
OG0001955	KAI9837859.1	jgi|Phach1|2748|rna2747
OG0001955	KAI9837859.1	coassemb64_001247-T1
OG0002004	KAI9835951.1	coassemb76_000425-T1
OG0002008	KAI9836244.1	coassemb376_004075-T1
OG0002022	KAI9830037.1	CAF9938633.1
OG0002081	KAI9831021.1	coassemb64_004135-T1
OG0002082	KAI9836659.1	jgi|Neucr_trp3_1|8808|Neucr2.NCU04822T0
OG0002097	KAI9832255.1	GTX0486b100_004932-T1
OG0002099	KAI9839912.1	jgi|Acastr1|127222|AST1_000761-RA
OG0002136	KAI9829233.1	jgi|Clagr3|2921|CLAGR_002585-RA
OG0002154	KAI9835940.1	jgi|Sclsc1|8089|SS1G_13512T0
OG0002184	KAI9833885.1	coassemb76_009965-T1
OG0002211	KAI9832189.1	jgi|Aspni_DSM_1|155098|An01g00340m.01
OG0002221	KAI9832941.1	jgi|EndpusZ1|176|EPUS_09319T0
OG0002235	KAI9838530.1	jgi|EndpusZ1|4631|EPUS_02121T0
OG0002326	KAI9823095.1	jgi|Grascr1|5606|GST1_009829-RA
OG0002342	KAI9827624.1	coassemb76_009114-T1
OG0002345	KAI9840054.1	coassemb378_002074-T1
OG0002349	KAI9824187.1	jgi|Acastr1|122567|AST1_006589-RA
OG0002367	KAI9839847.1	jgi|Fusgr1|5161|FGSG_12527T0
OG0002373	KAI9834879.1	FUN_005923_T1_FUN_005923
OG0002392	KAI9836807.1	jgi|Sclsc1|11983|SS1G_05012T0
OG0002468	KAI9839127.1	coassemb64_002119-T1
OG0002473	KAI9830917.1	coassemb76_009557-T1
OG0002624	KAI9838705.1	coassemb76_009612-T1
OG0002624	KAI9838705.1	KAJ9649871.1
OG0002650	KAI9833142.1	coassemb76_006781-T1
OG0002656	KAI9832418.1	jgi|Erypu1|138|transcript_POS81639
OG0002676	KAI9831149.1	jgi|Aspni_DSM_1|159061|An04g03720m.01
OG0002676	KAI9831149.1	jgi|Penexp1|7231|PEXP_004240T0
OG0002676	KAI9831149.1	jgi|Cocpo1_1|95|XM_003065046.1
OG0002676	KAI9831149.1	jgi|EndpusZ1|9236|EPUS_05867T0
OG0002676	KAI9831149.1	KAJ9654619.1
OG0002676	KAI9831149.1	jgi|Capcor1|94211|A1O1_01348T0
OG0002676	KAI9831149.1	jgi|Fonmu1|2058|Z520_06691T0
OG0002676	KAI9831149.1	jgi|Claba1|137955|Z519_04481T0
OG0002676	KAI9831149.1	jgi|Exoaq1|990|A1O9_00993T0
OG0002676	KAI9831149.1	coassemb64_000873-T1
OG0002676	KAI9831149.1	XP_008719437.1
OG0002676	KAI9831149.1	GTX0466b15_007787-T1
OG0002676	KAI9831149.1	coassemb76_005480-T1
OG0002676	KAI9831149.1	KAI9666867.1
OG0002676	KAI9831149.1	KAI9726817.1
OG0002676	KAI9831149.1	coassemb376_003947-T1
OG0002676	KAI9831149.1	coassemb376_003947-T1
OG0002676	KAI9831148.1	coassemb76_007595-T1
OG0002704	KAI9823843.1	coassemb76_008812-T1
OG0002716	KAI9835745.1	coassemb378_006947-T1
OG0002718	KAI9835710.1	coassemb64_002777-T1
OG0002738	KAI9834750.1	jgi|Monha1|1364|H072_1364m.01
OG0002738	KAI9834750.1	jgi|Sclsc1|3554|SS1G_10010T0
OG0002760	KAI9840064.1	jgi|Monha1|5677|H072_5862m.01
OG0002761	KAI9840048.1	jgi|Aspni_DSM_1|155792|An01g07490m.01
OG0002761	KAI9840048.1	coassemb376_004577-T1
OG0002764	KAI9831894.1	jgi|Ascim1|377009|estExt_fgenesh1_pg.C_420059
OG0002769	KAI9834542.1	KAI4232683.1
OG0002820	KAI9831589.1	jgi|Acastr1|119290|AST1_004379-RA
OG0003031	KAI9836424.1	jgi|Exoaq1|5208|A1O9_02731T0
OG0003044	KAI9836353.1	jgi|PseVKM4520_1|5317|transcript_KFZ11750
OG0003232	KAI9831022.1	coassemb76_000910-T1
OG0003255	KAI9829597.1	coassemb76_009234-T1
OG0003327	KAI9824126.1	jgi|Cocpo1_1|298|XM_003065249.1
OG0003327	KAI9835194.1	jgi|Morco1|537732|fgenesh1_kg.40_#_60_#_Locus3159v1rpkm49.35
OG0003398	KAI9833185.1	jgi|Cocpo1_1|5470|XM_003070423.1
OG0003422	KAI9831694.1	jgi|Grascr1|6991|GST1_002829-RA
OG0003472	KAI9834562.1	coassemb76_009613-T1
OG0003482	KAI9833791.1	jgi|Dibbae1|9620|DIBA_003758-RA
OG0003482	KAI9833791.1	jgi|Altal1|283663|CE283662_23
OG0003482	KAI9833791.1	coassemb76_009858-T1
OG0003488	KAI9827135.1	jgi|Neucr_trp3_1|1223006|e_gw1.223.19.1
OG0003534	KAI9829585.1	KAI9724968.1
OG0003680	KAI9837706.1	jgi|Morco1|577490|gm1.8266_g
OG0003689	KAI9836449.1	jgi|Clagr3|7431|CLAGR_007028-RA
OG0003782	KAI9829324.1	coassemb76_001444-T1
OG0003794	KAI9835143.1	KAI9817910.1
OG0003802	KAI9831898.1	jgi|Claba1|130454|Z519_08761T0
OG0003880	KAI9831590.1	jgi|Umbpus1|105574|LPUS_12582T0
OG0003920	KAI9840092.1	CAF9921412.1
OG0003938	KAI9836455.1	coassemb76_009999-T1
OG0003946	KAI9836797.1	jgi|Clagr3|10978|CLAGR_010969-RA
OG0003987	KAI9836846.1	jgi|Dibbae1|11444|DIBA_003947-RA
OG0004115	KAI9827988.1	jgi|Penexp1|7114|PEXP_076500T0
OG0004184	KAI9835423.1	KAI4106085.1
OG0004186	KAI9839543.1	KAI9706369.1
OG0004186	KAI9839543.1	GTX0486b100_001402-T1
OG0004186	KAI9839543.1	jgi|PseVKM4520_1|9794|transcript_KFZ02834
OG0004186	KAI9839543.1	jgi|Sclsc1|4252|SS1G_10708T0
OG0004186	KAI9839543.1	jgi|Neucr_trp3_1|1292012|fgenesh1_kg.160_#_1_#_Locus1076v1rpkm85.73
OG0004186	KAI9839543.1	jgi|Podan3|209308|mRNA_8136
OG0004186	KAI9839543.1	jgi|Fusgr1|5994|FGSG_05152T0
OG0004186	KAI9839543.1	jgi|Erypu1|1676|transcript_POS88242
OG0004186	KAI9839543.1	jgi|Artol1|6328|AOL_s00081g159m.01
OG0004186	KAI9839543.1	jgi|Monha1|6881|H072_7101m.01
OG0004186	KAI9839543.1	jgi|Morco1|141985|CE141984_7243
OG0004250	KAI9832802.1	jgi|Claba1|128932|Z519_07232T0
OG0004250	KAI9832802.1	jgi|Monha1|1644|H072_1644m.01
OG0004284	KAI9836067.1	KAJ9650877.1
OG0004308	KAI9824154.1	jgi|Fusgr1|12415|FGSG_13829T0
OG0004308	KAI9824154.1	jgi|Sclsc1|64|SS1G_00064T0
OG0004369	KAI9837079.1	jgi|Morco1|534707|fgenesh1_kg.17_#_43_#_Locus16834v1rpkm0.80
OG0004435	KAI9832263.1	coassemb378_004319-T1
OG0004527	KAI9830021.1	CAF9925501.1
OG0004596	KAI9832004.1	jgi|Podan3|203261|mRNA_2089
OG0004631	KAI9829654.1	KAI9700672.1
OG0004766	KAI9838912.1	jgi|Erypu1|6691|transcript_POS81688
OG0004795	KAI9835002.1	jgi|Claba1|139160|Z519_05692T0
OG0004811	KAI9830438.1	jgi|Grascr1|8519|GST1_003040-RA
OG0004946	KAI9837108.1	jgi|Fonmu1|9138|Z520_11544T0
OG0004993	KAI9833053.1	jgi|Aspni_DSM_1|160798|An07g05740m.01
OG0005228	KAI9827704.1	jgi|Monha1|8323|H072_8618m.01
OG0005243	KAI9835385.1	GTX0466b15_004710-T1
OG0005288	KAI9828957.1	jgi|Penexp1|936|PEXP_095660T0
OG0005366	KAI9823708.1	KAI4231955.1
OG0005369	KAI9838698.1	KAI9710391.1
OG0005391	KAI9835520.1	jgi|Fonmu1|10502|Z520_12369T0
OG0005421	KAI9831906.1	jgi|Acastr1|125559|AST1_002789-RA
OG0005425	KAI9828891.1	jgi|EndpusZ1|255|EPUS_04141T0
OG0005563	KAI9837714.1	jgi|Aurpu_var_mel1|77219|fgenesh1_pm.19_#_28
OG0005563	KAI9837714.1	jgi|Artol1|1143|AOL_s00006g483m.01
OG0005575	KAI9831698.1	jgi|Aspni_DSM_1|161719|An08g04560m.01
OG0005622	KAI9825592.1	KAI4101797.1
OG0005622	KAI9825592.1	jgi|Clagr3|8862|CLAGR_008842-RA, jgi|Clagr3|9792|CLAGR_010128-RA, jgi|Clagr3|6488|CLAGR_006593-RA
OG0005662	KAI9828967.1	CAF9941370.1
OG0005662	KAI9828967.1	KAI9719829.1
OG0005662	KAI9828967.1	jgi|Grascr1|2591|GST1_006896-RA
OG0005703	KAI9833787.1	jgi|Neucr_trp3_1|5771|Neucr2.NCU07660T0
OG0005703	KAI9833787.1	jgi|Penexp1|5410|PEXP_058710T0
OG0005802	KAI9825599.1	jgi|Acastr1|125594|AST1_007871-RA
OG0005825	KAI9837063.1	KAI9705914.1
OG0005850	KAI9836358.1	jgi|Clagr3|11036|CLAGR_010911-RA
OG0005921	KAI9826002.1	jgi|Monha1|9690|H072_10193m.01
OG0005921	KAI9826002.1	jgi|Grascr1|2195|GST1_001314-RA
OG0005946	KAI9826728.1	coassemb378_005089-T1
OG0006003	KAI9839211.1	XP_008717735.1
OG0006113	KAI9836083.1	jgi|Penexp1|2031|PEXP_024430T0
OG0006180	KAI9837502.1	CAF9942121.1
OG0006180	KAI9837502.1	jgi|Artol1|335|AOL_s00004g334m.01
OG0006180	KAI9837502.1	jgi|Acastr1|124484|AST1_001611-RA
OG0006180	KAI9837502.1	KAI9658845.1
OG0006297	KAI9830650.1, KAI9834058.1	KAJ9661893.1
OG0006297	KAI9834058.1	jgi|Exoaq1|3232|A1O9_10750T0
OG0006530	KAI9838094.1	jgi|Altal1|1017390|fgenesh1_kg.4_#_190_#_Locus2228v1rpkm69.13
OG0006532	KAI9829584.1	jgi|Claba1|130129|Z519_08436T0
OG0006654	KAI9832881.1	jgi|Dibbae1|6525|DIBA_002660-RA
OG0006706	KAI9839473.1	coassemb64_003206-T1
OG0006706	KAI9839473.1	jgi|Fonmu1|10545|Z520_03746T0
OG0006766	KAI9836376.1	jgi|Exoaq1|2630|A1O9_10154T0
OG0006841	KAI9836875.1	jgi|Exoaq1|10150|A1O9_06583T0, jgi|Exoaq1|6236|A1O9_12037T0
OG0006843	KAI9837285.1	jgi|Exoaq1|10158|A1O9_06591T0
OG0006958	KAI9826493.1	jgi|Exoaq1|2779|A1O9_10304T0
OG0007156	KAI9837744.1	coassemb376_006264-T1
OG0007215	KAI9833200.1	jgi|Aspni_DSM_1|162669|An09g02090m.01
OG0007327	KAI9839465.1	jgi|Phach1|2216|rna2215
OG0007997	KAI9839500.1	jgi|Fusgr1|12265|FGSG_13795T0
OG0007997	KAI9839500.1	jgi|Penexp1|820|PEXP_094490T0
OG0008199	KAI9829407.1	KAI9715847.1
OG0008390	KAI9830721.1	jgi|Grascr1|3382|GST1_009162-RA
