Orthogroup	JAPETI01_protein	Other
OG0000000	KAI9669948.1	jgi|Exoaq1|3410|A1O9_10929T0
OG0000003	KAI9669406.1	jgi|Podan3|201333|mRNA_161
OG0000004	KAI9666744.1	jgi|Claba1|133761|Z519_11161T0
OG0000004	KAI9659761.1	coassemb378_002494-T1
OG0000010	KAI9665518.1	jgi|Dibbae1|129|DIBA_001266-RA
OG0000011	KAI9652284.1	jgi|EndpusZ1|5497|EPUS_00653T0
OG0000013	KAI9663511.1	XP_008713341.1
OG0000013	KAI9663511.1	jgi|Umbpus1|103344|LPUS_09925T0
OG0000014	KAI9671675.1	jgi|Penexp1|10961|PEXP_021950T0
OG0000014	KAI9671675.1	jgi|EndpusZ1|5016|EPUS_06527T0
OG0000014	KAI9670970.1	KAI4208649.1
OG0000016	KAI9670232.1	KAI9716702.1
OG0000016	KAI9670232.1	GTX0486b100_001164-T1, GTX0486b100_000790-T1, GTX0486b100_001165-T1
OG0000028	KAI9659622.1	jgi|Claba1|129144|Z519_07445T0
OG0000029	KAI9667171.1	coassemb64_007229-T1
OG0000033	KAI9669152.1	jgi|Exoaq1|5505|A1O9_03029T0, jgi|Exoaq1|2387|A1O9_09913T0
OG0000037	KAI9671630.1	jgi|Aspni_DSM_1|161592|An08g03300m.01
OG0000037	KAI9671630.1	jgi|PseVKM4520_1|10891|transcript_KFZ23487
OG0000038	KAI9654460.1	jgi|Dibbae1|10385|DIBA_012139-RA, jgi|Dibbae1|3651|DIBA_008332-RA, jgi|Dibbae1|3655|DIBA_008336-RA
OG0000057	KAI9655223.1	CAF9904471.1
OG0000063	KAI9665381.1	jgi|Umbpus1|99717|LPUS_02360T0
OG0000064	KAI9663316.1	coassemb76_009611-T1
OG0000066	KAI9660261.1	jgi|Phach1|1394|rna1393
OG0000067	KAI9658190.1	jgi|Podan3|206798|mRNA_5626
OG0000069	KAI9657571.1	jgi|Grascr1|1601|GST1_007646-RA
OG0000072	KAI9669661.1	jgi|Aspni_DSM_1|167721|An16g04250m.01
OG0000075	KAI9652246.1	jgi|Dibbae1|130|DIBA_001267-RA
OG0000097	KAI9654591.1	KAI4264560.1
OG0000101	KAI9660760.1, KAI9668848.1	jgi|Aurpu_var_mel1|70638|fgenesh1_pg.57_#_3
OG0000101	KAI9659590.1	jgi|Fusgr1|4836|FGSG_03318T0
OG0000101	KAI9659590.1	jgi|Neucr_trp3_1|8767|Neucr2.NCU04791T0
OG0000101	KAI9659590.1	jgi|Podan3|207198|mRNA_6026
OG0000101	KAI9659590.1	jgi|Cocpo1_1|1763|XM_003066715.1
OG0000101	KAI9659590.1	KAI9752153.1
OG0000101	KAI9659590.1	jgi|Aspni_DSM_1|165047|An12g07490m.01
OG0000101	KAI9659590.1	jgi|Aspni_DSM_1|165047|An12g07490m.01
OG0000101	KAI9659590.1	jgi|Sclsc1|8921|SS1G_02336T0
OG0000101	KAI9659590.1	KAI4100542.1, KAI4106048.1
OG0000101	KAI9659590.1	jgi|Clagr3|3901|CLAGR_003724-RA
OG0000101	KAI9659590.1	CAF9934087.1, CAF9919950.1
OG0000101	KAI9659590.1	jgi|Umbpus1|106511|LPUS_04673T0
OG0000101	KAI9659590.1	KAI9834081.1
OG0000101	KAI9659590.1	jgi|Aurpu_var_mel1|57047|e_gw1.25.137.1
OG0000101	KAI9659590.1	jgi|Altal1|1054482|estExt_fgenesh1_pg.C_280084, jgi|Altal1|1019940|fgenesh1_kg.9_#_204_#_Locus10025v1rpkm2.47
OG0000101	KAI9659590.1	coassemb376_004011-T1, coassemb376_001871-T1
OG0000101	KAI9659590.1	GTX0486b100_006107-T1
OG0000101	KAI9659590.1	KAI9702767.1
OG0000101	KAI9659590.1	KAI9714147.1
OG0000101	KAI9659590.1	jgi|Neucr_trp3_1|9511|Neucr2.NCU05094T0
OG0000101	KAI9659590.1	jgi|Podan3|203070|mRNA_1898
OG0000101	KAI9659590.1	jgi|Neucr_trp3_1|9511|Neucr2.NCU05094T0
OG0000101	KAI9659590.1	jgi|Podan3|203070|mRNA_1898
OG0000101	KAI9659590.1	jgi|PseVKM4520_1|7329|transcript_KFZ08476
OG0000115	KAI9671342.1	jgi|Exoaq1|11438|A1O9_07774T0
OG0000115	KAI9671342.1	jgi|Clagr3|7930|CLAGR_008371-RA
OG0000125	KAI9665514.1	jgi|Dibbae1|6490|DIBA_008349-RA
OG0000131	KAI9653286.1	FUN_002144_T1_FUN_002144
OG0000131	KAI9653286.1	GTX0494b19_005216-T1
OG0000131	KAI9653286.1	KAI4110604.1
OG0000131	KAI9653286.1	KAI4227434.1
OG0000131	KAI9653286.1	KAI4238200.1
OG0000131	KAI9653286.1	KAI4097728.1
OG0000131	KAI9653286.1	KAI4290403.1
OG0000131	KAI9653286.1	CAF9903819.1
OG0000131	KAI9653286.1	jgi|Clagr3|5015|CLAGR_005308-RA
OG0000131	KAI9653286.1	jgi|Dibbae1|4467|DIBA_007615-RA
OG0000131	KAI9653286.1	jgi|Acastr1|119884|AST1_001201-RA
OG0000131	KAI9653286.1	coassemb378_008570-T1
OG0000131	KAI9653286.1	jgi|Grascr1|10446|GST1_012728-RA
OG0000131	KAI9653286.1	KAI9838004.1
OG0000131	KAI9653286.1	coassemb376_001038-T1
OG0000131	KAI9653286.1	jgi|Erypu1|5687|transcript_POS81844
OG0000131	KAI9653286.1	jgi|Aurpu_var_mel1|63718|fgenesh1_pg.4_#_55, jgi|Aurpu_var_mel1|56530|e_gw1.24.372.1
OG0000131	KAI9653286.1	jgi|Aurpu_var_mel1|63718|fgenesh1_pg.4_#_55, jgi|Aurpu_var_mel1|56530|e_gw1.24.372.1
OG0000131	KAI9653286.1	jgi|Penexp1|437|PEXP_057570T0
OG0000131	KAI9653286.1	jgi|Aspni_DSM_1|168801|An18g03570m.01
OG0000131	KAI9653286.1	jgi|Cocpo1_1|3431|XM_003068384.1
OG0000131	KAI9653286.1	jgi|Phach1|3472|rna3471
OG0000131	KAI9653286.1	KAJ9652960.1
OG0000131	KAI9653286.1	jgi|Capcor1|98774|A1O1_05941T0
OG0000131	KAI9653286.1	jgi|Claba1|132459|Z519_10778T0
OG0000131	KAI9653286.1	jgi|Fonmu1|8863|Z520_02938T0
OG0000131	KAI9653286.1	jgi|Exoaq1|9475|A1O9_05905T0
OG0000131	KAI9653286.1	XP_008712250.1
OG0000131	KAI9653286.1	GTX0466b15_006001-T1
OG0000131	KAI9653286.1	jgi|EndpusZ1|4227|EPUS_05684T0
OG0000131	KAI9653286.1	jgi|Grascr1|8627|GST1_012291-RA
OG0000131	KAI9653286.1	jgi|Grascr1|8627|GST1_012291-RA
OG0000136	KAI9652379.1	jgi|Aspni_DSM_1|158536|An03g05440m.01
OG0000151	KAI9665412.1	jgi|PseVKM4520_1|10168|transcript_KFZ24155
OG0000164	KAI9651585.1	jgi|Podan3|206414|mRNA_5242
OG0000169	KAI9660211.1	jgi|Penexp1|9251|PEXP_065540T0
OG0000170	KAI9659751.1	jgi|Penexp1|120|PEXP_020750T0
OG0000173	KAI9652568.1	coassemb64_001760-T1
OG0000173	KAI9652568.1	jgi|EndpusZ1|766|EPUS_01327T0, jgi|EndpusZ1|6019|EPUS_06714T0, jgi|EndpusZ1|1022|EPUS_04600T0
OG0000176	KAI9668803.1	jgi|Exoaq1|11622|A1O9_07958T0
OG0000176	KAI9668803.1	XP_008713361.1
OG0000176	KAI9668803.1	KAJ9653578.1
OG0000207	KAI9671008.1	GTX0486b100_005416-T1
OG0000216	KAI9652299.1	jgi|Cocpo1_1|6066|XM_003071019.1
OG0000220	KAI9665478.1	jgi|Grascr1|1541|GST1_006149-RA
OG0000228	KAI9668791.1	KAI4108699.1
OG0000228	KAI9668791.1	jgi|Clagr3|7458|CLAGR_007055-RA
OG0000238	KAI9654708.1	jgi|Aurpu_var_mel1|49698|e_gw1.11.49.1
OG0000238	KAI9654708.1	jgi|Altal1|1057710|gm1.1945_g
OG0000238	KAI9654708.1	KAI4109259.1
OG0000239	KAI9672089.1	jgi|Capcor1|94518|A1O1_01656T0
OG0000250	KAI9661417.1	jgi|Fonmu1|3815|Z520_08452T0
OG0000262	KAI9653790.1	coassemb64_006437-T1
OG0000271	KAI9656919.1	jgi|Aspni_DSM_1|162693|An09g02330m.01
OG0000279	KAI9669298.1	jgi|Neucr_trp3_1|6469|Neucr2.NCU06980T0
OG0000283	KAI9654165.1, KAI9651602.1	KAJ9655715.1
OG0000307	KAI9669097.1	jgi|Dibbae1|10153|DIBA_003107-RA
OG0000311	KAI9655881.1, KAI9651968.1	jgi|Penexp1|9779|PEXP_098470T0
OG0000315	KAI9654580.1	jgi|Penexp1|2729|PEXP_108930T0
OG0000315	KAI9654580.1	jgi|Cocpo1_1|4194|XM_003069147.1
OG0000317	KAI9665385.1	jgi|Sclsc1|1845|SS1G_08301T0
OG0000337	KAI9666881.1	coassemb64_001600-T1
OG0000337	KAI9666881.1	jgi|Capcor1|101114|A1O1_08302T0
OG0000342	KAI9665135.1	jgi|Ascim1|123924|CE123923_1326
OG0000345	KAI9655239.1	jgi|Morco1|486361|e_gw1.19.285.1
OG0000356	KAI9666765.1	KAI9830031.1, KAI9830942.1
OG0000356	KAI9666765.1	jgi|Dibbae1|5755|DIBA_002020-RA, jgi|Dibbae1|5791|DIBA_002056-RA
OG0000361	KAI9653051.1	jgi|EndpusZ1|3311|EPUS_07951T0
OG0000372	KAI9652050.1	jgi|EndpusZ1|4056|EPUS_04249T0
OG0000372	KAI9652050.1	jgi|Penexp1|2427|PEXP_052820T0
OG0000385	KAI9671078.1	jgi|Acastr1|121163|AST1_008750-RA
OG0000385	KAI9671078.1	coassemb376_006589-T1
OG0000417	KAI9653115.1	jgi|Podan3|207916|mRNA_6744, jgi|Podan3|203446|mRNA_2274
OG0000421	KAI9668409.1	jgi|Acastr1|120502|AST1_004836-RA
OG0000421	KAI9668409.1	GTX0494b19_006022-T1
OG0000431	KAI9652181.1	jgi|Dibbae1|456|DIBA_005890-RA
OG0000431	KAI9652181.1	jgi|Grascr1|12567|GST1_006084-RA
OG0000455	KAI9659712.1	jgi|Grascr1|12662|GST1_001956-RA
OG0000458	KAI9662039.1	CAF9938046.1
OG0000462	KAI9665583.1	coassemb76_005699-T1
OG0000466	KAI9652117.1	jgi|Grascr1|11362|GST1_005242-RA
OG0000485	KAI9651559.1	jgi|Penexp1|3620|PEXP_086100T0
OG0000525	KAI9670537.1	jgi|Altal1|986667|estExt_Genewise1Plus.C_8_t10153
OG0000525	KAI9670537.1	jgi|Penexp1|8547|PEXP_070070T0
OG0000580	KAI9662101.1	jgi|Capcor1|99769|A1O1_06944T0
OG0000599	KAI9662148.1	jgi|Exoaq1|7285|A1O9_03815T0
OG0000599	KAI9662148.1	jgi|Claba1|133694|Z519_11094T0
OG0000607	KAI9654579.1	jgi|Fonmu1|11791|Z520_04996T0
OG0000609	KAI9660784.1	jgi|Artol1|4636|AOL_s00078g22m.01
OG0000615	KAI9659167.1	CAF9926602.1
OG0000620	KAI9662100.1	CAF9924105.1
OG0000620	KAI9662100.1	coassemb376_002221-T1
OG0000636	KAI9666757.1	jgi|Clagr3|6601|CLAGR_006314-RA
OG0000721	KAI9656672.1	jgi|Penexp1|937|PEXP_095670T0
OG0000748	KAI9654291.1	coassemb378_006069-T1
OG0000775	KAI9670008.1	jgi|Aspni_DSM_1|166516|An14g07350m.01
OG0000791	KAI9653688.1	KAJ9651135.1
OG0000792	KAI9668634.1	jgi|Fusgr1|5336|FGSG_02884T0
OG0000832	KAI9659705.1	jgi|Aspni_DSM_1|160568|An07g03400m.01
OG0000868	KAI9667181.1	jgi|Capcor1|95944|A1O1_03087T0
OG0000880	KAI9652973.1	FUN_003923_T1_FUN_003923
OG0000897	KAI9654050.1	jgi|Fonmu1|6990|Z520_02200T0
OG0000897	KAI9654050.1	GTX0486b100_000479-T1
OG0000900	KAI9665541.1	jgi|Fusgr1|3783|FGSG_04250T0
OG0000928	KAI9672174.1	KAJ9654449.1
OG0000931	KAI9668810.1	jgi|Penexp1|7856|PEXP_008370T0
OG0000970	KAI9672602.1	jgi|Grascr1|2165|GST1_001284-RA
OG0000976	KAI9662024.1	FUN_000406_T1_FUN_000406
OG0000976	KAI9662024.1	CAF9943318.1
OG0000976	KAI9662024.1	jgi|Acastr1|127804|AST1_007648-RA
OG0001006	KAI9665487.1	jgi|Monha1|9388|H072_9849m.01
OG0001008	KAI9653588.1	jgi|EndpusZ1|9085|EPUS_06916T0
OG0001008	KAI9653588.1	jgi|Podan3|204627|mRNA_3455
OG0001046	KAI9651966.1	KAI9832412.1
OG0001046	KAI9651966.1	KAI9697615.1
OG0001060	KAI9669042.1	jgi|Morco1|578177|gm1.8953_g, jgi|Morco1|578182|gm1.8958_g, jgi|Morco1|578180|gm1.8956_g, jgi|Morco1|493985|e_gw1.58.72.1
OG0001077	KAI9670203.1	KAI4105648.1
OG0001077	KAI9670203.1	KAI4286386.1
OG0001080	KAI9660724.1	jgi|Grascr1|8725|GST1_011777-RA
OG0001082	KAI9662718.1	jgi|Sclsc1|603|SS1G_00603T0
OG0001082	KAI9662718.1	jgi|Podan3|203720|mRNA_2548
OG0001082	KAI9662718.1	jgi|Neucr_trp3_1|6701|Neucr2.NCU05230T0
OG0001085	KAI9665173.1	jgi|Fusgr1|12930|FGSG_10772T0
OG0001087	KAI9661978.1	jgi|Umbpus1|106918|LPUS_00437T0
OG0001087	KAI9661978.1	coassemb376_002274-T1
OG0001133	KAI9655450.1	jgi|Exoaq1|7366|A1O9_03896T0
OG0001135	KAI9654032.1	jgi|Artol1|3669|AOL_s00075g7m.01
OG0001159	KAI9663465.1	jgi|Sclsc1|11022|SS1G_04051T0
OG0001164	KAI9658167.1	KAJ9656002.1
OG0001177	KAI9671357.1	coassemb76_009379-T1
OG0001178	KAI9664205.1	jgi|Cocpo1_1|6081|XM_003071034.1
OG0001181	KAI9652828.1	jgi|Fonmu1|8464|Z520_11439T0
OG0001184	KAI9670216.1	jgi|Exoaq1|6235|A1O9_12036T0
OG0001191	KAI9672081.1	jgi|Erypu1|6359|transcript_POS81739
OG0001191	KAI9672081.1	jgi|Morco1|547704|fgenesh1_pg.43_#_83
OG0001213	KAI9665371.1	jgi|Penexp1|271|PEXP_000820T0
OG0001227	KAI9670990.1	jgi|Artol1|4183|AOL_s00076g279m.01
OG0001227	KAI9670990.1	jgi|Aspni_DSM_1|158193|An03g01800m.01
OG0001230	KAI9654155.1	XP_008711368.1
OG0001235	KAI9651858.1	jgi|Monha1|9471|H072_9938m.01
OG0001300	KAI9651475.1	jgi|Artol1|5665|AOL_s00079g439m.01
OG0001398	KAI9666915.1	jgi|Dibbae1|6811|DIBA_010974-RA
OG0001435	KAI9671681.1	coassemb376_005892-T1
OG0001435	KAI9671681.1	KAI4287589.1
OG0001503	KAI9671799.1	CAF9926446.1, CAF9926450.1
OG0001518	KAI9668407.1	jgi|Penexp1|8657|PEXP_013540T0
OG0001525	KAI9667114.1	FUN_009223_T1_FUN_009223
OG0001529	KAI9672058.1	coassemb64_004123-T1
OG0001529	KAI9672058.1	jgi|Aspni_DSM_1|168268|An17g00540m.01
OG0001563	KAI9660210.1	KAI4220451.1
OG0001563	KAI9660210.1	FUN_000001_T1_FUN_000001, FUN_009952_T1_FUN_009952
OG0001563	KAI9660210.1	GTX0494b19_008241-T1
OG0001563	KAI9660210.1	KAI4109341.1
OG0001563	KAI9660210.1	KAI4208380.1
OG0001563	KAI9660210.1	KAI4103729.1
OG0001563	KAI9660210.1	coassemb378_011340-T1
OG0001580	KAI9651536.1	KAI4287607.1
OG0001583	KAI9670281.1	coassemb76_002648-T1, coassemb76_002060-T1
OG0001598	KAI9669707.1	FUN_007080_T1_FUN_007080
OG0001609	KAI9669354.1	jgi|Aspni_DSM_1|155314|An01g02620m.01
OG0001609	KAI9669354.1	jgi|Penexp1|62|PEXP_021530T0, jgi|Penexp1|5215|PEXP_045400T0
OG0001609	KAI9669354.1	jgi|Cocpo1_1|6646|XM_003071599.1
OG0001609	KAI9669354.1	jgi|Phach1|4340|rna4339
OG0001609	KAI9669354.1	jgi|EndpusZ1|2223|EPUS_03952T0
OG0001609	KAI9669354.1	jgi|Fonmu1|51|Z520_00052T0
OG0001609	KAI9669354.1	jgi|Claba1|128808|Z519_07108T0
OG0001609	KAI9669354.1	jgi|Capcor1|97920|A1O1_05082T0
OG0001609	KAI9669354.1	jgi|Exoaq1|7353|A1O9_03883T0
OG0001609	KAI9669354.1	XP_008720605.1
OG0001609	KAI9669354.1	KAJ9662508.1
OG0001609	KAI9669354.1	GTX0466b15_008327-T1
OG0001609	KAI9669354.1	KAI4281491.1
OG0001609	KAI9669354.1	KAI4281491.1
OG0001640	KAI9657228.1	KAI4086500.1
OG0001688	KAI9664177.1	KAI4208429.1
OG0001748	KAI9671848.1	jgi|Monha1|5511|H072_5647m.01
OG0001776	KAI9672770.1	coassemb378_005773-T1
OG0001827	KAI9652151.1	jgi|Erypu1|6487|transcript_POS81721
OG0001841	KAI9654418.1	jgi|Acastr1|123786|AST1_006423-RA
OG0001845	KAI9658156.1	jgi|Claba1|131841|Z519_10158T0
OG0001845	KAI9658156.1	coassemb76_008813-T1
OG0001846	KAI9672663.1	coassemb76_009430-T1
OG0001862	KAI9651499.1, KAI9656097.1	jgi|Erypu1|5241|transcript_POS81923, jgi|Erypu1|35|transcript_POS81655
OG0001889	KAI9651668.1	jgi|Penexp1|5659|PEXP_110480T0
OG0001889	KAI9651668.1	jgi|Aspni_DSM_1|156334|An01g13150m.01
OG0001889	KAI9651668.1	jgi|Cocpo1_1|3868|XM_003068821.1
OG0001889	KAI9651668.1	jgi|Phach1|2618|rna2617
OG0001889	KAI9651668.1	jgi|EndpusZ1|8374|EPUS_06245T0
OG0001889	KAI9651668.1	XP_008710670.1
OG0001889	KAI9651668.1	coassemb76_001389-T1
OG0001889	KAI9651668.1	GTX0466b15_002566-T1
OG0001889	KAI9651668.1	jgi|Fonmu1|2538|Z520_07172T0
OG0001889	KAI9651668.1	jgi|Claba1|130662|Z519_08970T0
OG0001889	KAI9651668.1	jgi|Capcor1|98574|A1O1_05740T0
OG0001889	KAI9651668.1	jgi|Exoaq1|9660|A1O9_06093T0
OG0001889	KAI9651668.1	coassemb64_000211-T1
OG0001889	KAI9651668.1	KAJ9652606.1
OG0001900	KAI9651735.1, KAI9653209.1	CAF9932967.1, CAF9938707.1, CAF9938704.1, CAF9927524.1
OG0001900	KAI9651735.1, KAI9653209.1	jgi|Podan3|209699|mRNA_8527, jgi|Podan3|207569|mRNA_6397
OG0001901	KAI9652670.1	KAI4286564.1
OG0001907	KAI9671375.1	jgi|Fusgr1|4937|FGSG_12482T0
OG0001924	KAI9671338.1	jgi|Altal1|122142|CE122141_1365
OG0001924	KAI9671338.1	KAI9749245.1
OG0001924	KAI9671338.1	KAI9836099.1
OG0001924	KAI9671338.1	jgi|Acastr1|122493|AST1_008322-RA
OG0001924	KAI9671338.1	jgi|Clagr3|9606|CLAGR_009991-RA
OG0001924	KAI9671338.1	CAF9930358.1
OG0001924	KAI9671338.1	jgi|Grascr1|912|GST1_006337-RA
OG0001924	KAI9671338.1	jgi|Umbpus1|105380|LPUS_03597T0
OG0001924	KAI9671338.1	KAI9700664.1
OG0001924	KAI9671338.1	KAI9721045.1
OG0001924	KAI9671338.1	GTX0486b100_004449-T1
OG0001924	KAI9671338.1	KAI9826132.1
OG0001924	KAI9671338.1	jgi|Dibbae1|12266|DIBA_004836-RA
OG0001924	KAI9671338.1	coassemb378_007328-T1
OG0001924	KAI9671338.1	KAI4100375.1
OG0001929	KAI9653137.1	jgi|Grascr1|10011|GST1_004182-RA
OG0001932	KAI9660776.1	jgi|Neucr_trp3_1|5863|Neucr2.NCU06385T0
OG0001942	KAI9655469.1	coassemb76_007634-T1
OG0001950	KAI9656929.1	jgi|Erypu1|5784|transcript_POS81829
OG0001955	KAI9653446.1	KAI9837859.1
OG0001991	KAI9671358.1	KAI4091663.1
OG0002004	KAI9657834.1	coassemb76_000425-T1
OG0002008	KAI9669901.1	coassemb376_004075-T1
OG0002015	KAI9652319.1	coassemb76_009535-T1
OG0002020	KAI9666928.1	coassemb376_007349-T1
OG0002021	KAI9653447.1	jgi|Umbpus1|102516|LPUS_09074T0
OG0002022	KAI9671766.1	CAF9938633.1
OG0002025	KAI9657257.1	jgi|Fusgr1|278|FGSG_00225T0
OG0002060	KAI9653929.1	coassemb378_002165-T1
OG0002079	KAI9670275.1	KAI4271278.1
OG0002136	KAI9655436.1	jgi|Clagr3|2921|CLAGR_002585-RA
OG0002154	KAI9666943.1	jgi|Sclsc1|8089|SS1G_13512T0
OG0002184	KAI9659703.1	coassemb76_009965-T1
OG0002211	KAI9652259.1	jgi|Aspni_DSM_1|155098|An01g00340m.01
OG0002221	KAI9663389.1	jgi|EndpusZ1|176|EPUS_09319T0
OG0002235	KAI9670222.1	jgi|EndpusZ1|4631|EPUS_02121T0
OG0002241	KAI9669962.1	coassemb76_009947-T1
OG0002345	KAI9670528.1	coassemb378_002074-T1
OG0002349	KAI9654573.1	jgi|Acastr1|122567|AST1_006589-RA
OG0002349	KAI9654573.1	jgi|Grascr1|958|GST1_006961-RA
OG0002392	KAI9669718.1	jgi|Sclsc1|11983|SS1G_05012T0
OG0002398	KAI9654045.1	jgi|Erypu1|5004|transcript_POS81971
OG0002459	KAI9670969.1	jgi|Grascr1|1927|GST1_006382-RA
OG0002468	KAI9670984.1	coassemb64_002119-T1
OG0002488	KAI9655211.1	jgi|Erypu1|5837|transcript_POS81824
OG0002624	KAI9652848.1	coassemb76_009612-T1
OG0002630	KAI9671330.1	jgi|Aspni_DSM_1|168702|An18g02580m.01, jgi|Aspni_DSM_1|168701|An18g02570m.01
OG0002656	KAI9655692.1	jgi|Erypu1|138|transcript_POS81639
OG0002676	KAI9666867.1	KAI9831149.1
OG0002676	KAI9666867.1	coassemb376_003947-T1
OG0002704	KAI9658157.1	coassemb76_008812-T1
OG0002705	KAI9654054.1	KAI4286705.1
OG0002718	KAI9668858.1	coassemb64_002777-T1
OG0002760	KAI9661448.1	jgi|Monha1|5677|H072_5862m.01
OG0002764	KAI9669095.1	KAI9812097.1
OG0002764	KAI9669095.1	jgi|Ascim1|377009|estExt_fgenesh1_pg.C_420059
OG0002769	KAI9667058.1	KAI4232683.1
OG0002915	KAI9652251.1	jgi|Grascr1|11245|GST1_005871-RA
OG0002915	KAI9652251.1	jgi|Podan3|210066|mRNA_8894
OG0002915	KAI9652251.1	KAJ9653342.1
OG0002915	KAI9652251.1	jgi|Clagr3|2366|CLAGR_001764-RA, jgi|Clagr3|8243|CLAGR_009111-RA
OG0002965	KAI9651863.1	GTX0466b15_002243-T1
OG0002978	KAI9653096.1	jgi|Dibbae1|6486|DIBA_008345-RA
OG0003218	KAI9663551.1	jgi|Umbpus1|101609|LPUS_08336T0
OG0003232	KAI9653567.1	coassemb76_000910-T1
OG0003255	KAI9654864.1	coassemb76_009234-T1
OG0003320	KAI9670625.1	jgi|Morco1|582358|MIX1456_1203_46
OG0003326	KAI9669084.1	jgi|Exoaq1|10143|A1O9_06576T0
OG0003327	KAI9669890.1	jgi|Cocpo1_1|298|XM_003065249.1
OG0003358	KAI9668639.1	jgi|Acastr1|123626|AST1_006950-RA
OG0003358	KAI9668639.1	KAI9816652.1
OG0003398	KAI9668760.1	jgi|Cocpo1_1|5470|XM_003070423.1
OG0003402	KAI9652822.1	coassemb376_001305-T1
OG0003426	KAI9672744.1	jgi|Dibbae1|12574|DIBA_004250-RA
OG0003467	KAI9664232.1	jgi|Dibbae1|12474|DIBA_004861-RA
OG0003534	KAI9652150.1	KAI9724968.1
OG0003680	KAI9671016.1	jgi|Morco1|577490|gm1.8266_g
OG0003709	KAI9657825.1	coassemb376_002099-T1
OG0003739	KAI9652367.1	KAI4289387.1
OG0003770	KAI9656669.1	GTX0486b100_007696-T1
OG0003770	KAI9656669.1	CAF9925423.1
OG0003794	KAI9669412.1	KAI9817910.1
OG0003828	KAI9661406.1	FUN_005187_T1_FUN_005187
OG0003840	KAI9670171.1	jgi|Claba1|137073|Z519_12810T0
OG0003840	KAI9670171.1	XP_008710554.1, XP_008721554.1
OG0003879	KAI9663298.1	GTX0486b100_006270-T1
OG0003880	KAI9653807.1	jgi|Umbpus1|105574|LPUS_12582T0
OG0003897	KAI9654019.1	coassemb76_009113-T1
OG0003980	KAI9655435.1	coassemb76_006176-T1
OG0004137	KAI9652010.1	jgi|EndpusZ1|7542|EPUS_07291T0
OG0004143	KAI9657884.1	coassemb76_009739-T1
OG0004250	KAI9657519.1	jgi|Claba1|128932|Z519_07232T0
OG0004250	KAI9657519.1	jgi|Monha1|1644|H072_1644m.01
OG0004251	KAI9653454.1	jgi|Clagr3|1524|CLAGR_002318-RA
OG0004251	KAI9653454.1	jgi|Exoaq1|6274|A1O9_12075T0
OG0004284	KAI9666929.1	KAJ9650877.1
OG0004308	KAI9672833.1	jgi|Fusgr1|12415|FGSG_13829T0
OG0004308	KAI9672833.1	jgi|Sclsc1|64|SS1G_00064T0
OG0004318	KAI9653203.1	jgi|PseVKM4520_1|3541|transcript_KFZ14981
OG0004435	KAI9652785.1	GTX0486b100_006750-T1
OG0004456	KAI9651558.1	coassemb76_009740-T1
OG0004511	KAI9670333.1	coassemb76_009565-T1
OG0004527	KAI9667072.1	CAF9925501.1
OG0004527	KAI9652523.1	GTX0466b15_001821-T1
OG0004527	KAI9652523.1	XP_008719116.1
OG0004527	KAI9652523.1	coassemb64_005414-T1, coassemb64_008352-T1
OG0004527	KAI9652523.1	jgi|Capcor1|94144|A1O1_01281T0
OG0004527	KAI9652523.1	jgi|Claba1|138055|Z519_04581T0
OG0004527	KAI9652523.1	jgi|Fonmu1|6450|Z520_10264T0
OG0004527	KAI9652523.1	jgi|Exoaq1|1161|A1O9_01166T0
OG0004527	KAI9652523.1	KAJ9651963.1
OG0004527	KAI9652523.1	jgi|Podan3|202560|mRNA_1388
OG0004527	KAI9652523.1	jgi|Neucr_trp3_1|997|Neucr2.NCU09363T0
OG0004527	KAI9652523.1	jgi|Fusgr1|3981|FGSG_12314T0, jgi|Fusgr1|3980|FGSG_12313T0
OG0004527	KAI9652523.1	jgi|EndpusZ1|7342|EPUS_03650T0
OG0004527	KAI9652523.1	jgi|Phach1|2911|rna2910
OG0004527	KAI9652523.1	jgi|Erypu1|6707|transcript_POS87618
OG0004527	KAI9652523.1	jgi|Sclsc1|13501|SS1G_06530T0
OG0004527	KAI9652523.1	KAI4097443.1
OG0004527	KAI9652523.1	KAI4227892.1
OG0004527	KAI9652523.1	KAI4238982.1
OG0004527	KAI9652523.1	GTX0494b19_006971-T1
OG0004527	KAI9652523.1	KAI4289443.1
OG0004527	KAI9652523.1	KAI4106446.1
OG0004527	KAI9652523.1	jgi|Umbpus1|105507|LPUS_12488T0
OG0004527	KAI9652523.1	CAF9939350.1
OG0004527	KAI9652523.1	jgi|Clagr3|10527|CLAGR_010271-RA
OG0004527	KAI9652523.1	jgi|Dibbae1|1394|DIBA_006033-RA
OG0004527	KAI9652523.1	jgi|Grascr1|10858|GST1_000951-RA, jgi|Grascr1|10611|GST1_005488-RA
OG0004527	KAI9652523.1	coassemb376_002663-T1
OG0004527	KAI9652523.1	coassemb378_004286-T1
OG0004595	KAI9670649.1	jgi|Acastr1|127333|AST1_006860-RA
OG0004596	KAI9669630.1	jgi|Podan3|203261|mRNA_2089
OG0004596	KAI9669630.1	jgi|Phach1|1746|rna1745
OG0004609	KAI9669136.1	jgi|Clagr3|2100|CLAGR_002088-RA
OG0004631	KAI9664219.1	KAI9700672.1
OG0004648	KAI9657256.1	jgi|Fonmu1|3939|Z520_08576T0
OG0004664	KAI9660228.1	jgi|Grascr1|678|GST1_001391-RA
OG0004683	KAI9669909.1	jgi|Podan3|206003|mRNA_4831
OG0004739	KAI9653450.1	jgi|Umbpus1|101492|LPUS_08193T0
OG0004795	KAI9670181.1	jgi|Claba1|139160|Z519_05692T0
OG0004825	KAI9665338.1	jgi|Aspni_DSM_1|158621|An03g06350m.01
OG0004883	KAI9659214.1	coassemb64_000259-T1
OG0004946	KAI9660777.1	jgi|Fonmu1|9138|Z520_11544T0
OG0004966	KAI9659187.1	coassemb378_011168-T1
OG0004993	KAI9662000.1	jgi|Aspni_DSM_1|160798|An07g05740m.01
OG0005228	KAI9667080.1	jgi|Monha1|8323|H072_8618m.01
OG0005243	KAI9669015.1	GTX0466b15_004710-T1
OG0005288	KAI9655038.1	jgi|Penexp1|936|PEXP_095660T0
OG0005427	KAI9671705.1	KAI9814970.1
OG0005432	KAI9669307.1	coassemb378_005041-T1
OG0005478	KAI9653093.1	jgi|Penexp1|3367|PEXP_084480T0
OG0005523	KAI9669022.1	jgi|Acastr1|120100|AST1_007404-RA
OG0005575	KAI9653491.1	jgi|Aspni_DSM_1|161719|An08g04560m.01
OG0005666	KAI9669135.1	FUN_002097_T1_FUN_002097
OG0005703	KAI9654026.1	jgi|Neucr_trp3_1|5771|Neucr2.NCU07660T0
OG0005703	KAI9654026.1	jgi|Penexp1|5410|PEXP_058710T0
OG0005794	KAI9668809.1	coassemb76_008471-T1
OG0005867	KAI9652451.1	KAI4218542.1
OG0005898	KAI9654013.1	KAI9723592.1
OG0006022	KAI9651586.1	jgi|EndpusZ1|6271|EPUS_05121T0
OG0006037	KAI9655060.1	jgi|Neucr_trp3_1|9642|Neucr2.NCU17154T0, jgi|Neucr_trp3_1|9558|Neucr2.NCU05047T0
OG0006149	KAI9665311.1	jgi|Claba1|135032|Z519_12439T0
OG0006178	KAI9652210.1	jgi|Acastr1|127717|AST1_006475-RA
OG0006178	KAI9652210.1	jgi|Grascr1|8723|GST1_011775-RA
OG0006180	KAI9658845.1	jgi|Altal1|950824|e_gw1.42.62.1
OG0006180	KAI9658845.1	jgi|Sclsc1|6078|SS1G_01579T0
OG0006180	KAI9658845.1	jgi|Acastr1|119423|AST1_002709-RA
OG0006180	KAI9658845.1	CAF9906766.1
OG0006180	KAI9658845.1	jgi|EndpusZ1|8991|EPUS_05251T0
OG0006180	KAI9658845.1	CAF9942121.1
OG0006180	KAI9658845.1	CAF9942121.1
OG0006180	KAI9658845.1	jgi|Artol1|335|AOL_s00004g334m.01
OG0006180	KAI9658845.1	jgi|Artol1|335|AOL_s00004g334m.01
OG0006180	KAI9658845.1	jgi|Podan3|207541|mRNA_6369
OG0006180	KAI9658845.1	jgi|Grascr1|7955|GST1_003757-RA
OG0006180	KAI9658845.1	GTX0466b15_006049-T1
OG0006180	KAI9658845.1	jgi|Fonmu1|10398|Z520_12265T0
OG0006180	KAI9658845.1	jgi|Aspni_DSM_1|156315|An01g12950m.01
OG0006180	KAI9658845.1	KAI9837502.1
OG0006180	KAI9658845.1	jgi|Penexp1|4888|PEXP_042890T0
OG0006180	KAI9658845.1	jgi|Cocpo1_1|4709|XM_003069662.1, jgi|Cocpo1_1|6935|XM_003071888.1
OG0006180	KAI9658845.1	jgi|Acastr1|124484|AST1_001611-RA
OG0006180	KAI9658845.1	jgi|Acastr1|124484|AST1_001611-RA
OG0006530	KAI9654302.1	jgi|Grascr1|2299|GST1_009044-RA
OG0006556	KAI9655898.1	KAJ9657159.1
OG0006740	KAI9666811.1	jgi|Grascr1|719|GST1_007019-RA
OG0006890	KAI9651535.1	jgi|Clagr3|5815|CLAGR_006866-RA
OG0006971	KAI9672148.1, KAI9665517.1	jgi|Clagr3|9737|CLAGR_009556-RA
OG0006971	KAI9672148.1, KAI9665517.1	CAF9942966.1
OG0006971	KAI9672148.1, KAI9665517.1	jgi|Penexp1|1826|PEXP_022380T0
OG0006971	KAI9672148.1, KAI9665517.1	KAI4231147.1
OG0006971	KAI9672148.1, KAI9665517.1	KAI4228173.1
OG0006971	KAI9672148.1, KAI9665517.1	KAI4105205.1
OG0006971	KAI9672148.1, KAI9665517.1	FUN_001832_T1_FUN_001832
OG0006971	KAI9672148.1, KAI9665517.1	GTX0494b19_006532-T1
OG0006971	KAI9672148.1, KAI9665517.1	coassemb376_005358-T1
OG0006971	KAI9672148.1, KAI9665517.1	KAI4280711.1, KAI4284473.1
OG0006971	KAI9672148.1, KAI9665517.1	KAI4110014.1
OG0007038	KAI9670541.1	KAJ9659347.1
OG0007156	KAI9665481.1	coassemb376_006264-T1
OG0007215	KAI9657864.1	jgi|Aspni_DSM_1|162669|An09g02090m.01
OG0007268	KAI9651875.1	jgi|Fusgr1|6757|FGSG_12819T0
OG0007270	KAI9672085.1	coassemb76_005880-T1
OG0007449	KAI9669334.1	coassemb64_005957-T1
OG0007765	KAI9669306.1	jgi|Aspni_DSM_1|159443|An04g07590m.01
OG0007857	KAI9665519.1	KAI4218735.1
OG0007997	KAI9668769.1	jgi|Penexp1|820|PEXP_094490T0
OG0007997	KAI9668769.1	jgi|Fusgr1|12265|FGSG_13795T0
