Orthogroup	Monha1_GeneCatalog_proteins_20131210.aa	Other
OG0000000	jgi|Monha1|110|H072_110m.01	jgi|Exoaq1|3558|A1O9_11078T0
OG0000000	jgi|Monha1|110|H072_110m.01	CAF9931851.1
OG0000000	jgi|Monha1|1854|H072_1855m.01, jgi|Monha1|5832|H072_6021m.01, jgi|Monha1|8905|H072_9298m.01	jgi|Exoaq1|3410|A1O9_10929T0
OG0000004	jgi|Monha1|3743|H072_3772m.01	coassemb378_002494-T1
OG0000009	jgi|Monha1|6336|H072_6538m.01	jgi|Exoaq1|5525|A1O9_03049T0
OG0000009	jgi|Monha1|6336|H072_6538m.01	KAJ9663857.1, KAJ9652153.1
OG0000009	jgi|Monha1|6336|H072_6538m.01	jgi|Claba1|128724|Z519_07022T0
OG0000015	jgi|Monha1|7534|H072_7784m.01	KAI4087037.1
OG0000015	jgi|Monha1|7534|H072_7784m.01	FUN_003841_T1_FUN_003841
OG0000015	jgi|Monha1|7534|H072_7784m.01	jgi|Grascr1|8617|GST1_011570-RA
OG0000015	jgi|Monha1|7534|H072_7784m.01	jgi|Clagr3|10067|CLAGR_010241-RA
OG0000015	jgi|Monha1|7534|H072_7784m.01	jgi|EndpusZ1|819|EPUS_01535T0
OG0000015	jgi|Monha1|7534|H072_7784m.01	jgi|Exoaq1|7844|A1O9_04375T0
OG0000015	jgi|Monha1|7534|H072_7784m.01	CAF9911567.1
OG0000015	jgi|Monha1|7534|H072_7784m.01	jgi|Dibbae1|9026|DIBA_003300-RA
OG0000015	jgi|Monha1|7534|H072_7784m.01	jgi|Umbpus1|99289|LPUS_05847T0
OG0000015	jgi|Monha1|7534|H072_7784m.01	jgi|Sclsc1|1020|SS1G_01020T0
OG0000015	jgi|Monha1|7534|H072_7784m.01	jgi|Podan3|206505|mRNA_5333, jgi|Podan3|203109|mRNA_1937
OG0000015	jgi|Monha1|7534|H072_7784m.01	jgi|Aspni_DSM_1|162179|An08g09230m.01
OG0000027	jgi|Monha1|2593|H072_2598m.01	jgi|Penexp1|2017|PEXP_024290T0
OG0000033	jgi|Monha1|1423|H072_1423m.01, jgi|Monha1|2319|H072_2324m.01	jgi|Exoaq1|5505|A1O9_03029T0
OG0000037	jgi|Monha1|2110|H072_2114m.01	jgi|Aspni_DSM_1|162551|An09g00850m.01
OG0000038	jgi|Monha1|6129|H072_6324m.01	jgi|Dibbae1|3651|DIBA_008332-RA, jgi|Dibbae1|3655|DIBA_008336-RA
OG0000038	jgi|Monha1|6129|H072_6324m.01	jgi|Dibbae1|10385|DIBA_012139-RA
OG0000053	jgi|Monha1|2879|H072_2886m.01	jgi|Podan3|203414|mRNA_2242
OG0000053	jgi|Monha1|5245|H072_5356m.01	jgi|EndpusZ1|3637|EPUS_09187T0, jgi|EndpusZ1|3629|EPUS_09122T0
OG0000057	jgi|Monha1|9666|H072_10164m.01	jgi|Exoaq1|5750|A1O9_03277T0
OG0000057	jgi|Monha1|9665|H072_10163m.01	jgi|Fusgr1|2767|FGSG_12134T0, jgi|Fusgr1|3417|FGSG_04581T0
OG0000057	jgi|Monha1|9665|H072_10163m.01	FUN_005600_T1_FUN_005600
OG0000057	jgi|Monha1|9026|H072_9451m.01	CAF9904471.1
OG0000063	jgi|Monha1|4578|H072_4673m.01, jgi|Monha1|8470|H072_8777m.01	jgi|Umbpus1|99717|LPUS_02360T0
OG0000063	jgi|Monha1|1456|H072_1456m.01, jgi|Monha1|2246|H072_2251m.01	jgi|Phach1|2642|rna2641
OG0000087	jgi|Monha1|9316|H072_9752m.01	jgi|Grascr1|5981|GST1_011598-RA
OG0000089	jgi|Monha1|10334|H072_10932m.01	jgi|Penexp1|3664|PEXP_085460T0
OG0000101	jgi|Monha1|3428|H072_3447m.01	jgi|Aurpu_var_mel1|70638|fgenesh1_pg.57_#_3
OG0000104	jgi|Monha1|1868|H072_1869m.01	CAF9921432.1
OG0000146	jgi|Monha1|4084|H072_4117m.01	jgi|Fonmu1|2522|Z520_07156T0
OG0000160	jgi|Monha1|1130|H072_1130m.01, jgi|Monha1|675|H072_675m.01, jgi|Monha1|1583|H072_1583m.01, jgi|Monha1|9789|H072_10303m.01	jgi|EndpusZ1|1203|EPUS_00014T0
OG0000160	jgi|Monha1|1130|H072_1130m.01, jgi|Monha1|675|H072_675m.01, jgi|Monha1|1583|H072_1583m.01, jgi|Monha1|9789|H072_10303m.01	jgi|Fonmu1|8828|Z520_02903T0
OG0000160	jgi|Monha1|1130|H072_1130m.01, jgi|Monha1|675|H072_675m.01, jgi|Monha1|1583|H072_1583m.01, jgi|Monha1|9789|H072_10303m.01	jgi|Altal1|938129|e_gw1.13.798.1
OG0000164	jgi|Monha1|707|H072_707m.01	jgi|Podan3|206414|mRNA_5242
OG0000216	jgi|Monha1|5573|H072_5730m.01	jgi|Cocpo1_1|6066|XM_003071019.1
OG0000225	jgi|Monha1|7794|H072_8061m.01	KAI4288535.1
OG0000259	jgi|Monha1|10457|H072_11079m.01	jgi|Exoaq1|9275|A1O9_05702T0
OG0000272	jgi|Monha1|5673|H072_5852m.01	jgi|Penexp1|7672|PEXP_006520T0
OG0000282	jgi|Monha1|10627|H072_11289m.01	KAI9753821.1
OG0000282	jgi|Monha1|10627|H072_11289m.01	jgi|Fusgr1|4991|FGSG_12496T0
OG0000285	jgi|Monha1|5709|H072_5895m.01	jgi|Grascr1|8449|GST1_000596-RA
OG0000295	jgi|Monha1|99|H072_99m.01, jgi|Monha1|8731|H072_9064m.01	jgi|Morco1|606068|estExt_Genemark1.C_280061
OG0000295	jgi|Monha1|99|H072_99m.01, jgi|Monha1|8731|H072_9064m.01	GTX0494b19_007695-T1
OG0000295	jgi|Monha1|99|H072_99m.01, jgi|Monha1|8731|H072_9064m.01	FUN_000130_T1_FUN_000130
OG0000295	jgi|Monha1|99|H072_99m.01, jgi|Monha1|8731|H072_9064m.01	jgi|Morco1|606068|estExt_Genemark1.C_280061
OG0000295	jgi|Monha1|99|H072_99m.01, jgi|Monha1|8731|H072_9064m.01	jgi|EndpusZ1|4200|EPUS_09491T0
OG0000295	jgi|Monha1|99|H072_99m.01, jgi|Monha1|8731|H072_9064m.01	jgi|Grascr1|1219|GST1_006189-RA
OG0000295	jgi|Monha1|99|H072_99m.01, jgi|Monha1|8731|H072_9064m.01	jgi|Clagr3|32|CLAGR_000031-RA
OG0000295	jgi|Monha1|99|H072_99m.01, jgi|Monha1|8731|H072_9064m.01	CAF9913863.1
OG0000295	jgi|Monha1|99|H072_99m.01, jgi|Monha1|8731|H072_9064m.01	KAI4092258.1
OG0000295	jgi|Monha1|99|H072_99m.01, jgi|Monha1|8731|H072_9064m.01	coassemb378_007442-T1
OG0000295	jgi|Monha1|99|H072_99m.01, jgi|Monha1|8731|H072_9064m.01	jgi|Fonmu1|10690|Z520_03891T0
OG0000296	jgi|Monha1|5379|H072_5492m.01	KAI4283092.1
OG0000314	jgi|Monha1|5185|H072_5293m.01	coassemb378_006733-T1
OG0000315	jgi|Monha1|166|H072_166m.01	jgi|Penexp1|2729|PEXP_108930T0
OG0000315	jgi|Monha1|166|H072_166m.01	jgi|Cocpo1_1|4194|XM_003069147.1
OG0000399	jgi|Monha1|4127|H072_4163m.01	jgi|Cocpo1_1|2934|XM_003067887.1
OG0000399	jgi|Monha1|4127|H072_4163m.01	jgi|Exoaq1|3000|A1O9_10522T0
OG0000399	jgi|Monha1|4127|H072_4163m.01	jgi|Fonmu1|756|Z520_00758T0
OG0000401	jgi|Monha1|4268|H072_4348m.01	jgi|Grascr1|8194|GST1_011048-RA
OG0000401	jgi|Monha1|4268|H072_4348m.01	jgi|Dibbae1|10328|DIBA_003666-RA
OG0000401	jgi|Monha1|4268|H072_4348m.01	coassemb378_005721-T1
OG0000401	jgi|Monha1|4268|H072_4348m.01	KAI9838685.1
OG0000401	jgi|Monha1|4268|H072_4348m.01	coassemb376_002655-T1
OG0000401	jgi|Monha1|4268|H072_4348m.01	KAI4101331.1
OG0000401	jgi|Monha1|4268|H072_4348m.01	GTX0494b19_001676-T1
OG0000401	jgi|Monha1|4268|H072_4348m.01	FUN_008424_T1_FUN_008424
OG0000401	jgi|Monha1|4268|H072_4348m.01	KAI4221676.1
OG0000401	jgi|Monha1|4268|H072_4348m.01	KAI4288814.1
OG0000401	jgi|Monha1|4268|H072_4348m.01	jgi|Clagr3|5389|CLAGR_004734-RA
OG0000401	jgi|Monha1|4268|H072_4348m.01	CAF9909356.1
OG0000401	jgi|Monha1|4268|H072_4348m.01	jgi|Umbpus1|104706|LPUS_11521T0
OG0000401	jgi|Monha1|4268|H072_4348m.01	jgi|Aurpu_var_mel1|76049|fgenesh1_pm.13_#_98
OG0000401	jgi|Monha1|4268|H072_4348m.01	jgi|PseVKM4520_1|4264|transcript_KFZ13777, jgi|PseVKM4520_1|8994|transcript_KFZ03749
OG0000401	jgi|Monha1|4268|H072_4348m.01	jgi|Penexp1|8952|PEXP_069470T0
OG0000401	jgi|Monha1|4268|H072_4348m.01	jgi|Cocpo1_1|5761|XM_003070714.1
OG0000401	jgi|Monha1|4268|H072_4348m.01	jgi|Acastr1|125802|AST1_000490-RA
OG0000401	jgi|Monha1|4268|H072_4348m.01	jgi|Fonmu1|12202|Z520_05408T0
OG0000401	jgi|Monha1|4268|H072_4348m.01	jgi|Claba1|134294|Z519_11696T0
OG0000401	jgi|Monha1|4268|H072_4348m.01	jgi|Capcor1|98210|A1O1_05374T0
OG0000401	jgi|Monha1|4268|H072_4348m.01	jgi|Exoaq1|1718|A1O9_01724T0
OG0000401	jgi|Monha1|4268|H072_4348m.01	GTX0466b15_008043-T1
OG0000401	jgi|Monha1|4268|H072_4348m.01	XP_008713461.1
OG0000401	jgi|Monha1|4268|H072_4348m.01	KAJ9650748.1
OG0000401	jgi|Monha1|4268|H072_4348m.01	jgi|EndpusZ1|1257|EPUS_00068T0, jgi|EndpusZ1|8708|EPUS_05654T0
OG0000411	jgi|Monha1|6640|H072_6853m.01	KAI4091501.1
OG0000428	jgi|Monha1|9345|H072_9788m.01	KAI9826689.1
OG0000466	jgi|Monha1|3100|H072_3109m.01	jgi|Grascr1|11362|GST1_005242-RA
OG0000525	jgi|Monha1|2335|H072_2340m.01	jgi|Penexp1|8547|PEXP_070070T0
OG0000525	jgi|Monha1|2335|H072_2340m.01	jgi|Altal1|986667|estExt_Genewise1Plus.C_8_t10153
OG0000525	jgi|Monha1|2335|H072_2340m.01	jgi|Sclsc1|9153|SS1G_02568T0
OG0000555	jgi|Monha1|4303|H072_4395m.01	coassemb76_003908-T1
OG0000591	jgi|Monha1|2313|H072_2318m.01	jgi|Dibbae1|10169|DIBA_003123-RA, jgi|Dibbae1|1749|DIBA_006332-RA
OG0000599	jgi|Monha1|6200|H072_6395m.01	jgi|Exoaq1|7285|A1O9_03815T0
OG0000599	jgi|Monha1|6200|H072_6395m.01	jgi|Claba1|133694|Z519_11094T0
OG0000615	jgi|Monha1|6370|H072_6578m.01	CAF9926602.1
OG0000703	jgi|Monha1|10433|H072_11055m.01	jgi|Altal1|1099843|estExt_Genemark1.C_310035
OG0000708	jgi|Monha1|665|H072_665m.01	jgi|Exoaq1|1826|A1O9_01832T0
OG0000752	jgi|Monha1|3892|H072_3924m.01	jgi|Dibbae1|3999|DIBA_006726-RA
OG0000767	jgi|Monha1|6877|H072_7096m.01	jgi|Dibbae1|6289|DIBA_009260-RA
OG0000767	jgi|Monha1|6877|H072_7096m.01	coassemb64_000890-T1
OG0000791	jgi|Monha1|10257|H072_10833m.01	GTX0466b15_004002-T1
OG0000791	jgi|Monha1|10257|H072_10833m.01	jgi|EndpusZ1|9090|EPUS_06921T0
OG0000797	jgi|Monha1|6753|H072_6970m.01, jgi|Monha1|5858|H072_6047m.01, jgi|Monha1|212|H072_212m.01, jgi|Monha1|8780|H072_9122m.01	jgi|Aspni_DSM_1|160788|An07g05640m.01, jgi|Aspni_DSM_1|158580|An03g05900m.01
OG0000797	jgi|Monha1|6753|H072_6970m.01, jgi|Monha1|5858|H072_6047m.01, jgi|Monha1|212|H072_212m.01	GTX0466b15_009410-T1
OG0000797	jgi|Monha1|6753|H072_6970m.01, jgi|Monha1|5858|H072_6047m.01, jgi|Monha1|212|H072_212m.01	jgi|Exoaq1|10688|A1O9_07057T0, jgi|Exoaq1|2759|A1O9_10284T0, jgi|Exoaq1|7958|A1O9_04491T0
OG0000797	jgi|Monha1|6753|H072_6970m.01, jgi|Monha1|5858|H072_6047m.01, jgi|Monha1|212|H072_212m.01	KAJ9653878.1, KAJ9651587.1
OG0000797	jgi|Monha1|6753|H072_6970m.01, jgi|Monha1|5858|H072_6047m.01, jgi|Monha1|212|H072_212m.01	jgi|Claba1|130977|Z519_09288T0, jgi|Claba1|136543|Z519_03074T0
OG0000797	jgi|Monha1|6753|H072_6970m.01, jgi|Monha1|5858|H072_6047m.01, jgi|Monha1|212|H072_212m.01	XP_008718131.1
OG0000797	jgi|Monha1|6753|H072_6970m.01, jgi|Monha1|5858|H072_6047m.01, jgi|Monha1|212|H072_212m.01	jgi|Capcor1|92815|A1O1_09240T0, jgi|Capcor1|93421|A1O1_00553T0
OG0000797	jgi|Monha1|6753|H072_6970m.01, jgi|Monha1|5858|H072_6047m.01, jgi|Monha1|212|H072_212m.01	jgi|Fonmu1|7831|Z520_10803T0
OG0000797	jgi|Monha1|8780|H072_9122m.01	jgi|Claba1|130534|Z519_08841T0
OG0000797	jgi|Monha1|8780|H072_9122m.01	jgi|Podan3|207989|mRNA_6817
OG0000797	jgi|Monha1|8780|H072_9122m.01	coassemb378_005664-T1
OG0000797	jgi|Monha1|8780|H072_9122m.01	jgi|Fusgr1|9175|FGSG_07927T0
OG0000880	jgi|Monha1|1681|H072_1682m.01	FUN_003923_T1_FUN_003923
OG0000928	jgi|Monha1|1976|H072_1977m.01	CAF9924993.1
OG0000931	jgi|Monha1|6876|H072_7095m.01	jgi|Penexp1|7856|PEXP_008370T0
OG0000974	jgi|Monha1|636|H072_636m.01, jgi|Monha1|5653|H072_5832m.01	jgi|Dibbae1|9218|DIBA_011494-RA
OG0001006	jgi|Monha1|9388|H072_9849m.01	KAI9758212.1
OG0001006	jgi|Monha1|9388|H072_9849m.01	jgi|Sclsc1|2020|SS1G_08476T0
OG0001006	jgi|Monha1|9388|H072_9849m.01	jgi|PseVKM4520_1|3091|transcript_KFZ15849
OG0001006	jgi|Monha1|9388|H072_9849m.01	jgi|Fusgr1|3759|FGSG_04272T0
OG0001006	jgi|Monha1|9388|H072_9849m.01	jgi|Podan3|209713|mRNA_8541
OG0001006	jgi|Monha1|9388|H072_9849m.01	jgi|Neucr_trp3_1|6256|Neucr2.NCU08029T0
OG0001006	jgi|Monha1|9388|H072_9849m.01	jgi|Erypu1|36|transcript_POS84462
OG0001006	jgi|Monha1|9388|H072_9849m.01	KAI9827172.1
OG0001006	jgi|Monha1|9388|H072_9849m.01	KAI9721924.1
OG0001006	jgi|Monha1|9388|H072_9849m.01	KAI9703900.1
OG0001006	jgi|Monha1|9388|H072_9849m.01	GTX0486b100_004609-T1
OG0001006	jgi|Monha1|9388|H072_9849m.01	jgi|Capcor1|95536|A1O1_02676T0
OG0001006	jgi|Monha1|9388|H072_9849m.01	jgi|Exoaq1|3323|A1O9_10840T0
OG0001006	jgi|Monha1|9388|H072_9849m.01	jgi|Claba1|130240|Z519_08547T0
OG0001006	jgi|Monha1|9388|H072_9849m.01	jgi|Fonmu1|609|Z520_00611T0
OG0001006	jgi|Monha1|9388|H072_9849m.01	XP_008716343.1
OG0001006	jgi|Monha1|9388|H072_9849m.01	coassemb76_009633-T1
OG0001006	jgi|Monha1|9388|H072_9849m.01	GTX0466b15_000359-T1
OG0001006	jgi|Monha1|9388|H072_9849m.01	jgi|EndpusZ1|2300|EPUS_01952T0
OG0001006	jgi|Monha1|9388|H072_9849m.01	jgi|Aurpu_var_mel1|56672|e_gw1.24.463.1
OG0001006	jgi|Monha1|9388|H072_9849m.01	KAI9665487.1
OG0001006	jgi|Monha1|9388|H072_9849m.01	jgi|Altal1|1022612|fgenesh1_kg.17_#_2_#_Locus1310v1rpkm119.92
OG0001006	jgi|Monha1|9388|H072_9849m.01	KAI9836670.1
OG0001006	jgi|Monha1|9388|H072_9849m.01	jgi|Phach1|3133|rna3132, jgi|Phach1|436|rna435
OG0001006	jgi|Monha1|9388|H072_9849m.01	jgi|Acastr1|125539|AST1_002769-RA
OG0001006	jgi|Monha1|9388|H072_9849m.01	jgi|Cocpo1_1|1379|XM_003066331.1
OG0001006	jgi|Monha1|9388|H072_9849m.01	jgi|Penexp1|10203|PEXP_019260T0, jgi|Penexp1|8435|PEXP_037460T0
OG0001006	jgi|Monha1|9388|H072_9849m.01	jgi|Aspni_DSM_1|155273|An01g02190m.01
OG0001006	jgi|Monha1|9388|H072_9849m.01	jgi|Clagr3|11007|CLAGR_010682-RA
OG0001006	jgi|Monha1|9388|H072_9849m.01	coassemb376_002852-T1
OG0001051	jgi|Monha1|3021|H072_3029m.01	jgi|Penexp1|5578|PEXP_109670T0
OG0001084	jgi|Monha1|4681|H072_4783m.01	jgi|Fusgr1|6893|FGSG_05944T0
OG0001085	jgi|Monha1|1798|H072_1799m.01	jgi|Fusgr1|7214|FGSG_06229T0
OG0001093	jgi|Monha1|10095|H072_10639m.01	jgi|Grascr1|4487|GST1_002553-RA
OG0001093	jgi|Monha1|10095|H072_10639m.01	jgi|Clagr3|8059|CLAGR_008424-RA
OG0001093	jgi|Monha1|10095|H072_10639m.01	CAF9930109.1
OG0001093	jgi|Monha1|10095|H072_10639m.01	KAI4086565.1, KAI4100345.1
OG0001093	jgi|Monha1|10095|H072_10639m.01	KAI4223712.1, KAI4218048.1
OG0001093	jgi|Monha1|10095|H072_10639m.01	GTX0494b19_008596-T1, GTX0494b19_007979-T1
OG0001093	jgi|Monha1|10095|H072_10639m.01	KAI4219483.1, KAI4236695.1, KAI4221845.1
OG0001093	jgi|Monha1|10095|H072_10639m.01	FUN_009750_T1_FUN_009750, FUN_006873_T1_FUN_006873
OG0001093	jgi|Monha1|10095|H072_10639m.01	KAI4085940.1
OG0001093	jgi|Monha1|10095|H072_10639m.01	jgi|Umbpus1|104221|LPUS_10941T0
OG0001093	jgi|Monha1|10095|H072_10639m.01	jgi|Phach1|2291|rna2290
OG0001093	jgi|Monha1|10095|H072_10639m.01	jgi|Umbpus1|101826|LPUS_02881T0
OG0001093	jgi|Monha1|10095|H072_10639m.01	jgi|Umbpus1|101826|LPUS_02881T0
OG0001093	jgi|Monha1|10095|H072_10639m.01	jgi|Aurpu_var_mel1|72668|fgenesh1_pm.3_#_224, jgi|Aurpu_var_mel1|39014|e_gw1.2.1474.1
OG0001115	jgi|Monha1|9855|H072_10369m.01	jgi|Morco1|18387|CE18386_180
OG0001132	jgi|Monha1|3678|H072_3701m.01	jgi|Exoaq1|12202|A1O9_08519T0
OG0001133	jgi|Monha1|8546|H072_8855m.01	jgi|Exoaq1|7366|A1O9_03896T0
OG0001149	jgi|Monha1|2716|H072_2721m.01	coassemb64_007578-T1
OG0001165	jgi|Monha1|1282|H072_1282m.01	jgi|PseVKM4520_1|2149|transcript_KFZ17507
OG0001233	jgi|Monha1|154|H072_154m.01	jgi|Altal1|936957|e_gw1.12.166.1
OG0001233	jgi|Monha1|154|H072_154m.01	jgi|Aurpu_var_mel1|72027|fgenesh1_pm.2_#_238
OG0001233	jgi|Monha1|154|H072_154m.01	KAJ9664695.1
OG0001233	jgi|Monha1|154|H072_154m.01	jgi|Clagr3|11026|CLAGR_010879-RA
OG0001233	jgi|Monha1|154|H072_154m.01	jgi|Claba1|138998|Z519_05530T0
OG0001235	jgi|Monha1|9471|H072_9938m.01	KAI9726194.1
OG0001235	jgi|Monha1|9471|H072_9938m.01	KAI9651858.1
OG0001235	jgi|Monha1|9471|H072_9938m.01	jgi|Aurpu_var_mel1|40781|e_gw1.3.1253.1
OG0001235	jgi|Monha1|9471|H072_9938m.01	jgi|Altal1|1091695|estExt_Genemark1.C_3_t20091
OG0001235	jgi|Monha1|9471|H072_9938m.01	KAI9833190.1
OG0001235	jgi|Monha1|9471|H072_9938m.01	KAI9700857.1
OG0001235	jgi|Monha1|9471|H072_9938m.01	GTX0486b100_003409-T1
OG0001235	jgi|Monha1|9471|H072_9938m.01	KAI9715159.1
OG0001235	jgi|Monha1|9471|H072_9938m.01	KAI9748074.1
OG0001235	jgi|Monha1|9471|H072_9938m.01	jgi|Cocpo1_1|6831|XM_003071784.1
OG0001235	jgi|Monha1|9471|H072_9938m.01	jgi|Penexp1|3054|PEXP_104970T0
OG0001235	jgi|Monha1|9471|H072_9938m.01	jgi|Aspni_DSM_1|167766|An16g04720m.01
OG0001235	jgi|Monha1|9471|H072_9938m.01	KAI9827848.1
OG0001235	jgi|Monha1|9471|H072_9938m.01	KAI4099410.1
OG0001235	jgi|Monha1|9471|H072_9938m.01	jgi|Acastr1|126368|AST1_002457-RA
OG0001235	jgi|Monha1|9471|H072_9938m.01	FUN_006963_T1_FUN_006963
OG0001235	jgi|Monha1|9471|H072_9938m.01	coassemb378_005647-T1
OG0001365	jgi|Monha1|4818|H072_4920m.01	jgi|Podan3|208764|mRNA_7592
OG0001379	jgi|Monha1|7690|H072_7957m.01	jgi|Acastr1|122549|AST1_007026-RA
OG0001428	jgi|Monha1|2116|H072_2120m.01	jgi|Grascr1|4396|GST1_010145-RA
OG0001499	jgi|Monha1|4049|H072_4081m.01	jgi|EndpusZ1|2781|EPUS_05882T0
OG0001581	jgi|Monha1|2809|H072_2815m.01	KAI9825660.1
OG0001594	jgi|Monha1|9773|H072_10287m.01	jgi|Sclsc1|8209|SS1G_13632T0
OG0001748	jgi|Monha1|5511|H072_5647m.01	jgi|Ascim1|415181|fgenesh1_RNNotator_kg.41_#_13_#_Locus3185v1rpkm50.22, jgi|Ascim1|375101|estExt_fgenesh1_pg.C_210040, jgi|Ascim1|369957|estExt_fgenesh1_pm.C_410004
OG0001748	jgi|Monha1|5511|H072_5647m.01	jgi|Fonmu1|6047|Z520_09860T0
OG0001748	jgi|Monha1|5511|H072_5647m.01	jgi|Claba1|137158|Z519_03684T0
OG0001748	jgi|Monha1|5511|H072_5647m.01	jgi|Capcor1|99262|A1O1_06433T0
OG0001748	jgi|Monha1|5511|H072_5647m.01	coassemb76_004743-T1
OG0001748	jgi|Monha1|5511|H072_5647m.01	GTX0466b15_004813-T1
OG0001748	jgi|Monha1|5511|H072_5647m.01	jgi|Exoaq1|11580|A1O9_07916T0
OG0001748	jgi|Monha1|5511|H072_5647m.01	coassemb64_008183-T1
OG0001748	jgi|Monha1|5511|H072_5647m.01	KAJ9656831.1
OG0001748	jgi|Monha1|5511|H072_5647m.01	XP_008715837.1
OG0001748	jgi|Monha1|5511|H072_5647m.01	KAI9671848.1
OG0001748	jgi|Monha1|5511|H072_5647m.01	jgi|Altal1|1010725|fgenesh1_pg.16_#_60
OG0001748	jgi|Monha1|5511|H072_5647m.01	jgi|Aurpu_var_mel1|79656|gm1.52_g
OG0001748	jgi|Monha1|5511|H072_5647m.01	jgi|Sclsc1|4375|SS1G_10831T0
OG0001748	jgi|Monha1|5511|H072_5647m.01	jgi|Erypu1|4237|transcript_POS86121
OG0001748	jgi|Monha1|5511|H072_5647m.01	jgi|Fusgr1|12438|FGSG_11202T0
OG0001748	jgi|Monha1|5511|H072_5647m.01	jgi|Aurpu_var_mel1|61401|fgenesh1_pg.1_#_3
OG0001748	jgi|Monha1|5511|H072_5647m.01	jgi|Aurpu_var_mel1|61401|fgenesh1_pg.1_#_3
OG0001776	jgi|Monha1|8193|H072_8480m.01	coassemb378_005773-T1
OG0001829	jgi|Monha1|10158|H072_10716m.01	KAI4102299.1
OG0001923	jgi|Monha1|8998|H072_9423m.01, jgi|Monha1|9037|H072_9462m.01	jgi|Grascr1|235|GST1_000509-RA
OG0001991	jgi|Monha1|3548|H072_3570m.01	KAI4091663.1
OG0002081	jgi|Monha1|4742|H072_4844m.01	coassemb64_004135-T1
OG0002155	jgi|Monha1|4475|H072_4570m.01	KAI4093074.1
OG0002211	jgi|Monha1|8940|H072_9333m.01	jgi|Aspni_DSM_1|155098|An01g00340m.01
OG0002382	jgi|Monha1|8312|H072_8607m.01	XP_008713042.1
OG0002468	jgi|Monha1|2082|H072_2086m.01	coassemb64_002119-T1
OG0002468	jgi|Monha1|2082|H072_2086m.01	GTX0494b19_002949-T1
OG0002537	jgi|Monha1|2582|H072_2587m.01	jgi|Aurpu_var_mel1|81946|gm1.2342_g
OG0002705	jgi|Monha1|4334|H072_4426m.01	KAJ9651166.1
OG0002705	jgi|Monha1|4334|H072_4426m.01	KAI4286705.1
OG0002738	jgi|Monha1|1364|H072_1364m.01	jgi|Neucr_trp3_1|1468|Neucr2.NCU08378T0
OG0002738	jgi|Monha1|1364|H072_1364m.01	jgi|Podan3|201595|mRNA_423
OG0002738	jgi|Monha1|1364|H072_1364m.01	jgi|Fusgr1|1434|FGSG_01231T0
OG0002738	jgi|Monha1|1364|H072_1364m.01	jgi|Cocpo1_1|1415|XM_003066367.1
OG0002738	jgi|Monha1|1364|H072_1364m.01	jgi|Aspni_DSM_1|155888|An01g08470m.01
OG0002738	jgi|Monha1|1364|H072_1364m.01	jgi|Penexp1|6471|PEXP_077110T0
OG0002738	jgi|Monha1|1364|H072_1364m.01	jgi|Sclsc1|3553|SS1G_10009T0
OG0002738	jgi|Monha1|1364|H072_1364m.01	jgi|Erypu1|5825|transcript_POS85132
OG0002738	jgi|Monha1|1364|H072_1364m.01	jgi|PseVKM4520_1|8704|transcript_KFZ04077
OG0002738	jgi|Monha1|1364|H072_1364m.01	coassemb376_004658-T1
OG0002738	jgi|Monha1|1364|H072_1364m.01	KAI4289849.1
OG0002738	jgi|Monha1|1364|H072_1364m.01	KAI4228122.1
OG0002738	jgi|Monha1|1364|H072_1364m.01	GTX0494b19_007026-T1
OG0002738	jgi|Monha1|1364|H072_1364m.01	FUN_001131_T1_FUN_001131
OG0002738	jgi|Monha1|1364|H072_1364m.01	KAI4222881.1
OG0002738	jgi|Monha1|1364|H072_1364m.01	KAI4098945.1
OG0002738	jgi|Monha1|1364|H072_1364m.01	jgi|Dibbae1|5554|DIBA_002578-RA
OG0002738	jgi|Monha1|1364|H072_1364m.01	jgi|Clagr3|816|CLAGR_000806-RA
OG0002738	jgi|Monha1|1364|H072_1364m.01	CAF9915279.1
OG0002738	jgi|Monha1|1364|H072_1364m.01	jgi|Acastr1|127560|AST1_006144-RA
OG0002738	jgi|Monha1|1364|H072_1364m.01	GTX0486b100_004537-T1
OG0002738	jgi|Monha1|1364|H072_1364m.01	KAI9720073.1
OG0002738	jgi|Monha1|1364|H072_1364m.01	KAI9698374.1
OG0002738	jgi|Monha1|1364|H072_1364m.01	KAI9834750.1
OG0002738	jgi|Monha1|1364|H072_1364m.01	KAI9828678.1
OG0002738	jgi|Monha1|1364|H072_1364m.01	jgi|Aurpu_var_mel1|42318|e_gw1.4.508.1
OG0002738	jgi|Monha1|1364|H072_1364m.01	jgi|Altal1|418729|CE418728_9031
OG0002738	jgi|Monha1|1364|H072_1364m.01	coassemb378_000842-T1
OG0002738	jgi|Monha1|1364|H072_1364m.01	jgi|Grascr1|1365|GST1_007134-RA
OG0002738	jgi|Monha1|1364|H072_1364m.01	XP_008720871.1
OG0002738	jgi|Monha1|1364|H072_1364m.01	coassemb76_003367-T1
OG0002738	jgi|Monha1|1364|H072_1364m.01	GTX0466b15_007702-T1
OG0002738	jgi|Monha1|1364|H072_1364m.01	jgi|Fonmu1|12006|Z520_05212T0
OG0002738	jgi|Monha1|1364|H072_1364m.01	jgi|Claba1|128701|Z519_06999T0
OG0002738	jgi|Monha1|1364|H072_1364m.01	jgi|Exoaq1|8358|A1O9_04895T0
OG0002738	jgi|Monha1|1364|H072_1364m.01	jgi|Capcor1|98073|A1O1_05237T0
OG0002738	jgi|Monha1|1364|H072_1364m.01	KAJ9661823.1
OG0002738	jgi|Monha1|1364|H072_1364m.01	jgi|EndpusZ1|8412|EPUS_07233T0
OG0002738	jgi|Monha1|1364|H072_1364m.01	jgi|Phach1|475|rna474
OG0002738	jgi|Monha1|1364|H072_1364m.01	jgi|Sclsc1|3554|SS1G_10010T0
OG0002738	jgi|Monha1|1364|H072_1364m.01	jgi|Sclsc1|3554|SS1G_10010T0
OG0002760	jgi|Monha1|5677|H072_5862m.01	jgi|Aurpu_var_mel1|78505|fgenesh1_pm.27_#_68
OG0002760	jgi|Monha1|5677|H072_5862m.01	jgi|Altal1|1026326|fgenesh1_kg.38_#_6_#_Locus5532v1rpkm19.91
OG0002760	jgi|Monha1|5677|H072_5862m.01	KAI9719855.1
OG0002760	jgi|Monha1|5677|H072_5862m.01	KAI9661448.1
OG0002760	jgi|Monha1|5677|H072_5862m.01	KAI9752340.1
OG0002760	jgi|Monha1|5677|H072_5862m.01	KAI9829142.1
OG0002760	jgi|Monha1|5677|H072_5862m.01	KAI9840064.1
OG0002760	jgi|Monha1|5677|H072_5862m.01	GTX0486b100_008029-T1
OG0002760	jgi|Monha1|5677|H072_5862m.01	KAI9696615.1
OG0002760	jgi|Monha1|5677|H072_5862m.01	KAI9716447.1
OG0002760	jgi|Monha1|5677|H072_5862m.01	coassemb378_008226-T1
OG0002760	jgi|Monha1|5677|H072_5862m.01	jgi|Grascr1|3556|GST1_007839-RA
OG0002760	jgi|Monha1|5677|H072_5862m.01	jgi|Dibbae1|1267|DIBA_001751-RA
OG0002760	jgi|Monha1|5677|H072_5862m.01	jgi|Acastr1|118704|AST1_008491-RA
OG0002760	jgi|Monha1|5677|H072_5862m.01	jgi|Umbpus1|107471|LPUS_02281T0
OG0002760	jgi|Monha1|5677|H072_5862m.01	jgi|Clagr3|444|CLAGR_000436-RA
OG0002760	jgi|Monha1|5677|H072_5862m.01	CAF9943257.1
OG0002760	jgi|Monha1|5677|H072_5862m.01	coassemb376_003953-T1
OG0002760	jgi|Monha1|5677|H072_5862m.01	KAI4105584.1
OG0002760	jgi|Monha1|5677|H072_5862m.01	KAI4283695.1
OG0002760	jgi|Monha1|5677|H072_5862m.01	KAI4215660.1
OG0002760	jgi|Monha1|5677|H072_5862m.01	KAI4103905.1
OG0002760	jgi|Monha1|5677|H072_5862m.01	KAI4222433.1
OG0002760	jgi|Monha1|5677|H072_5862m.01	FUN_009470_T1_FUN_009470
OG0002760	jgi|Monha1|5677|H072_5862m.01	GTX0494b19_007408-T1
OG0002760	jgi|Monha1|5677|H072_5862m.01	jgi|Penexp1|6097|PEXP_083240T0
OG0002760	jgi|Monha1|5677|H072_5862m.01	jgi|Aspni_DSM_1|161412|An08g01480m.01
OG0002760	jgi|Monha1|5677|H072_5862m.01	jgi|Cocpo1_1|7174|XM_003072127.1
OG0002760	jgi|Monha1|5677|H072_5862m.01	jgi|EndpusZ1|1495|EPUS_06219T0
OG0002760	jgi|Monha1|5677|H072_5862m.01	jgi|Phach1|4676|rna4675
OG0002760	jgi|Monha1|5677|H072_5862m.01	KAJ9655760.1
OG0002760	jgi|Monha1|5677|H072_5862m.01	XP_008721287.1
OG0002760	jgi|Monha1|5677|H072_5862m.01	GTX0466b15_001266-T1
OG0002760	jgi|Monha1|5677|H072_5862m.01	jgi|Capcor1|99435|A1O1_06607T0
OG0002760	jgi|Monha1|5677|H072_5862m.01	jgi|Fonmu1|5947|Z520_09760T0
OG0002760	jgi|Monha1|5677|H072_5862m.01	jgi|Claba1|137268|Z519_03794T0
OG0002760	jgi|Monha1|5677|H072_5862m.01	jgi|Exoaq1|3258|A1O9_10776T0
OG0002760	jgi|Monha1|5677|H072_5862m.01	coassemb64_000787-T1
OG0002870	jgi|Monha1|10825|H072_11515m.01	CAF9925069.1, CAF9904013.1
OG0002965	jgi|Monha1|9480|H072_9947m.01	GTX0466b15_002243-T1
OG0003033	jgi|Monha1|10872|H072_11563m.01	CAF9937230.1
OG0003033	jgi|Monha1|10872|H072_11563m.01	coassemb376_000483-T1
OG0003155	jgi|Monha1|4017|H072_4049m.01	jgi|Grascr1|80|GST1_000080-RA
OG0003327	jgi|Monha1|5741|H072_5930m.01	CAF9905266.1
OG0003437	jgi|Monha1|8601|H072_8910m.01	coassemb378_011328-T1
OG0003680	jgi|Monha1|7761|H072_8028m.01	jgi|Morco1|577490|gm1.8266_g
OG0003687	jgi|Monha1|4450|H072_4545m.01	jgi|PseVKM4520_1|11540|transcript_KFZ22899
OG0003689	jgi|Monha1|6164|H072_6359m.01	jgi|Clagr3|7431|CLAGR_007028-RA
OG0003907	jgi|Monha1|1803|H072_1804m.01	jgi|Fusgr1|4797|FGSG_12452T0, jgi|Fusgr1|5120|FGSG_03074T0
OG0003964	jgi|Monha1|9339|H072_9782m.01	GTX0466b15_001705-T1
OG0003980	jgi|Monha1|1136|H072_1136m.01	coassemb76_006176-T1
OG0004024	jgi|Monha1|4713|H072_4815m.01	FUN_008171_T1_FUN_008171
OG0004024	jgi|Monha1|4713|H072_4815m.01	jgi|Fonmu1|6334|Z520_10147T0
OG0004186	jgi|Monha1|6881|H072_7101m.01	KAI9839543.1
OG0004250	jgi|Monha1|1644|H072_1644m.01	jgi|Neucr_trp3_1|6037|Neucr2.NCU04472T1
OG0004250	jgi|Monha1|1644|H072_1644m.01	jgi|Fusgr1|11644|FGSG_10059T0
OG0004250	jgi|Monha1|1644|H072_1644m.01	coassemb378_001540-T1
OG0004250	jgi|Monha1|1644|H072_1644m.01	jgi|Grascr1|2012|GST1_007541-RA
OG0004250	jgi|Monha1|1644|H072_1644m.01	jgi|Altal1|984750|estExt_Genewise1Plus.C_6_t10252
OG0004250	jgi|Monha1|1644|H072_1644m.01	KAI9723453.1
OG0004250	jgi|Monha1|1644|H072_1644m.01	jgi|Aurpu_var_mel1|86467|gm1.6863_g
OG0004250	jgi|Monha1|1644|H072_1644m.01	KAJ9659231.1
OG0004250	jgi|Monha1|1644|H072_1644m.01	jgi|Penexp1|2925|PEXP_088610T0
OG0004250	jgi|Monha1|1644|H072_1644m.01	jgi|Cocpo1_1|6614|XM_003071567.1
OG0004250	jgi|Monha1|1644|H072_1644m.01	jgi|Fonmu1|12364|Z520_05570T0
OG0004250	jgi|Monha1|1644|H072_1644m.01	jgi|Claba1|128934|Z519_07234T0, jgi|Claba1|128933|Z519_07233T0
OG0004250	jgi|Monha1|1644|H072_1644m.01	jgi|Aspni_DSM_1|165959|An14g01730m.01
OG0004250	jgi|Monha1|1644|H072_1644m.01	KAI9832802.1
OG0004250	jgi|Monha1|1644|H072_1644m.01	KAI9657519.1
OG0004250	jgi|Monha1|1644|H072_1644m.01	jgi|Umbpus1|101221|LPUS_07943T0
OG0004250	jgi|Monha1|1644|H072_1644m.01	jgi|Acastr1|127109|AST1_003945-RA
OG0004250	jgi|Monha1|1644|H072_1644m.01	jgi|Dibbae1|2719|DIBA_006864-RA
OG0004250	jgi|Monha1|1644|H072_1644m.01	KAI9750079.1
OG0004250	jgi|Monha1|1644|H072_1644m.01	KAI9827475.1
OG0004250	jgi|Monha1|1644|H072_1644m.01	jgi|Sclsc1|3955|SS1G_10411T0
OG0004250	jgi|Monha1|1644|H072_1644m.01	jgi|PseVKM4520_1|7343|transcript_KFZ08458
OG0004250	jgi|Monha1|1644|H072_1644m.01	coassemb376_006292-T1
OG0004250	jgi|Monha1|1644|H072_1644m.01	jgi|Clagr3|3157|CLAGR_003253-RA
OG0004250	jgi|Monha1|1644|H072_1644m.01	CAF9906760.1
OG0004250	jgi|Monha1|1644|H072_1644m.01	KAI4223032.1
OG0004250	jgi|Monha1|1644|H072_1644m.01	GTX0494b19_003531-T1
OG0004250	jgi|Monha1|1644|H072_1644m.01	FUN_002683_T1_FUN_002683
OG0004250	jgi|Monha1|1644|H072_1644m.01	KAI4223463.1
OG0004250	jgi|Monha1|1644|H072_1644m.01	KAI4111640.1
OG0004250	jgi|Monha1|1644|H072_1644m.01	KAI4110131.1
OG0004250	jgi|Monha1|1644|H072_1644m.01	KAI4289903.1
OG0004250	jgi|Monha1|1644|H072_1644m.01	GTX0486b100_006972-T1
OG0004250	jgi|Monha1|1644|H072_1644m.01	jgi|Claba1|128932|Z519_07232T0
OG0004250	jgi|Monha1|1644|H072_1644m.01	coassemb76_008673-T1
OG0004250	jgi|Monha1|1644|H072_1644m.01	KAI9697629.1
OG0004250	jgi|Monha1|1644|H072_1644m.01	jgi|Claba1|128932|Z519_07232T0
OG0004250	jgi|Monha1|1644|H072_1644m.01	KAI9827474.1
OG0004250	jgi|Monha1|1644|H072_1644m.01	KAI9827474.1
OG0004592	jgi|Monha1|6870|H072_7089m.01	jgi|PseVKM4520_1|8017|transcript_KFZ24611
OG0004595	jgi|Monha1|10618|H072_11280m.01	jgi|Acastr1|127333|AST1_006860-RA
OG0004795	jgi|Monha1|5026|H072_5132m.01	jgi|Claba1|139160|Z519_05692T0
OG0004966	jgi|Monha1|5105|H072_5212m.01	coassemb378_011168-T1
OG0005004	jgi|Monha1|3395|H072_3412m.01	KAI4089229.1
OG0005228	jgi|Monha1|8323|H072_8618m.01	KAI9721663.1
OG0005228	jgi|Monha1|8323|H072_8618m.01	KAI9667080.1
OG0005228	jgi|Monha1|8323|H072_8618m.01	KAJ9661520.1
OG0005228	jgi|Monha1|8323|H072_8618m.01	jgi|Capcor1|94737|A1O1_01875T0
OG0005228	jgi|Monha1|8323|H072_8618m.01	jgi|Claba1|128577|Z519_00960T0
OG0005228	jgi|Monha1|8323|H072_8618m.01	jgi|Fonmu1|1318|Z520_05948T0
OG0005228	jgi|Monha1|8323|H072_8618m.01	coassemb64_007530-T1
OG0005228	jgi|Monha1|8323|H072_8618m.01	jgi|Exoaq1|12922|A1O9_09207T0
OG0005228	jgi|Monha1|8323|H072_8618m.01	XP_008721375.1
OG0005228	jgi|Monha1|8323|H072_8618m.01	coassemb76_005407-T1
OG0005228	jgi|Monha1|8323|H072_8618m.01	jgi|EndpusZ1|2692|EPUS_03865T0
OG0005228	jgi|Monha1|8323|H072_8618m.01	jgi|Grascr1|8996|GST1_003605-RA
OG0005228	jgi|Monha1|8323|H072_8618m.01	jgi|Cocpo1_1|4818|XM_003069771.1
OG0005228	jgi|Monha1|8323|H072_8618m.01	jgi|Penexp1|1061|PEXP_096880T0
OG0005228	jgi|Monha1|8323|H072_8618m.01	jgi|Aspni_DSM_1|163009|An09g05540m.01
OG0005228	jgi|Monha1|8323|H072_8618m.01	KAI9827704.1
OG0005228	jgi|Monha1|8323|H072_8618m.01	GTX0486b100_001189-T1
OG0005228	jgi|Monha1|8323|H072_8618m.01	KAI9722940.1
OG0005228	jgi|Monha1|8323|H072_8618m.01	KAI9707721.1
OG0005228	jgi|Monha1|8323|H072_8618m.01	coassemb378_010789-T1
OG0005228	jgi|Monha1|8323|H072_8618m.01	jgi|Umbpus1|106028|LPUS_04032T0
OG0005228	jgi|Monha1|8323|H072_8618m.01	CAF9941498.1
OG0005228	jgi|Monha1|8323|H072_8618m.01	jgi|Clagr3|7818|CLAGR_007437-RA
OG0005228	jgi|Monha1|8323|H072_8618m.01	jgi|Acastr1|121666|AST1_003898-RA
OG0005228	jgi|Monha1|8323|H072_8618m.01	coassemb376_006534-T1
OG0005228	jgi|Monha1|8323|H072_8618m.01	jgi|Sclsc1|6116|SS1G_01617T0
OG0005228	jgi|Monha1|8323|H072_8618m.01	jgi|Dibbae1|5303|DIBA_008810-RA
OG0005228	jgi|Monha1|8323|H072_8618m.01	KAI4227914.1
OG0005228	jgi|Monha1|8323|H072_8618m.01	KAI4097421.1
OG0005228	jgi|Monha1|8323|H072_8618m.01	KAI4210081.1
OG0005228	jgi|Monha1|8323|H072_8618m.01	KAI4106480.1
OG0005228	jgi|Monha1|8323|H072_8618m.01	KAI4272712.1
OG0005228	jgi|Monha1|8323|H072_8618m.01	jgi|Altal1|1039190|estExt_fgenesh1_pm.C_60256
OG0005228	jgi|Monha1|8323|H072_8618m.01	jgi|Aurpu_var_mel1|70185|fgenesh1_pg.35_#_38
OG0005383	jgi|Monha1|8127|H072_8413m.01	coassemb76_006220-T1
OG0005383	jgi|Monha1|8127|H072_8413m.01	jgi|Exoaq1|3186|A1O9_10704T0
OG0005405	jgi|Monha1|2128|H072_2132m.01	jgi|Grascr1|6813|GST1_002047-RA
OG0005488	jgi|Monha1|2755|H072_2760m.01	jgi|Morco1|578739|gm1.9515_g, jgi|Morco1|524214|estExt_Genewise1Plus.C_310004
OG0005622	jgi|Monha1|8768|H072_9101m.01, jgi|Monha1|8759|H072_9092m.01	KAI4101797.1
OG0005622	jgi|Monha1|8768|H072_9101m.01, jgi|Monha1|8759|H072_9092m.01	jgi|Clagr3|8862|CLAGR_008842-RA, jgi|Clagr3|9792|CLAGR_010128-RA, jgi|Clagr3|6488|CLAGR_006593-RA
OG0005622	jgi|Monha1|8769|H072_9102m.01	CAF9913435.1
OG0005622	jgi|Monha1|8769|H072_9102m.01	jgi|Clagr3|10791|CLAGR_011072-RA
OG0005653	jgi|Monha1|8959|H072_9368m.01	jgi|Dibbae1|4153|DIBA_006608-RA
OG0005657	jgi|Monha1|10160|H072_10718m.01, jgi|Monha1|5041|H072_5147m.01	jgi|Dibbae1|10027|DIBA_002947-RA
OG0005657	jgi|Monha1|10160|H072_10718m.01	jgi|Clagr3|11138|CLAGR_010750-RA
OG0005657	jgi|Monha1|5041|H072_5147m.01	jgi|Altal1|999590|estExt_Genewise1Plus.C_260209
OG0005657	jgi|Monha1|5041|H072_5147m.01	jgi|Aurpu_var_mel1|85523|gm1.5919_g, jgi|Aurpu_var_mel1|51117|e_gw1.14.587.1
OG0005657	jgi|Monha1|5041|H072_5147m.01	jgi|Phach1|2290|rna2289
OG0005657	jgi|Monha1|5041|H072_5147m.01	GTX0466b15_008957-T1, GTX0466b15_001162-T1
OG0005657	jgi|Monha1|5041|H072_5147m.01	KAJ9656011.1, KAJ9655419.1
OG0005657	jgi|Monha1|5041|H072_5147m.01	jgi|Claba1|134197|Z519_11599T0, jgi|Claba1|139708|Z519_06240T0, jgi|Claba1|137389|Z519_03915T0, jgi|Claba1|137357|Z519_03883T0, jgi|Claba1|139709|Z519_06241T0, jgi|Claba1|129816|Z519_08123T0, jgi|Claba1|137826|Z519_04352T0
OG0005657	jgi|Monha1|5041|H072_5147m.01	jgi|Fonmu1|12097|Z520_05303T0, jgi|Fonmu1|9522|Z520_11929T0, jgi|Fonmu1|10495|Z520_12362T0, jgi|Fonmu1|9525|Z520_11932T0, jgi|Fonmu1|5052|Z520_08863T0
OG0005657	jgi|Monha1|5041|H072_5147m.01	jgi|Capcor1|98044|A1O1_05208T0, jgi|Capcor1|100956|A1O1_08144T0, jgi|Capcor1|100867|A1O1_08054T0
OG0005657	jgi|Monha1|5041|H072_5147m.01	jgi|Exoaq1|7631|A1O9_04162T0, jgi|Exoaq1|1898|A1O9_09430T0, jgi|Exoaq1|6956|A1O9_12758T0
OG0005657	jgi|Monha1|5041|H072_5147m.01	XP_008721238.1, XP_008713806.1, XP_008713803.1
OG0005657	jgi|Monha1|5041|H072_5147m.01	coassemb76_006039-T1
OG0005657	jgi|Monha1|5041|H072_5147m.01	jgi|Penexp1|2383|PEXP_052380T0
OG0005657	jgi|Monha1|5041|H072_5147m.01	jgi|Aspni_DSM_1|166039|An14g02540m.01
OG0005921	jgi|Monha1|9690|H072_10193m.01	KAI9696784.1
OG0005921	jgi|Monha1|9690|H072_10193m.01	GTX0486b100_001860-T1
OG0005921	jgi|Monha1|9690|H072_10193m.01	KAI9715601.1
OG0005921	jgi|Monha1|9690|H072_10193m.01	KAI9824457.1
OG0005921	jgi|Monha1|9690|H072_10193m.01	jgi|Acastr1|124424|AST1_001551-RA
OG0005921	jgi|Monha1|9690|H072_10193m.01	jgi|Cocpo1_1|1805|XM_003066757.1
OG0005921	jgi|Monha1|9690|H072_10193m.01	jgi|Aspni_DSM_1|157453|An02g09340m.01
OG0005921	jgi|Monha1|9690|H072_10193m.01	jgi|Penexp1|2012|PEXP_024240T0
OG0005921	jgi|Monha1|9690|H072_10193m.01	jgi|Altal1|938007|e_gw1.13.566.1
OG0005921	jgi|Monha1|9690|H072_10193m.01	coassemb378_003780-T1
OG0005921	jgi|Monha1|9690|H072_10193m.01	jgi|Dibbae1|5951|DIBA_009453-RA
OG0005921	jgi|Monha1|9690|H072_10193m.01	jgi|Grascr1|2194|GST1_001313-RA
OG0005921	jgi|Monha1|9690|H072_10193m.01	jgi|Umbpus1|103385|LPUS_09972T0, jgi|Umbpus1|99225|LPUS_00566T0
OG0005921	jgi|Monha1|9690|H072_10193m.01	KAI9826002.1
OG0005921	jgi|Monha1|9690|H072_10193m.01	jgi|Neucr_trp3_1|5221|Neucr2.NCU16722T0
OG0005921	jgi|Monha1|9690|H072_10193m.01	jgi|Fusgr1|3813|FGSG_04225T0
OG0005921	jgi|Monha1|9690|H072_10193m.01	jgi|Podan3|205405|mRNA_4233
OG0005921	jgi|Monha1|9690|H072_10193m.01	KAI9757901.1
OG0005921	jgi|Monha1|9690|H072_10193m.01	jgi|Grascr1|2195|GST1_001314-RA
OG0005921	jgi|Monha1|9690|H072_10193m.01	jgi|Grascr1|2195|GST1_001314-RA
OG0005921	jgi|Monha1|9690|H072_10193m.01	jgi|Ascim1|18979|CE18978_1381
OG0005921	jgi|Monha1|9690|H072_10193m.01	jgi|Claba1|134789|Z519_12195T0
OG0005921	jgi|Monha1|9690|H072_10193m.01	jgi|Fonmu1|2346|Z520_06979T0
OG0005921	jgi|Monha1|9690|H072_10193m.01	jgi|Capcor1|92376|A1O1_08799T0
OG0005921	jgi|Monha1|9690|H072_10193m.01	jgi|Exoaq1|9191|A1O9_05616T0
OG0005921	jgi|Monha1|9690|H072_10193m.01	jgi|EndpusZ1|3939|EPUS_02667T0
OG0005921	jgi|Monha1|9690|H072_10193m.01	jgi|Phach1|3011|rna3010
OG0005921	jgi|Monha1|9690|H072_10193m.01	XP_008715160.1
OG0005921	jgi|Monha1|9690|H072_10193m.01	GTX0466b15_005665-T1
OG0005921	jgi|Monha1|9690|H072_10193m.01	KAJ9656752.1
OG0006012	jgi|Monha1|1512|H072_1512m.01	jgi|Acastr1|122148|AST1_007380-RA
OG0006091	jgi|Monha1|7012|H072_7242m.01	jgi|Podan3|210152|mRNA_8980
OG0006273	jgi|Monha1|3378|H072_3395m.01, jgi|Monha1|7540|H072_7790m.01, jgi|Monha1|4207|H072_4254m.01	jgi|Dibbae1|8414|DIBA_011086-RA
OG0006589	jgi|Monha1|5186|H072_5294m.01, jgi|Monha1|6980|H072_7205m.01	jgi|Erypu1|3629|transcript_POS86472
OG0006589	jgi|Monha1|5186|H072_5294m.01, jgi|Monha1|6980|H072_7205m.01	coassemb376_001266-T1
OG0006589	jgi|Monha1|5186|H072_5294m.01, jgi|Monha1|6980|H072_7205m.01	KAI4109064.1
OG0006589	jgi|Monha1|5186|H072_5294m.01, jgi|Monha1|6980|H072_7205m.01	FUN_003146_T1_FUN_003146
OG0006589	jgi|Monha1|5186|H072_5294m.01, jgi|Monha1|6980|H072_7205m.01	KAI4227737.1
OG0006589	jgi|Monha1|5186|H072_5294m.01, jgi|Monha1|6980|H072_7205m.01	KAI4089374.1
OG0006589	jgi|Monha1|5186|H072_5294m.01, jgi|Monha1|6980|H072_7205m.01	jgi|Clagr3|3712|CLAGR_003917-RA, jgi|Clagr3|4068|CLAGR_004393-RA
OG0006589	jgi|Monha1|5186|H072_5294m.01, jgi|Monha1|6980|H072_7205m.01	jgi|Claba1|133488|Z519_10886T0
OG0006589	jgi|Monha1|5186|H072_5294m.01	jgi|Podan3|209023|mRNA_7851
OG0006589	jgi|Monha1|5186|H072_5294m.01	jgi|Acastr1|124677|AST1_006685-RA
OG0006589	jgi|Monha1|5186|H072_5294m.01	jgi|Clagr3|1049|CLAGR_001037-RA, jgi|Clagr3|6977|CLAGR_006635-RA
OG0006589	jgi|Monha1|5186|H072_5294m.01	jgi|Clagr3|1049|CLAGR_001037-RA, jgi|Clagr3|6977|CLAGR_006635-RA
OG0006589	jgi|Monha1|5186|H072_5294m.01	KAJ9651261.1
OG0006589	jgi|Monha1|5186|H072_5294m.01	jgi|Altal1|1031364|fgenesh1_pm.11_#_78
OG0006589	jgi|Monha1|5186|H072_5294m.01	jgi|Aurpu_var_mel1|55077|e_gw1.21.239.1
OG0006589	jgi|Monha1|5186|H072_5294m.01	XP_008712493.1
OG0006589	jgi|Monha1|6980|H072_7205m.01	jgi|Fusgr1|7478|FGSG_06470T0
OG0006589	jgi|Monha1|6980|H072_7205m.01	jgi|Podan3|206685|mRNA_5513
OG0006606	jgi|Monha1|1924|H072_1925m.01	coassemb378_005064-T1
OG0006606	jgi|Monha1|1924|H072_1925m.01	jgi|PseVKM4520_1|5871|transcript_KFZ10742
OG0006606	jgi|Monha1|1924|H072_1925m.01	jgi|Dibbae1|5440|DIBA_008171-RA, jgi|Dibbae1|8194|DIBA_003561-RA
OG0006606	jgi|Monha1|1924|H072_1925m.01	CAF9929280.1, CAF9924814.1
OG0006606	jgi|Monha1|1924|H072_1925m.01	jgi|Clagr3|1237|CLAGR_001222-RA
OG0006606	jgi|Monha1|1924|H072_1925m.01	XP_008715068.1
OG0006606	jgi|Monha1|1924|H072_1925m.01	jgi|Exoaq1|6386|A1O9_12188T0
OG0006606	jgi|Monha1|1924|H072_1925m.01	GTX0466b15_003722-T1, GTX0466b15_003723-T1
OG0006950	jgi|Monha1|9531|H072_10017m.01	jgi|Claba1|130050|Z519_08357T0, jgi|Claba1|136877|Z519_03411T0
OG0007057	jgi|Monha1|9942|H072_10473m.01	jgi|Neucr_trp3_1|1310622|fgenesh1_pm.88_#_4
OG0007121	jgi|Monha1|6458|H072_6667m.01, jgi|Monha1|10683|H072_11352m.01	jgi|Exoaq1|49|A1O9_00049T0
OG0007121	jgi|Monha1|6458|H072_6667m.01, jgi|Monha1|10683|H072_11352m.01	coassemb376_006444-T1
OG0007133	jgi|Monha1|10721|H072_11411m.01	coassemb64_006249-T1
OG0007316	jgi|Monha1|2895|H072_2902m.01	KAJ9663687.1
OG0007320	jgi|Monha1|6136|H072_6331m.01	jgi|Podan3|202203|mRNA_1031
OG0007775	jgi|Monha1|4266|H072_4346m.01	jgi|Neucr_trp3_1|123|Neucr2.NCU07485T0
OG0007775	jgi|Monha1|4266|H072_4346m.01	jgi|Grascr1|3422|GST1_008283-RA
OG0007775	jgi|Monha1|4266|H072_4346m.01	jgi|Aspni_DSM_1|163938|An11g07120m.01
OG0007775	jgi|Monha1|4266|H072_4346m.01	jgi|Penexp1|6322|PEXP_100920T0
OG0007775	jgi|Monha1|4266|H072_4346m.01	jgi|Altal1|1059289|gm1.3524_g
OG0007775	jgi|Monha1|4266|H072_4346m.01	jgi|Fusgr1|12218|FGSG_10562T0, jgi|Fusgr1|2270|FGSG_01979T0
OG0007775	jgi|Monha1|4266|H072_4346m.01	jgi|PseVKM4520_1|1994|transcript_KFZ17766
