Orthogroup	Neucr_trp3_1_GeneCatalog_proteins_20140324.aa	Other
OG0000004	jgi|Neucr_trp3_1|4617|Neucr2.NCU00306T0	KAI4106465.1
OG0000004	jgi|Neucr_trp3_1|3052|Neucr2.NCU06847T0	jgi|Exoaq1|11121|A1O9_07456T0
OG0000004	jgi|Neucr_trp3_1|8938|Neucr2.NCU05580T0	coassemb378_002494-T1
OG0000005	jgi|Neucr_trp3_1|1306023|fgenesh1_pm.18_#_96	jgi|Phach1|6389|rna6388
OG0000008	jgi|Neucr_trp3_1|8718|Neucr2.NCU04748T0	coassemb378_005289-T1
OG0000008	jgi|Neucr_trp3_1|6246|Neucr2.NCU08019T0	coassemb378_004363-T1
OG0000008	jgi|Neucr_trp3_1|6246|Neucr2.NCU08019T0	coassemb64_004636-T1
OG0000011	jgi|Neucr_trp3_1|7012|Neucr2.NCU09678T0	jgi|EndpusZ1|5497|EPUS_00653T0
OG0000012	jgi|Neucr_trp3_1|5396|Neucr2.NCU04939T0	jgi|Altal1|936260|e_gw1.11.581.1, jgi|Altal1|560505|CE560504_3234
OG0000015	jgi|Neucr_trp3_1|9799|Neucr2.NCU06895T0	jgi|Aspni_DSM_1|163638|An11g03940m.01, jgi|Aspni_DSM_1|166170|An14g03870m.01
OG0000028	jgi|Neucr_trp3_1|10539|Neucr2.NCU08125T0	jgi|Claba1|129144|Z519_07445T0
OG0000028	jgi|Neucr_trp3_1|10771|Neucr2.NCU11305T0, jgi|Neucr_trp3_1|10779|Neucr2.NCU05896T0	jgi|Clagr3|2180|CLAGR_002167-RA
OG0000033	jgi|Neucr_trp3_1|9379|Neucr2.NCU05967T0	jgi|Grascr1|7424|GST1_012001-RA
OG0000033	jgi|Neucr_trp3_1|2965|Neucr2.NCU05376T0	jgi|Exoaq1|5505|A1O9_03029T0, jgi|Exoaq1|2387|A1O9_09913T0
OG0000038	jgi|Neucr_trp3_1|8400|Neucr2.NCU09845T0	jgi|Dibbae1|6222|DIBA_009290-RA
OG0000043	jgi|Neucr_trp3_1|5665|Neucr2.NCU09739T0	jgi|Exoaq1|3472|A1O9_10991T0
OG0000043	jgi|Neucr_trp3_1|5665|Neucr2.NCU09739T0	jgi|Fusgr1|9166|FGSG_07920T0, jgi|Fusgr1|6642|FGSG_05725T0
OG0000043	jgi|Neucr_trp3_1|5665|Neucr2.NCU09739T0	jgi|Fusgr1|9166|FGSG_07920T0, jgi|Fusgr1|6642|FGSG_05725T0
OG0000048	jgi|Neucr_trp3_1|8519|Neucr2.NCU07168T0	KAJ9660456.1, KAJ9651860.1, KAJ9664322.1
OG0000055	jgi|Neucr_trp3_1|3072|Neucr2.NCU06824T0, jgi|Neucr_trp3_1|4222|Neucr2.NCU06239T0	jgi|Clagr3|2322|CLAGR_001720-RA
OG0000074	jgi|Neucr_trp3_1|1922|Neucr2.NCU00788T0	coassemb378_008734-T1
OG0000081	jgi|Neucr_trp3_1|2371|Neucr2.NCU02926T0	KAI4236998.1
OG0000087	jgi|Neucr_trp3_1|4620|Neucr2.NCU00309T0	jgi|Grascr1|5981|GST1_011598-RA
OG0000097	jgi|Neucr_trp3_1|7908|Neucr2.NCU06675T0	KAI4264560.1
OG0000101	jgi|Neucr_trp3_1|8767|Neucr2.NCU04791T0	KAI9659590.1
OG0000101	jgi|Neucr_trp3_1|8767|Neucr2.NCU04791T0	jgi|Aspni_DSM_1|165047|An12g07490m.01
OG0000101	jgi|Neucr_trp3_1|9511|Neucr2.NCU05094T0	KAI9752153.1
OG0000101	jgi|Neucr_trp3_1|9511|Neucr2.NCU05094T0	jgi|Aspni_DSM_1|165047|An12g07490m.01
OG0000101	jgi|Neucr_trp3_1|9511|Neucr2.NCU05094T0	jgi|Aspni_DSM_1|165047|An12g07490m.01
OG0000101	jgi|Neucr_trp3_1|9511|Neucr2.NCU05094T0	KAI9659590.1
OG0000101	jgi|Neucr_trp3_1|9511|Neucr2.NCU05094T0	jgi|PseVKM4520_1|7329|transcript_KFZ08476
OG0000101	jgi|Neucr_trp3_1|9511|Neucr2.NCU05094T0	KAI9659590.1
OG0000101	jgi|Neucr_trp3_1|9511|Neucr2.NCU05094T0	KAI9834081.1
OG0000101	jgi|Neucr_trp3_1|9511|Neucr2.NCU05094T0	jgi|Aurpu_var_mel1|57047|e_gw1.25.137.1
OG0000101	jgi|Neucr_trp3_1|9511|Neucr2.NCU05094T0	jgi|Altal1|1054482|estExt_fgenesh1_pg.C_280084
OG0000101	jgi|Neucr_trp3_1|9511|Neucr2.NCU05094T0	CAF9919950.1
OG0000101	jgi|Neucr_trp3_1|9511|Neucr2.NCU05094T0	jgi|Podan3|203070|mRNA_1898
OG0000101	jgi|Neucr_trp3_1|9511|Neucr2.NCU05094T0	jgi|Podan3|203070|mRNA_1898
OG0000101	jgi|Neucr_trp3_1|595|Neucr2.NCU01861T0	jgi|Exoaq1|5205|A1O9_02728T0
OG0000104	jgi|Neucr_trp3_1|6780|Neucr2.NCU05162T0	CAF9921432.1
OG0000115	jgi|Neucr_trp3_1|10591|Neucr2.NCU08174T0	jgi|EndpusZ1|5818|EPUS_06007T0
OG0000126	jgi|Neucr_trp3_1|7421|Neucr2.NCU11278T0	jgi|Aspni_DSM_1|163598|An11g03500m.01
OG0000127	jgi|Neucr_trp3_1|9611|Neucr2.NCU12152T0	jgi|Exoaq1|5162|A1O9_02685T0
OG0000171	jgi|Neucr_trp3_1|10589|Neucr2.NCU08173T0	jgi|Exoaq1|8178|A1O9_04713T0
OG0000171	jgi|Neucr_trp3_1|10589|Neucr2.NCU08173T0	coassemb76_007072-T1
OG0000192	jgi|Neucr_trp3_1|3716|Neucr2.NCU11416T0	jgi|Aspni_DSM_1|159911|An05g01960m.01
OG0000192	jgi|Neucr_trp3_1|3716|Neucr2.NCU11416T0	XP_008715063.1, XP_008721146.1, XP_008716705.1
OG0000193	jgi|Neucr_trp3_1|9976|Neucr2.NCU10021T0	jgi|Aurpu_var_mel1|86688|gm1.7084_g
OG0000196	jgi|Neucr_trp3_1|9484|Neucr2.NCU05123T0	jgi|Cocpo1_1|3633|XM_003068586.1
OG0000201	jgi|Neucr_trp3_1|3299|Neucr2.NCU01720T0	coassemb378_001789-T1
OG0000209	jgi|Neucr_trp3_1|1598|Neucr2.NCU07410T0	jgi|Acastr1|123098|AST1_004223-RA
OG0000209	jgi|Neucr_trp3_1|1598|Neucr2.NCU07410T0	KAI9714216.1
OG0000213	jgi|Neucr_trp3_1|1331765|gm1.2214_g	jgi|Claba1|136825|Z519_03359T0
OG0000217	jgi|Neucr_trp3_1|10526|Neucr2.NCU02197T0	jgi|Ascim1|209649|e_gw1.39.114.1
OG0000225	jgi|Neucr_trp3_1|4084|Neucr2.NCU11320T0	KAI4288535.1
OG0000228	jgi|Neucr_trp3_1|9924|Neucr2.NCU08393T0	KAI4108699.1
OG0000238	jgi|Neucr_trp3_1|5330|Neucr2.NCU04883T0, jgi|Neucr_trp3_1|1263|Neucr2.NCU03209T0	jgi|Altal1|2778|CE2777_3532
OG0000238	jgi|Neucr_trp3_1|10018|Neucr2.NCU04554T0	jgi|Aurpu_var_mel1|49698|e_gw1.11.49.1
OG0000238	jgi|Neucr_trp3_1|10018|Neucr2.NCU04554T0	jgi|Altal1|1057710|gm1.1945_g
OG0000238	jgi|Neucr_trp3_1|10018|Neucr2.NCU04554T0	KAI4109259.1
OG0000279	jgi|Neucr_trp3_1|6469|Neucr2.NCU06980T0	jgi|Umbpus1|106668|LPUS_04863T0
OG0000279	jgi|Neucr_trp3_1|6469|Neucr2.NCU06980T0	GTX0486b100_002333-T1
OG0000279	jgi|Neucr_trp3_1|6469|Neucr2.NCU06980T0	KAI9717762.1
OG0000279	jgi|Neucr_trp3_1|6469|Neucr2.NCU06980T0	KAI9703557.1
OG0000279	jgi|Neucr_trp3_1|6469|Neucr2.NCU06980T0	coassemb376_001062-T1, coassemb376_006614-T1
OG0000279	jgi|Neucr_trp3_1|6469|Neucr2.NCU06980T0	KAI4101353.1
OG0000279	jgi|Neucr_trp3_1|6469|Neucr2.NCU06980T0	jgi|Acastr1|121314|AST1_006748-RA
OG0000279	jgi|Neucr_trp3_1|6469|Neucr2.NCU06980T0	CAF9943183.1, CAF9927082.1
OG0000279	jgi|Neucr_trp3_1|6469|Neucr2.NCU06980T0	KAI4224183.1
OG0000279	jgi|Neucr_trp3_1|6469|Neucr2.NCU06980T0	GTX0494b19_007001-T1, GTX0494b19_003990-T1
OG0000279	jgi|Neucr_trp3_1|6469|Neucr2.NCU06980T0	FUN_005392_T1_FUN_005392, FUN_005391_T1_FUN_005391
OG0000279	jgi|Neucr_trp3_1|6469|Neucr2.NCU06980T0	KAI4222472.1
OG0000279	jgi|Neucr_trp3_1|6469|Neucr2.NCU06980T0	KAI4089152.1
OG0000279	jgi|Neucr_trp3_1|6469|Neucr2.NCU06980T0	jgi|Dibbae1|5123|DIBA_002476-RA
OG0000279	jgi|Neucr_trp3_1|6469|Neucr2.NCU06980T0	jgi|Clagr3|796|CLAGR_000786-RA
OG0000279	jgi|Neucr_trp3_1|6469|Neucr2.NCU06980T0	coassemb378_008712-T1
OG0000279	jgi|Neucr_trp3_1|6469|Neucr2.NCU06980T0	jgi|Grascr1|8902|GST1_012279-RA
OG0000279	jgi|Neucr_trp3_1|6469|Neucr2.NCU06980T0	coassemb76_000283-T1
OG0000279	jgi|Neucr_trp3_1|6469|Neucr2.NCU06980T0	GTX0466b15_002570-T1
OG0000279	jgi|Neucr_trp3_1|6469|Neucr2.NCU06980T0	jgi|Claba1|132931|Z519_01409T0
OG0000279	jgi|Neucr_trp3_1|6469|Neucr2.NCU06980T0	jgi|Fonmu1|6674|Z520_01884T0
OG0000279	jgi|Neucr_trp3_1|6469|Neucr2.NCU06980T0	XP_008715278.1
OG0000279	jgi|Neucr_trp3_1|6469|Neucr2.NCU06980T0	coassemb64_004403-T1
OG0000279	jgi|Neucr_trp3_1|6469|Neucr2.NCU06980T0	KAI9669298.1
OG0000279	jgi|Neucr_trp3_1|6469|Neucr2.NCU06980T0	jgi|Sclsc1|8399|SS1G_13822T0
OG0000279	jgi|Neucr_trp3_1|6469|Neucr2.NCU06980T0	jgi|Aurpu_var_mel1|82489|gm1.2885_g
OG0000279	jgi|Neucr_trp3_1|6469|Neucr2.NCU06980T0	jgi|Altal1|1074967|MIX6865_101_71
OG0000293	jgi|Neucr_trp3_1|1200598|e_gw1.14.171.1	jgi|Aspni_DSM_1|161268|An08g00030m.01
OG0000293	jgi|Neucr_trp3_1|1200598|e_gw1.14.171.1	KAJ9659520.1
OG0000294	jgi|Neucr_trp3_1|9731|Neucr2.NCU09041T0	jgi|Claba1|136555|Z519_03086T0
OG0000299	jgi|Neucr_trp3_1|3778|Neucr2.NCU09520T0	jgi|Aurpu_var_mel1|15858|gw1.2.827.1
OG0000310	jgi|Neucr_trp3_1|7212|Neucr2.NCU03643T0	GTX0486b100_008067-T1
OG0000314	jgi|Neucr_trp3_1|9326|Neucr2.NCU06009T0	coassemb378_006733-T1
OG0000325	jgi|Neucr_trp3_1|9050|Neucr2.NCU17105T0, jgi|Neucr_trp3_1|5166|Neucr2.NCU08753T0, jgi|Neucr_trp3_1|1354|Neucr2.NCU16394T0	coassemb76_006608-T1
OG0000342	jgi|Neucr_trp3_1|4069|Neucr2.NCU06444T0	jgi|Ascim1|123924|CE123923_1326
OG0000356	jgi|Neucr_trp3_1|9466|Neucr2.NCU05138T0	jgi|Dibbae1|5755|DIBA_002020-RA, jgi|Dibbae1|5791|DIBA_002056-RA
OG0000356	jgi|Neucr_trp3_1|9466|Neucr2.NCU05138T0	KAI9718156.1, KAI9715619.1
OG0000356	jgi|Neucr_trp3_1|9466|Neucr2.NCU05138T0	KAI9830031.1, KAI9830942.1
OG0000360	jgi|Neucr_trp3_1|1307619|fgenesh1_pm.36_#_20	jgi|Penexp1|5287|PEXP_046120T0
OG0000361	jgi|Neucr_trp3_1|10679|Neucr2.NCU05805T0	jgi|EndpusZ1|3311|EPUS_07951T0
OG0000372	jgi|Neucr_trp3_1|8973|Neucr2.NCU05548T0	jgi|EndpusZ1|4056|EPUS_04249T0
OG0000372	jgi|Neucr_trp3_1|8973|Neucr2.NCU05548T0	jgi|Penexp1|2427|PEXP_052820T0
OG0000384	jgi|Neucr_trp3_1|10081|Neucr2.NCU06138T0	XP_008716125.1
OG0000399	jgi|Neucr_trp3_1|2412|Neucr2.NCU02884T0	jgi|Cocpo1_1|2934|XM_003067887.1
OG0000399	jgi|Neucr_trp3_1|2412|Neucr2.NCU02884T0	jgi|Exoaq1|3000|A1O9_10522T0
OG0000399	jgi|Neucr_trp3_1|2412|Neucr2.NCU02884T0	jgi|Fonmu1|756|Z520_00758T0
OG0000411	jgi|Neucr_trp3_1|5948|Neucr2.NCU06311T0	KAI4091501.1
OG0000412	jgi|Neucr_trp3_1|545|Neucr2.NCU01904T0	jgi|Aspni_DSM_1|158967|An04g02770m.01
OG0000415	jgi|Neucr_trp3_1|6735|Neucr2.NCU05201T0	coassemb378_010623-T1
OG0000428	jgi|Neucr_trp3_1|9556|Neucr2.NCU05049T0	KAI9826689.1
OG0000431	jgi|Neucr_trp3_1|2118|Neucr2.NCU00611T0	jgi|Dibbae1|456|DIBA_005890-RA
OG0000455	jgi|Neucr_trp3_1|9355|Neucr2.NCU05986T0	jgi|Grascr1|12662|GST1_001956-RA
OG0000466	jgi|Neucr_trp3_1|8725|Neucr2.NCU04754T0	jgi|Grascr1|11362|GST1_005242-RA
OG0000466	jgi|Neucr_trp3_1|8289|Neucr2.NCU04292T0	jgi|Penexp1|9794|PEXP_098620T0
OG0000470	jgi|Neucr_trp3_1|9687|Neucr2.NCU09447T0	CAF9915761.1
OG0000470	jgi|Neucr_trp3_1|9687|Neucr2.NCU09447T0	jgi|Phach1|2717|rna2716
OG0000485	jgi|Neucr_trp3_1|9230|Neucr2.NCU04016T0	KAI9826477.1
OG0000494	jgi|Neucr_trp3_1|10740|Neucr2.NCU05859T0	KAI4283754.1
OG0000528	jgi|Neucr_trp3_1|7651|Neucr2.NCU01231T0	coassemb76_003245-T1
OG0000556	jgi|Neucr_trp3_1|1436|Neucr2.NCU09132T0	jgi|Acastr1|125819|AST1_000507-RA
OG0000576	jgi|Neucr_trp3_1|5329|Neucr2.NCU04882T0	coassemb376_007705-T1
OG0000579	jgi|Neucr_trp3_1|1342989|MIX3911_167_30	jgi|Morco1|480639|e_gw1.4.340.1
OG0000580	jgi|Neucr_trp3_1|1839|Neucr2.NCU00866T0	jgi|Aspni_DSM_1|158126|An03g01130m.01
OG0000580	jgi|Neucr_trp3_1|1839|Neucr2.NCU00866T0	coassemb378_009052-T1
OG0000581	jgi|Neucr_trp3_1|4609|Neucr2.NCU00299T0	jgi|Fonmu1|6763|Z520_01973T0
OG0000591	jgi|Neucr_trp3_1|9945|Neucr2.NCU09410T0	jgi|Dibbae1|10169|DIBA_003123-RA, jgi|Dibbae1|1749|DIBA_006332-RA
OG0000605	jgi|Neucr_trp3_1|2904|Neucr2.NCU03355T0	coassemb64_007527-T1
OG0000609	jgi|Neucr_trp3_1|10534|Neucr2.NCU02190T0	jgi|Artol1|4636|AOL_s00078g22m.01
OG0000630	jgi|Neucr_trp3_1|8738|Neucr2.NCU04767T0	jgi|Dibbae1|12595|DIBA_004271-RA
OG0000654	jgi|Neucr_trp3_1|8590|Neucr2.NCU12069T0	coassemb64_005016-T1
OG0000654	jgi|Neucr_trp3_1|8590|Neucr2.NCU12069T0	coassemb76_006623-T1
OG0000661	jgi|Neucr_trp3_1|3708|Neucr2.NCU09771T0	jgi|Penexp1|3400|PEXP_084810T0
OG0000698	jgi|Neucr_trp3_1|6190|Neucr2.NCU04339T0	jgi|Aurpu_var_mel1|68258|fgenesh1_pg.20_#_96
OG0000713	jgi|Neucr_trp3_1|3590|Neucr2.NCU08717T0	coassemb378_007793-T1
OG0000713	jgi|Neucr_trp3_1|3590|Neucr2.NCU08717T0	coassemb376_002469-T1
OG0000746	jgi|Neucr_trp3_1|5498|Neucr2.NCU07917T0	KAI9712186.1
OG0000746	jgi|Neucr_trp3_1|5498|Neucr2.NCU07917T0	jgi|Aurpu_var_mel1|51785|e_gw1.15.13.1
OG0000752	jgi|Neucr_trp3_1|1495|Neucr2.NCU08358T0	jgi|Dibbae1|3999|DIBA_006726-RA
OG0000780	jgi|Neucr_trp3_1|7350|Neucr2.NCU03779T0	coassemb378_005839-T1
OG0000791	jgi|Neucr_trp3_1|10314|Neucr2.NCU02376T0	GTX0466b15_004002-T1
OG0000791	jgi|Neucr_trp3_1|10314|Neucr2.NCU02376T0	jgi|EndpusZ1|9090|EPUS_06921T0
OG0000793	jgi|Neucr_trp3_1|2084|Neucr2.NCU00643T0	coassemb378_010898-T1
OG0000847	jgi|Neucr_trp3_1|1747|Neucr2.NCU00944T0	jgi|Penexp1|4253|PEXP_033940T0
OG0000868	jgi|Neucr_trp3_1|7047|Neucr2.NCU04653T0	jgi|Capcor1|95944|A1O1_03087T0
OG0000882	jgi|Neucr_trp3_1|1211980|e_gw1.71.69.1	jgi|Grascr1|1203|GST1_006173-RA
OG0000891	jgi|Neucr_trp3_1|1492|Neucr2.NCU08361T0	jgi|Exoaq1|4058|A1O9_11580T0
OG0000891	jgi|Neucr_trp3_1|1492|Neucr2.NCU08361T0	GTX0466b15_009377-T1, GTX0466b15_006137-T1
OG0000894	jgi|Neucr_trp3_1|6529|Neucr2.NCU07036T0	KAJ9662613.1, KAJ9658160.1, KAJ9654031.1
OG0000906	jgi|Neucr_trp3_1|2355|Neucr2.NCU02941T0	CAF9930826.1
OG0000928	jgi|Neucr_trp3_1|3652|Neucr2.NCU08425T0	CAF9924993.1
OG0000931	jgi|Neucr_trp3_1|1416|Neucr2.NCU09116T0	jgi|Penexp1|7856|PEXP_008370T0
OG0000944	jgi|Neucr_trp3_1|4794|Neucr2.NCU00463T0	jgi|Exoaq1|8108|A1O9_04643T0
OG0000961	jgi|Neucr_trp3_1|1453|Neucr2.NCU08390T0	jgi|Penexp1|7215|PEXP_004080T0
OG0000974	jgi|Neucr_trp3_1|2152|Neucr2.NCU00580T0	jgi|Dibbae1|9218|DIBA_011494-RA
OG0000991	jgi|Neucr_trp3_1|7763|Neucr2.NCU01333T0	KAJ9652281.1
OG0000997	jgi|Neucr_trp3_1|8256|Neucr2.NCU04267T0	jgi|Artol1|71|AOL_s00004g70m.01
OG0001006	jgi|Neucr_trp3_1|6256|Neucr2.NCU08029T0	jgi|Monha1|9388|H072_9849m.01
OG0001008	jgi|Neucr_trp3_1|7402|Neucr2.NCU03826T0	jgi|EndpusZ1|9085|EPUS_06916T0
OG0001015	jgi|Neucr_trp3_1|8152|Neucr2.NCU04161T0	jgi|Exoaq1|3877|A1O9_11399T0
OG0001017	jgi|Neucr_trp3_1|1675|Neucr2.NCU09883T0	jgi|Altal1|938817|e_gw1.14.419.1
OG0001034	jgi|Neucr_trp3_1|1918|Neucr2.NCU00792T0	jgi|Acastr1|122575|AST1_008451-RA
OG0001034	jgi|Neucr_trp3_1|1918|Neucr2.NCU00792T0	KAI9754741.1
OG0001034	jgi|Neucr_trp3_1|1918|Neucr2.NCU00792T0	KAI9826786.1
OG0001034	jgi|Neucr_trp3_1|1918|Neucr2.NCU00792T0	jgi|Altal1|1015420|fgenesh1_kg.1_#_398_#_Locus12168v1rpkm0.86
OG0001051	jgi|Neucr_trp3_1|935|Neucr2.NCU02736T0	jgi|Penexp1|5578|PEXP_109670T0
OG0001060	jgi|Neucr_trp3_1|4116|Neucr2.NCU06486T0	jgi|Morco1|578177|gm1.8953_g, jgi|Morco1|578182|gm1.8958_g, jgi|Morco1|578180|gm1.8956_g, jgi|Morco1|493985|e_gw1.58.72.1
OG0001082	jgi|Neucr_trp3_1|6701|Neucr2.NCU05230T0	jgi|Ascim1|202284|e_gw1.1.305.1
OG0001082	jgi|Neucr_trp3_1|6701|Neucr2.NCU05230T0	jgi|Morco1|535134|fgenesh1_kg.19_#_140_#_Locus7466v1rpkm11.09
OG0001082	jgi|Neucr_trp3_1|6701|Neucr2.NCU05230T0	CAF9943247.1
OG0001082	jgi|Neucr_trp3_1|6701|Neucr2.NCU05230T0	coassemb376_004564-T1
OG0001082	jgi|Neucr_trp3_1|6701|Neucr2.NCU05230T0	jgi|Clagr3|9459|CLAGR_009794-RA
OG0001082	jgi|Neucr_trp3_1|6701|Neucr2.NCU05230T0	jgi|Sclsc1|603|SS1G_00603T0
OG0001082	jgi|Neucr_trp3_1|6701|Neucr2.NCU05230T0	jgi|Sclsc1|603|SS1G_00603T0
OG0001082	jgi|Neucr_trp3_1|6701|Neucr2.NCU05230T0	KAI9662718.1
OG0001082	jgi|Neucr_trp3_1|6701|Neucr2.NCU05230T0	KAI9725238.1, KAI9719547.1
OG0001082	jgi|Neucr_trp3_1|6701|Neucr2.NCU05230T0	jgi|Acastr1|122541|AST1_007018-RA
OG0001082	jgi|Neucr_trp3_1|6701|Neucr2.NCU05230T0	jgi|Podan3|203720|mRNA_2548
OG0001082	jgi|Neucr_trp3_1|6701|Neucr2.NCU05230T0	jgi|Podan3|203720|mRNA_2548
OG0001082	jgi|Neucr_trp3_1|6701|Neucr2.NCU05230T0	jgi|Altal1|1004433|fgenesh1_pg.1_#_729
OG0001085	jgi|Neucr_trp3_1|5786|Neucr2.NCU08318T0	jgi|Erypu1|5735|transcript_POS88363
OG0001115	jgi|Neucr_trp3_1|2014|Neucr2.NCU00704T0, jgi|Neucr_trp3_1|2286|Neucr2.NCU03013T1	coassemb76_002847-T1, coassemb76_003966-T1
OG0001149	jgi|Neucr_trp3_1|5563|Neucr2.NCU06544T0	coassemb64_007578-T1
OG0001151	jgi|Neucr_trp3_1|7632|Neucr2.NCU01210T0	coassemb64_003162-T1
OG0001155	jgi|Neucr_trp3_1|1007010|CE7010_2254	CAF9922875.1
OG0001178	jgi|Neucr_trp3_1|7540|Neucr2.NCU01119T0	jgi|Cocpo1_1|6081|XM_003071034.1
OG0001184	jgi|Neucr_trp3_1|2215|Neucr2.NCU00522T0	jgi|Exoaq1|6235|A1O9_12036T0
OG0001191	jgi|Neucr_trp3_1|3374|Neucr2.NCU01632T0	jgi|Morco1|547704|fgenesh1_pg.43_#_83
OG0001196	jgi|Neucr_trp3_1|7039|Neucr2.NCU04663T0	jgi|Acastr1|124709|AST1_002374-RA
OG0001204	jgi|Neucr_trp3_1|4674|Neucr2.NCU00358T0	coassemb76_010163-T1
OG0001214	jgi|Neucr_trp3_1|3101|Neucr2.NCU06787T0	coassemb378_006048-T1
OG0001214	jgi|Neucr_trp3_1|3101|Neucr2.NCU06787T0	KAI9717070.1
OG0001227	jgi|Neucr_trp3_1|5906|Neucr2.NCU06346T0	jgi|Artol1|4183|AOL_s00076g279m.01
OG0001227	jgi|Neucr_trp3_1|5906|Neucr2.NCU06346T0	jgi|Aspni_DSM_1|158193|An03g01800m.01
OG0001281	jgi|Neucr_trp3_1|2593|Neucr2.NCU08611T1	jgi|Artol1|5|AOL_s00004g4m.01
OG0001300	jgi|Neucr_trp3_1|7055|Neucr2.NCU04648T1	jgi|Artol1|5665|AOL_s00079g439m.01
OG0001428	jgi|Neucr_trp3_1|6297|Neucr2.NCU08682T0	jgi|Grascr1|4396|GST1_010145-RA
OG0001497	jgi|Neucr_trp3_1|553|Neucr2.NCU01898T0	jgi|Sclsc1|3190|SS1G_09646T0
OG0001497	jgi|Neucr_trp3_1|553|Neucr2.NCU01898T0	jgi|Dibbae1|9770|DIBA_012322-RA
OG0001499	jgi|Neucr_trp3_1|9053|Neucr2.NCU09869T0	jgi|EndpusZ1|2781|EPUS_05882T0
OG0001506	jgi|Neucr_trp3_1|9147|Neucr2.NCU03935T0	jgi|Exoaq1|6233|A1O9_12034T0
OG0001512	jgi|Neucr_trp3_1|6192|Neucr2.NCU04337T0	coassemb76_005891-T1
OG0001529	jgi|Neucr_trp3_1|6494|Neucr2.NCU07002T0	coassemb64_004123-T1
OG0001529	jgi|Neucr_trp3_1|6494|Neucr2.NCU07002T0	jgi|Aspni_DSM_1|168268|An17g00540m.01
OG0001547	jgi|Neucr_trp3_1|2938|Neucr2.NCU05340T0	coassemb64_006283-T1
OG0001547	jgi|Neucr_trp3_1|2938|Neucr2.NCU05340T0	jgi|Capcor1|92468|A1O1_08892T0
OG0001547	jgi|Neucr_trp3_1|2938|Neucr2.NCU05340T0	jgi|Capcor1|92468|A1O1_08892T0
OG0001547	jgi|Neucr_trp3_1|2938|Neucr2.NCU05340T0	KAI9827425.1
OG0001547	jgi|Neucr_trp3_1|2938|Neucr2.NCU05340T0	jgi|Phach1|1878|rna1877
OG0001547	jgi|Neucr_trp3_1|2938|Neucr2.NCU05340T0	jgi|Aspni_DSM_1|158237|An03g02280m.01
OG0001547	jgi|Neucr_trp3_1|2938|Neucr2.NCU05340T0	jgi|Penexp1|8715|PEXP_014290T0
OG0001610	jgi|Neucr_trp3_1|2315|Neucr2.NCU02979T0	jgi|EndpusZ1|9217|EPUS_05848T0
OG0001615	jgi|Neucr_trp3_1|10431|Neucr2.NCU02281T0	jgi|Acastr1|126436|AST1_001131-RA
OG0001623	jgi|Neucr_trp3_1|8753|Neucr2.NCU04778T0	jgi|Aspni_DSM_1|168603|An18g01580m.01
OG0001640	jgi|Neucr_trp3_1|5714|Neucr2.NCU07702T0	KAI4086500.1
OG0001646	jgi|Neucr_trp3_1|1515|Neucr2.NCU08341T0	jgi|Altal1|1094038|estExt_Genemark1.C_80316
OG0001688	jgi|Neucr_trp3_1|7593|Neucr2.NCU01174T0	KAI4208429.1
OG0001704	jgi|Neucr_trp3_1|5009|Neucr2.NCU08228T0, jgi|Neucr_trp3_1|5392|Neucr2.NCU04936T0	KAI9715680.1
OG0001800	jgi|Neucr_trp3_1|5317|Neucr2.NCU04874T0, jgi|Neucr_trp3_1|5454|Neucr2.NCU07953T0	coassemb76_009563-T1
OG0001800	jgi|Neucr_trp3_1|5317|Neucr2.NCU04874T0, jgi|Neucr_trp3_1|5454|Neucr2.NCU07953T0	jgi|Claba1|131384|Z519_09698T0
OG0001804	jgi|Neucr_trp3_1|2332|Neucr2.NCU02962T0	CAF9930485.1
OG0001830	jgi|Neucr_trp3_1|2501|Neucr2.NCU02788T0	coassemb76_007596-T1
OG0001830	jgi|Neucr_trp3_1|2501|Neucr2.NCU02788T0	jgi|Grascr1|11554|GST1_001776-RA
OG0001845	jgi|Neucr_trp3_1|3473|Neucr2.NCU01514T0	coassemb76_008813-T1
OG0001845	jgi|Neucr_trp3_1|3473|Neucr2.NCU01514T0	jgi|Claba1|131841|Z519_10158T0
OG0001862	jgi|Neucr_trp3_1|9762|Neucr2.NCU06863T1	jgi|Erypu1|5241|transcript_POS81923, jgi|Erypu1|35|transcript_POS81655
OG0001927	jgi|Neucr_trp3_1|2004|Neucr2.NCU00714T0	jgi|Capcor1|101303|A1O1_08493T0
OG0001931	jgi|Neucr_trp3_1|2526|Neucr2.NCU02765T0	jgi|Claba1|130937|Z519_09248T0
OG0001932	jgi|Neucr_trp3_1|5863|Neucr2.NCU06385T0	KAI9725628.1
OG0001932	jgi|Neucr_trp3_1|5863|Neucr2.NCU06385T0	KAI9660776.1
OG0001932	jgi|Neucr_trp3_1|5863|Neucr2.NCU06385T0	jgi|Altal1|801176|CE801175_27961
OG0001932	jgi|Neucr_trp3_1|5863|Neucr2.NCU06385T0	jgi|Aurpu_var_mel1|57287|e_gw1.26.150.1
OG0001932	jgi|Neucr_trp3_1|5863|Neucr2.NCU06385T0	jgi|Sclsc1|13288|SS1G_06317T0
OG0001932	jgi|Neucr_trp3_1|5863|Neucr2.NCU06385T0	jgi|Erypu1|5505|transcript_POS85324
OG0001932	jgi|Neucr_trp3_1|5863|Neucr2.NCU06385T0	jgi|PseVKM4520_1|3432|transcript_KFZ15202
OG0001932	jgi|Neucr_trp3_1|5863|Neucr2.NCU06385T0	coassemb378_003506-T1
OG0001932	jgi|Neucr_trp3_1|5863|Neucr2.NCU06385T0	jgi|Grascr1|2827|GST1_000986-RA
OG0001932	jgi|Neucr_trp3_1|5863|Neucr2.NCU06385T0	jgi|Dibbae1|6269|DIBA_008602-RA
OG0001932	jgi|Neucr_trp3_1|5863|Neucr2.NCU06385T0	KAJ9653080.1
OG0001932	jgi|Neucr_trp3_1|5863|Neucr2.NCU06385T0	XP_008711585.1
OG0001932	jgi|Neucr_trp3_1|5863|Neucr2.NCU06385T0	jgi|Claba1|133905|Z519_11306T0
OG0001932	jgi|Neucr_trp3_1|5863|Neucr2.NCU06385T0	jgi|Fonmu1|5763|Z520_09576T0
OG0001932	jgi|Neucr_trp3_1|5863|Neucr2.NCU06385T0	jgi|Capcor1|97031|A1O1_04184T0
OG0001932	jgi|Neucr_trp3_1|5863|Neucr2.NCU06385T0	jgi|Exoaq1|10736|A1O9_07105T0
OG0001932	jgi|Neucr_trp3_1|5863|Neucr2.NCU06385T0	coassemb64_000636-T1
OG0001932	jgi|Neucr_trp3_1|5863|Neucr2.NCU06385T0	GTX0466b15_007209-T1
OG0001932	jgi|Neucr_trp3_1|5863|Neucr2.NCU06385T0	coassemb76_003421-T1
OG0001932	jgi|Neucr_trp3_1|5863|Neucr2.NCU06385T0	jgi|EndpusZ1|6093|EPUS_02360T0
OG0001932	jgi|Neucr_trp3_1|5863|Neucr2.NCU06385T0	jgi|Phach1|2378|rna2377
OG0001932	jgi|Neucr_trp3_1|5863|Neucr2.NCU06385T0	jgi|Aspni_DSM_1|155434|An01g03870m.01
OG0001932	jgi|Neucr_trp3_1|5863|Neucr2.NCU06385T0	jgi|Penexp1|1148|PEXP_029070T0
OG0001932	jgi|Neucr_trp3_1|5863|Neucr2.NCU06385T0	jgi|Cocpo1_1|6432|XM_003071385.1
OG0001932	jgi|Neucr_trp3_1|5863|Neucr2.NCU06385T0	KAI4104915.1
OG0001932	jgi|Neucr_trp3_1|5863|Neucr2.NCU06385T0	KAI4233341.1
OG0001932	jgi|Neucr_trp3_1|5863|Neucr2.NCU06385T0	GTX0494b19_002460-T1
OG0001932	jgi|Neucr_trp3_1|5863|Neucr2.NCU06385T0	KAI4224743.1
OG0001932	jgi|Neucr_trp3_1|5863|Neucr2.NCU06385T0	KAI4093527.1
OG0001932	jgi|Neucr_trp3_1|5863|Neucr2.NCU06385T0	KAI4288106.1
OG0001932	jgi|Neucr_trp3_1|5863|Neucr2.NCU06385T0	FUN_009115_T1_FUN_009115
OG0001932	jgi|Neucr_trp3_1|5863|Neucr2.NCU06385T0	CAF9935837.1
OG0001932	jgi|Neucr_trp3_1|5863|Neucr2.NCU06385T0	jgi|Clagr3|9955|CLAGR_009277-RA
OG0001932	jgi|Neucr_trp3_1|5863|Neucr2.NCU06385T0	KAI9837091.1
OG0001932	jgi|Neucr_trp3_1|5863|Neucr2.NCU06385T0	jgi|Umbpus1|107330|LPUS_05547T0
OG0001932	jgi|Neucr_trp3_1|5863|Neucr2.NCU06385T0	jgi|Acastr1|126649|AST1_002628-RA
OG0001932	jgi|Neucr_trp3_1|5863|Neucr2.NCU06385T0	GTX0486b100_002486-T1
OG0001932	jgi|Neucr_trp3_1|5863|Neucr2.NCU06385T0	KAI9705939.1
OG0001932	jgi|Neucr_trp3_1|5863|Neucr2.NCU06385T0	KAI9719450.1
OG0001932	jgi|Neucr_trp3_1|5863|Neucr2.NCU06385T0	KAI9749976.1
OG0001932	jgi|Neucr_trp3_1|5863|Neucr2.NCU06385T0	KAI9816960.1
OG0001935	jgi|Neucr_trp3_1|6502|Neucr2.NCU07010T0	jgi|Morco1|203785|CE203784_1176
OG0001955	jgi|Neucr_trp3_1|9636|Neucr2.NCU09297T0	KAI9837859.1
OG0001991	jgi|Neucr_trp3_1|3820|Neucr2.NCU09162T0	KAI4091663.1
OG0002000	jgi|Neucr_trp3_1|678|Neucr2.NCU02513T0	KAI4279879.1
OG0002004	jgi|Neucr_trp3_1|9127|Neucr2.NCU03908T0	coassemb76_000425-T1
OG0002022	jgi|Neucr_trp3_1|8845|Neucr2.NCU09789T0	CAF9938633.1
OG0002081	jgi|Neucr_trp3_1|7760|Neucr2.NCU01330T0	coassemb64_004135-T1
OG0002082	jgi|Neucr_trp3_1|8808|Neucr2.NCU04822T0	jgi|Dibbae1|2617|DIBA_009761-RA
OG0002082	jgi|Neucr_trp3_1|8808|Neucr2.NCU04822T0	jgi|Grascr1|1747|GST1_008442-RA
OG0002082	jgi|Neucr_trp3_1|8808|Neucr2.NCU04822T0	coassemb378_004733-T1
OG0002082	jgi|Neucr_trp3_1|8808|Neucr2.NCU04822T0	coassemb376_003573-T1
OG0002082	jgi|Neucr_trp3_1|8808|Neucr2.NCU04822T0	CAF9909522.1
OG0002082	jgi|Neucr_trp3_1|8808|Neucr2.NCU04822T0	jgi|Clagr3|2130|CLAGR_002118-RA
OG0002082	jgi|Neucr_trp3_1|8808|Neucr2.NCU04822T0	KAI4092819.1
OG0002082	jgi|Neucr_trp3_1|8808|Neucr2.NCU04822T0	KAI4219806.1
OG0002082	jgi|Neucr_trp3_1|8808|Neucr2.NCU04822T0	KAI4231195.1
OG0002082	jgi|Neucr_trp3_1|8808|Neucr2.NCU04822T0	GTX0494b19_000327-T1
OG0002082	jgi|Neucr_trp3_1|8808|Neucr2.NCU04822T0	FUN_004087_T2_FUN_004087, FUN_004087_T1_FUN_004087
OG0002082	jgi|Neucr_trp3_1|8808|Neucr2.NCU04822T0	KAI4286300.1
OG0002082	jgi|Neucr_trp3_1|8808|Neucr2.NCU04822T0	KAI4108161.1
OG0002082	jgi|Neucr_trp3_1|8808|Neucr2.NCU04822T0	jgi|Umbpus1|103411|LPUS_10009T0
OG0002082	jgi|Neucr_trp3_1|8808|Neucr2.NCU04822T0	jgi|Acastr1|124894|AST1_006986-RA
OG0002082	jgi|Neucr_trp3_1|8808|Neucr2.NCU04822T0	KAI9723963.1
OG0002082	jgi|Neucr_trp3_1|8808|Neucr2.NCU04822T0	KAI9705443.1
OG0002082	jgi|Neucr_trp3_1|8808|Neucr2.NCU04822T0	GTX0486b100_003609-T1
OG0002082	jgi|Neucr_trp3_1|8808|Neucr2.NCU04822T0	KAI9836659.1
OG0002082	jgi|Neucr_trp3_1|8808|Neucr2.NCU04822T0	KAI9751575.1
OG0002082	jgi|Neucr_trp3_1|8808|Neucr2.NCU04822T0	KAI9827245.1
OG0002082	jgi|Neucr_trp3_1|8808|Neucr2.NCU04822T0	jgi|Penexp1|2894|PEXP_088300T0
OG0002082	jgi|Neucr_trp3_1|8808|Neucr2.NCU04822T0	jgi|Aspni_DSM_1|167090|An15g05770m.01
OG0002082	jgi|Neucr_trp3_1|8808|Neucr2.NCU04822T0	jgi|Cocpo1_1|1689|XM_003066641.1
OG0002082	jgi|Neucr_trp3_1|8808|Neucr2.NCU04822T0	jgi|Phach1|2869|rna2868
OG0002082	jgi|Neucr_trp3_1|8808|Neucr2.NCU04822T0	jgi|EndpusZ1|6396|EPUS_02568T0
OG0002082	jgi|Neucr_trp3_1|8808|Neucr2.NCU04822T0	XP_008716193.1
OG0002082	jgi|Neucr_trp3_1|8808|Neucr2.NCU04822T0	jgi|Exoaq1|11990|A1O9_08306T0
OG0002082	jgi|Neucr_trp3_1|8808|Neucr2.NCU04822T0	jgi|Capcor1|92540|A1O1_08964T0
OG0002082	jgi|Neucr_trp3_1|8808|Neucr2.NCU04822T0	jgi|Fonmu1|6734|Z520_01944T0
OG0002082	jgi|Neucr_trp3_1|8808|Neucr2.NCU04822T0	jgi|Claba1|138939|Z519_05471T0
OG0002082	jgi|Neucr_trp3_1|8808|Neucr2.NCU04822T0	GTX0466b15_000449-T1
OG0002082	jgi|Neucr_trp3_1|8808|Neucr2.NCU04822T0	coassemb76_003837-T1
OG0002082	jgi|Neucr_trp3_1|8808|Neucr2.NCU04822T0	KAJ9650256.1
OG0002154	jgi|Neucr_trp3_1|1269615|fgenesh1_pg.7_#_80	jgi|Sclsc1|8089|SS1G_13512T0
OG0002211	jgi|Neucr_trp3_1|2195|Neucr2.NCU00542T0	jgi|Aspni_DSM_1|155098|An01g00340m.01
OG0002235	jgi|Neucr_trp3_1|7136|Neucr2.NCU04578T0	jgi|EndpusZ1|4631|EPUS_02121T0
OG0002373	jgi|Neucr_trp3_1|3129|Neucr2.NCU06760T0	FUN_005923_T1_FUN_005923
OG0002396	jgi|Neucr_trp3_1|5894|Neucr2.NCU06360T0	jgi|Acastr1|125592|AST1_007869-RA
OG0002575	jgi|Neucr_trp3_1|4738|Neucr2.NCU00412T0	GTX0486b100_008436-T1
OG0002575	jgi|Neucr_trp3_1|4738|Neucr2.NCU00412T0	GTX0494b19_000543-T1
OG0002624	jgi|Neucr_trp3_1|1339192|MIX114_1760_98	coassemb76_009612-T1
OG0002624	jgi|Neucr_trp3_1|1339192|MIX114_1760_98	KAJ9649871.1
OG0002704	jgi|Neucr_trp3_1|3474|Neucr2.NCU01512T0	coassemb76_008812-T1
OG0002705	jgi|Neucr_trp3_1|6392|Neucr2.NCU07297T0	KAI4286705.1
OG0002718	jgi|Neucr_trp3_1|1166|Neucr2.NCU03124T0	coassemb64_002777-T1
OG0002738	jgi|Neucr_trp3_1|1468|Neucr2.NCU08378T0	jgi|Monha1|1364|H072_1364m.01
OG0002823	jgi|Neucr_trp3_1|604|Neucr2.NCU01854T0	FUN_007174_T1_FUN_007174
OG0003031	jgi|Neucr_trp3_1|9938|Neucr2.NCU17186T0	jgi|Exoaq1|5208|A1O9_02731T0
OG0003192	jgi|Neucr_trp3_1|2277|Neucr2.NCU03021T0	jgi|Acastr1|123922|AST1_000544-RA
OG0003358	jgi|Neucr_trp3_1|7256|Neucr2.NCU03694T0	jgi|Acastr1|123626|AST1_006950-RA
OG0003358	jgi|Neucr_trp3_1|7256|Neucr2.NCU03694T0	KAI9816652.1
OG0003393	jgi|Neucr_trp3_1|2527|Neucr2.NCU02764T0	coassemb376_007251-T1
OG0003398	jgi|Neucr_trp3_1|10102|Neucr2.NCU06117T0	jgi|Cocpo1_1|5470|XM_003070423.1
OG0003398	jgi|Neucr_trp3_1|10102|Neucr2.NCU06117T0	coassemb64_005159-T1
OG0003402	jgi|Neucr_trp3_1|8908|Neucr2.NCU05606T0	coassemb376_001305-T1
OG0003437	jgi|Neucr_trp3_1|449|Neucr2.NCU01991T0	coassemb378_011328-T1
OG0003488	jgi|Neucr_trp3_1|1223006|e_gw1.223.19.1	jgi|Aurpu_var_mel1|58259|e_gw1.28.329.1
OG0003488	jgi|Neucr_trp3_1|1223006|e_gw1.223.19.1	jgi|Altal1|730811|CE730810_4800
OG0003488	jgi|Neucr_trp3_1|1223006|e_gw1.223.19.1	KAI9827135.1
OG0003488	jgi|Neucr_trp3_1|1223006|e_gw1.223.19.1	KAI9747975.1
OG0003488	jgi|Neucr_trp3_1|1223006|e_gw1.223.19.1	KAI9812351.1
OG0003488	jgi|Neucr_trp3_1|1223006|e_gw1.223.19.1	KAI9696068.1
OG0003488	jgi|Neucr_trp3_1|1223006|e_gw1.223.19.1	GTX0486b100_002568-T1
OG0003488	jgi|Neucr_trp3_1|1223006|e_gw1.223.19.1	KAI9714953.1
OG0003488	jgi|Neucr_trp3_1|1223006|e_gw1.223.19.1	jgi|Dibbae1|3494|DIBA_000364-RA
OG0003488	jgi|Neucr_trp3_1|1223006|e_gw1.223.19.1	jgi|Grascr1|8487|GST1_000634-RA
OG0003488	jgi|Neucr_trp3_1|1223006|e_gw1.223.19.1	coassemb378_004215-T1
OG0003488	jgi|Neucr_trp3_1|1223006|e_gw1.223.19.1	jgi|Acastr1|122800|AST1_004287-RA
OG0003488	jgi|Neucr_trp3_1|1223006|e_gw1.223.19.1	CAF9912895.1
OG0003488	jgi|Neucr_trp3_1|1223006|e_gw1.223.19.1	jgi|Clagr3|6552|CLAGR_006503-RA
OG0003488	jgi|Neucr_trp3_1|1223006|e_gw1.223.19.1	jgi|Umbpus1|100685|LPUS_07349T0
OG0003488	jgi|Neucr_trp3_1|1223006|e_gw1.223.19.1	coassemb376_000716-T1
OG0003488	jgi|Neucr_trp3_1|1223006|e_gw1.223.19.1	KAI4100879.1
OG0003488	jgi|Neucr_trp3_1|1223006|e_gw1.223.19.1	FUN_007371_T1_FUN_007371
OG0003488	jgi|Neucr_trp3_1|1223006|e_gw1.223.19.1	GTX0494b19_007084-T1
OG0003488	jgi|Neucr_trp3_1|1223006|e_gw1.223.19.1	KAI4108908.1
OG0003488	jgi|Neucr_trp3_1|1223006|e_gw1.223.19.1	KAI4226489.1
OG0003488	jgi|Neucr_trp3_1|1223006|e_gw1.223.19.1	KAI4276331.1
OG0003488	jgi|Neucr_trp3_1|1223006|e_gw1.223.19.1	jgi|Penexp1|7834|PEXP_008150T0
OG0003488	jgi|Neucr_trp3_1|1223006|e_gw1.223.19.1	jgi|Aspni_DSM_1|157360|An02g08410m.01
OG0003488	jgi|Neucr_trp3_1|1223006|e_gw1.223.19.1	jgi|Cocpo1_1|3778|XM_003068731.1
OG0003488	jgi|Neucr_trp3_1|1223006|e_gw1.223.19.1	jgi|Phach1|4604|rna4603
OG0003488	jgi|Neucr_trp3_1|1223006|e_gw1.223.19.1	jgi|EndpusZ1|359|EPUS_04327T0
OG0003488	jgi|Neucr_trp3_1|1223006|e_gw1.223.19.1	GTX0466b15_008864-T1
OG0003488	jgi|Neucr_trp3_1|1223006|e_gw1.223.19.1	coassemb76_009108-T1
OG0003488	jgi|Neucr_trp3_1|1223006|e_gw1.223.19.1	XP_008713619.1
OG0003488	jgi|Neucr_trp3_1|1223006|e_gw1.223.19.1	jgi|Exoaq1|4829|A1O9_02349T0
OG0003488	jgi|Neucr_trp3_1|1223006|e_gw1.223.19.1	jgi|Capcor1|97645|A1O1_04806T0
OG0003488	jgi|Neucr_trp3_1|1223006|e_gw1.223.19.1	jgi|Fonmu1|11178|Z520_04380T0
OG0003488	jgi|Neucr_trp3_1|1223006|e_gw1.223.19.1	jgi|Claba1|138598|Z519_05129T0
OG0003488	jgi|Neucr_trp3_1|1223006|e_gw1.223.19.1	coassemb64_006878-T1
OG0003625	jgi|Neucr_trp3_1|2930|Neucr2.NCU03332T0	jgi|Exoaq1|7046|A1O9_12848T0
OG0003680	jgi|Neucr_trp3_1|1332573|gm1.3022_g	jgi|Morco1|577490|gm1.8266_g
OG0003689	jgi|Neucr_trp3_1|7770|Neucr2.NCU01340T0	jgi|Clagr3|7431|CLAGR_007028-RA
OG0003709	jgi|Neucr_trp3_1|8773|Neucr2.NCU10733T0	coassemb376_002099-T1
OG0003709	jgi|Neucr_trp3_1|8773|Neucr2.NCU10733T0	jgi|Acastr1|119440|AST1_007522-RA
OG0003794	jgi|Neucr_trp3_1|1311|Neucr2.NCU03253T0	KAI9817910.1
OG0003802	jgi|Neucr_trp3_1|1027|Neucr2.NCU09806T0	jgi|Claba1|130454|Z519_08761T0
OG0003840	jgi|Neucr_trp3_1|3886|Neucr2.NCU05685T1	jgi|Claba1|137073|Z519_12810T0
OG0003840	jgi|Neucr_trp3_1|3886|Neucr2.NCU05685T1	XP_008710554.1, XP_008721554.1
OG0003880	jgi|Neucr_trp3_1|5437|Neucr2.NCU07972T0	jgi|Umbpus1|105574|LPUS_12582T0
OG0003964	jgi|Neucr_trp3_1|4242|Neucr2.NCU06256T0	GTX0466b15_001705-T1
OG0003966	jgi|Neucr_trp3_1|6456|Neucr2.NCU06968T0	jgi|Claba1|138771|Z519_05302T0
OG0003978	jgi|Neucr_trp3_1|6383|Neucr2.NCU07305T0	CAF9943228.1
OG0003980	jgi|Neucr_trp3_1|6641|Neucr2.NCU05285T0	coassemb76_006176-T1
OG0004009	jgi|Neucr_trp3_1|1880|Neucr2.NCU00830T0	jgi|Exoaq1|6089|A1O9_11889T0
OG0004123	jgi|Neucr_trp3_1|1353382|MIX14304_10077_97	jgi|Aspni_DSM_1|158129|An03g01160m.01
OG0004186	jgi|Neucr_trp3_1|1292012|fgenesh1_kg.160_#_1_#_Locus1076v1rpkm85.73	KAI9839543.1
OG0004200	jgi|Neucr_trp3_1|219|Neucr2.NCU09093T0, jgi|Neucr_trp3_1|3040|Neucr2.NCU05480T0, jgi|Neucr_trp3_1|1307834|fgenesh1_pm.39_#_1	jgi|Fonmu1|9323|Z520_11729T0
OG0004250	jgi|Neucr_trp3_1|6037|Neucr2.NCU04472T1	jgi|Monha1|1644|H072_1644m.01
OG0004369	jgi|Neucr_trp3_1|9304|Neucr2.NCU04092T0	jgi|Cocpo1_1|1562|XM_003066514.1
OG0004369	jgi|Neucr_trp3_1|1795|Neucr2.NCU00905T0	jgi|Morco1|534707|fgenesh1_kg.17_#_43_#_Locus16834v1rpkm0.80
OG0004411	jgi|Neucr_trp3_1|7845|Neucr2.NCU01411T0	jgi|Capcor1|101072|A1O1_08260T0
OG0004435	jgi|Neucr_trp3_1|9327|Neucr2.NCU06008T0	GTX0486b100_006750-T1
OG0004527	jgi|Neucr_trp3_1|997|Neucr2.NCU09363T0	KAI9652523.1
OG0004589	jgi|Neucr_trp3_1|908|Neucr2.NCU02712T0	KAJ9650549.1
OG0004592	jgi|Neucr_trp3_1|6044|Neucr2.NCU04466T0	jgi|PseVKM4520_1|8017|transcript_KFZ24611
OG0004754	jgi|Neucr_trp3_1|1209710|e_gw1.56.69.1	jgi|Exoaq1|2790|A1O9_13179T0
OG0004795	jgi|Neucr_trp3_1|5364|Neucr2.NCU04913T0	jgi|Claba1|139160|Z519_05692T0
OG0004928	jgi|Neucr_trp3_1|7463|Neucr2.NCU01045T0	CAF9942232.1
OG0005249	jgi|Neucr_trp3_1|10003|Neucr2.NCU09704T0	GTX0486b100_008287-T1
OG0005366	jgi|Neucr_trp3_1|3273|Neucr2.NCU01750T0	KAI4231955.1
OG0005369	jgi|Neucr_trp3_1|6973|Neucr2.NCU10184T0	KAI9710391.1
OG0005404	jgi|Neucr_trp3_1|10467|Neucr2.NCU02253T0	GTX0486b100_003784-T1
OG0005404	jgi|Neucr_trp3_1|10467|Neucr2.NCU02253T0	FUN_003800_T1_FUN_003800
OG0005425	jgi|Neucr_trp3_1|3026|Neucr2.NCU05463T0	jgi|Phach1|1154|rna1153
OG0005451	jgi|Neucr_trp3_1|1108|Neucr2.NCU03078T0	coassemb76_008141-T1
OG0005478	jgi|Neucr_trp3_1|5407|Neucr2.NCU04948T0, jgi|Neucr_trp3_1|1310533|fgenesh1_pm.86_#_28, jgi|Neucr_trp3_1|2389|Neucr2.NCU16474T0	jgi|Penexp1|3367|PEXP_084480T0
OG0005488	jgi|Neucr_trp3_1|9447|Neucr2.NCU05156T0, jgi|Neucr_trp3_1|1844|Neucr2.NCU00861T0	jgi|Morco1|578739|gm1.9515_g, jgi|Morco1|524214|estExt_Genewise1Plus.C_310004
OG0005575	jgi|Neucr_trp3_1|1271141|fgenesh1_pg.23_#_9	jgi|Aspni_DSM_1|161719|An08g04560m.01
OG0005590	jgi|Neucr_trp3_1|10640|Neucr2.NCU05773T0, jgi|Neucr_trp3_1|1591|Neucr2.NCU07415T0	jgi|Dibbae1|7904|DIBA_000367-RA
OG0005666	jgi|Neucr_trp3_1|464|Neucr2.NCU01977T1	FUN_002097_T1_FUN_002097
OG0005703	jgi|Neucr_trp3_1|5771|Neucr2.NCU07660T0	jgi|Penexp1|5410|PEXP_058710T0
OG0005703	jgi|Neucr_trp3_1|5771|Neucr2.NCU07660T0	KAI4221891.1
OG0005703	jgi|Neucr_trp3_1|5771|Neucr2.NCU07660T0	FUN_007644_T1_FUN_007644
OG0005703	jgi|Neucr_trp3_1|5771|Neucr2.NCU07660T0	KAI4237536.1
OG0005703	jgi|Neucr_trp3_1|5771|Neucr2.NCU07660T0	KAI4107771.1
OG0005703	jgi|Neucr_trp3_1|5771|Neucr2.NCU07660T0	jgi|Umbpus1|103770|LPUS_10440T0
OG0005703	jgi|Neucr_trp3_1|5771|Neucr2.NCU07660T0	jgi|Dibbae1|4779|DIBA_007319-RA
OG0005703	jgi|Neucr_trp3_1|5771|Neucr2.NCU07660T0	KAI9706068.1
OG0005703	jgi|Neucr_trp3_1|5771|Neucr2.NCU07660T0	KAI9719765.1
OG0005703	jgi|Neucr_trp3_1|5771|Neucr2.NCU07660T0	GTX0486b100_005081-T1
OG0005703	jgi|Neucr_trp3_1|5771|Neucr2.NCU07660T0	CAF9910287.1
OG0005703	jgi|Neucr_trp3_1|5771|Neucr2.NCU07660T0	jgi|Clagr3|6568|CLAGR_006519-RA
OG0005703	jgi|Neucr_trp3_1|5771|Neucr2.NCU07660T0	KAI9833787.1
OG0005703	jgi|Neucr_trp3_1|5771|Neucr2.NCU07660T0	KAI9825688.1
OG0005703	jgi|Neucr_trp3_1|5771|Neucr2.NCU07660T0	KAI9754780.1
OG0005703	jgi|Neucr_trp3_1|5771|Neucr2.NCU07660T0	jgi|Claba1|131273|Z519_09587T0, jgi|Claba1|138673|Z519_05204T0
OG0005703	jgi|Neucr_trp3_1|5771|Neucr2.NCU07660T0	jgi|Fonmu1|4668|Z520_01655T0, jgi|Fonmu1|11240|Z520_04442T0
OG0005703	jgi|Neucr_trp3_1|5771|Neucr2.NCU07660T0	GTX0466b15_003769-T1
OG0005703	jgi|Neucr_trp3_1|5771|Neucr2.NCU07660T0	coassemb76_002902-T1
OG0005703	jgi|Neucr_trp3_1|5771|Neucr2.NCU07660T0	XP_008720189.1
OG0005703	jgi|Neucr_trp3_1|5771|Neucr2.NCU07660T0	coassemb64_001383-T1
OG0005703	jgi|Neucr_trp3_1|5771|Neucr2.NCU07660T0	jgi|Exoaq1|4028|A1O9_11550T0
OG0005703	jgi|Neucr_trp3_1|5771|Neucr2.NCU07660T0	jgi|Capcor1|97710|A1O1_04871T0
OG0005703	jgi|Neucr_trp3_1|5771|Neucr2.NCU07660T0	jgi|EndpusZ1|5068|EPUS_01676T0
OG0005703	jgi|Neucr_trp3_1|5771|Neucr2.NCU07660T0	jgi|Grascr1|13059|GST1_007592-RA
OG0005703	jgi|Neucr_trp3_1|5771|Neucr2.NCU07660T0	KAI9654026.1
OG0005703	jgi|Neucr_trp3_1|5771|Neucr2.NCU07660T0	KAI9725581.1
OG0005703	jgi|Neucr_trp3_1|5771|Neucr2.NCU07660T0	jgi|Aurpu_var_mel1|76662|fgenesh1_pm.16_#_27
OG0005703	jgi|Neucr_trp3_1|5771|Neucr2.NCU07660T0	jgi|Altal1|1023988|fgenesh1_kg.21_#_206_#_Locus1895v1rpkm82.06
OG0005703	jgi|Neucr_trp3_1|5771|Neucr2.NCU07660T0	jgi|Penexp1|5410|PEXP_058710T0
OG0005825	jgi|Neucr_trp3_1|1467|Neucr2.NCU08379T0	KAI9705914.1
OG0005834	jgi|Neucr_trp3_1|1679|Neucr2.NCU10125T0	XP_008716065.1
OG0005868	jgi|Neucr_trp3_1|4422|Neucr2.NCU00132T0	jgi|Clagr3|2959|CLAGR_002623-RA
OG0005881	jgi|Neucr_trp3_1|1093210|CE93210_1296	jgi|Grascr1|7047|GST1_010577-RA
OG0005898	jgi|Neucr_trp3_1|1212649|e_gw1.76.65.1	KAI9723592.1
OG0005921	jgi|Neucr_trp3_1|5221|Neucr2.NCU16722T0	jgi|Monha1|9690|H072_10193m.01
OG0005921	jgi|Neucr_trp3_1|5221|Neucr2.NCU16722T0	jgi|Grascr1|2195|GST1_001314-RA
OG0005966	jgi|Neucr_trp3_1|7521|Neucr2.NCU01098T0	jgi|Grascr1|2308|GST1_009053-RA
OG0005966	jgi|Neucr_trp3_1|7521|Neucr2.NCU01098T0	CAF9936865.1, CAF9933811.1
OG0006012	jgi|Neucr_trp3_1|3024|Neucr2.NCU05460T0	jgi|Acastr1|122148|AST1_007380-RA
OG0006025	jgi|Neucr_trp3_1|10435|Neucr2.NCU02278T0	jgi|Penexp1|9708|PEXP_100150T0
OG0006037	jgi|Neucr_trp3_1|9642|Neucr2.NCU17154T0, jgi|Neucr_trp3_1|9558|Neucr2.NCU05047T0	KAI9754634.1
OG0006037	jgi|Neucr_trp3_1|9642|Neucr2.NCU17154T0, jgi|Neucr_trp3_1|9558|Neucr2.NCU05047T0	FUN_002618_T1_FUN_002618
OG0006037	jgi|Neucr_trp3_1|9642|Neucr2.NCU17154T0, jgi|Neucr_trp3_1|9558|Neucr2.NCU05047T0	KAI9655060.1
OG0006037	jgi|Neucr_trp3_1|9642|Neucr2.NCU17154T0, jgi|Neucr_trp3_1|9558|Neucr2.NCU05047T0	jgi|Exoaq1|6153|A1O9_11954T0, jgi|Exoaq1|2377|A1O9_09903T0
OG0006037	jgi|Neucr_trp3_1|9642|Neucr2.NCU17154T0, jgi|Neucr_trp3_1|9558|Neucr2.NCU05047T0	GTX0486b100_007939-T1
OG0006037	jgi|Neucr_trp3_1|9642|Neucr2.NCU17154T0, jgi|Neucr_trp3_1|9558|Neucr2.NCU05047T0	GTX0466b15_005446-T1
OG0006092	jgi|Neucr_trp3_1|6778|Neucr2.NCU05164T0	XP_008720544.1
OG0006113	jgi|Neucr_trp3_1|5846|Neucr2.NCU06401T0	jgi|Penexp1|2031|PEXP_024430T0
OG0006137	jgi|Neucr_trp3_1|1347180|MIX8102_1206_60	jgi|Grascr1|745|GST1_008999-RA
OG0006224	jgi|Neucr_trp3_1|8558|Neucr2.NCU07134T0, jgi|Neucr_trp3_1|4338|Neucr2.NCU00061T0	XP_008712127.1
OG0006284	jgi|Neucr_trp3_1|5464|Neucr2.NCU07945T0	jgi|Aspni_DSM_1|156551|An02g00260m.01
OG0006297	jgi|Neucr_trp3_1|9253|Neucr2.NCU04039T0	KAJ9661893.1
OG0006297	jgi|Neucr_trp3_1|9253|Neucr2.NCU04039T0	jgi|Exoaq1|3232|A1O9_10750T0
OG0006351	jgi|Neucr_trp3_1|9533|Neucr2.NCU05071T0	coassemb378_008669-T1, coassemb378_003689-T1
OG0006382	jgi|Neucr_trp3_1|6888|Neucr2.NCU07768T0	KAJ9659592.1
OG0006530	jgi|Neucr_trp3_1|4648|Neucr2.NCU00332T0	jgi|Altal1|1017390|fgenesh1_kg.4_#_190_#_Locus2228v1rpkm69.13
OG0006638	jgi|Neucr_trp3_1|7783|Neucr2.NCU01351T0	jgi|Dibbae1|8770|DIBA_002263-RA
OG0006638	jgi|Neucr_trp3_1|7783|Neucr2.NCU01351T0	jgi|Clagr3|6591|CLAGR_006304-RA
OG0006638	jgi|Neucr_trp3_1|7783|Neucr2.NCU01351T0	jgi|Artol1|6195|AOL_s00081g25m.01
OG0006806	jgi|Neucr_trp3_1|620|Neucr2.NCU09976T0	coassemb378_001580-T1
OG0006835	jgi|Neucr_trp3_1|1263439|estExt_Genewise1Plus.C_1130012	coassemb378_003079-T1
OG0007038	jgi|Neucr_trp3_1|6034|Neucr2.NCU04475T0	KAJ9659347.1
OG0007057	jgi|Neucr_trp3_1|1310622|fgenesh1_pm.88_#_4	coassemb378_008341-T1
OG0007057	jgi|Neucr_trp3_1|1310622|fgenesh1_pm.88_#_4	jgi|Artol1|2655|AOL_s00043g818m.01
OG0007057	jgi|Neucr_trp3_1|1310622|fgenesh1_pm.88_#_4	jgi|Monha1|9942|H072_10473m.01
OG0007057	jgi|Neucr_trp3_1|1310622|fgenesh1_pm.88_#_4	jgi|Sclsc1|5043|SS1G_11499T0
OG0007057	jgi|Neucr_trp3_1|1310622|fgenesh1_pm.88_#_4	jgi|Claba1|130057|Z519_08364T0
OG0007057	jgi|Neucr_trp3_1|1310622|fgenesh1_pm.88_#_4	jgi|Fonmu1|1365|Z520_05995T0
OG0007748	jgi|Neucr_trp3_1|1203349|e_gw1.24.138.1	jgi|Altal1|941203|e_gw1.17.125.1
OG0007775	jgi|Neucr_trp3_1|123|Neucr2.NCU07485T0	jgi|Monha1|4266|H072_4346m.01
