Orthogroup	Penexp1_GeneCatalog_proteins_20170706.aa	Other
OG0000000	jgi|Penexp1|9575|PEXP_068800T0	jgi|Exoaq1|3410|A1O9_10929T0
OG0000003	jgi|Penexp1|10011|PEXP_017340T0, jgi|Penexp1|9403|PEXP_067070T0, jgi|Penexp1|7088|PEXP_076240T0	jgi|EndpusZ1|3770|EPUS_08855T0
OG0000003	jgi|Penexp1|10011|PEXP_017340T0, jgi|Penexp1|9403|PEXP_067070T0, jgi|Penexp1|7088|PEXP_076240T0	KAI4285159.1
OG0000003	jgi|Penexp1|10011|PEXP_017340T0	KAI4239294.1
OG0000003	jgi|Penexp1|10011|PEXP_017340T0	KAI4224142.1
OG0000003	jgi|Penexp1|10011|PEXP_017340T0	jgi|Capcor1|101478|A1O1_08670T0
OG0000003	jgi|Penexp1|9403|PEXP_067070T0	coassemb76_010185-T1
OG0000003	jgi|Penexp1|9403|PEXP_067070T0	GTX0466b15_005320-T1
OG0000003	jgi|Penexp1|9403|PEXP_067070T0	jgi|Exoaq1|2969|A1O9_10491T0
OG0000003	jgi|Penexp1|7088|PEXP_076240T0	jgi|Umbpus1|105053|LPUS_11909T0
OG0000003	jgi|Penexp1|7088|PEXP_076240T0	CAF9919938.1
OG0000003	jgi|Penexp1|7088|PEXP_076240T0	jgi|PseVKM4520_1|4163|transcript_KFZ13907
OG0000004	jgi|Penexp1|1342|PEXP_025860T0	coassemb378_002494-T1
OG0000005	jgi|Penexp1|2946|PEXP_088820T0	jgi|Claba1|138818|Z519_05350T0
OG0000009	jgi|Penexp1|3940|PEXP_030130T0	coassemb64_001666-T1
OG0000011	jgi|Penexp1|8544|PEXP_070040T0	GTX0466b15_009369-T1
OG0000011	jgi|Penexp1|1017|PEXP_096440T0	jgi|Altal1|1020010|fgenesh1_kg.9_#_274_#_Locus7888v2rpkm3.58
OG0000011	jgi|Penexp1|1017|PEXP_096440T0	XP_008712814.1, XP_008710708.1
OG0000011	jgi|Penexp1|1017|PEXP_096440T0	KAJ9658670.1
OG0000011	jgi|Penexp1|1017|PEXP_096440T0	jgi|Exoaq1|10936|A1O9_07305T0
OG0000011	jgi|Penexp1|1017|PEXP_096440T0	jgi|Fusgr1|4468|FGSG_03646T0
OG0000012	jgi|Penexp1|1987|PEXP_023990T0, jgi|Penexp1|1862|PEXP_022740T0, jgi|Penexp1|867|PEXP_094970T0	jgi|Altal1|1066271|gm1.10506_g
OG0000014	jgi|Penexp1|10961|PEXP_021950T0	jgi|Altal1|999746|estExt_Genewise1Plus.C_260385
OG0000014	jgi|Penexp1|10961|PEXP_021950T0	KAI9671675.1
OG0000014	jgi|Penexp1|10961|PEXP_021950T0	jgi|Aspni_DSM_1|167467|An16g01690m.01
OG0000014	jgi|Penexp1|10961|PEXP_021950T0	jgi|Dibbae1|8438|DIBA_010822-RA
OG0000014	jgi|Penexp1|10961|PEXP_021950T0	jgi|Podan3|207840|mRNA_6668
OG0000014	jgi|Penexp1|10961|PEXP_021950T0	coassemb376_007198-T1
OG0000014	jgi|Penexp1|10961|PEXP_021950T0	jgi|Aurpu_var_mel1|74424|fgenesh1_pm.7_#_150
OG0000014	jgi|Penexp1|10961|PEXP_021950T0	KAI9697230.1
OG0000014	jgi|Penexp1|10961|PEXP_021950T0	jgi|Acastr1|122919|AST1_001035-RA
OG0000014	jgi|Penexp1|10961|PEXP_021950T0	jgi|Clagr3|8934|CLAGR_008914-RA
OG0000014	jgi|Penexp1|10961|PEXP_021950T0	jgi|EndpusZ1|5016|EPUS_06527T0
OG0000014	jgi|Penexp1|10961|PEXP_021950T0	jgi|EndpusZ1|5016|EPUS_06527T0
OG0000014	jgi|Penexp1|6644|PEXP_078840T0	KAI4208649.1
OG0000015	jgi|Penexp1|3668|PEXP_085500T0	jgi|Exoaq1|8700|A1O9_12955T0
OG0000015	jgi|Penexp1|3668|PEXP_085500T0	coassemb376_002605-T1, coassemb376_004837-T1, coassemb376_000920-T1, coassemb376_006515-T1
OG0000015	jgi|Penexp1|3668|PEXP_085500T0	CAF9938701.1, CAF9912418.1, CAF9903076.1, CAF9930614.1
OG0000015	jgi|Penexp1|3668|PEXP_085500T0	coassemb378_010925-T1, coassemb378_004074-T1, coassemb378_007953-T1
OG0000015	jgi|Penexp1|3668|PEXP_085500T0	jgi|Sclsc1|12461|SS1G_05490T0, jgi|Sclsc1|8948|SS1G_02363T0, jgi|Sclsc1|10407|SS1G_03436T0
OG0000015	jgi|Penexp1|3668|PEXP_085500T0	jgi|Umbpus1|101628|LPUS_08356T0
OG0000015	jgi|Penexp1|3668|PEXP_085500T0	jgi|Grascr1|13026|GST1_005555-RA
OG0000015	jgi|Penexp1|3668|PEXP_085500T0	jgi|Dibbae1|8150|DIBA_009760-RA
OG0000015	jgi|Penexp1|3668|PEXP_085500T0	jgi|Altal1|1057254|gm1.1489_g
OG0000015	jgi|Penexp1|3668|PEXP_085500T0	jgi|Fonmu1|9975|Z520_03372T0
OG0000015	jgi|Penexp1|3668|PEXP_085500T0	jgi|Claba1|129352|Z519_07655T0
OG0000015	jgi|Penexp1|3668|PEXP_085500T0	KAI9722165.1
OG0000015	jgi|Penexp1|3668|PEXP_085500T0	jgi|Acastr1|118920|AST1_002521-RA
OG0000015	jgi|Penexp1|3668|PEXP_085500T0	jgi|Cocpo1_1|2685|XM_003067638.1
OG0000015	jgi|Penexp1|3668|PEXP_085500T0	jgi|Cocpo1_1|2685|XM_003067638.1
OG0000015	jgi|Penexp1|3668|PEXP_085500T0	KAI9826792.1
OG0000015	jgi|Penexp1|3668|PEXP_085500T0	KAI9754740.1
OG0000015	jgi|Penexp1|3668|PEXP_085500T0	XP_008715600.1
OG0000015	jgi|Penexp1|3668|PEXP_085500T0	jgi|Capcor1|98783|A1O1_05950T0
OG0000015	jgi|Penexp1|3668|PEXP_085500T0	jgi|EndpusZ1|186|EPUS_06954T0
OG0000015	jgi|Penexp1|3668|PEXP_085500T0	coassemb64_004312-T1
OG0000015	jgi|Penexp1|3668|PEXP_085500T0	jgi|Fusgr1|51|FGSG_11655T0
OG0000015	jgi|Penexp1|3668|PEXP_085500T0	jgi|Aspni_DSM_1|159833|An05g01120m.01, jgi|Aspni_DSM_1|163216|An10g00660m.01, jgi|Aspni_DSM_1|162661|An09g02000m.01
OG0000015	jgi|Penexp1|3668|PEXP_085500T0	jgi|Aspni_DSM_1|159833|An05g01120m.01, jgi|Aspni_DSM_1|163216|An10g00660m.01, jgi|Aspni_DSM_1|162661|An09g02000m.01
OG0000015	jgi|Penexp1|8498|PEXP_015910T0	KAI4286930.1
OG0000015	jgi|Penexp1|8498|PEXP_015910T0	jgi|Aspni_DSM_1|166513|An14g07320m.01
OG0000015	jgi|Penexp1|8498|PEXP_015910T0	jgi|Aspni_DSM_1|166513|An14g07320m.01
OG0000015	jgi|Penexp1|8498|PEXP_015910T0	CAF9904835.1
OG0000015	jgi|Penexp1|8498|PEXP_015910T0	jgi|Dibbae1|5457|DIBA_010014-RA
OG0000017	jgi|Penexp1|2783|PEXP_089120T0	XP_008715630.1
OG0000021	jgi|Penexp1|5837|PEXP_011460T0	jgi|Claba1|129751|Z519_08057T0
OG0000025	jgi|Penexp1|1127|PEXP_028860T0	jgi|Fonmu1|9583|Z520_11990T0
OG0000025	jgi|Penexp1|1127|PEXP_028860T0	jgi|Claba1|132263|Z519_10582T0
OG0000027	jgi|Penexp1|2017|PEXP_024290T0	jgi|Dibbae1|6913|DIBA_001862-RA
OG0000027	jgi|Penexp1|2017|PEXP_024290T0	jgi|Altal1|1029838|fgenesh1_pm.6_#_384
OG0000027	jgi|Penexp1|2017|PEXP_024290T0	jgi|Monha1|2593|H072_2598m.01
OG0000027	jgi|Penexp1|2017|PEXP_024290T0	KAI4230034.1
OG0000027	jgi|Penexp1|2017|PEXP_024290T0	KAI4235748.1
OG0000027	jgi|Penexp1|2017|PEXP_024290T0	jgi|Aspni_DSM_1|164025|An11g08080m.01
OG0000027	jgi|Penexp1|2017|PEXP_024290T0	jgi|Fusgr1|6723|FGSG_05792T0
OG0000030	jgi|Penexp1|9742|PEXP_098100T0	jgi|Acastr1|126883|AST1_004060-RA
OG0000030	jgi|Penexp1|9742|PEXP_098100T0	KAI9701092.1
OG0000030	jgi|Penexp1|9742|PEXP_098100T0	GTX0486b100_007385-T1
OG0000030	jgi|Penexp1|9742|PEXP_098100T0	KAI9721777.1
OG0000030	jgi|Penexp1|9742|PEXP_098100T0	jgi|PseVKM4520_1|3216|transcript_KFZ15611
OG0000033	jgi|Penexp1|955|PEXP_095850T0, jgi|Penexp1|9029|PEXP_063320T0, jgi|Penexp1|8711|PEXP_014250T0, jgi|Penexp1|9599|PEXP_069040T0, jgi|Penexp1|100|PEXP_020550T0	jgi|Exoaq1|5505|A1O9_03029T0, jgi|Exoaq1|2387|A1O9_09913T0
OG0000034	jgi|Penexp1|3046|PEXP_104890T0	jgi|Exoaq1|10859|A1O9_07228T0
OG0000034	jgi|Penexp1|6642|PEXP_078820T0	KAI4231867.1
OG0000038	jgi|Penexp1|7864|PEXP_008450T0	jgi|Dibbae1|4142|DIBA_008763-RA
OG0000038	jgi|Penexp1|3391|PEXP_084720T0, jgi|Penexp1|10442|PEXP_061200T0, jgi|Penexp1|550|PEXP_054810T0	jgi|Dibbae1|6222|DIBA_009290-RA
OG0000039	jgi|Penexp1|3726|PEXP_042060T0	jgi|Exoaq1|12011|A1O9_08327T0
OG0000040	jgi|Penexp1|7574|PEXP_005540T0	jgi|Capcor1|97361|A1O1_04519T0
OG0000042	jgi|Penexp1|7274|PEXP_002690T0	jgi|Altal1|937936|e_gw1.13.91.1
OG0000042	jgi|Penexp1|7274|PEXP_002690T0	jgi|Aurpu_var_mel1|67995|fgenesh1_pg.18_#_182
OG0000043	jgi|Penexp1|8144|PEXP_102420T0	GTX0466b15_007331-T1
OG0000053	jgi|Penexp1|3943|PEXP_030160T0	jgi|Podan3|203414|mRNA_2242
OG0000057	jgi|Penexp1|289|PEXP_001000T0	jgi|Exoaq1|5750|A1O9_03277T0
OG0000057	jgi|Penexp1|4503|PEXP_032230T0	jgi|Fusgr1|2767|FGSG_12134T0, jgi|Fusgr1|3417|FGSG_04581T0
OG0000057	jgi|Penexp1|4503|PEXP_032230T0	FUN_005600_T1_FUN_005600
OG0000057	jgi|Penexp1|3426|PEXP_085070T0	CAF9904471.1
OG0000057	jgi|Penexp1|6845|PEXP_080850T0	jgi|Podan3|204746|mRNA_3574
OG0000057	jgi|Penexp1|6845|PEXP_080850T0	jgi|Fusgr1|4571|FGSG_03551T0
OG0000061	jgi|Penexp1|1729|PEXP_074030T0	KAI4226644.1
OG0000061	jgi|Penexp1|1729|PEXP_074030T0	FUN_000931_T1_FUN_000931
OG0000061	jgi|Penexp1|1729|PEXP_074030T0	GTX0494b19_005346-T1
OG0000061	jgi|Penexp1|1729|PEXP_074030T0	KAI4212325.1
OG0000061	jgi|Penexp1|1729|PEXP_074030T0	KAI4093271.1
OG0000061	jgi|Penexp1|1729|PEXP_074030T0	KAI4098315.1
OG0000061	jgi|Penexp1|1729|PEXP_074030T0	coassemb378_011708-T1, coassemb378_010755-T1
OG0000061	jgi|Penexp1|1729|PEXP_074030T0	CAF9942433.1
OG0000061	jgi|Penexp1|1729|PEXP_074030T0	coassemb376_005542-T1
OG0000061	jgi|Penexp1|1729|PEXP_074030T0	jgi|Phach1|5485|rna5484
OG0000061	jgi|Penexp1|1729|PEXP_074030T0	jgi|Exoaq1|10177|A1O9_06610T0, jgi|Exoaq1|8952|A1O9_05376T0
OG0000061	jgi|Penexp1|1729|PEXP_074030T0	XP_008712670.1, XP_008712812.1
OG0000061	jgi|Penexp1|1729|PEXP_074030T0	jgi|Claba1|135451|Z519_02313T0, jgi|Claba1|135047|Z519_12454T0
OG0000061	jgi|Penexp1|1729|PEXP_074030T0	jgi|Fonmu1|1396|Z520_06026T0, jgi|Fonmu1|5796|Z520_09609T0
OG0000061	jgi|Penexp1|1729|PEXP_074030T0	jgi|EndpusZ1|3943|EPUS_02671T0
OG0000061	jgi|Penexp1|1729|PEXP_074030T0	jgi|Capcor1|99630|A1O1_06803T0
OG0000061	jgi|Penexp1|1729|PEXP_074030T0	GTX0466b15_006127-T1
OG0000061	jgi|Penexp1|1729|PEXP_074030T0	KAJ9651156.1
OG0000063	jgi|Penexp1|180|PEXP_021350T0	jgi|Umbpus1|99717|LPUS_02360T0
OG0000074	jgi|Penexp1|5556|PEXP_098000T0, jgi|Penexp1|8745|PEXP_014590T0	coassemb376_001531-T1
OG0000074	jgi|Penexp1|5556|PEXP_098000T0, jgi|Penexp1|8745|PEXP_014590T0	jgi|Clagr3|11264|CLAGR_011075-RA
OG0000076	jgi|Penexp1|8723|PEXP_014370T0	jgi|Exoaq1|6051|A1O9_03581T0
OG0000076	jgi|Penexp1|8723|PEXP_014370T0	XP_008718238.1
OG0000076	jgi|Penexp1|8723|PEXP_014370T0	KAJ9654358.1
OG0000076	jgi|Penexp1|8723|PEXP_014370T0	jgi|Claba1|130049|Z519_08356T0
OG0000076	jgi|Penexp1|8723|PEXP_014370T0	coassemb64_002624-T1
OG0000076	jgi|Penexp1|8723|PEXP_014370T0	coassemb378_010731-T1
OG0000080	jgi|Penexp1|6974|PEXP_039380T0	XP_008714722.1
OG0000086	jgi|Penexp1|5865|PEXP_011740T0	jgi|Aurpu_var_mel1|65530|fgenesh1_pg.8_#_204
OG0000086	jgi|Penexp1|5865|PEXP_011740T0	coassemb376_002026-T1
OG0000086	jgi|Penexp1|5865|PEXP_011740T0	jgi|Dibbae1|885|DIBA_000987-RA
OG0000086	jgi|Penexp1|5865|PEXP_011740T0	jgi|Clagr3|5952|CLAGR_005872-RA
OG0000086	jgi|Penexp1|5865|PEXP_011740T0	jgi|Aspni_DSM_1|165990|An14g02050m.01
OG0000086	jgi|Penexp1|5865|PEXP_011740T0	jgi|Aspni_DSM_1|165990|An14g02050m.01
OG0000086	jgi|Penexp1|5865|PEXP_011740T0	jgi|Amamu1|171132|fgenesh1_kg.129_#_27_#_Locus12197v2rpkm0.51_PRE
OG0000089	jgi|Penexp1|3664|PEXP_085460T0	jgi|Claba1|138618|Z519_05149T0
OG0000089	jgi|Penexp1|3664|PEXP_085460T0	jgi|Exoaq1|11521|A1O9_07857T0
OG0000089	jgi|Penexp1|3664|PEXP_085460T0	coassemb64_007477-T1
OG0000089	jgi|Penexp1|3664|PEXP_085460T0	jgi|Cocpo1_1|3603|XM_003068556.1
OG0000089	jgi|Penexp1|3664|PEXP_085460T0	coassemb378_010327-T1
OG0000089	jgi|Penexp1|3664|PEXP_085460T0	jgi|Grascr1|785|GST1_006936-RA
OG0000089	jgi|Penexp1|3664|PEXP_085460T0	jgi|Monha1|10334|H072_10932m.01
OG0000089	jgi|Penexp1|3664|PEXP_085460T0	jgi|Artol1|2969|AOL_s00054g302m.01
OG0000089	jgi|Penexp1|10754|PEXP_090930T0	jgi|Exoaq1|3473|A1O9_10992T0
OG0000092	jgi|Penexp1|4692|PEXP_048170T0	jgi|Clagr3|5199|CLAGR_004539-RA
OG0000097	jgi|Penexp1|9185|PEXP_064880T0, jgi|Penexp1|4413|PEXP_035550T0	jgi|Exoaq1|8669|A1O9_12924T0
OG0000098	jgi|Penexp1|3045|PEXP_104880T0	jgi|Phach1|2768|rna2767
OG0000098	jgi|Penexp1|3045|PEXP_104880T0	jgi|Exoaq1|44|A1O9_00044T0
OG0000098	jgi|Penexp1|3045|PEXP_104880T0	jgi|Exoaq1|44|A1O9_00044T0
OG0000098	jgi|Penexp1|3045|PEXP_104880T0	coassemb64_006252-T1
OG0000098	jgi|Penexp1|3045|PEXP_104880T0	coassemb378_009633-T1, coassemb378_010526-T1
OG0000098	jgi|Penexp1|3045|PEXP_104880T0	jgi|Aspni_DSM_1|158355|An03g03620m.01
OG0000098	jgi|Penexp1|3045|PEXP_104880T0	jgi|Claba1|133685|Z519_11085T0
OG0000098	jgi|Penexp1|3045|PEXP_104880T0	jgi|Fonmu1|7961|Z520_10934T0
OG0000098	jgi|Penexp1|3045|PEXP_104880T0	jgi|PseVKM4520_1|7996|transcript_KFZ24633
OG0000098	jgi|Penexp1|3045|PEXP_104880T0	jgi|Sclsc1|11223|SS1G_04252T0
OG0000098	jgi|Penexp1|3045|PEXP_104880T0	jgi|Aurpu_var_mel1|89036|gm1.9432_g
OG0000098	jgi|Penexp1|3045|PEXP_104880T0	jgi|Exoaq1|10862|A1O9_07231T0
OG0000098	jgi|Penexp1|3045|PEXP_104880T0	jgi|Exoaq1|10862|A1O9_07231T0
OG0000101	jgi|Penexp1|10674|PEXP_060510T0	jgi|Aurpu_var_mel1|70638|fgenesh1_pg.57_#_3
OG0000103	jgi|Penexp1|7806|PEXP_007870T0	jgi|Podan3|204587|mRNA_3415
OG0000104	jgi|Penexp1|123|PEXP_020780T0, jgi|Penexp1|8643|PEXP_013400T0	CAF9921432.1
OG0000112	jgi|Penexp1|2158|PEXP_050110T0	jgi|Exoaq1|6159|A1O9_11960T0
OG0000115	jgi|Penexp1|183|PEXP_021380T0	jgi|Exoaq1|11438|A1O9_07774T0
OG0000115	jgi|Penexp1|183|PEXP_021380T0	jgi|Clagr3|7930|CLAGR_008371-RA
OG0000117	jgi|Penexp1|4762|PEXP_048880T0	coassemb376_003880-T1
OG0000126	jgi|Penexp1|7858|PEXP_008390T0	KAI4104108.1
OG0000126	jgi|Penexp1|7858|PEXP_008390T0	FUN_008160_T1_FUN_008160
OG0000126	jgi|Penexp1|7858|PEXP_008390T0	KAI4276351.1
OG0000126	jgi|Penexp1|7858|PEXP_008390T0	KAI4232744.1
OG0000126	jgi|Penexp1|7858|PEXP_008390T0	GTX0494b19_007262-T1
OG0000126	jgi|Penexp1|7858|PEXP_008390T0	KAI4229361.1
OG0000126	jgi|Penexp1|7858|PEXP_008390T0	KAI4102401.1
OG0000126	jgi|Penexp1|7858|PEXP_008390T0	jgi|Acastr1|122242|AST1_003478-RA
OG0000127	jgi|Penexp1|6867|PEXP_081070T0	XP_008719660.1
OG0000131	jgi|Penexp1|437|PEXP_057570T0	jgi|Aurpu_var_mel1|63718|fgenesh1_pg.4_#_55, jgi|Aurpu_var_mel1|56530|e_gw1.24.372.1
OG0000131	jgi|Penexp1|437|PEXP_057570T0	KAI9653286.1
OG0000131	jgi|Penexp1|437|PEXP_057570T0	jgi|Grascr1|8627|GST1_012291-RA
OG0000144	jgi|Penexp1|9578|PEXP_068830T0	jgi|Clagr3|667|CLAGR_000658-RA
OG0000144	jgi|Penexp1|9578|PEXP_068830T0	jgi|Grascr1|4219|GST1_001203-RA
OG0000153	jgi|Penexp1|987|PEXP_096170T0	jgi|Grascr1|4402|GST1_009774-RA
OG0000165	jgi|Penexp1|5603|PEXP_109920T0	KAI9708569.1, KAI9708568.1
OG0000169	jgi|Penexp1|9251|PEXP_065540T0	jgi|Aurpu_var_mel1|58875|e_gw1.30.42.1
OG0000169	jgi|Penexp1|9251|PEXP_065540T0	KAI9702602.1
OG0000169	jgi|Penexp1|9251|PEXP_065540T0	jgi|Sclsc1|8114|SS1G_13537T0
OG0000169	jgi|Penexp1|9251|PEXP_065540T0	KAI9660211.1
OG0000169	jgi|Penexp1|9251|PEXP_065540T0	KAI4224879.1
OG0000169	jgi|Penexp1|9251|PEXP_065540T0	KAI9717490.1
OG0000169	jgi|Penexp1|9251|PEXP_065540T0	CAF9904429.1
OG0000170	jgi|Penexp1|120|PEXP_020750T0	KAI9659751.1
OG0000170	jgi|Penexp1|120|PEXP_020750T0	KAI9715208.1
OG0000170	jgi|Penexp1|120|PEXP_020750T0	jgi|Aurpu_var_mel1|77584|fgenesh1_pm.21_#_78
OG0000170	jgi|Penexp1|120|PEXP_020750T0	jgi|Altal1|923945|e_gw1.1.871.1
OG0000170	jgi|Penexp1|120|PEXP_020750T0	jgi|Dibbae1|5599|DIBA_007908-RA
OG0000170	jgi|Penexp1|120|PEXP_020750T0	KAI4108138.1
OG0000170	jgi|Penexp1|120|PEXP_020750T0	KAI4281733.1
OG0000170	jgi|Penexp1|120|PEXP_020750T0	jgi|Acastr1|124765|AST1_004874-RA
OG0000170	jgi|Penexp1|120|PEXP_020750T0	jgi|Clagr3|2080|CLAGR_002068-RA
OG0000170	jgi|Penexp1|120|PEXP_020750T0	CAF9909467.1
OG0000170	jgi|Penexp1|120|PEXP_020750T0	GTX0486b100_002820-T1
OG0000170	jgi|Penexp1|120|PEXP_020750T0	KAI9709381.1
OG0000170	jgi|Penexp1|120|PEXP_020750T0	jgi|Cocpo1_1|3466|XM_003068419.1
OG0000170	jgi|Penexp1|120|PEXP_020750T0	XP_008711160.1
OG0000170	jgi|Penexp1|120|PEXP_020750T0	coassemb64_003016-T1
OG0000170	jgi|Penexp1|120|PEXP_020750T0	KAJ9656472.1
OG0000170	jgi|Penexp1|120|PEXP_020750T0	jgi|Claba1|130108|Z519_08415T0
OG0000170	jgi|Penexp1|120|PEXP_020750T0	jgi|Fonmu1|9401|Z520_11807T0
OG0000170	jgi|Penexp1|120|PEXP_020750T0	KAI9836091.1
OG0000170	jgi|Penexp1|120|PEXP_020750T0	jgi|Altal1|702313|CE702312_36332, jgi|Altal1|993239|estExt_Genewise1Plus.C_15_t20144
OG0000170	jgi|Penexp1|120|PEXP_020750T0	jgi|Altal1|702313|CE702312_36332, jgi|Altal1|993239|estExt_Genewise1Plus.C_15_t20144
OG0000170	jgi|Penexp1|120|PEXP_020750T0	jgi|Fusgr1|5346|FGSG_02875T0
OG0000176	jgi|Penexp1|5324|PEXP_046490T0	KAJ9653578.1
OG0000176	jgi|Penexp1|5324|PEXP_046490T0	jgi|Exoaq1|11622|A1O9_07958T0
OG0000176	jgi|Penexp1|5324|PEXP_046490T0	XP_008713361.1
OG0000192	jgi|Penexp1|1402|PEXP_026460T0	jgi|Aspni_DSM_1|159911|An05g01960m.01
OG0000192	jgi|Penexp1|1402|PEXP_026460T0	XP_008715063.1, XP_008721146.1, XP_008716705.1
OG0000200	jgi|Penexp1|8156|PEXP_074970T0, jgi|Penexp1|10006|PEXP_017290T0	jgi|Fusgr1|3068|FGSG_02688T0, jgi|Fusgr1|4515|FGSG_12409T0
OG0000200	jgi|Penexp1|605|PEXP_092340T0	jgi|Grascr1|8319|GST1_012131-RA
OG0000201	jgi|Penexp1|8065|PEXP_103080T0	coassemb378_001789-T1
OG0000206	jgi|Penexp1|3673|PEXP_041520T0	KAJ9659527.1
OG0000206	jgi|Penexp1|3673|PEXP_041520T0	coassemb378_000127-T1
OG0000206	jgi|Penexp1|3673|PEXP_041520T0	jgi|Grascr1|8956|GST1_003565-RA
OG0000206	jgi|Penexp1|3673|PEXP_041520T0	jgi|Exoaq1|2788|A1O9_10313T0, jgi|Exoaq1|1613|A1O9_01619T0
OG0000206	jgi|Penexp1|3673|PEXP_041520T0	coassemb76_009157-T1
OG0000206	jgi|Penexp1|3673|PEXP_041520T0	GTX0466b15_009268-T1
OG0000206	jgi|Penexp1|3673|PEXP_041520T0	XP_008713090.1
OG0000206	jgi|Penexp1|3673|PEXP_041520T0	jgi|Capcor1|94673|A1O1_01811T0
OG0000206	jgi|Penexp1|3673|PEXP_041520T0	jgi|Fonmu1|9414|Z520_11820T0
OG0000206	jgi|Penexp1|3673|PEXP_041520T0	jgi|Claba1|130086|Z519_08393T0
OG0000206	jgi|Penexp1|3673|PEXP_041520T0	KAI4099952.1
OG0000206	jgi|Penexp1|3673|PEXP_041520T0	coassemb64_001728-T1
OG0000206	jgi|Penexp1|3673|PEXP_041520T0	KAI4288178.1
OG0000206	jgi|Penexp1|3673|PEXP_041520T0	KAI4223220.1
OG0000206	jgi|Penexp1|3673|PEXP_041520T0	KAI4102547.1
OG0000206	jgi|Penexp1|3673|PEXP_041520T0	FUN_001025_T1_FUN_001025
OG0000206	jgi|Penexp1|3673|PEXP_041520T0	KAI4230669.1
OG0000206	jgi|Penexp1|3673|PEXP_041520T0	GTX0494b19_007641-T1
OG0000206	jgi|Penexp1|3673|PEXP_041520T0	jgi|Phach1|1776|rna1775
OG0000206	jgi|Penexp1|3673|PEXP_041520T0	jgi|Aurpu_var_mel1|40021|e_gw1.2.1184.1
OG0000206	jgi|Penexp1|3673|PEXP_041520T0	jgi|Altal1|1098598|estExt_Genemark1.C_230055
OG0000206	jgi|Penexp1|3673|PEXP_041520T0	CAF9931523.1
OG0000206	jgi|Penexp1|3673|PEXP_041520T0	jgi|PseVKM4520_1|2572|transcript_KFZ16738
OG0000206	jgi|Penexp1|3673|PEXP_041520T0	jgi|Sclsc1|4600|SS1G_11056T0
OG0000214	jgi|Penexp1|4081|PEXP_031540T0	jgi|Fusgr1|4397|FGSG_03711T0
OG0000217	jgi|Penexp1|2658|PEXP_108220T0	jgi|Ascim1|209649|e_gw1.39.114.1
OG0000225	jgi|Penexp1|885|PEXP_095150T0	KAI4288535.1
OG0000235	jgi|Penexp1|8796|PEXP_015100T0, jgi|Penexp1|8163|PEXP_075040T0	jgi|Altal1|1058435|gm1.2670_g
OG0000235	jgi|Penexp1|8796|PEXP_015100T0, jgi|Penexp1|8163|PEXP_075040T0	jgi|Aurpu_var_mel1|37575|e_gw1.1.730.1
OG0000235	jgi|Penexp1|8796|PEXP_015100T0, jgi|Penexp1|8163|PEXP_075040T0	coassemb378_002556-T1
OG0000235	jgi|Penexp1|8796|PEXP_015100T0	KAI9712910.1
OG0000235	jgi|Penexp1|8796|PEXP_015100T0	CAF9919127.1
OG0000235	jgi|Penexp1|8163|PEXP_075040T0	jgi|Dibbae1|10794|DIBA_004643-RA
OG0000235	jgi|Penexp1|8163|PEXP_075040T0	KAI9718222.1
OG0000235	jgi|Penexp1|8163|PEXP_075040T0	KAI9697264.1
OG0000235	jgi|Penexp1|8163|PEXP_075040T0	GTX0486b100_008077-T1
OG0000235	jgi|Penexp1|8163|PEXP_075040T0	KAI9829586.1
OG0000235	jgi|Penexp1|8163|PEXP_075040T0	jgi|Acastr1|123700|AST1_005568-RA
OG0000235	jgi|Penexp1|8163|PEXP_075040T0	FUN_003746_T1_FUN_003746
OG0000235	jgi|Penexp1|8163|PEXP_075040T0	GTX0494b19_008683-T1
OG0000235	jgi|Penexp1|8163|PEXP_075040T0	KAI4111385.1
OG0000235	jgi|Penexp1|8163|PEXP_075040T0	KAI4219923.1
OG0000235	jgi|Penexp1|8163|PEXP_075040T0	KAI4232677.1
OG0000235	jgi|Penexp1|8163|PEXP_075040T0	CAF9932186.1
OG0000235	jgi|Penexp1|8163|PEXP_075040T0	jgi|Clagr3|189|CLAGR_000183-RA
OG0000235	jgi|Penexp1|8163|PEXP_075040T0	jgi|EndpusZ1|6655|EPUS_07614T0
OG0000235	jgi|Penexp1|8163|PEXP_075040T0	coassemb76_009461-T1
OG0000235	jgi|Penexp1|8163|PEXP_075040T0	GTX0466b15_008237-T1
OG0000235	jgi|Penexp1|8163|PEXP_075040T0	jgi|Fonmu1|5636|Z520_09449T0, jgi|Fonmu1|1999|Z520_06632T0
OG0000235	jgi|Penexp1|8163|PEXP_075040T0	XP_008718851.1
OG0000235	jgi|Penexp1|8163|PEXP_075040T0	jgi|Claba1|137898|Z519_04424T0
OG0000235	jgi|Penexp1|8163|PEXP_075040T0	jgi|Exoaq1|5104|A1O9_02627T0, jgi|Exoaq1|2487|A1O9_10014T0, jgi|Exoaq1|7011|A1O9_12813T0
OG0000235	jgi|Penexp1|8163|PEXP_075040T0	coassemb64_007838-T1, coassemb64_002527-T1, coassemb64_005219-T1
OG0000235	jgi|Penexp1|8163|PEXP_075040T0	KAJ9651969.1
OG0000238	jgi|Penexp1|6969|PEXP_039330T0	jgi|Artol1|7140|AOL_s00091g31m.01
OG0000238	jgi|Penexp1|6969|PEXP_039330T0	jgi|Altal1|2778|CE2777_3532
OG0000238	jgi|Penexp1|7777|PEXP_007580T0	jgi|Aurpu_var_mel1|49698|e_gw1.11.49.1
OG0000238	jgi|Penexp1|7777|PEXP_007580T0	jgi|Altal1|1057710|gm1.1945_g
OG0000239	jgi|Penexp1|245|PEXP_000560T0	jgi|Capcor1|94518|A1O1_01656T0
OG0000250	jgi|Penexp1|1054|PEXP_096810T0	jgi|Fonmu1|3815|Z520_08452T0
OG0000259	jgi|Penexp1|1380|PEXP_026240T0	jgi|Exoaq1|9275|A1O9_05702T0
OG0000262	jgi|Penexp1|8706|PEXP_014200T0	coassemb64_006437-T1
OG0000272	jgi|Penexp1|7672|PEXP_006520T0	jgi|Altal1|1058056|gm1.2291_g, jgi|Altal1|1000900|estExt_Genewise1Plus.C_300257
OG0000272	jgi|Penexp1|7672|PEXP_006520T0	jgi|Fusgr1|12640|FGSG_11023T0, jgi|Fusgr1|1944|FGSG_01687T0
OG0000272	jgi|Penexp1|7672|PEXP_006520T0	jgi|Monha1|5673|H072_5852m.01
OG0000272	jgi|Penexp1|7672|PEXP_006520T0	jgi|Artol1|8088|AOL_s00110g47m.01
OG0000282	jgi|Penexp1|10467|PEXP_061450T0	KAI9753821.1
OG0000282	jgi|Penexp1|10467|PEXP_061450T0	jgi|Fusgr1|4991|FGSG_12496T0
OG0000282	jgi|Penexp1|9817|PEXP_098850T0	KAJ9652262.1
OG0000294	jgi|Penexp1|6938|PEXP_039020T0	jgi|Claba1|136555|Z519_03086T0
OG0000310	jgi|Penexp1|5470|PEXP_049910T0	GTX0486b100_008067-T1
OG0000311	jgi|Penexp1|9779|PEXP_098470T0	jgi|Podan3|206828|mRNA_5656, jgi|Podan3|203069|mRNA_1897
OG0000311	jgi|Penexp1|9779|PEXP_098470T0	jgi|Acastr1|125049|AST1_002001-RA
OG0000311	jgi|Penexp1|9779|PEXP_098470T0	KAI4100254.1
OG0000311	jgi|Penexp1|9779|PEXP_098470T0	FUN_010331_T1_FUN_010331
OG0000311	jgi|Penexp1|9779|PEXP_098470T0	GTX0494b19_006507-T1
OG0000311	jgi|Penexp1|9779|PEXP_098470T0	KAI4218122.1
OG0000311	jgi|Penexp1|9779|PEXP_098470T0	KAI4232162.1
OG0000311	jgi|Penexp1|9779|PEXP_098470T0	KAI9655881.1, KAI9651968.1
OG0000311	jgi|Penexp1|9779|PEXP_098470T0	jgi|Altal1|1018826|fgenesh1_kg.6_#_472_#_Locus8863v1rpkm4.48, jgi|Altal1|9972|CE9971_238, jgi|Altal1|530679|CE530678_50435
OG0000311	jgi|Penexp1|9779|PEXP_098470T0	coassemb76_003597-T1
OG0000311	jgi|Penexp1|9779|PEXP_098470T0	GTX0466b15_008448-T1
OG0000311	jgi|Penexp1|9779|PEXP_098470T0	XP_008715582.1
OG0000311	jgi|Penexp1|9779|PEXP_098470T0	KAI4099956.1
OG0000311	jgi|Penexp1|9779|PEXP_098470T0	coassemb378_001438-T1
OG0000311	jgi|Penexp1|9779|PEXP_098470T0	KAJ9656324.1
OG0000311	jgi|Penexp1|9779|PEXP_098470T0	jgi|Grascr1|11323|GST1_005352-RA
OG0000311	jgi|Penexp1|9779|PEXP_098470T0	KAI9714575.1
OG0000311	jgi|Penexp1|9779|PEXP_098470T0	KAI9705821.1
OG0000311	jgi|Penexp1|9779|PEXP_098470T0	GTX0486b100_003038-T1
OG0000311	jgi|Penexp1|9779|PEXP_098470T0	jgi|Capcor1|99365|A1O1_06537T0
OG0000311	jgi|Penexp1|9779|PEXP_098470T0	jgi|Exoaq1|4151|A1O9_11674T0
OG0000311	jgi|Penexp1|9779|PEXP_098470T0	coassemb64_005920-T1
OG0000311	jgi|Penexp1|9779|PEXP_098470T0	CAF9932321.1
OG0000311	jgi|Penexp1|9779|PEXP_098470T0	KAI9713757.1
OG0000314	jgi|Penexp1|6805|PEXP_080450T0	jgi|Exoaq1|12012|A1O9_08328T0
OG0000315	jgi|Penexp1|2729|PEXP_108930T0	jgi|Morco1|550838|fgenesh1_pm.1_#_202
OG0000315	jgi|Penexp1|2729|PEXP_108930T0	jgi|Artol1|8227|AOL_s00110g186m.01
OG0000315	jgi|Penexp1|2729|PEXP_108930T0	jgi|Monha1|166|H072_166m.01
OG0000315	jgi|Penexp1|2729|PEXP_108930T0	KAI9654580.1
OG0000315	jgi|Penexp1|2729|PEXP_108930T0	KAI9727346.1
OG0000315	jgi|Penexp1|2729|PEXP_108930T0	GTX0466b15_001448-T1, GTX0466b15_003856-T1
OG0000315	jgi|Penexp1|2729|PEXP_108930T0	coassemb64_006682-T1, coassemb64_000834-T1, coassemb64_004519-T1, coassemb64_004682-T1
OG0000315	jgi|Penexp1|2729|PEXP_108930T0	jgi|PseVKM4520_1|1922|transcript_KFZ25486, jgi|PseVKM4520_1|9501|transcript_KFZ03166
OG0000315	jgi|Penexp1|2729|PEXP_108930T0	jgi|Capcor1|99511|A1O1_06683T0, jgi|Capcor1|98875|A1O1_06043T0, jgi|Capcor1|96983|A1O1_04136T0
OG0000315	jgi|Penexp1|2729|PEXP_108930T0	jgi|Clagr3|93|CLAGR_000091-RA
OG0000315	jgi|Penexp1|2729|PEXP_108930T0	CAF9907348.1
OG0000315	jgi|Penexp1|2729|PEXP_108930T0	KAI4219331.1
OG0000315	jgi|Penexp1|2729|PEXP_108930T0	KAI4099353.1
OG0000315	jgi|Penexp1|2729|PEXP_108930T0	FUN_003660_T1_FUN_003660
OG0000315	jgi|Penexp1|2729|PEXP_108930T0	GTX0494b19_005172-T1
OG0000315	jgi|Penexp1|2729|PEXP_108930T0	KAI4214808.1
OG0000315	jgi|Penexp1|2729|PEXP_108930T0	KAI4289913.1
OG0000315	jgi|Penexp1|2729|PEXP_108930T0	KAI4109207.1
OG0000315	jgi|Penexp1|2729|PEXP_108930T0	coassemb376_001921-T1
OG0000315	jgi|Penexp1|2729|PEXP_108930T0	jgi|Dibbae1|10956|DIBA_003525-RA
OG0000315	jgi|Penexp1|2729|PEXP_108930T0	coassemb378_002251-T1
OG0000315	jgi|Penexp1|2729|PEXP_108930T0	jgi|Grascr1|12149|GST1_000793-RA
OG0000315	jgi|Penexp1|2729|PEXP_108930T0	KAI9707103.1
OG0000315	jgi|Penexp1|2729|PEXP_108930T0	GTX0486b100_005218-T1
OG0000315	jgi|Penexp1|2729|PEXP_108930T0	KAI9723695.1
OG0000315	jgi|Penexp1|2729|PEXP_108930T0	jgi|Umbpus1|100240|LPUS_06820T0
OG0000315	jgi|Penexp1|2729|PEXP_108930T0	jgi|Acastr1|121123|AST1_003226-RA
OG0000315	jgi|Penexp1|2729|PEXP_108930T0	KAI9837753.1
OG0000315	jgi|Penexp1|2729|PEXP_108930T0	KAI9749406.1
OG0000315	jgi|Penexp1|2729|PEXP_108930T0	KAI9814290.1
OG0000315	jgi|Penexp1|2729|PEXP_108930T0	jgi|Altal1|359116|CE359115_2869
OG0000315	jgi|Penexp1|2729|PEXP_108930T0	jgi|Aurpu_var_mel1|57034|e_gw1.25.167.1
OG0000315	jgi|Penexp1|2729|PEXP_108930T0	jgi|Sclsc1|4690|SS1G_11146T0
OG0000315	jgi|Penexp1|2729|PEXP_108930T0	jgi|Fusgr1|4884|FGSG_03278T0
OG0000315	jgi|Penexp1|2729|PEXP_108930T0	jgi|Podan3|208989|mRNA_7817
OG0000315	jgi|Penexp1|2729|PEXP_108930T0	jgi|Phach1|2144|rna2143
OG0000315	jgi|Penexp1|2729|PEXP_108930T0	KAJ9663549.1
OG0000315	jgi|Penexp1|2729|PEXP_108930T0	coassemb76_007003-T1
OG0000315	jgi|Penexp1|2729|PEXP_108930T0	jgi|Claba1|131530|Z519_09844T0
OG0000315	jgi|Penexp1|2729|PEXP_108930T0	jgi|Fonmu1|5520|Z520_09333T0
OG0000315	jgi|Penexp1|2729|PEXP_108930T0	jgi|Exoaq1|5136|A1O9_02659T0
OG0000315	jgi|Penexp1|2729|PEXP_108930T0	XP_008717716.1
OG0000315	jgi|Penexp1|2729|PEXP_108930T0	jgi|Cocpo1_1|4194|XM_003069147.1
OG0000315	jgi|Penexp1|2729|PEXP_108930T0	jgi|Cocpo1_1|4194|XM_003069147.1
OG0000325	jgi|Penexp1|2631|PEXP_107950T0	coassemb76_006608-T1
OG0000332	jgi|Penexp1|5304|PEXP_046290T0, jgi|Penexp1|5724|PEXP_010330T0	GTX0486b100_005093-T1
OG0000360	jgi|Penexp1|5287|PEXP_046120T0	jgi|Morco1|491712|e_gw1.42.3.1
OG0000360	jgi|Penexp1|5287|PEXP_046120T0	jgi|Podan3|203587|mRNA_2415
OG0000360	jgi|Penexp1|5287|PEXP_046120T0	jgi|Neucr_trp3_1|1307619|fgenesh1_pm.36_#_20
OG0000360	jgi|Penexp1|5287|PEXP_046120T0	jgi|Fusgr1|11326|FGSG_09782T0
OG0000360	jgi|Penexp1|5287|PEXP_046120T0	jgi|Sclsc1|2914|SS1G_09370T0
OG0000360	jgi|Penexp1|5287|PEXP_046120T0	jgi|Erypu1|4981|transcript_POS87916
OG0000360	jgi|Penexp1|5287|PEXP_046120T0	jgi|Altal1|1017063|fgenesh1_kg.3_#_499_#_Locus4363v1rpkm29.59
OG0000360	jgi|Penexp1|5287|PEXP_046120T0	coassemb378_002925-T1
OG0000360	jgi|Penexp1|5287|PEXP_046120T0	GTX0466b15_002621-T1
OG0000360	jgi|Penexp1|5287|PEXP_046120T0	coassemb76_002265-T1
OG0000360	jgi|Penexp1|5287|PEXP_046120T0	XP_008711696.1
OG0000360	jgi|Penexp1|5287|PEXP_046120T0	jgi|Capcor1|96404|A1O1_03552T0
OG0000360	jgi|Penexp1|5287|PEXP_046120T0	jgi|Exoaq1|7515|A1O9_04046T0
OG0000360	jgi|Penexp1|5287|PEXP_046120T0	jgi|Claba1|137352|Z519_03878T0
OG0000360	jgi|Penexp1|5287|PEXP_046120T0	jgi|Fonmu1|10500|Z520_12367T0
OG0000360	jgi|Penexp1|5287|PEXP_046120T0	jgi|EndpusZ1|7595|EPUS_02219T0
OG0000360	jgi|Penexp1|5287|PEXP_046120T0	KAI9836069.1
OG0000360	jgi|Penexp1|5287|PEXP_046120T0	jgi|Phach1|3731|rna3730
OG0000360	jgi|Penexp1|5287|PEXP_046120T0	jgi|PseVKM4520_1|620|transcript_KFZ20519
OG0000360	jgi|Penexp1|5287|PEXP_046120T0	KAI4108461.1
OG0000360	jgi|Penexp1|1873|PEXP_022850T0	jgi|Dibbae1|7507|DIBA_010463-RA
OG0000372	jgi|Penexp1|2427|PEXP_052820T0	jgi|Altal1|624138|CE624137_12272
OG0000372	jgi|Penexp1|2427|PEXP_052820T0	KAI9652050.1
OG0000372	jgi|Penexp1|2427|PEXP_052820T0	jgi|Erypu1|1606|transcript_POS83363
OG0000372	jgi|Penexp1|2427|PEXP_052820T0	jgi|Sclsc1|11710|SS1G_04739T0
OG0000372	jgi|Penexp1|2427|PEXP_052820T0	jgi|PseVKM4520_1|1777|transcript_KFZ18191
OG0000372	jgi|Penexp1|2427|PEXP_052820T0	jgi|Podan3|207090|mRNA_5918
OG0000372	jgi|Penexp1|2427|PEXP_052820T0	jgi|Neucr_trp3_1|8973|Neucr2.NCU05548T0
OG0000372	jgi|Penexp1|2427|PEXP_052820T0	jgi|Fusgr1|9942|FGSG_08338T0
OG0000372	jgi|Penexp1|2427|PEXP_052820T0	jgi|Clagr3|2898|CLAGR_002865-RA
OG0000372	jgi|Penexp1|2427|PEXP_052820T0	CAF9938290.1
OG0000372	jgi|Penexp1|2427|PEXP_052820T0	coassemb376_006232-T1
OG0000372	jgi|Penexp1|2427|PEXP_052820T0	KAI4238396.1
OG0000372	jgi|Penexp1|2427|PEXP_052820T0	jgi|EndpusZ1|4056|EPUS_04249T0
OG0000372	jgi|Penexp1|2427|PEXP_052820T0	jgi|EndpusZ1|4056|EPUS_04249T0
OG0000399	jgi|Penexp1|9280|PEXP_065830T0	jgi|Morco1|470072|gw1.20.229.1
OG0000401	jgi|Penexp1|8952|PEXP_069470T0	jgi|Monha1|4268|H072_4348m.01
OG0000412	jgi|Penexp1|5427|PEXP_058880T0	jgi|Aurpu_var_mel1|55275|e_gw1.21.335.1
OG0000417	jgi|Penexp1|3849|PEXP_071030T0	jgi|Podan3|207916|mRNA_6744, jgi|Podan3|203446|mRNA_2274
OG0000466	jgi|Penexp1|4213|PEXP_033540T0	jgi|Grascr1|11362|GST1_005242-RA
OG0000466	jgi|Penexp1|9794|PEXP_098620T0	jgi|PseVKM4520_1|2922|transcript_KFZ16126
OG0000466	jgi|Penexp1|9794|PEXP_098620T0	jgi|Neucr_trp3_1|8289|Neucr2.NCU04292T0
OG0000466	jgi|Penexp1|9794|PEXP_098620T0	jgi|Podan3|204925|mRNA_3753
OG0000466	jgi|Penexp1|9794|PEXP_098620T0	jgi|Fusgr1|3429|FGSG_04570T0
OG0000485	jgi|Penexp1|1459|PEXP_027030T0	KAI9826477.1
OG0000485	jgi|Penexp1|3620|PEXP_086100T0	jgi|Acastr1|120934|AST1_005958-RA
OG0000485	jgi|Penexp1|3620|PEXP_086100T0	jgi|Umbpus1|105091|LPUS_11964T0
OG0000485	jgi|Penexp1|3620|PEXP_086100T0	jgi|Dibbae1|11505|DIBA_004608-RA
OG0000485	jgi|Penexp1|3620|PEXP_086100T0	KAI4109784.1
OG0000485	jgi|Penexp1|3620|PEXP_086100T0	FUN_004634_T1_FUN_004634
OG0000485	jgi|Penexp1|3620|PEXP_086100T0	GTX0494b19_001584-T1
OG0000485	jgi|Penexp1|3620|PEXP_086100T0	KAI4219586.1
OG0000485	jgi|Penexp1|3620|PEXP_086100T0	KAI4230303.1
OG0000485	jgi|Penexp1|3620|PEXP_086100T0	KAI4107351.1
OG0000485	jgi|Penexp1|3620|PEXP_086100T0	KAI4268479.1
OG0000485	jgi|Penexp1|3620|PEXP_086100T0	KAI9702993.1
OG0000485	jgi|Penexp1|3620|PEXP_086100T0	GTX0486b100_008373-T1
OG0000485	jgi|Penexp1|3620|PEXP_086100T0	KAI9709408.1
OG0000485	jgi|Penexp1|3620|PEXP_086100T0	KAI9835870.1
OG0000485	jgi|Penexp1|3620|PEXP_086100T0	KAI9757807.1
OG0000485	jgi|Penexp1|3620|PEXP_086100T0	coassemb378_004764-T1
OG0000485	jgi|Penexp1|3620|PEXP_086100T0	jgi|Grascr1|4866|GST1_008880-RA
OG0000485	jgi|Penexp1|3620|PEXP_086100T0	KAI9651559.1
OG0000485	jgi|Penexp1|3620|PEXP_086100T0	jgi|Aurpu_var_mel1|40304|e_gw1.2.595.1
OG0000485	jgi|Penexp1|6745|PEXP_079850T0	jgi|Podan3|211754|mRNA_10582
OG0000518	jgi|Penexp1|8081|PEXP_103240T0	KAJ9661564.1
OG0000518	jgi|Penexp1|8081|PEXP_103240T0	jgi|Claba1|134976|Z519_12383T0
OG0000518	jgi|Penexp1|8081|PEXP_103240T0	jgi|Fonmu1|7241|Z520_02451T0
OG0000518	jgi|Penexp1|8081|PEXP_103240T0	KAI9717696.1
OG0000518	jgi|Penexp1|8081|PEXP_103240T0	jgi|Fusgr1|4425|FGSG_03685T0
OG0000518	jgi|Penexp1|8081|PEXP_103240T0	jgi|Altal1|923657|e_gw1.1.256.1
OG0000518	jgi|Penexp1|8081|PEXP_103240T0	jgi|Aurpu_var_mel1|53348|e_gw1.17.134.1
OG0000518	jgi|Penexp1|8081|PEXP_103240T0	jgi|Podan3|204064|mRNA_2892
OG0000523	jgi|Penexp1|9031|PEXP_063340T0	jgi|Claba1|132707|Z519_01185T0
OG0000525	jgi|Penexp1|5028|PEXP_044290T0, jgi|Penexp1|486|PEXP_055160T0	jgi|Altal1|986667|estExt_Genewise1Plus.C_8_t10153
OG0000525	jgi|Penexp1|8547|PEXP_070070T0	jgi|Altal1|986667|estExt_Genewise1Plus.C_8_t10153
OG0000525	jgi|Penexp1|8547|PEXP_070070T0	jgi|Monha1|2335|H072_2340m.01
OG0000525	jgi|Penexp1|8547|PEXP_070070T0	jgi|Artol1|2146|AOL_s00043g309m.01
OG0000525	jgi|Penexp1|8547|PEXP_070070T0	jgi|Fusgr1|4590|FGSG_03533T0
OG0000525	jgi|Penexp1|8547|PEXP_070070T0	CAF9916816.1, CAF9917101.1
OG0000525	jgi|Penexp1|8547|PEXP_070070T0	jgi|Altal1|986667|estExt_Genewise1Plus.C_8_t10153
OG0000525	jgi|Penexp1|8547|PEXP_070070T0	jgi|Fonmu1|4038|Z520_01023T0
OG0000525	jgi|Penexp1|8547|PEXP_070070T0	jgi|Claba1|138876|Z519_05408T0
OG0000525	jgi|Penexp1|8547|PEXP_070070T0	jgi|Dibbae1|11173|DIBA_003444-RA
OG0000525	jgi|Penexp1|8547|PEXP_070070T0	jgi|Grascr1|12306|GST1_006703-RA, jgi|Grascr1|4001|GST1_009884-RA, jgi|Grascr1|10925|GST1_003715-RA
OG0000525	jgi|Penexp1|8547|PEXP_070070T0	coassemb378_000184-T1, coassemb378_006471-T1
OG0000525	jgi|Penexp1|8547|PEXP_070070T0	jgi|Sclsc1|2301|SS1G_08757T0
OG0000525	jgi|Penexp1|8547|PEXP_070070T0	jgi|Clagr3|1149|CLAGR_001136-RA
OG0000525	jgi|Penexp1|8547|PEXP_070070T0	jgi|Cocpo1_1|2001|XM_003066954.1
OG0000525	jgi|Penexp1|8547|PEXP_070070T0	jgi|Podan3|210713|mRNA_9541
OG0000525	jgi|Penexp1|8547|PEXP_070070T0	KAI9670537.1
OG0000528	jgi|Penexp1|10706|PEXP_090450T0	coassemb76_003245-T1
OG0000580	jgi|Penexp1|10645|PEXP_060220T0	jgi|Capcor1|99769|A1O1_06944T0
OG0000599	jgi|Penexp1|9046|PEXP_063490T0	jgi|Exoaq1|7285|A1O9_03815T0
OG0000599	jgi|Penexp1|9046|PEXP_063490T0	jgi|Claba1|133694|Z519_11094T0
OG0000607	jgi|Penexp1|1056|PEXP_096830T0	jgi|Fonmu1|11791|Z520_04996T0
OG0000615	jgi|Penexp1|9927|PEXP_016500T0	CAF9926602.1
OG0000620	jgi|Penexp1|6433|PEXP_101220T0	CAF9924105.1
OG0000620	jgi|Penexp1|6433|PEXP_101220T0	coassemb376_002221-T1
OG0000630	jgi|Penexp1|272|PEXP_000830T0	jgi|Dibbae1|12595|DIBA_004271-RA
OG0000660	jgi|Penexp1|5717|PEXP_010260T0, jgi|Penexp1|9666|PEXP_099730T0	jgi|Artol1|1003|AOL_s00006g343m.01
OG0000661	jgi|Penexp1|3400|PEXP_084810T0	jgi|Neucr_trp3_1|3708|Neucr2.NCU09771T0
OG0000661	jgi|Penexp1|3400|PEXP_084810T0	jgi|Podan3|206556|mRNA_5384
OG0000661	jgi|Penexp1|3400|PEXP_084810T0	jgi|Sclsc1|4437|SS1G_10893T0, jgi|Sclsc1|3256|SS1G_09712T0
OG0000661	jgi|Penexp1|3400|PEXP_084810T0	jgi|Fusgr1|9163|FGSG_07917T0, jgi|Fusgr1|10068|FGSG_08230T0
OG0000692	jgi|Penexp1|2059|PEXP_024710T0, jgi|Penexp1|10636|PEXP_060130T0	XP_008718180.1
OG0000693	jgi|Penexp1|7382|PEXP_038110T0	KAJ9663676.1, KAJ9657228.1
OG0000698	jgi|Penexp1|9843|PEXP_099110T0	GTX0466b15_005270-T1
OG0000703	jgi|Penexp1|4574|PEXP_046990T0	jgi|Altal1|1099843|estExt_Genemark1.C_310035
OG0000704	jgi|Penexp1|9359|PEXP_066630T0	XP_008720521.1
OG0000704	jgi|Penexp1|9359|PEXP_066630T0	jgi|Capcor1|99966|A1O1_07143T0
OG0000704	jgi|Penexp1|9359|PEXP_066630T0	jgi|Altal1|1056093|gm1.328_g
OG0000704	jgi|Penexp1|9359|PEXP_066630T0	jgi|Fusgr1|12632|FGSG_11030T0, jgi|Fusgr1|10188|FGSG_08121T0
OG0000714	jgi|Penexp1|2074|PEXP_024860T0	FUN_010557_T1_FUN_010557
OG0000721	jgi|Penexp1|937|PEXP_095670T0	coassemb64_008384-T1
OG0000721	jgi|Penexp1|937|PEXP_095670T0	jgi|Claba1|132282|Z519_10601T0
OG0000721	jgi|Penexp1|937|PEXP_095670T0	jgi|Fonmu1|6103|Z520_09916T0, jgi|Fonmu1|9041|Z520_03116T0
OG0000721	jgi|Penexp1|937|PEXP_095670T0	coassemb76_008084-T1
OG0000721	jgi|Penexp1|937|PEXP_095670T0	GTX0466b15_008723-T1
OG0000721	jgi|Penexp1|937|PEXP_095670T0	KAI9656672.1
OG0000721	jgi|Penexp1|937|PEXP_095670T0	KAI9706428.1
OG0000721	jgi|Penexp1|937|PEXP_095670T0	KAI9723260.1
OG0000721	jgi|Penexp1|937|PEXP_095670T0	GTX0486b100_003837-T1
OG0000721	jgi|Penexp1|937|PEXP_095670T0	jgi|Umbpus1|105130|LPUS_12014T0
OG0000721	jgi|Penexp1|937|PEXP_095670T0	jgi|Aurpu_var_mel1|40513|e_gw1.3.1090.1
OG0000721	jgi|Penexp1|937|PEXP_095670T0	jgi|Altal1|1021896|fgenesh1_kg.14_#_236_#_Locus986v1rpkm161.67
OG0000723	jgi|Penexp1|4671|PEXP_047960T0	XP_008712563.1
OG0000738	jgi|Penexp1|5866|PEXP_011750T0	jgi|Fusgr1|9627|FGSG_08611T0
OG0000740	jgi|Penexp1|4955|PEXP_043560T0	KAJ9656401.1
OG0000742	jgi|Penexp1|2419|PEXP_052740T0, jgi|Penexp1|5552|PEXP_097960T0	KAJ9663078.1
OG0000745	jgi|Penexp1|3667|PEXP_085490T0	jgi|Capcor1|98782|A1O1_05949T0
OG0000745	jgi|Penexp1|3667|PEXP_085490T0	XP_008715601.1
OG0000745	jgi|Penexp1|3667|PEXP_085490T0	CAF9921076.1
OG0000745	jgi|Penexp1|3667|PEXP_085490T0	coassemb378_006473-T1
OG0000745	jgi|Penexp1|3667|PEXP_085490T0	jgi|PseVKM4520_1|992|transcript_KFZ25142
OG0000745	jgi|Penexp1|3667|PEXP_085490T0	KAI9754738.1
OG0000745	jgi|Penexp1|3667|PEXP_085490T0	jgi|Aspni_DSM_1|162662|An09g02010m.01
OG0000745	jgi|Penexp1|3667|PEXP_085490T0	jgi|Aspni_DSM_1|162662|An09g02010m.01
OG0000745	jgi|Penexp1|3667|PEXP_085490T0	jgi|Fusgr1|50|FGSG_00036T0
OG0000748	jgi|Penexp1|5880|PEXP_011890T0	coassemb378_006069-T1
OG0000767	jgi|Penexp1|1726|PEXP_074000T0, jgi|Penexp1|204|PEXP_000150T0	jgi|Dibbae1|6289|DIBA_009260-RA
OG0000767	jgi|Penexp1|3797|PEXP_071950T0, jgi|Penexp1|3258|PEXP_107390T0	coassemb64_000890-T1
OG0000772	jgi|Penexp1|6648|PEXP_078880T0	jgi|Fonmu1|3937|Z520_08574T0
OG0000779	jgi|Penexp1|3011|PEXP_104540T0	jgi|Dibbae1|4836|DIBA_009724-RA
OG0000780	jgi|Penexp1|2758|PEXP_109220T0	jgi|PseVKM4520_1|10673|transcript_KFZ25328
OG0000780	jgi|Penexp1|2758|PEXP_109220T0	KAI9718072.1
OG0000780	jgi|Penexp1|2758|PEXP_109220T0	coassemb378_005839-T1
OG0000791	jgi|Penexp1|1157|PEXP_029160T0	GTX0466b15_004002-T1
OG0000791	jgi|Penexp1|689|PEXP_093180T0	jgi|EndpusZ1|9090|EPUS_06921T0
OG0000792	jgi|Penexp1|10082|PEXP_018050T0	jgi|Fusgr1|5336|FGSG_02884T0
OG0000793	jgi|Penexp1|3861|PEXP_071150T0	coassemb378_010898-T1
OG0000811	jgi|Penexp1|5315|PEXP_046400T0	jgi|EndpusZ1|5260|EPUS_05586T0
OG0000826	jgi|Penexp1|10417|PEXP_060950T0	coassemb378_009464-T1
OG0000847	jgi|Penexp1|4253|PEXP_033940T0	jgi|Neucr_trp3_1|1747|Neucr2.NCU00944T0
OG0000847	jgi|Penexp1|4253|PEXP_033940T0	jgi|Podan3|201408|mRNA_236
OG0000847	jgi|Penexp1|4253|PEXP_033940T0	jgi|Fusgr1|6523|FGSG_05623T0
OG0000847	jgi|Penexp1|4253|PEXP_033940T0	jgi|Phach1|3332|rna3331
OG0000850	jgi|Penexp1|256|PEXP_000670T0	coassemb64_005783-T1
OG0000880	jgi|Penexp1|8840|PEXP_013810T0	FUN_003923_T1_FUN_003923
OG0000882	jgi|Penexp1|2672|PEXP_108360T0	jgi|Grascr1|1203|GST1_006173-RA
OG0000909	jgi|Penexp1|7694|PEXP_006740T0	jgi|Umbpus1|104382|LPUS_11121T0
OG0000909	jgi|Penexp1|7694|PEXP_006740T0	jgi|Grascr1|8390|GST1_011743-RA
OG0000909	jgi|Penexp1|7694|PEXP_006740T0	coassemb378_000343-T1
OG0000909	jgi|Penexp1|7694|PEXP_006740T0	jgi|Acastr1|121352|AST1_002292-RA
OG0000909	jgi|Penexp1|7694|PEXP_006740T0	KAI9748100.1
OG0000909	jgi|Penexp1|7694|PEXP_006740T0	GTX0486b100_006372-T1
OG0000909	jgi|Penexp1|7694|PEXP_006740T0	KAI9721073.1
OG0000909	jgi|Penexp1|7694|PEXP_006740T0	KAI9700697.1
OG0000909	jgi|Penexp1|7694|PEXP_006740T0	KAI9826136.1
OG0000909	jgi|Penexp1|7694|PEXP_006740T0	KAI9830428.1
OG0000909	jgi|Penexp1|7694|PEXP_006740T0	KAI4099613.1
OG0000909	jgi|Penexp1|7694|PEXP_006740T0	KAI4229038.1
OG0000909	jgi|Penexp1|7694|PEXP_006740T0	KAI4102488.1
OG0000909	jgi|Penexp1|7694|PEXP_006740T0	FUN_007158_T1_FUN_007158
OG0000909	jgi|Penexp1|7694|PEXP_006740T0	GTX0494b19_002813-T1
OG0000909	jgi|Penexp1|7694|PEXP_006740T0	KAI4235609.1
OG0000909	jgi|Penexp1|7694|PEXP_006740T0	KAI4290205.1
OG0000909	jgi|Penexp1|7694|PEXP_006740T0	coassemb376_004558-T1
OG0000909	jgi|Penexp1|7694|PEXP_006740T0	CAF9910127.1
OG0000909	jgi|Penexp1|7694|PEXP_006740T0	jgi|Clagr3|4629|CLAGR_003986-RA
OG0000909	jgi|Penexp1|7694|PEXP_006740T0	jgi|Dibbae1|6846|DIBA_010302-RA
OG0000909	jgi|Penexp1|7694|PEXP_006740T0	KAI9717354.1
OG0000909	jgi|Penexp1|7694|PEXP_006740T0	jgi|Aurpu_var_mel1|87468|gm1.7864_g
OG0000909	jgi|Penexp1|7694|PEXP_006740T0	jgi|Altal1|1024280|fgenesh1_kg.22_#_229_#_Locus3189v1rpkm45.58
OG0000909	jgi|Penexp1|2367|PEXP_052220T0	jgi|Acastr1|121351|AST1_002291-RA
OG0000923	jgi|Penexp1|332|PEXP_056510T0	coassemb64_005045-T1
OG0000923	jgi|Penexp1|332|PEXP_056510T0	jgi|Acastr1|125513|AST1_003512-RA
OG0000923	jgi|Penexp1|332|PEXP_056510T0	jgi|Dibbae1|3244|DIBA_007234-RA
OG0000923	jgi|Penexp1|332|PEXP_056510T0	KAJ9653267.1
OG0000923	jgi|Penexp1|332|PEXP_056510T0	coassemb76_004357-T1
OG0000923	jgi|Penexp1|332|PEXP_056510T0	jgi|Fusgr1|6536|FGSG_05634T0, jgi|Fusgr1|3870|FGSG_04172T0
OG0000923	jgi|Penexp1|332|PEXP_056510T0	jgi|Claba1|137648|Z519_04175T0, jgi|Claba1|137649|Z519_04176T0
OG0000923	jgi|Penexp1|332|PEXP_056510T0	jgi|Podan3|207531|mRNA_6359
OG0000929	jgi|Penexp1|5676|PEXP_009850T0, jgi|Penexp1|4902|PEXP_043030T0	jgi|Sclsc1|3721|SS1G_10177T0
OG0000931	jgi|Penexp1|7856|PEXP_008370T0	jgi|Monha1|6876|H072_7095m.01
OG0000931	jgi|Penexp1|7856|PEXP_008370T0	jgi|Artol1|3231|AOL_s00054g564m.01
OG0000931	jgi|Penexp1|7856|PEXP_008370T0	jgi|Morco1|554621|fgenesh1_pm.41_#_36
OG0000931	jgi|Penexp1|7856|PEXP_008370T0	jgi|Ascim1|209256|e_gw1.36.67.1
OG0000931	jgi|Penexp1|7856|PEXP_008370T0	jgi|Altal1|1049425|estExt_fgenesh1_pg.C_80237
OG0000931	jgi|Penexp1|7856|PEXP_008370T0	jgi|Aurpu_var_mel1|42294|e_gw1.4.817.1
OG0000931	jgi|Penexp1|7856|PEXP_008370T0	KAI9668810.1
OG0000931	jgi|Penexp1|7856|PEXP_008370T0	KAI9727906.1
OG0000931	jgi|Penexp1|7856|PEXP_008370T0	jgi|Neucr_trp3_1|1416|Neucr2.NCU09116T0
OG0000931	jgi|Penexp1|7856|PEXP_008370T0	jgi|Podan3|202189|mRNA_1017
OG0000931	jgi|Penexp1|7856|PEXP_008370T0	jgi|Fusgr1|1494|FGSG_01285T0
OG0000931	jgi|Penexp1|7856|PEXP_008370T0	KAI9698443.1
OG0000931	jgi|Penexp1|7856|PEXP_008370T0	GTX0486b100_007026-T1
OG0000931	jgi|Penexp1|7856|PEXP_008370T0	coassemb376_000944-T1
OG0000931	jgi|Penexp1|7856|PEXP_008370T0	jgi|Umbpus1|104101|LPUS_10799T0
OG0000931	jgi|Penexp1|7856|PEXP_008370T0	coassemb378_009304-T1
OG0000936	jgi|Penexp1|6081|PEXP_083080T0	coassemb64_003829-T1
OG0000945	jgi|Penexp1|882|PEXP_095120T0	jgi|Fusgr1|8994|FGSG_07770T0
OG0000956	jgi|Penexp1|690|PEXP_093190T0	jgi|Clagr3|1466|CLAGR_002260-RA
OG0000961	jgi|Penexp1|7215|PEXP_004080T0	jgi|Altal1|286448|CE286447_5678
OG0000961	jgi|Penexp1|7215|PEXP_004080T0	jgi|Fusgr1|2036|FGSG_01768T0, jgi|Fusgr1|2020|FGSG_01755T0, jgi|Fusgr1|1751|FGSG_01514T0
OG0000961	jgi|Penexp1|7215|PEXP_004080T0	jgi|Podan3|201588|mRNA_416
OG0000961	jgi|Penexp1|7215|PEXP_004080T0	jgi|Neucr_trp3_1|1453|Neucr2.NCU08390T0
OG0000976	jgi|Penexp1|4141|PEXP_032820T0	FUN_000406_T1_FUN_000406
OG0000976	jgi|Penexp1|4141|PEXP_032820T0	CAF9943318.1
OG0000991	jgi|Penexp1|47|PEXP_009620T0	KAI9698579.1
OG0000991	jgi|Penexp1|9590|PEXP_068950T0	KAJ9652281.1
OG0000993	jgi|Penexp1|8364|PEXP_036750T0	coassemb378_001917-T1
OG0001006	jgi|Penexp1|10203|PEXP_019260T0, jgi|Penexp1|8435|PEXP_037460T0	jgi|Monha1|9388|H072_9849m.01
OG0001008	jgi|Penexp1|6297|PEXP_100670T0	jgi|Clagr3|11238|CLAGR_011001-RA
OG0001008	jgi|Penexp1|6297|PEXP_100670T0	jgi|EndpusZ1|9085|EPUS_06916T0
OG0001008	jgi|Penexp1|6297|PEXP_100670T0	jgi|Podan3|204627|mRNA_3455
OG0001017	jgi|Penexp1|2639|PEXP_108030T0	jgi|Altal1|938817|e_gw1.14.419.1
OG0001034	jgi|Penexp1|9242|PEXP_065450T0, jgi|Penexp1|3669|PEXP_085510T0	jgi|Altal1|1015420|fgenesh1_kg.1_#_398_#_Locus12168v1rpkm0.86
OG0001034	jgi|Penexp1|3669|PEXP_085510T0	jgi|Fusgr1|66|FGSG_00049T0
OG0001034	jgi|Penexp1|3669|PEXP_085510T0	jgi|Acastr1|122575|AST1_008451-RA
OG0001034	jgi|Penexp1|3669|PEXP_085510T0	KAI9754741.1
OG0001034	jgi|Penexp1|3669|PEXP_085510T0	KAI9826786.1
OG0001038	jgi|Penexp1|2724|PEXP_108880T0	jgi|Acastr1|119481|AST1_006259-RA
OG0001038	jgi|Penexp1|2724|PEXP_108880T0	jgi|Umbpus1|102616|LPUS_09188T0
OG0001038	jgi|Penexp1|2724|PEXP_108880T0	jgi|Dibbae1|2645|DIBA_007765-RA
OG0001038	jgi|Penexp1|2724|PEXP_108880T0	jgi|Grascr1|7581|GST1_002257-RA
OG0001038	jgi|Penexp1|2724|PEXP_108880T0	KAI4100298.1
OG0001038	jgi|Penexp1|2724|PEXP_108880T0	GTX0494b19_004158-T1
OG0001038	jgi|Penexp1|2724|PEXP_108880T0	FUN_000095_T1_FUN_000095, FUN_000095_T2_FUN_000095
OG0001038	jgi|Penexp1|2724|PEXP_108880T0	KAI4239669.1
OG0001038	jgi|Penexp1|2724|PEXP_108880T0	KAI4221620.1
OG0001038	jgi|Penexp1|2724|PEXP_108880T0	KAI4109268.1
OG0001038	jgi|Penexp1|2724|PEXP_108880T0	KAI4289641.1
OG0001038	jgi|Penexp1|2724|PEXP_108880T0	jgi|Clagr3|8488|CLAGR_008681-RA
OG0001038	jgi|Penexp1|2724|PEXP_108880T0	CAF9928710.1
OG0001038	jgi|Penexp1|2724|PEXP_108880T0	coassemb378_002049-T1
OG0001038	jgi|Penexp1|2724|PEXP_108880T0	KAI9827762.1
OG0001038	jgi|Penexp1|2724|PEXP_108880T0	KAI9837295.1
OG0001038	jgi|Penexp1|2724|PEXP_108880T0	coassemb376_002578-T1
OG0001038	jgi|Penexp1|2724|PEXP_108880T0	GTX0466b15_000493-T1
OG0001038	jgi|Penexp1|2724|PEXP_108880T0	GTX0466b15_000493-T1
OG0001046	jgi|Penexp1|9223|PEXP_065260T0	KAI9697615.1
OG0001046	jgi|Penexp1|9223|PEXP_065260T0	KAI9832412.1
OG0001051	jgi|Penexp1|5578|PEXP_109670T0	jgi|Monha1|3021|H072_3029m.01
OG0001051	jgi|Penexp1|5578|PEXP_109670T0	jgi|Neucr_trp3_1|935|Neucr2.NCU02736T0
OG0001051	jgi|Penexp1|5578|PEXP_109670T0	jgi|Ascim1|301688|fgenesh1_pg.4_#_208
OG0001051	jgi|Penexp1|5578|PEXP_109670T0	jgi|Morco1|537790|fgenesh1_kg.41_#_9_#_Locus107v1rpkm1331.99
OG0001051	jgi|Penexp1|5578|PEXP_109670T0	jgi|Artol1|3515|AOL_s00054g848m.01
OG0001060	jgi|Penexp1|2268|PEXP_051210T0	jgi|Morco1|578177|gm1.8953_g, jgi|Morco1|578182|gm1.8958_g, jgi|Morco1|578180|gm1.8956_g, jgi|Morco1|493985|e_gw1.58.72.1
OG0001061	jgi|Penexp1|6169|PEXP_056010T0	jgi|PseVKM4520_1|3|transcript_KFZ25259
OG0001077	jgi|Penexp1|3122|PEXP_106030T0	KAI4105648.1
OG0001077	jgi|Penexp1|3122|PEXP_106030T0	KAI4286386.1
OG0001080	jgi|Penexp1|5883|PEXP_011920T0	jgi|Grascr1|8725|GST1_011777-RA
OG0001084	jgi|Penexp1|232|PEXP_000430T0	jgi|Fusgr1|6893|FGSG_05944T0
OG0001135	jgi|Penexp1|7847|PEXP_008280T0	jgi|Artol1|3669|AOL_s00075g7m.01
OG0001136	jgi|Penexp1|7769|PEXP_007500T0	jgi|PseVKM4520_1|8458|transcript_KFZ24508, jgi|PseVKM4520_1|6258|transcript_KFZ10076
OG0001147	jgi|Penexp1|8409|PEXP_037200T0	jgi|Podan3|203462|mRNA_2290
OG0001150	jgi|Penexp1|4614|PEXP_047390T0	jgi|Fusgr1|11434|FGSG_13666T0
OG0001165	jgi|Penexp1|9279|PEXP_065820T0, jgi|Penexp1|2851|PEXP_087870T0	jgi|PseVKM4520_1|2149|transcript_KFZ17507
OG0001173	jgi|Penexp1|6571|PEXP_078110T0	FUN_003555_T1_FUN_003555
OG0001176	jgi|Penexp1|9070|PEXP_063730T0	jgi|Capcor1|92548|A1O1_08972T0
OG0001176	jgi|Penexp1|9070|PEXP_063730T0	jgi|Phach1|894|rna893
OG0001177	jgi|Penexp1|2657|PEXP_108210T0	coassemb76_009379-T1
OG0001184	jgi|Penexp1|5372|PEXP_058320T0	jgi|PseVKM4520_1|7830|transcript_KFZ07710
OG0001191	jgi|Penexp1|10493|PEXP_061720T0	jgi|Morco1|547704|fgenesh1_pg.43_#_83
OG0001196	jgi|Penexp1|4617|PEXP_047420T0	jgi|Acastr1|124709|AST1_002374-RA
OG0001213	jgi|Penexp1|271|PEXP_000820T0	KAI9720278.1
OG0001213	jgi|Penexp1|271|PEXP_000820T0	KAI9665371.1
OG0001213	jgi|Penexp1|271|PEXP_000820T0	jgi|Aurpu_var_mel1|57250|e_gw1.26.99.1
OG0001213	jgi|Penexp1|271|PEXP_000820T0	jgi|Altal1|490125|CE490124_70787
OG0001213	jgi|Penexp1|271|PEXP_000820T0	jgi|Erypu1|5968|transcript_POS81808
OG0001227	jgi|Penexp1|2995|PEXP_105790T0	jgi|Artol1|4183|AOL_s00076g279m.01
OG0001235	jgi|Penexp1|3054|PEXP_104970T0	jgi|Monha1|9471|H072_9938m.01
OG0001250	jgi|Penexp1|2865|PEXP_088010T0	GTX0466b15_001962-T1
OG0001270	jgi|Penexp1|5067|PEXP_044680T0	jgi|Sclsc1|2142|SS1G_08599T0
OG0001281	jgi|Penexp1|3776|PEXP_071740T0	jgi|Artol1|5|AOL_s00004g4m.01
OG0001281	jgi|Penexp1|3776|PEXP_071740T0	jgi|Fusgr1|13314|FGSG_11241T0, jgi|Fusgr1|10669|FGSG_09212T0
OG0001300	jgi|Penexp1|1041|PEXP_096680T0	jgi|Artol1|5665|AOL_s00079g439m.01, jgi|Artol1|5666|AOL_s00079g440m.01
OG0001338	jgi|Penexp1|6519|PEXP_077590T0	coassemb64_003324-T1
OG0001365	jgi|Penexp1|6275|PEXP_100450T0	jgi|Podan3|208764|mRNA_7592
OG0001428	jgi|Penexp1|7844|PEXP_008250T0	jgi|Grascr1|4396|GST1_010145-RA
OG0001435	jgi|Penexp1|11011|PEXP_020120T0	coassemb376_005892-T1
OG0001435	jgi|Penexp1|11011|PEXP_020120T0	KAI4287589.1
OG0001473	jgi|Penexp1|4011|PEXP_030840T0	jgi|Fusgr1|2642|FGSG_02304T0
OG0001497	jgi|Penexp1|5158|PEXP_044830T0	jgi|Sclsc1|3190|SS1G_09646T0
OG0001497	jgi|Penexp1|5158|PEXP_044830T0	jgi|Dibbae1|9770|DIBA_012322-RA
OG0001518	jgi|Penexp1|8657|PEXP_013540T0	XP_008716760.1
OG0001518	jgi|Penexp1|8657|PEXP_013540T0	jgi|Claba1|130187|Z519_08494T0
OG0001518	jgi|Penexp1|8657|PEXP_013540T0	jgi|Fonmu1|539|Z520_00540T0
OG0001518	jgi|Penexp1|8657|PEXP_013540T0	jgi|Aurpu_var_mel1|80644|gm1.1040_g
OG0001518	jgi|Penexp1|8657|PEXP_013540T0	jgi|Exoaq1|12129|A1O9_08445T0
OG0001518	jgi|Penexp1|8657|PEXP_013540T0	jgi|Capcor1|92582|A1O1_09006T0
OG0001518	jgi|Penexp1|8657|PEXP_013540T0	jgi|EndpusZ1|2019|EPUS_00723T0
OG0001518	jgi|Penexp1|8657|PEXP_013540T0	jgi|Phach1|5320|rna5319
OG0001518	jgi|Penexp1|8657|PEXP_013540T0	KAI9840001.1
OG0001518	jgi|Penexp1|8657|PEXP_013540T0	KAI9668407.1
OG0001518	jgi|Penexp1|8657|PEXP_013540T0	KAI9725398.1
OG0001518	jgi|Penexp1|8657|PEXP_013540T0	jgi|Dibbae1|3075|DIBA_006302-RA
OG0001518	jgi|Penexp1|8657|PEXP_013540T0	jgi|Umbpus1|100583|LPUS_07250T0
OG0001518	jgi|Penexp1|8657|PEXP_013540T0	jgi|Acastr1|118828|AST1_000758-RA
OG0001518	jgi|Penexp1|8657|PEXP_013540T0	GTX0494b19_004544-T1
OG0001518	jgi|Penexp1|8657|PEXP_013540T0	FUN_009388_T1_FUN_009388
OG0001518	jgi|Penexp1|8657|PEXP_013540T0	KAI4229713.1
OG0001518	jgi|Penexp1|8657|PEXP_013540T0	KAI4101946.1
OG0001518	jgi|Penexp1|8657|PEXP_013540T0	KAI4234065.1
OG0001518	jgi|Penexp1|8657|PEXP_013540T0	KAI4287861.1
OG0001518	jgi|Penexp1|8657|PEXP_013540T0	CAF9937076.1
OG0001518	jgi|Penexp1|8657|PEXP_013540T0	jgi|Clagr3|486|CLAGR_000478-RA
OG0001518	jgi|Penexp1|8657|PEXP_013540T0	jgi|Sclsc1|13566|SS1G_06595T0
OG0001518	jgi|Penexp1|8657|PEXP_013540T0	KAI4107996.1
OG0001518	jgi|Penexp1|8657|PEXP_013540T0	coassemb64_003024-T1, coassemb64_003457-T1
OG0001526	jgi|Penexp1|1509|PEXP_027530T0	jgi|Fusgr1|3281|FGSG_11586T0, jgi|Fusgr1|3341|FGSG_04645T0
OG0001526	jgi|Penexp1|176|PEXP_021310T0	jgi|Fusgr1|5066|FGSG_03118T0
OG0001536	jgi|Penexp1|9931|PEXP_016540T0	jgi|Podan3|211277|mRNA_10105
OG0001547	jgi|Penexp1|8715|PEXP_014290T0	jgi|Capcor1|92468|A1O1_08892T0
OG0001547	jgi|Penexp1|8715|PEXP_014290T0	jgi|Neucr_trp3_1|2938|Neucr2.NCU05340T0
OG0001581	jgi|Penexp1|1271|PEXP_028260T0	KAI9825660.1
OG0001609	jgi|Penexp1|62|PEXP_021530T0, jgi|Penexp1|5215|PEXP_045400T0	KAI9669354.1
OG0001609	jgi|Penexp1|62|PEXP_021530T0, jgi|Penexp1|5215|PEXP_045400T0	KAI4281491.1
OG0001618	jgi|Penexp1|9810|PEXP_098780T0	jgi|Acastr1|119091|AST1_006272-RA
OG0001624	jgi|Penexp1|4588|PEXP_047130T0, jgi|Penexp1|3047|PEXP_104900T0	jgi|Sclsc1|5173|SS1G_11629T0
OG0001624	jgi|Penexp1|3047|PEXP_104900T0	jgi|PseVKM4520_1|7991|transcript_KFZ24628
OG0001629	jgi|Penexp1|3867|PEXP_071210T0	coassemb376_006443-T1
OG0001629	jgi|Penexp1|3867|PEXP_071210T0	coassemb378_011141-T1
OG0001630	jgi|Penexp1|5700|PEXP_010090T0	jgi|Altal1|295298|CE295297_2755
OG0001688	jgi|Penexp1|3958|PEXP_030310T0	KAI4208429.1
OG0001704	jgi|Penexp1|10001|PEXP_017240T0	KAI9715680.1
OG0001764	jgi|Penexp1|10567|PEXP_059570T0	jgi|Podan3|209159|mRNA_7987, jgi|Podan3|210190|mRNA_9018
OG0001796	jgi|Penexp1|3269|PEXP_083500T0	jgi|PseVKM4520_1|2442|transcript_KFZ16962
OG0001830	jgi|Penexp1|7230|PEXP_004230T0	coassemb76_007596-T1
OG0001845	jgi|Penexp1|9083|PEXP_063860T0	jgi|Claba1|131841|Z519_10158T0
OG0001845	jgi|Penexp1|9083|PEXP_063860T0	coassemb76_008813-T1
OG0001873	jgi|Penexp1|3944|PEXP_030170T0	jgi|PseVKM4520_1|4677|transcript_KFZ12996
OG0001889	jgi|Penexp1|5659|PEXP_110480T0	KAI9651668.1
OG0001890	jgi|Penexp1|10602|PEXP_059070T0	GTX0466b15_002312-T1
OG0001890	jgi|Penexp1|1359|PEXP_026030T0	KAI9701011.1
OG0001890	jgi|Penexp1|1359|PEXP_026030T0	GTX0486b100_006740-T1
OG0001890	jgi|Penexp1|1359|PEXP_026030T0	KAI9710057.1
OG0001890	jgi|Penexp1|1359|PEXP_026030T0	jgi|Acastr1|126848|AST1_006966-RA
OG0001890	jgi|Penexp1|1359|PEXP_026030T0	KAI9831041.1
OG0001890	jgi|Penexp1|1359|PEXP_026030T0	jgi|Dibbae1|8558|DIBA_011692-RA
OG0001890	jgi|Penexp1|1359|PEXP_026030T0	jgi|Grascr1|2630|GST1_007451-RA
OG0001890	jgi|Penexp1|1359|PEXP_026030T0	KAI4103738.1
OG0001890	jgi|Penexp1|1359|PEXP_026030T0	KAI4288635.1
OG0001890	jgi|Penexp1|1359|PEXP_026030T0	KAI4112157.1
OG0001890	jgi|Penexp1|1359|PEXP_026030T0	KAI4228682.1
OG0001890	jgi|Penexp1|1359|PEXP_026030T0	KAI4236408.1
OG0001890	jgi|Penexp1|1359|PEXP_026030T0	GTX0494b19_005292-T1
OG0001890	jgi|Penexp1|1359|PEXP_026030T0	FUN_000325_T1_FUN_000325
OG0001890	jgi|Penexp1|1359|PEXP_026030T0	jgi|Clagr3|1450|CLAGR_002245-RA
OG0001890	jgi|Penexp1|1359|PEXP_026030T0	CAF9917033.1
OG0001890	jgi|Penexp1|1359|PEXP_026030T0	GTX0466b15_002313-T1
OG0001890	jgi|Penexp1|1359|PEXP_026030T0	coassemb76_001179-T1
OG0001890	jgi|Penexp1|1359|PEXP_026030T0	coassemb378_000697-T1
OG0001890	jgi|Penexp1|1359|PEXP_026030T0	jgi|Altal1|1032683|fgenesh1_pm.15_#_151
OG0001890	jgi|Penexp1|1359|PEXP_026030T0	jgi|Aurpu_var_mel1|38109|e_gw1.1.2818.1
OG0001932	jgi|Penexp1|1148|PEXP_029070T0	jgi|Neucr_trp3_1|5863|Neucr2.NCU06385T0
OG0001935	jgi|Penexp1|5283|PEXP_046080T0	jgi|Morco1|203785|CE203784_1176
OG0001945	jgi|Penexp1|1763|PEXP_074370T0	KAI9810503.1
OG0001950	jgi|Penexp1|1561|PEXP_072350T0	jgi|Erypu1|5784|transcript_POS81829
OG0001955	jgi|Penexp1|7359|PEXP_003540T0	KAI9837859.1
OG0001985	jgi|Penexp1|5819|PEXP_011280T0	jgi|Acastr1|124185|AST1_007313-RA
OG0001991	jgi|Penexp1|7386|PEXP_038150T0	KAI4091663.1
OG0002008	jgi|Penexp1|9131|PEXP_064340T0	coassemb376_004075-T1
OG0002021	jgi|Penexp1|2309|PEXP_051630T0	jgi|Umbpus1|102516|LPUS_09074T0
OG0002022	jgi|Penexp1|5606|PEXP_109950T0	CAF9938633.1
OG0002048	jgi|Penexp1|5885|PEXP_011940T0	CAF9927521.1
OG0002081	jgi|Penexp1|5638|PEXP_110270T0	coassemb64_004135-T1
OG0002082	jgi|Penexp1|2894|PEXP_088300T0	jgi|Neucr_trp3_1|8808|Neucr2.NCU04822T0
OG0002184	jgi|Penexp1|10804|PEXP_091430T0	coassemb76_009965-T1
OG0002221	jgi|Penexp1|391|PEXP_057110T0	jgi|Aurpu_var_mel1|54398|e_gw1.20.209.1
OG0002235	jgi|Penexp1|506|PEXP_055360T0	jgi|EndpusZ1|4631|EPUS_02121T0
OG0002283	jgi|Penexp1|3581|PEXP_085710T0	jgi|Sclsc1|13646|SS1G_06675T0
OG0002345	jgi|Penexp1|6727|PEXP_079670T0	coassemb378_002074-T1
OG0002349	jgi|Penexp1|6628|PEXP_078680T0	jgi|Acastr1|122567|AST1_006589-RA
OG0002349	jgi|Penexp1|6628|PEXP_078680T0	jgi|Grascr1|958|GST1_006961-RA
OG0002459	jgi|Penexp1|6135|PEXP_055670T0	jgi|Grascr1|1927|GST1_006382-RA
OG0002488	jgi|Penexp1|6374|PEXP_101840T0	jgi|Acastr1|125060|AST1_002012-RA
OG0002537	jgi|Penexp1|7493|PEXP_002220T0	jgi|Aurpu_var_mel1|81946|gm1.2342_g
OG0002575	jgi|Penexp1|10457|PEXP_061350T0	GTX0486b100_008436-T1
OG0002575	jgi|Penexp1|10457|PEXP_061350T0	GTX0494b19_000543-T1
OG0002676	jgi|Penexp1|7231|PEXP_004240T0	KAI9831149.1
OG0002676	jgi|Penexp1|7231|PEXP_004240T0	coassemb376_003947-T1
OG0002682	jgi|Penexp1|2716|PEXP_108800T0	jgi|Erypu1|5639|transcript_POS81857
OG0002693	jgi|Penexp1|10511|PEXP_008990T0	coassemb376_007173-T1
OG0002705	jgi|Penexp1|10896|PEXP_089940T0	KAI4286705.1
OG0002738	jgi|Penexp1|6471|PEXP_077110T0	jgi|Monha1|1364|H072_1364m.01
OG0002760	jgi|Penexp1|6097|PEXP_083240T0	jgi|Monha1|5677|H072_5862m.01
OG0002764	jgi|Penexp1|9856|PEXP_099240T0	KAI9812097.1
OG0002764	jgi|Penexp1|9856|PEXP_099240T0	jgi|Ascim1|377009|estExt_fgenesh1_pg.C_420059
OG0002769	jgi|Penexp1|1080|PEXP_097070T0	KAI4232683.1
OG0002915	jgi|Penexp1|4622|PEXP_047470T0	jgi|Grascr1|11245|GST1_005871-RA
OG0002915	jgi|Penexp1|4622|PEXP_047470T0	jgi|Clagr3|8243|CLAGR_009111-RA
OG0002915	jgi|Penexp1|4622|PEXP_047470T0	jgi|Clagr3|2366|CLAGR_001764-RA
OG0002915	jgi|Penexp1|4622|PEXP_047470T0	KAJ9653342.1
OG0002915	jgi|Penexp1|4622|PEXP_047470T0	jgi|Podan3|210066|mRNA_8894
OG0003033	jgi|Penexp1|7045|PEXP_082060T0	coassemb376_000483-T1
OG0003033	jgi|Penexp1|7045|PEXP_082060T0	CAF9937230.1
OG0003255	jgi|Penexp1|8044|PEXP_102870T0	coassemb76_009234-T1
OG0003398	jgi|Penexp1|3888|PEXP_071420T0	jgi|Fusgr1|12761|FGSG_10917T0
OG0003422	jgi|Penexp1|6230|PEXP_056400T0	jgi|Grascr1|6991|GST1_002829-RA
OG0003433	jgi|Penexp1|10325|PEXP_062470T0, jgi|Penexp1|9698|PEXP_100050T0	XP_008712402.1
OG0003433	jgi|Penexp1|10325|PEXP_062470T0, jgi|Penexp1|9698|PEXP_100050T0	jgi|Exoaq1|11004|A1O9_07373T0
OG0003437	jgi|Penexp1|1605|PEXP_072790T0	coassemb378_011328-T1
OG0003481	jgi|Penexp1|7737|PEXP_007180T0	KAI4261678.1
OG0003488	jgi|Penexp1|7834|PEXP_008150T0	jgi|Neucr_trp3_1|1223006|e_gw1.223.19.1
OG0003534	jgi|Penexp1|8853|PEXP_013090T0	KAI9724968.1
OG0003617	jgi|Penexp1|9104|PEXP_064070T0	CAF9906519.1
OG0003629	jgi|Penexp1|1746|PEXP_074200T0	coassemb376_000939-T1
OG0003680	jgi|Penexp1|4699|PEXP_048240T0	jgi|Morco1|577490|gm1.8266_g
OG0003689	jgi|Penexp1|6158|PEXP_055900T0	jgi|Clagr3|7431|CLAGR_007028-RA
OG0003739	jgi|Penexp1|10749|PEXP_090880T0	KAI4289387.1
OG0003752	jgi|Penexp1|10249|PEXP_019730T0	jgi|Umbpus1|101274|LPUS_08013T0
OG0003794	jgi|Penexp1|4516|PEXP_032360T0	KAI9817910.1
OG0003802	jgi|Penexp1|6280|PEXP_100500T0	jgi|Claba1|130454|Z519_08761T0
OG0003880	jgi|Penexp1|9340|PEXP_066440T0	jgi|Umbpus1|105574|LPUS_12582T0
OG0003907	jgi|Penexp1|3234|PEXP_107150T0	jgi|Fusgr1|5120|FGSG_03074T0
OG0003978	jgi|Penexp1|10970|PEXP_022040T0	CAF9943228.1
OG0003980	jgi|Penexp1|3091|PEXP_105340T0	coassemb76_006176-T1
OG0004009	jgi|Penexp1|6108|PEXP_083350T0	jgi|Exoaq1|6089|A1O9_11889T0
OG0004115	jgi|Penexp1|7114|PEXP_076500T0	KAI9728713.1
OG0004115	jgi|Penexp1|7114|PEXP_076500T0	jgi|Altal1|938544|e_gw1.13.45.1
OG0004115	jgi|Penexp1|7114|PEXP_076500T0	jgi|Aurpu_var_mel1|42590|e_gw1.4.340.1
OG0004115	jgi|Penexp1|7114|PEXP_076500T0	KAI9824793.1
OG0004115	jgi|Penexp1|7114|PEXP_076500T0	KAI9827988.1
OG0004115	jgi|Penexp1|7114|PEXP_076500T0	jgi|Clagr3|1238|CLAGR_001223-RA
OG0004115	jgi|Penexp1|7114|PEXP_076500T0	KAI4281582.1
OG0004115	jgi|Penexp1|7114|PEXP_076500T0	KAI4223207.1
OG0004115	jgi|Penexp1|7114|PEXP_076500T0	GTX0494b19_007279-T1
OG0004115	jgi|Penexp1|7114|PEXP_076500T0	KAI4107833.1
OG0004115	jgi|Penexp1|7114|PEXP_076500T0	KAI4227428.1, KAI4230781.1
OG0004115	jgi|Penexp1|7114|PEXP_076500T0	CAF9906587.1
OG0004115	jgi|Penexp1|7114|PEXP_076500T0	GTX0486b100_002051-T1
OG0004115	jgi|Penexp1|7114|PEXP_076500T0	KAI9698029.1
OG0004115	jgi|Penexp1|7114|PEXP_076500T0	KAI9711902.1
OG0004115	jgi|Penexp1|7114|PEXP_076500T0	coassemb378_006795-T1
OG0004115	jgi|Penexp1|7114|PEXP_076500T0	jgi|Dibbae1|1306|DIBA_006895-RA
OG0004115	jgi|Penexp1|7114|PEXP_076500T0	KAI9753481.1
OG0004115	jgi|Penexp1|7114|PEXP_076500T0	jgi|Fusgr1|7879|FGSG_06817T0
OG0004137	jgi|Penexp1|3388|PEXP_084690T0	jgi|EndpusZ1|7542|EPUS_07291T0
OG0004184	jgi|Penexp1|1265|PEXP_028200T0	FUN_008494_T1_FUN_008494
OG0004250	jgi|Penexp1|2925|PEXP_088610T0	jgi|Monha1|1644|H072_1644m.01
OG0004251	jgi|Penexp1|684|PEXP_093130T0	jgi|Clagr3|1524|CLAGR_002318-RA
OG0004251	jgi|Penexp1|684|PEXP_093130T0	jgi|Exoaq1|6274|A1O9_12075T0
OG0004295	jgi|Penexp1|5491|PEXP_097350T0	jgi|Fusgr1|12290|FGSG_10627T0
OG0004308	jgi|Penexp1|462|PEXP_057820T0	jgi|Fusgr1|12415|FGSG_13829T0
OG0004308	jgi|Penexp1|462|PEXP_057820T0	jgi|Sclsc1|64|SS1G_00064T0
OG0004308	jgi|Penexp1|3549|PEXP_086730T0	KAI4222783.1
OG0004308	jgi|Penexp1|3549|PEXP_086730T0	FUN_002269_T1_FUN_002269
OG0004308	jgi|Penexp1|3549|PEXP_086730T0	GTX0494b19_000765-T1
OG0004308	jgi|Penexp1|3549|PEXP_086730T0	KAI4225626.1
OG0004308	jgi|Penexp1|3549|PEXP_086730T0	KAI4089614.1
OG0004308	jgi|Penexp1|3549|PEXP_086730T0	KAI4287360.1
OG0004308	jgi|Penexp1|3549|PEXP_086730T0	jgi|Clagr3|2268|CLAGR_001666-RA
OG0004308	jgi|Penexp1|3549|PEXP_086730T0	CAF9922138.1
OG0004308	jgi|Penexp1|3549|PEXP_086730T0	jgi|Erypu1|5089|transcript_POS85576
OG0004308	jgi|Penexp1|3549|PEXP_086730T0	jgi|Sclsc1|4829|SS1G_11285T0
OG0004308	jgi|Penexp1|3549|PEXP_086730T0	jgi|Grascr1|692|GST1_001405-RA
OG0004308	jgi|Penexp1|3549|PEXP_086730T0	jgi|Altal1|1059072|gm1.3307_g
OG0004308	jgi|Penexp1|3549|PEXP_086730T0	jgi|Aurpu_var_mel1|45778|e_gw1.7.682.1
OG0004308	jgi|Penexp1|3549|PEXP_086730T0	jgi|Aspni_DSM_1|159406|An04g07230m.01
OG0004308	jgi|Penexp1|3549|PEXP_086730T0	jgi|Aspni_DSM_1|159406|An04g07230m.01
OG0004308	jgi|Penexp1|3549|PEXP_086730T0	jgi|Fusgr1|12415|FGSG_13829T0
OG0004308	jgi|Penexp1|3549|PEXP_086730T0	jgi|Fusgr1|12415|FGSG_13829T0
OG0004318	jgi|Penexp1|5788|PEXP_010970T0	jgi|PseVKM4520_1|3541|transcript_KFZ14981
OG0004369	jgi|Penexp1|4912|PEXP_043130T0	jgi|Morco1|534707|fgenesh1_kg.17_#_43_#_Locus16834v1rpkm0.80
OG0004419	jgi|Penexp1|7706|PEXP_006860T0	jgi|Acastr1|121195|AST1_003133-RA
OG0004435	jgi|Penexp1|2874|PEXP_088100T0	GTX0486b100_006750-T1
OG0004596	jgi|Penexp1|2069|PEXP_024810T0, jgi|Penexp1|10309|PEXP_062310T0	jgi|Podan3|203261|mRNA_2089
OG0004596	jgi|Penexp1|2069|PEXP_024810T0, jgi|Penexp1|10309|PEXP_062310T0	jgi|Phach1|1746|rna1745
OG0004739	jgi|Penexp1|7419|PEXP_001480T0	jgi|Umbpus1|101492|LPUS_08193T0
OG0004760	jgi|Penexp1|7403|PEXP_038320T0	jgi|Artol1|5540|AOL_s00079g314m.01
OG0004928	jgi|Penexp1|6057|PEXP_082840T0	CAF9942232.1
OG0004951	jgi|Penexp1|7322|PEXP_003170T0	jgi|Acastr1|127638|AST1_004262-RA
OG0005177	jgi|Penexp1|9945|PEXP_016680T0	jgi|Grascr1|8130|GST1_003831-RA
OG0005228	jgi|Penexp1|1061|PEXP_096880T0	jgi|Monha1|8323|H072_8618m.01
OG0005288	jgi|Penexp1|936|PEXP_095660T0	jgi|Umbpus1|106575|LPUS_04764T0
OG0005288	jgi|Penexp1|936|PEXP_095660T0	KAI4107433.1
OG0005288	jgi|Penexp1|936|PEXP_095660T0	KAJ9650034.1
OG0005288	jgi|Penexp1|936|PEXP_095660T0	CAF9937645.1
OG0005288	jgi|Penexp1|936|PEXP_095660T0	GTX0494b19_004177-T1
OG0005288	jgi|Penexp1|936|PEXP_095660T0	FUN_007036_T1_FUN_007036
OG0005288	jgi|Penexp1|936|PEXP_095660T0	KAI4106872.1
OG0005288	jgi|Penexp1|936|PEXP_095660T0	KAI4225684.1
OG0005288	jgi|Penexp1|936|PEXP_095660T0	KAI4234966.1
OG0005288	jgi|Penexp1|936|PEXP_095660T0	jgi|Grascr1|244|GST1_000518-RA
OG0005288	jgi|Penexp1|936|PEXP_095660T0	jgi|Dibbae1|2906|DIBA_007519-RA
OG0005288	jgi|Penexp1|936|PEXP_095660T0	jgi|Clagr3|8885|CLAGR_008865-RA
OG0005288	jgi|Penexp1|936|PEXP_095660T0	KAI9719818.1
OG0005288	jgi|Penexp1|936|PEXP_095660T0	KAI9700765.1
OG0005288	jgi|Penexp1|936|PEXP_095660T0	jgi|Acastr1|126005|AST1_004542-RA
OG0005288	jgi|Penexp1|936|PEXP_095660T0	KAI9828957.1
OG0005288	jgi|Penexp1|936|PEXP_095660T0	jgi|Altal1|982008|estExt_Genewise1Plus.C_3_t30028
OG0005288	jgi|Penexp1|936|PEXP_095660T0	KAI9655038.1
OG0005288	jgi|Penexp1|936|PEXP_095660T0	KAI9723129.1
OG0005288	jgi|Penexp1|936|PEXP_095660T0	jgi|Aurpu_var_mel1|40818|e_gw1.3.1374.1
OG0005288	jgi|Penexp1|3994|PEXP_030670T0	KAJ9656546.1
OG0005352	jgi|Penexp1|10207|PEXP_019300T0	KAJ9650446.1
OG0005366	jgi|Penexp1|9159|PEXP_064620T0	KAI4231955.1
OG0005383	jgi|Penexp1|9355|PEXP_066590T0	coassemb76_006220-T1
OG0005383	jgi|Penexp1|9355|PEXP_066590T0	jgi|Exoaq1|3186|A1O9_10704T0
OG0005391	jgi|Penexp1|8848|PEXP_013040T0	jgi|Fonmu1|10502|Z520_12369T0
OG0005421	jgi|Penexp1|8946|PEXP_069410T0	jgi|Acastr1|125559|AST1_002789-RA
OG0005425	jgi|Penexp1|9198|PEXP_065010T0	jgi|EndpusZ1|255|EPUS_04141T0
OG0005478	jgi|Penexp1|3367|PEXP_084480T0	jgi|Podan3|209367|mRNA_8195
OG0005478	jgi|Penexp1|3367|PEXP_084480T0	jgi|Altal1|1078187|MIX10085_11_73, jgi|Altal1|1024849|fgenesh1_kg.25_#_66_#_Locus725v1rpkm214.59
OG0005478	jgi|Penexp1|3367|PEXP_084480T0	jgi|Neucr_trp3_1|5407|Neucr2.NCU04948T0, jgi|Neucr_trp3_1|1310533|fgenesh1_pm.86_#_28, jgi|Neucr_trp3_1|2389|Neucr2.NCU16474T0
OG0005478	jgi|Penexp1|3367|PEXP_084480T0	jgi|Aurpu_var_mel1|86652|gm1.7048_g
OG0005478	jgi|Penexp1|3367|PEXP_084480T0	KAI9718644.1
OG0005478	jgi|Penexp1|3367|PEXP_084480T0	KAJ9658103.1
OG0005478	jgi|Penexp1|3367|PEXP_084480T0	jgi|Dibbae1|338|DIBA_006527-RA
OG0005478	jgi|Penexp1|3367|PEXP_084480T0	jgi|Clagr3|10121|CLAGR_009703-RA
OG0005478	jgi|Penexp1|3367|PEXP_084480T0	KAI9653093.1
OG0005499	jgi|Penexp1|6978|PEXP_039420T0	jgi|Exoaq1|4779|A1O9_02298T0, jgi|Exoaq1|9599|A1O9_06029T0
OG0005499	jgi|Penexp1|2970|PEXP_089060T0	KAI4098379.1
OG0005499	jgi|Penexp1|2970|PEXP_089060T0	KAI4105756.1
OG0005499	jgi|Penexp1|2970|PEXP_089060T0	KAI4224671.1
OG0005499	jgi|Penexp1|2970|PEXP_089060T0	KAI4217851.1
OG0005499	jgi|Penexp1|2970|PEXP_089060T0	GTX0494b19_004689-T1
OG0005499	jgi|Penexp1|2970|PEXP_089060T0	KAI4272611.1
OG0005499	jgi|Penexp1|2970|PEXP_089060T0	coassemb376_004201-T1
OG0005499	jgi|Penexp1|2970|PEXP_089060T0	jgi|Exoaq1|4779|A1O9_02298T0, jgi|Exoaq1|9599|A1O9_06029T0
OG0005499	jgi|Penexp1|2970|PEXP_089060T0	jgi|Exoaq1|4779|A1O9_02298T0, jgi|Exoaq1|9599|A1O9_06029T0
OG0005642	jgi|Penexp1|3250|PEXP_107310T0	jgi|Grascr1|5566|GST1_001888-RA
OG0005657	jgi|Penexp1|2383|PEXP_052380T0	jgi|Dibbae1|10027|DIBA_002947-RA
OG0005657	jgi|Penexp1|2383|PEXP_052380T0	jgi|Clagr3|11138|CLAGR_010750-RA
OG0005657	jgi|Penexp1|2383|PEXP_052380T0	jgi|Monha1|5041|H072_5147m.01
OG0005662	jgi|Penexp1|3099|PEXP_105420T0	KAI9719829.1
OG0005662	jgi|Penexp1|3099|PEXP_105420T0	jgi|Grascr1|2591|GST1_006896-RA
OG0005662	jgi|Penexp1|3099|PEXP_105420T0	CAF9941370.1
OG0005682	jgi|Penexp1|9331|PEXP_066350T0	jgi|Dibbae1|11879|DIBA_001053-RA
OG0005689	jgi|Penexp1|4910|PEXP_043110T0	coassemb76_009641-T1
OG0005703	jgi|Penexp1|5410|PEXP_058710T0	jgi|Neucr_trp3_1|5771|Neucr2.NCU07660T0
OG0005703	jgi|Penexp1|5410|PEXP_058710T0	jgi|Neucr_trp3_1|5771|Neucr2.NCU07660T0
OG0005703	jgi|Penexp1|5410|PEXP_058710T0	KAI4221891.1
OG0005703	jgi|Penexp1|5410|PEXP_058710T0	FUN_007644_T1_FUN_007644
OG0005703	jgi|Penexp1|5410|PEXP_058710T0	KAI4237536.1
OG0005703	jgi|Penexp1|5410|PEXP_058710T0	KAI4107771.1
OG0005703	jgi|Penexp1|5410|PEXP_058710T0	jgi|Umbpus1|103770|LPUS_10440T0
OG0005703	jgi|Penexp1|5410|PEXP_058710T0	jgi|Dibbae1|4779|DIBA_007319-RA
OG0005703	jgi|Penexp1|5410|PEXP_058710T0	KAI9706068.1
OG0005703	jgi|Penexp1|5410|PEXP_058710T0	KAI9719765.1
OG0005703	jgi|Penexp1|5410|PEXP_058710T0	GTX0486b100_005081-T1
OG0005703	jgi|Penexp1|5410|PEXP_058710T0	CAF9910287.1
OG0005703	jgi|Penexp1|5410|PEXP_058710T0	jgi|Clagr3|6568|CLAGR_006519-RA
OG0005703	jgi|Penexp1|5410|PEXP_058710T0	KAI9833787.1
OG0005703	jgi|Penexp1|5410|PEXP_058710T0	KAI9825688.1
OG0005703	jgi|Penexp1|5410|PEXP_058710T0	KAI9754780.1
OG0005703	jgi|Penexp1|5410|PEXP_058710T0	jgi|Claba1|131273|Z519_09587T0, jgi|Claba1|138673|Z519_05204T0
OG0005703	jgi|Penexp1|5410|PEXP_058710T0	jgi|Fonmu1|4668|Z520_01655T0, jgi|Fonmu1|11240|Z520_04442T0
OG0005703	jgi|Penexp1|5410|PEXP_058710T0	GTX0466b15_003769-T1
OG0005703	jgi|Penexp1|5410|PEXP_058710T0	coassemb76_002902-T1
OG0005703	jgi|Penexp1|5410|PEXP_058710T0	XP_008720189.1
OG0005703	jgi|Penexp1|5410|PEXP_058710T0	coassemb64_001383-T1
OG0005703	jgi|Penexp1|5410|PEXP_058710T0	jgi|Exoaq1|4028|A1O9_11550T0
OG0005703	jgi|Penexp1|5410|PEXP_058710T0	jgi|Capcor1|97710|A1O1_04871T0
OG0005703	jgi|Penexp1|5410|PEXP_058710T0	jgi|EndpusZ1|5068|EPUS_01676T0
OG0005703	jgi|Penexp1|5410|PEXP_058710T0	jgi|Grascr1|13059|GST1_007592-RA
OG0005703	jgi|Penexp1|5410|PEXP_058710T0	KAI9654026.1
OG0005703	jgi|Penexp1|5410|PEXP_058710T0	KAI9725581.1
OG0005703	jgi|Penexp1|5410|PEXP_058710T0	jgi|Aurpu_var_mel1|76662|fgenesh1_pm.16_#_27
OG0005703	jgi|Penexp1|5410|PEXP_058710T0	jgi|Altal1|1023988|fgenesh1_kg.21_#_206_#_Locus1895v1rpkm82.06
OG0005718	jgi|Penexp1|6739|PEXP_079790T0	GTX0466b15_006999-T1
OG0005825	jgi|Penexp1|1147|PEXP_029060T0	KAI9705914.1
OG0005829	jgi|Penexp1|9658|PEXP_099650T0	jgi|Fonmu1|3061|Z520_07697T0
OG0005834	jgi|Penexp1|7671|PEXP_006510T0	XP_008716065.1
OG0005867	jgi|Penexp1|8192|PEXP_037860T0	KAI4218542.1
OG0005881	jgi|Penexp1|2341|PEXP_051960T0	jgi|Grascr1|7047|GST1_010577-RA
OG0005898	jgi|Penexp1|6893|PEXP_038570T0	KAI9723592.1
OG0005904	jgi|Penexp1|2371|PEXP_052260T0	jgi|PseVKM4520_1|5407|transcript_KFZ11491
OG0005921	jgi|Penexp1|2012|PEXP_024240T0	jgi|Monha1|9690|H072_10193m.01
OG0005978	jgi|Penexp1|814|PEXP_094430T0, jgi|Penexp1|8301|PEXP_076040T0	coassemb376_005815-T1
OG0006003	jgi|Penexp1|2471|PEXP_053260T0	XP_008717735.1
OG0006025	jgi|Penexp1|9708|PEXP_100150T0	jgi|Morco1|533134|fgenesh1_kg.9_#_12_#_Locus8398v1rpkm7.79
OG0006025	jgi|Penexp1|9708|PEXP_100150T0	jgi|Aurpu_var_mel1|45610|e_gw1.7.299.1
OG0006025	jgi|Penexp1|9708|PEXP_100150T0	jgi|Altal1|686730|CE686729_28959
OG0006025	jgi|Penexp1|9708|PEXP_100150T0	jgi|Dibbae1|10985|DIBA_012405-RA
OG0006025	jgi|Penexp1|9708|PEXP_100150T0	KAI4098229.1
OG0006025	jgi|Penexp1|9708|PEXP_100150T0	KAI4265144.1
OG0006025	jgi|Penexp1|9708|PEXP_100150T0	FUN_002361_T1_FUN_002361
OG0006025	jgi|Penexp1|9708|PEXP_100150T0	KAI4226385.1
OG0006025	jgi|Penexp1|9708|PEXP_100150T0	KAI4099578.1
OG0006025	jgi|Penexp1|9708|PEXP_100150T0	GTX0494b19_007835-T1
OG0006025	jgi|Penexp1|9708|PEXP_100150T0	KAI4218044.1
OG0006025	jgi|Penexp1|9708|PEXP_100150T0	jgi|Clagr3|7986|CLAGR_007785-RA
OG0006025	jgi|Penexp1|9708|PEXP_100150T0	CAF9903679.1
OG0006025	jgi|Penexp1|9708|PEXP_100150T0	jgi|PseVKM4520_1|2900|transcript_KFZ16183
OG0006025	jgi|Penexp1|9708|PEXP_100150T0	jgi|Sclsc1|6784|SS1G_11881T0
OG0006025	jgi|Penexp1|9708|PEXP_100150T0	jgi|Fusgr1|412|FGSG_00334T0
OG0006025	jgi|Penexp1|9708|PEXP_100150T0	jgi|Neucr_trp3_1|10435|Neucr2.NCU02278T0
OG0006025	jgi|Penexp1|9708|PEXP_100150T0	jgi|Podan3|208912|mRNA_7740
OG0006059	jgi|Penexp1|8451|PEXP_015440T0	KAI4239100.1
OG0006092	jgi|Penexp1|10647|PEXP_060240T0	XP_008720544.1
OG0006094	jgi|Penexp1|1455|PEXP_026990T0	KAI4233230.1
OG0006094	jgi|Penexp1|1455|PEXP_026990T0	GTX0494b19_002517-T1
OG0006094	jgi|Penexp1|1455|PEXP_026990T0	KAI4100980.1
OG0006094	jgi|Penexp1|1455|PEXP_026990T0	FUN_010070_T1_FUN_010070
OG0006094	jgi|Penexp1|1455|PEXP_026990T0	KAI4225585.1
OG0006094	jgi|Penexp1|1455|PEXP_026990T0	KAI4105644.1
OG0006094	jgi|Penexp1|1455|PEXP_026990T0	KAI4256330.1
OG0006094	jgi|Penexp1|1455|PEXP_026990T0	coassemb76_006090-T1, coassemb76_005829-T1
OG0006094	jgi|Penexp1|1455|PEXP_026990T0	coassemb76_006090-T1, coassemb76_005829-T1
OG0006113	jgi|Penexp1|2031|PEXP_024430T0	jgi|Neucr_trp3_1|5846|Neucr2.NCU06401T0
OG0006113	jgi|Penexp1|2031|PEXP_024430T0	jgi|Fusgr1|11381|FGSG_09831T0
OG0006113	jgi|Penexp1|2031|PEXP_024430T0	KAI9836083.1
OG0006113	jgi|Penexp1|2031|PEXP_024430T0	jgi|PseVKM4520_1|3481|transcript_KFZ15140
OG0006113	jgi|Penexp1|2031|PEXP_024430T0	jgi|Erypu1|4998|transcript_POS85640
OG0006113	jgi|Penexp1|2031|PEXP_024430T0	jgi|Cocpo1_1|5445|XM_003070398.1
OG0006113	jgi|Penexp1|2031|PEXP_024430T0	jgi|Altal1|541301|CE541300_3233
OG0006113	jgi|Penexp1|2031|PEXP_024430T0	jgi|Clagr3|9662|CLAGR_010040-RA
OG0006113	jgi|Penexp1|2031|PEXP_024430T0	jgi|Sclsc1|7632|SS1G_13055T0
OG0006113	jgi|Penexp1|2031|PEXP_024430T0	jgi|Aurpu_var_mel1|12919|gw1.10.109.1
OG0006113	jgi|Penexp1|2031|PEXP_024430T0	jgi|Acastr1|121568|AST1_000348-RA
OG0006180	jgi|Penexp1|4888|PEXP_042890T0	CAF9942121.1
OG0006180	jgi|Penexp1|4888|PEXP_042890T0	jgi|Artol1|335|AOL_s00004g334m.01
OG0006180	jgi|Penexp1|4888|PEXP_042890T0	jgi|Acastr1|124484|AST1_001611-RA
OG0006180	jgi|Penexp1|4888|PEXP_042890T0	KAI9658845.1
OG0006237	jgi|Penexp1|3496|PEXP_087250T0	KAI4093048.1
OG0006292	jgi|Penexp1|9533|PEXP_068380T0	KAI4228881.1
OG0006312	jgi|Penexp1|3374|PEXP_084550T0	coassemb378_011409-T1
OG0006351	jgi|Penexp1|2582|PEXP_054050T0	coassemb378_008669-T1, coassemb378_003689-T1
OG0006372	jgi|Penexp1|3977|PEXP_030500T0	KAI4233084.1
OG0006375	jgi|Penexp1|10083|PEXP_018060T0	coassemb76_006523-T1
OG0006375	jgi|Penexp1|10083|PEXP_018060T0	XP_008719663.1
OG0006384	jgi|Penexp1|1195|PEXP_029540T0	XP_008719616.1
OG0006463	jgi|Penexp1|10962|PEXP_021960T0	jgi|Capcor1|98257|A1O1_05421T0
OG0006463	jgi|Penexp1|10962|PEXP_021960T0	jgi|Fonmu1|9595|Z520_12002T0, jgi|Fonmu1|315|Z520_00316T0
OG0006463	jgi|Penexp1|10962|PEXP_021960T0	jgi|Claba1|132765|Z519_01243T0
OG0006463	jgi|Penexp1|10962|PEXP_021960T0	XP_008720799.1
OG0006463	jgi|Penexp1|10962|PEXP_021960T0	GTX0466b15_007680-T1
OG0006463	jgi|Penexp1|10962|PEXP_021960T0	coassemb76_004618-T1
OG0006463	jgi|Penexp1|10962|PEXP_021960T0	jgi|Exoaq1|1975|A1O9_09507T0
OG0006463	jgi|Penexp1|10962|PEXP_021960T0	jgi|Sclsc1|2655|SS1G_09111T0
OG0006463	jgi|Penexp1|10962|PEXP_021960T0	jgi|Aurpu_var_mel1|11350|gw1.7.76.1
OG0006463	jgi|Penexp1|10962|PEXP_021960T0	jgi|EndpusZ1|5018|EPUS_06529T0
OG0006463	jgi|Penexp1|10962|PEXP_021960T0	jgi|Clagr3|8935|CLAGR_008915-RA
OG0006463	jgi|Penexp1|10962|PEXP_021960T0	KAI9697229.1
OG0006463	jgi|Penexp1|10962|PEXP_021960T0	jgi|Acastr1|122920|AST1_001036-RA
OG0006476	jgi|Penexp1|10530|PEXP_059200T0, jgi|Penexp1|9874|PEXP_099420T0	GTX0486b100_007663-T1
OG0006505	jgi|Penexp1|6851|PEXP_080910T0	jgi|Aurpu_var_mel1|70279|fgenesh1_pg.37_#_31
OG0006532	jgi|Penexp1|2751|PEXP_109150T0	jgi|Claba1|130129|Z519_08436T0
OG0006759	jgi|Penexp1|8717|PEXP_014310T0	CAF9925470.1
OG0006768	jgi|Penexp1|92|PEXP_020470T0	jgi|Fonmu1|6741|Z520_01951T0
OG0006835	jgi|Penexp1|6419|PEXP_101080T0	coassemb378_003079-T1
OG0006843	jgi|Penexp1|681|PEXP_093100T0	jgi|Exoaq1|10158|A1O9_06591T0
OG0006860	jgi|Penexp1|61|PEXP_021520T0	jgi|Exoaq1|11992|A1O9_08308T0
OG0006860	jgi|Penexp1|61|PEXP_021520T0	coassemb64_001549-T1
OG0006860	jgi|Penexp1|61|PEXP_021520T0	jgi|Fonmu1|6732|Z520_01942T0
OG0006860	jgi|Penexp1|61|PEXP_021520T0	jgi|Claba1|138937|Z519_05469T0
OG0006860	jgi|Penexp1|61|PEXP_021520T0	XP_008719479.1
OG0006860	jgi|Penexp1|61|PEXP_021520T0	jgi|PseVKM4520_1|9144|transcript_KFZ03566
OG0006884	jgi|Penexp1|6047|PEXP_082740T0	jgi|Grascr1|4683|GST1_007954-RA
OG0006890	jgi|Penexp1|9214|PEXP_065170T0	jgi|Clagr3|5815|CLAGR_006866-RA
OG0006920	jgi|Penexp1|205|PEXP_000160T0	jgi|Exoaq1|11069|A1O9_13066T0
OG0006958	jgi|Penexp1|8758|PEXP_014720T0, jgi|Penexp1|8759|PEXP_014730T0	jgi|Exoaq1|2779|A1O9_10304T0
OG0006971	jgi|Penexp1|1826|PEXP_022380T0	KAI9672148.1, KAI9665517.1
OG0007011	jgi|Penexp1|7655|PEXP_006350T0	jgi|Exoaq1|4101|A1O9_11624T0
OG0007121	jgi|Penexp1|320|PEXP_001310T0	coassemb376_006444-T1
OG0007121	jgi|Penexp1|320|PEXP_001310T0	jgi|Exoaq1|49|A1O9_00049T0
OG0007133	jgi|Penexp1|8297|PEXP_076000T0	coassemb64_006249-T1
OG0007156	jgi|Penexp1|8270|PEXP_075730T0	coassemb376_006264-T1
OG0007306	jgi|Penexp1|7095|PEXP_076310T0	jgi|Claba1|129356|Z519_07659T0
OG0007306	jgi|Penexp1|7095|PEXP_076310T0	KAJ9659601.1
OG0007306	jgi|Penexp1|7095|PEXP_076310T0	jgi|Exoaq1|11608|A1O9_07944T0
OG0007327	jgi|Penexp1|4239|PEXP_033800T0, jgi|Penexp1|136|PEXP_020910T0	jgi|Phach1|2216|rna2215
OG0007413	jgi|Penexp1|1636|PEXP_073100T0	GTX0486b100_007795-T1
OG0007449	jgi|Penexp1|8910|PEXP_081620T0	coassemb64_005957-T1
OG0007562	jgi|Penexp1|628|PEXP_092570T0	jgi|Claba1|127841|Z519_00222T0
OG0007756	jgi|Penexp1|5797|PEXP_011060T0	jgi|Dibbae1|3712|DIBA_008829-RA
OG0007775	jgi|Penexp1|6322|PEXP_100920T0	jgi|Monha1|4266|H072_4346m.01
OG0007956	jgi|Penexp1|8841|PEXP_013820T0	jgi|Clagr3|3886|CLAGR_003709-RA
OG0007997	jgi|Penexp1|820|PEXP_094490T0	KAI9723066.1
OG0007997	jgi|Penexp1|820|PEXP_094490T0	KAI9668769.1
OG0007997	jgi|Penexp1|820|PEXP_094490T0	jgi|Exoaq1|9167|A1O9_05592T0
OG0007997	jgi|Penexp1|820|PEXP_094490T0	jgi|Capcor1|92400|A1O1_08823T0
OG0007997	jgi|Penexp1|820|PEXP_094490T0	XP_008715048.1
OG0007997	jgi|Penexp1|820|PEXP_094490T0	jgi|Aurpu_var_mel1|65791|fgenesh1_pg.9_#_180, jgi|Aurpu_var_mel1|76337|fgenesh1_pm.14_#_157
OG0007997	jgi|Penexp1|820|PEXP_094490T0	jgi|Fusgr1|12265|FGSG_13795T0
OG0007997	jgi|Penexp1|820|PEXP_094490T0	jgi|Fusgr1|12265|FGSG_13795T0
OG0007997	jgi|Penexp1|820|PEXP_094490T0	KAI9839500.1
OG0008382	jgi|Penexp1|9036|PEXP_063390T0	jgi|Fusgr1|3400|FGSG_12222T0
OG0008390	jgi|Penexp1|6643|PEXP_078830T0	jgi|Grascr1|3382|GST1_009162-RA
OG0008446	jgi|Penexp1|9921|PEXP_016440T0	jgi|Fonmu1|4270|Z520_01255T0
OG0008650	jgi|Penexp1|4940|PEXP_043410T0	jgi|Exoaq1|2331|A1O9_09857T0
