Orthogroup	Phach1_GeneCatalog_proteins_20150930.aa	Other
OG0000001	jgi|Phach1|228|rna227	coassemb378_008205-T1
OG0000003	jgi|Phach1|1398|rna1397	jgi|Dibbae1|10627|DIBA_003191-RA
OG0000003	jgi|Phach1|1398|rna1397	KAI4232974.1
OG0000004	jgi|Phach1|6022|rna6021	KAI4106465.1
OG0000005	jgi|Phach1|5835|rna5834	jgi|Claba1|136215|Z519_12738T0
OG0000005	jgi|Phach1|6389|rna6388	jgi|Aurpu_var_mel1|78810|fgenesh1_pm.29_#_97
OG0000005	jgi|Phach1|6389|rna6388	jgi|Cocpo1_1|6942|XM_003071895.1
OG0000005	jgi|Phach1|6389|rna6388	jgi|Neucr_trp3_1|1306023|fgenesh1_pm.18_#_96
OG0000005	jgi|Phach1|6389|rna6388	jgi|Sclsc1|12799|SS1G_05828T0, jgi|Sclsc1|4223|SS1G_10679T0
OG0000010	jgi|Phach1|1644|rna1643	CAF9932876.1
OG0000011	jgi|Phach1|4096|rna4095	jgi|EndpusZ1|5497|EPUS_00653T0
OG0000015	jgi|Phach1|4564|rna4563	XP_008718603.1, XP_008716082.1
OG0000020	jgi|Phach1|3373|rna3372	jgi|Aspni_DSM_1|162084|An08g08250m.01
OG0000025	jgi|Phach1|231|rna230	jgi|Claba1|132263|Z519_10582T0
OG0000025	jgi|Phach1|231|rna230	jgi|Fonmu1|9583|Z520_11990T0
OG0000031	jgi|Phach1|4605|rna4604	jgi|Altal1|169213|CE169212_281
OG0000042	jgi|Phach1|1715|rna1714	jgi|Aurpu_var_mel1|67995|fgenesh1_pg.18_#_182
OG0000042	jgi|Phach1|1715|rna1714	jgi|Altal1|937936|e_gw1.13.91.1
OG0000061	jgi|Phach1|5485|rna5484	jgi|Penexp1|1729|PEXP_074030T0
OG0000061	jgi|Phach1|5485|rna5484	coassemb378_010755-T1
OG0000063	jgi|Phach1|2642|rna2641	XP_008710568.1
OG0000063	jgi|Phach1|2642|rna2641	KAJ9654252.1
OG0000063	jgi|Phach1|2642|rna2641	jgi|Fonmu1|9793|Z520_12200T0
OG0000063	jgi|Phach1|2642|rna2641	jgi|Exoaq1|12303|A1O9_13131T0
OG0000063	jgi|Phach1|2642|rna2641	jgi|Capcor1|100710|A1O1_07894T0
OG0000063	jgi|Phach1|2642|rna2641	KAI9816124.1
OG0000063	jgi|Phach1|2642|rna2641	jgi|PseVKM4520_1|4988|transcript_KFZ24789
OG0000063	jgi|Phach1|2642|rna2641	jgi|Sclsc1|2495|SS1G_08951T0
OG0000063	jgi|Phach1|2642|rna2641	jgi|Altal1|1026082|fgenesh1_kg.35_#_8_#_Locus4894v1rpkm24.91
OG0000063	jgi|Phach1|2642|rna2641	jgi|Aurpu_var_mel1|10872|gw1.7.62.1
OG0000063	jgi|Phach1|2642|rna2641	jgi|Artol1|10500|AOL_s00210g348m.01
OG0000063	jgi|Phach1|2642|rna2641	jgi|Monha1|1456|H072_1456m.01, jgi|Monha1|2246|H072_2251m.01
OG0000066	jgi|Phach1|1394|rna1393	KAI9660261.1
OG0000066	jgi|Phach1|1394|rna1393	KAI9724199.1
OG0000066	jgi|Phach1|1394|rna1393	jgi|Aurpu_var_mel1|39792|e_gw1.2.918.1
OG0000066	jgi|Phach1|1394|rna1393	jgi|Altal1|1019268|fgenesh1_kg.7_#_403_#_Locus386v1rpkm408.07
OG0000066	jgi|Phach1|1394|rna1393	KAI9757271.1
OG0000066	jgi|Phach1|1394|rna1393	KAI9828120.1
OG0000066	jgi|Phach1|1394|rna1393	GTX0486b100_004936-T1
OG0000066	jgi|Phach1|1394|rna1393	KAI9703773.1
OG0000066	jgi|Phach1|1394|rna1393	KAI9722060.1
OG0000066	jgi|Phach1|1394|rna1393	jgi|Clagr3|11020|CLAGR_010873-RA
OG0000066	jgi|Phach1|1394|rna1393	CAF9935667.1
OG0000066	jgi|Phach1|1394|rna1393	coassemb376_005483-T1
OG0000066	jgi|Phach1|1394|rna1393	FUN_004396_T1_FUN_004396
OG0000066	jgi|Phach1|1394|rna1393	GTX0494b19_002910-T1
OG0000066	jgi|Phach1|1394|rna1393	KAI4231577.1
OG0000066	jgi|Phach1|1394|rna1393	KAI4098263.1
OG0000066	jgi|Phach1|1394|rna1393	KAI4219481.1
OG0000066	jgi|Phach1|1394|rna1393	KAI4289757.1
OG0000066	jgi|Phach1|1394|rna1393	KAI4099867.1
OG0000066	jgi|Phach1|1394|rna1393	jgi|Umbpus1|99453|LPUS_06046T0
OG0000066	jgi|Phach1|1394|rna1393	jgi|Acastr1|119200|AST1_001882-RA
OG0000066	jgi|Phach1|1394|rna1393	KAI9832246.1
OG0000066	jgi|Phach1|1394|rna1393	jgi|Sclsc1|7957|SS1G_13380T0
OG0000066	jgi|Phach1|1394|rna1393	jgi|PseVKM4520_1|1897|transcript_KFZ17994, jgi|PseVKM4520_1|7037|transcript_KFZ08935
OG0000066	jgi|Phach1|1394|rna1393	jgi|Dibbae1|2604|DIBA_009584-RA
OG0000066	jgi|Phach1|1394|rna1393	jgi|Grascr1|5146|GST1_009302-RA
OG0000066	jgi|Phach1|1394|rna1393	coassemb378_001818-T1
OG0000066	jgi|Phach1|4097|rna4096	jgi|Dibbae1|4642|DIBA_001639-RA
OG0000074	jgi|Phach1|309|rna308	coassemb376_001531-T1
OG0000074	jgi|Phach1|309|rna308	jgi|Clagr3|11264|CLAGR_011075-RA
OG0000079	jgi|Phach1|5419|rna5418	KAI4287114.1
OG0000080	jgi|Phach1|5497|rna5496	XP_008714722.1
OG0000087	jgi|Phach1|4599|rna4598	jgi|Grascr1|5981|GST1_011598-RA
OG0000091	jgi|Phach1|1659|rna1658	coassemb76_008068-T1
OG0000097	jgi|Phach1|4361|rna4360	jgi|Exoaq1|8669|A1O9_12924T0
OG0000098	jgi|Phach1|2768|rna2767	jgi|Penexp1|3045|PEXP_104880T0
OG0000098	jgi|Phach1|2768|rna2767	jgi|Exoaq1|44|A1O9_00044T0
OG0000100	jgi|Phach1|1069|rna1068	coassemb376_007318-T1
OG0000100	jgi|Phach1|4652|rna4651	jgi|Podan3|208008|mRNA_6836
OG0000101	jgi|Phach1|660|rna659	jgi|Aurpu_var_mel1|70638|fgenesh1_pg.57_#_3
OG0000104	jgi|Phach1|3066|rna3065	CAF9921432.1
OG0000115	jgi|Phach1|1241|rna1240	jgi|EndpusZ1|5818|EPUS_06007T0
OG0000117	jgi|Phach1|6815|rna6814	coassemb376_003880-T1
OG0000127	jgi|Phach1|6473|rna6472	jgi|Fonmu1|10394|Z520_12261T0
OG0000131	jgi|Phach1|3472|rna3471	jgi|Aurpu_var_mel1|63718|fgenesh1_pg.4_#_55, jgi|Aurpu_var_mel1|56530|e_gw1.24.372.1
OG0000131	jgi|Phach1|3472|rna3471	KAI9653286.1
OG0000131	jgi|Phach1|3472|rna3471	jgi|Grascr1|8627|GST1_012291-RA
OG0000144	jgi|Phach1|1619|rna1618	jgi|Clagr3|667|CLAGR_000658-RA
OG0000144	jgi|Phach1|1619|rna1618	jgi|Grascr1|812|GST1_008983-RA
OG0000144	jgi|Phach1|1619|rna1618	jgi|Dibbae1|4934|DIBA_008464-RA
OG0000153	jgi|Phach1|3951|rna3950	jgi|Grascr1|4402|GST1_009774-RA
OG0000165	jgi|Phach1|4574|rna4573	KAI9708568.1
OG0000176	jgi|Phach1|6444|rna6443	jgi|Exoaq1|11622|A1O9_07958T0
OG0000176	jgi|Phach1|6444|rna6443	XP_008713361.1
OG0000176	jgi|Phach1|6444|rna6443	KAJ9653578.1
OG0000181	jgi|Phach1|3960|rna3959	coassemb378_005990-T1
OG0000200	jgi|Phach1|4648|rna4647	jgi|Fusgr1|3068|FGSG_02688T0, jgi|Fusgr1|4515|FGSG_12409T0
OG0000201	jgi|Phach1|3591|rna3590, jgi|Phach1|5366|rna5365	coassemb378_001789-T1
OG0000202	jgi|Phach1|3964|rna3963	jgi|Fusgr1|8832|FGSG_07636T0
OG0000206	jgi|Phach1|1776|rna1775	jgi|Penexp1|3673|PEXP_041520T0
OG0000209	jgi|Phach1|5077|rna5076	jgi|Acastr1|123098|AST1_004223-RA
OG0000209	jgi|Phach1|5077|rna5076	KAI9714216.1
OG0000213	jgi|Phach1|1500|rna1499	jgi|Claba1|136825|Z519_03359T0
OG0000214	jgi|Phach1|2244|rna2243	jgi|Fusgr1|4397|FGSG_03711T0
OG0000222	jgi|Phach1|1327|rna1326	jgi|Sclsc1|2679|SS1G_09135T0
OG0000238	jgi|Phach1|2488|rna2487	jgi|Altal1|1057710|gm1.1945_g
OG0000238	jgi|Phach1|2488|rna2487	KAI4109259.1
OG0000238	jgi|Phach1|2488|rna2487	jgi|Aurpu_var_mel1|49698|e_gw1.11.49.1
OG0000259	jgi|Phach1|3246|rna3245	jgi|Exoaq1|9275|A1O9_05702T0
OG0000283	jgi|Phach1|5307|rna5306	coassemb376_007093-T1
OG0000294	jgi|Phach1|6783|rna6782	jgi|Claba1|136555|Z519_03086T0
OG0000315	jgi|Phach1|2144|rna2143	jgi|Penexp1|2729|PEXP_108930T0
OG0000315	jgi|Phach1|2144|rna2143	jgi|Cocpo1_1|4194|XM_003069147.1
OG0000317	jgi|Phach1|6650|rna6649	jgi|Sclsc1|1845|SS1G_08301T0
OG0000317	jgi|Phach1|6650|rna6649	GTX0486b100_006784-T1
OG0000332	jgi|Phach1|3768|rna3767	GTX0486b100_005093-T1
OG0000337	jgi|Phach1|264|rna263	coassemb64_001600-T1
OG0000337	jgi|Phach1|264|rna263	jgi|Capcor1|101114|A1O1_08302T0
OG0000360	jgi|Phach1|3731|rna3730	jgi|Penexp1|5287|PEXP_046120T0
OG0000360	jgi|Phach1|2992|rna2991	jgi|Dibbae1|7507|DIBA_010463-RA
OG0000360	jgi|Phach1|2992|rna2991	coassemb376_005871-T1
OG0000361	jgi|Phach1|5664|rna5663	jgi|Fusgr1|9924|FGSG_08350T0
OG0000378	jgi|Phach1|5511|rna5510	GTX0486b100_005092-T1
OG0000381	jgi|Phach1|5747|rna5746	FUN_000190_T1_FUN_000190
OG0000399	jgi|Phach1|5928|rna5927	jgi|Morco1|470072|gw1.20.229.1
OG0000421	jgi|Phach1|6233|rna6232	GTX0494b19_006022-T1
OG0000421	jgi|Phach1|6233|rna6232	jgi|Acastr1|120502|AST1_004836-RA
OG0000434	jgi|Phach1|232|rna231	jgi|Claba1|132284|Z519_10603T0
OG0000449	jgi|Phach1|5155|rna5154	CAF9903795.1
OG0000462	jgi|Phach1|3895|rna3894	coassemb76_005699-T1
OG0000470	jgi|Phach1|2717|rna2716	CAF9915761.1
OG0000470	jgi|Phach1|2717|rna2716	coassemb376_003359-T1
OG0000470	jgi|Phach1|2717|rna2716	KAI4098143.1
OG0000470	jgi|Phach1|2717|rna2716	KAI4228028.1
OG0000470	jgi|Phach1|2717|rna2716	KAI4093323.1
OG0000470	jgi|Phach1|2717|rna2716	GTX0494b19_006614-T1
OG0000470	jgi|Phach1|2717|rna2716	KAI4217953.1, KAI4231118.1
OG0000470	jgi|Phach1|2717|rna2716	FUN_005055_T1_FUN_005055
OG0000470	jgi|Phach1|2717|rna2716	KAI4287574.1, KAI4286449.1
OG0000470	jgi|Phach1|2717|rna2716	jgi|Acastr1|126273|AST1_008795-RA
OG0000470	jgi|Phach1|2717|rna2716	jgi|Umbpus1|99506|LPUS_01778T0
OG0000470	jgi|Phach1|2717|rna2716	CAF9915761.1
OG0000470	jgi|Phach1|2717|rna2716	jgi|Dibbae1|10473|DIBA_003839-RA
OG0000470	jgi|Phach1|2717|rna2716	jgi|Neucr_trp3_1|9687|Neucr2.NCU09447T0
OG0000470	jgi|Phach1|2717|rna2716	jgi|Sclsc1|6296|SS1G_01797T0
OG0000470	jgi|Phach1|2717|rna2716	coassemb378_007097-T1
OG0000470	jgi|Phach1|2717|rna2716	jgi|Grascr1|1190|GST1_008517-RA
OG0000470	jgi|Phach1|2717|rna2716	jgi|Aspni_DSM_1|159986|An06g00130m.01
OG0000470	jgi|Phach1|2717|rna2716	jgi|PseVKM4520_1|11251|transcript_KFZ23171, jgi|PseVKM4520_1|11249|transcript_KFZ23173, jgi|PseVKM4520_1|9838|transcript_KFZ02789, jgi|PseVKM4520_1|11268|transcript_KFZ23155
OG0000483	jgi|Phach1|3128|rna3127	FUN_009084_T1_FUN_009084
OG0000485	jgi|Phach1|6805|rna6804	KAI9826477.1
OG0000485	jgi|Phach1|6805|rna6804	jgi|Fusgr1|5084|FGSG_03103T0
OG0000488	jgi|Phach1|3956|rna3955	XP_008721379.1
OG0000528	jgi|Phach1|3547|rna3546	coassemb76_003245-T1
OG0000578	jgi|Phach1|1939|rna1938	KAI4226395.1
OG0000590	jgi|Phach1|5340|rna5339	coassemb378_008024-T1
OG0000621	jgi|Phach1|61|rna60	jgi|Aspni_DSM_1|167922|An16g06350m.01
OG0000668	jgi|Phach1|2807|rna2806, jgi|Phach1|2808|rna2807	jgi|Aspni_DSM_1|162743|An09g02830m.01
OG0000684	jgi|Phach1|1623|rna1622	jgi|Sclsc1|10766|SS1G_03795T0
OG0000691	jgi|Phach1|328|rna327	coassemb378_007181-T1
OG0000693	jgi|Phach1|3435|rna3434	KAJ9663676.1, KAJ9657228.1
OG0000703	jgi|Phach1|5684|rna5683	jgi|Altal1|1099843|estExt_Genemark1.C_310035
OG0000723	jgi|Phach1|1180|rna1179	XP_008712563.1
OG0000748	jgi|Phach1|2465|rna2464	coassemb378_006069-T1
OG0000767	jgi|Phach1|209|rna208	coassemb64_000890-T1
OG0000774	jgi|Phach1|3162|rna3161	jgi|Dibbae1|1063|DIBA_004908-RA
OG0000780	jgi|Phach1|4024|rna4023	jgi|PseVKM4520_1|10673|transcript_KFZ25328
OG0000780	jgi|Phach1|4024|rna4023	KAI9718072.1
OG0000780	jgi|Phach1|4024|rna4023	coassemb378_005839-T1
OG0000791	jgi|Phach1|2914|rna2913	GTX0466b15_004002-T1
OG0000792	jgi|Phach1|2589|rna2588	jgi|Fusgr1|5336|FGSG_02884T0
OG0000793	jgi|Phach1|5738|rna5737	coassemb378_010898-T1
OG0000826	jgi|Phach1|6763|rna6762	coassemb378_009464-T1
OG0000832	jgi|Phach1|4875|rna4874	jgi|Aspni_DSM_1|160568|An07g03400m.01
OG0000847	jgi|Phach1|3332|rna3331	jgi|Penexp1|4253|PEXP_033940T0
OG0000882	jgi|Phach1|2202|rna2201	jgi|Grascr1|1203|GST1_006173-RA
OG0000888	jgi|Phach1|4810|rna4809	jgi|Fusgr1|11376|FGSG_09826T0
OG0000894	jgi|Phach1|6672|rna6671	KAJ9662613.1, KAJ9658160.1, KAJ9654031.1
OG0000897	jgi|Phach1|5710|rna5709	jgi|Fonmu1|6990|Z520_02200T0
OG0000897	jgi|Phach1|5710|rna5709	GTX0486b100_000479-T1
OG0000913	jgi|Phach1|3003|rna3002	jgi|Acastr1|122178|AST1_005884-RA
OG0000928	jgi|Phach1|4497|rna4496	CAF9924993.1
OG0000934	jgi|Phach1|251|rna250	KAI9833474.1
OG0000973	jgi|Phach1|4503|rna4502	jgi|Erypu1|6454|transcript_POS81727
OG0000976	jgi|Phach1|28|rna27	FUN_000406_T1_FUN_000406
OG0000976	jgi|Phach1|28|rna27	CAF9943318.1
OG0000979	jgi|Phach1|2329|rna2328	coassemb76_008435-T1
OG0000993	jgi|Phach1|6873|rna6872	coassemb378_001917-T1
OG0001006	jgi|Phach1|3133|rna3132, jgi|Phach1|436|rna435	jgi|Monha1|9388|H072_9849m.01
OG0001017	jgi|Phach1|6062|rna6061	jgi|Altal1|938817|e_gw1.14.419.1
OG0001023	jgi|Phach1|1020|rna1019	KAI4234030.1
OG0001034	jgi|Phach1|2711|rna2710	jgi|Altal1|1015420|fgenesh1_kg.1_#_398_#_Locus12168v1rpkm0.86
OG0001060	jgi|Phach1|2395|rna2394	jgi|Morco1|578177|gm1.8953_g, jgi|Morco1|578182|gm1.8958_g, jgi|Morco1|578180|gm1.8956_g, jgi|Morco1|493985|e_gw1.58.72.1
OG0001077	jgi|Phach1|1331|rna1330	KAI4105648.1
OG0001077	jgi|Phach1|1331|rna1330	KAI4286386.1
OG0001084	jgi|Phach1|5651|rna5650	jgi|Fusgr1|6893|FGSG_05944T0
OG0001093	jgi|Phach1|2291|rna2290	jgi|Monha1|10095|H072_10639m.01
OG0001093	jgi|Phach1|2291|rna2290	jgi|Umbpus1|101826|LPUS_02881T0
OG0001101	jgi|Phach1|2293|rna2292	jgi|Dibbae1|4095|DIBA_001679-RA
OG0001115	jgi|Phach1|115|rna114	coassemb76_002847-T1, coassemb76_003966-T1
OG0001115	jgi|Phach1|115|rna114	jgi|Dibbae1|6852|DIBA_009240-RA
OG0001129	jgi|Phach1|3157|rna3156	coassemb64_000930-T1
OG0001129	jgi|Phach1|3157|rna3156	jgi|Grascr1|3461|GST1_008067-RA
OG0001133	jgi|Phach1|5209|rna5208	jgi|Exoaq1|7366|A1O9_03896T0
OG0001135	jgi|Phach1|6621|rna6620	jgi|Artol1|3669|AOL_s00075g7m.01
OG0001136	jgi|Phach1|2539|rna2538	jgi|PseVKM4520_1|8458|transcript_KFZ24508, jgi|PseVKM4520_1|6258|transcript_KFZ10076
OG0001150	jgi|Phach1|2971|rna2970	jgi|Fusgr1|11434|FGSG_13666T0
OG0001159	jgi|Phach1|2774|rna2773	jgi|Sclsc1|11022|SS1G_04051T0
OG0001173	jgi|Phach1|2342|rna2341	FUN_003555_T1_FUN_003555
OG0001176	jgi|Phach1|894|rna893	coassemb378_001407-T1
OG0001176	jgi|Phach1|894|rna893	jgi|Grascr1|11581|GST1_001803-RA
OG0001176	jgi|Phach1|894|rna893	jgi|Capcor1|92548|A1O1_08972T0
OG0001176	jgi|Phach1|894|rna893	jgi|Capcor1|92548|A1O1_08972T0
OG0001176	jgi|Phach1|894|rna893	jgi|Penexp1|9070|PEXP_063730T0
OG0001176	jgi|Phach1|894|rna893	jgi|PseVKM4520_1|6896|transcript_KFZ09127
OG0001176	jgi|Phach1|894|rna893	jgi|Aurpu_var_mel1|76940|fgenesh1_pm.17_#_128
OG0001181	jgi|Phach1|3833|rna3832	jgi|Fonmu1|8464|Z520_11439T0
OG0001184	jgi|Phach1|4920|rna4919	jgi|PseVKM4520_1|7830|transcript_KFZ07710
OG0001191	jgi|Phach1|1026|rna1025	jgi|Morco1|547704|fgenesh1_pg.43_#_83
OG0001196	jgi|Phach1|4354|rna4353	jgi|Acastr1|124709|AST1_002374-RA
OG0001203	jgi|Phach1|4073|rna4072	jgi|Clagr3|9146|CLAGR_009773-RA
OG0001212	jgi|Phach1|4427|rna4426	jgi|Artol1|170|AOL_s00004g169m.01
OG0001227	jgi|Phach1|1611|rna1610	jgi|Artol1|4183|AOL_s00076g279m.01
OG0001227	jgi|Phach1|1611|rna1610	jgi|Aspni_DSM_1|158193|An03g01800m.01
OG0001270	jgi|Phach1|3413|rna3412	jgi|Sclsc1|2142|SS1G_08599T0
OG0001281	jgi|Phach1|3635|rna3634	jgi|Artol1|5|AOL_s00004g4m.01
OG0001281	jgi|Phach1|3635|rna3634	jgi|Fusgr1|13314|FGSG_11241T0, jgi|Fusgr1|10669|FGSG_09212T0
OG0001300	jgi|Phach1|5877|rna5876	jgi|Artol1|5666|AOL_s00079g440m.01
OG0001300	jgi|Phach1|5877|rna5876	FUN_007913_T1_FUN_007913
OG0001329	jgi|Phach1|54|rna53	KAI4233996.1
OG0001338	jgi|Phach1|1883|rna1882	coassemb64_003324-T1
OG0001362	jgi|Phach1|3986|rna3985	KAI9700632.1
OG0001365	jgi|Phach1|4065|rna4064	jgi|Podan3|208764|mRNA_7592
OG0001372	jgi|Phach1|5057|rna5056	CAF9922714.1
OG0001427	jgi|Phach1|1405|rna1404	KAI9838537.1
OG0001428	jgi|Phach1|3859|rna3858	jgi|Grascr1|4396|GST1_010145-RA
OG0001435	jgi|Phach1|6698|rna6697	coassemb376_005892-T1
OG0001435	jgi|Phach1|6698|rna6697	KAI4287589.1
OG0001446	jgi|Phach1|2386|rna2385	coassemb76_009718-T1
OG0001454	jgi|Phach1|696|rna695	coassemb376_007399-T1
OG0001473	jgi|Phach1|6906|rna6905	jgi|Fusgr1|2642|FGSG_02304T0
OG0001497	jgi|Phach1|5440|rna5439	jgi|Dibbae1|9770|DIBA_012322-RA
OG0001497	jgi|Phach1|5440|rna5439	coassemb76_006836-T1, coassemb76_002998-T1
OG0001497	jgi|Phach1|5440|rna5439	jgi|Sclsc1|3190|SS1G_09646T0
OG0001512	jgi|Phach1|3100|rna3099	jgi|Sclsc1|6419|SS1G_01919T0
OG0001518	jgi|Phach1|5320|rna5319	jgi|Penexp1|8657|PEXP_013540T0
OG0001536	jgi|Phach1|542|rna541	jgi|Podan3|211277|mRNA_10105
OG0001538	jgi|Phach1|6057|rna6056	jgi|Fusgr1|4823|FGSG_03328T0
OG0001547	jgi|Phach1|1878|rna1877	jgi|Capcor1|92468|A1O1_08892T0
OG0001547	jgi|Phach1|1878|rna1877	jgi|Neucr_trp3_1|2938|Neucr2.NCU05340T0
OG0001572	jgi|Phach1|2327|rna2326	KAI4289398.1
OG0001572	jgi|Phach1|2327|rna2326	jgi|Clagr3|3038|CLAGR_002700-RA
OG0001604	jgi|Phach1|4008|rna4007	jgi|Cocpo1_1|633|XM_003065585.1
OG0001609	jgi|Phach1|4340|rna4339	KAI9669354.1
OG0001609	jgi|Phach1|4340|rna4339	KAI4281491.1
OG0001618	jgi|Phach1|6148|rna6147	jgi|Acastr1|119091|AST1_006272-RA
OG0001702	jgi|Phach1|5427|rna5426	GTX0486b100_005054-T1
OG0001702	jgi|Phach1|5427|rna5426	KAI9839547.1
OG0001704	jgi|Phach1|4543|rna4542	KAI9715680.1
OG0001744	jgi|Phach1|1504|rna1503	jgi|Umbpus1|99583|LPUS_06157T0
OG0001764	jgi|Phach1|6499|rna6498	jgi|Podan3|209159|mRNA_7987, jgi|Podan3|210190|mRNA_9018
OG0001782	jgi|Phach1|4267|rna4266	jgi|Acastr1|119261|AST1_001460-RA
OG0001783	jgi|Phach1|5652|rna5651	jgi|Grascr1|1951|GST1_007620-RA
OG0001783	jgi|Phach1|5652|rna5651	coassemb376_000295-T1
OG0001796	jgi|Phach1|3449|rna3448	jgi|PseVKM4520_1|2442|transcript_KFZ16962
OG0001800	jgi|Phach1|6822|rna6821	jgi|Claba1|131384|Z519_09698T0
OG0001800	jgi|Phach1|6822|rna6821	coassemb76_009563-T1
OG0001827	jgi|Phach1|5018|rna5017	jgi|Erypu1|6487|transcript_POS81721
OG0001845	jgi|Phach1|1686|rna1685	jgi|Claba1|131841|Z519_10158T0
OG0001845	jgi|Phach1|1686|rna1685	coassemb76_008813-T1
OG0001860	jgi|Phach1|760|rna759	jgi|Aurpu_var_mel1|70521|fgenesh1_pg.47_#_5
OG0001860	jgi|Phach1|760|rna759	coassemb378_011336-T1
OG0001873	jgi|Phach1|5412|rna5411	jgi|PseVKM4520_1|4677|transcript_KFZ12996
OG0001889	jgi|Phach1|2618|rna2617	KAI9651668.1
OG0001892	jgi|Phach1|3976|rna3975	KAI9720200.1
OG0001908	jgi|Phach1|4040|rna4039	coassemb378_011231-T1
OG0001929	jgi|Phach1|4114|rna4113	jgi|Grascr1|10011|GST1_004182-RA
OG0001932	jgi|Phach1|2378|rna2377	jgi|Neucr_trp3_1|5863|Neucr2.NCU06385T0
OG0001935	jgi|Phach1|3724|rna3723	jgi|Morco1|203785|CE203784_1176
OG0001945	jgi|Phach1|5187|rna5186	KAI9810503.1
OG0001950	jgi|Phach1|4831|rna4830	jgi|Erypu1|5784|transcript_POS81829
OG0001955	jgi|Phach1|2748|rna2747	KAI9837859.1
OG0001985	jgi|Phach1|6692|rna6691	jgi|Acastr1|124185|AST1_007313-RA
OG0001991	jgi|Phach1|6535|rna6534	KAI4091663.1
OG0002008	jgi|Phach1|6027|rna6026	coassemb376_004075-T1
OG0002022	jgi|Phach1|98|rna97	CAF9938633.1
OG0002035	jgi|Phach1|5796|rna5795	coassemb376_006802-T1
OG0002082	jgi|Phach1|2869|rna2868	jgi|Neucr_trp3_1|8808|Neucr2.NCU04822T0
OG0002084	jgi|Phach1|3268|rna3267	KAI4087851.1
OG0002105	jgi|Phach1|1541|rna1540	KAI4108199.1
OG0002117	jgi|Phach1|6087|rna6086	jgi|Umbpus1|106055|LPUS_02013T0
OG0002154	jgi|Phach1|3146|rna3145	jgi|Sclsc1|8089|SS1G_13512T0
OG0002226	jgi|Phach1|1935|rna1934	jgi|Fusgr1|1996|FGSG_01733T0
OG0002238	jgi|Phach1|4526|rna4525	jgi|Acastr1|123805|AST1_002833-RA
OG0002279	jgi|Phach1|5378|rna5377	KAI9715989.1
OG0002279	jgi|Phach1|5378|rna5377	coassemb378_006065-T1
OG0002283	jgi|Phach1|1493|rna1492	jgi|Sclsc1|13646|SS1G_06675T0
OG0002300	jgi|Phach1|5297|rna5296	KAI4290298.1
OG0002345	jgi|Phach1|4684|rna4683	coassemb378_002074-T1
OG0002349	jgi|Phach1|3794|rna3793	jgi|Grascr1|958|GST1_006961-RA
OG0002349	jgi|Phach1|3794|rna3793	jgi|Acastr1|122567|AST1_006589-RA
OG0002355	jgi|Phach1|4700|rna4699	KAI4209376.1
OG0002373	jgi|Phach1|3369|rna3368	FUN_005923_T1_FUN_005923
OG0002488	jgi|Phach1|1099|rna1098	jgi|Acastr1|125060|AST1_002012-RA
OG0002575	jgi|Phach1|4045|rna4044	GTX0486b100_008436-T1
OG0002575	jgi|Phach1|4045|rna4044	GTX0494b19_000543-T1
OG0002630	jgi|Phach1|1947|rna1946	jgi|Aspni_DSM_1|168702|An18g02580m.01, jgi|Aspni_DSM_1|168701|An18g02570m.01
OG0002631	jgi|Phach1|5246|rna5245, jgi|Phach1|3440|rna3439	coassemb378_011664-T1
OG0002682	jgi|Phach1|3891|rna3890	jgi|Erypu1|5639|transcript_POS81857
OG0002705	jgi|Phach1|5715|rna5714	KAI4286705.1
OG0002738	jgi|Phach1|475|rna474	jgi|Monha1|1364|H072_1364m.01
OG0002738	jgi|Phach1|475|rna474	jgi|Sclsc1|3554|SS1G_10010T0
OG0002760	jgi|Phach1|4676|rna4675	jgi|Monha1|5677|H072_5862m.01
OG0002764	jgi|Phach1|3914|rna3913	KAI9812097.1
OG0002764	jgi|Phach1|3914|rna3913	jgi|Ascim1|377009|estExt_fgenesh1_pg.C_420059
OG0002769	jgi|Phach1|5884|rna5883	KAI4232683.1
OG0002870	jgi|Phach1|6474|rna6473	CAF9925069.1, CAF9904013.1
OG0002884	jgi|Phach1|3422|rna3421	jgi|Umbpus1|99828|LPUS_06401T0
OG0002965	jgi|Phach1|1046|rna1045	GTX0466b15_002243-T1
OG0002978	jgi|Phach1|5551|rna5550	jgi|Dibbae1|6486|DIBA_008345-RA
OG0002986	jgi|Phach1|3036|rna3035	KAI9717607.1
OG0003143	jgi|Phach1|6466|rna6465	jgi|Aspni_DSM_1|163709|An11g04690m.01
OG0003218	jgi|Phach1|4958|rna4957	jgi|Umbpus1|101609|LPUS_08336T0
OG0003236	jgi|Phach1|5595|rna5594	jgi|Umbpus1|99689|LPUS_06290T0
OG0003243	jgi|Phach1|2750|rna2749	jgi|Dibbae1|11908|DIBA_001082-RA
OG0003320	jgi|Phach1|266|rna265	jgi|Morco1|582358|MIX1456_1203_46
OG0003368	jgi|Phach1|6433|rna6432	jgi|Umbpus1|100922|LPUS_07632T0
OG0003422	jgi|Phach1|6204|rna6203	jgi|Grascr1|6991|GST1_002829-RA
OG0003433	jgi|Phach1|3739|rna3738	XP_008712402.1
OG0003433	jgi|Phach1|3739|rna3738	jgi|Exoaq1|11004|A1O9_07373T0
OG0003465	jgi|Phach1|3771|rna3770	jgi|Grascr1|8572|GST1_003093-RA
OG0003465	jgi|Phach1|3771|rna3770	jgi|Acastr1|126311|AST1_007276-RA
OG0003488	jgi|Phach1|4604|rna4603	jgi|Neucr_trp3_1|1223006|e_gw1.223.19.1
OG0003534	jgi|Phach1|4635|rna4634	KAI9724968.1
OG0003578	jgi|Phach1|5705|rna5704	jgi|Fusgr1|5216|FGSG_02990T0
OG0003629	jgi|Phach1|2785|rna2784	coassemb376_000939-T1
OG0003689	jgi|Phach1|4282|rna4281	jgi|Clagr3|7431|CLAGR_007028-RA
OG0003739	jgi|Phach1|1261|rna1260	KAI4289387.1
OG0003750	jgi|Phach1|5952|rna5951	jgi|Umbpus1|101693|LPUS_08431T0
OG0003752	jgi|Phach1|4985|rna4984	jgi|Umbpus1|101274|LPUS_08013T0
OG0003782	jgi|Phach1|2508|rna2507	coassemb76_001444-T1
OG0003783	jgi|Phach1|3557|rna3556	jgi|Umbpus1|101691|LPUS_08429T0
OG0003829	jgi|Phach1|4491|rna4490	coassemb378_009065-T1
OG0003885	jgi|Phach1|340|rna339	jgi|Acastr1|126374|AST1_002463-RA
OG0003980	jgi|Phach1|526|rna525	coassemb76_006176-T1
OG0003987	jgi|Phach1|2535|rna2534	jgi|Dibbae1|11444|DIBA_003947-RA
OG0003994	jgi|Phach1|6296|rna6295	KAI4286425.1
OG0004124	jgi|Phach1|611|rna610	jgi|Grascr1|7304|GST1_010154-RA
OG0004137	jgi|Phach1|6673|rna6672	jgi|EndpusZ1|7542|EPUS_07291T0
OG0004184	jgi|Phach1|6653|rna6652	FUN_008494_T1_FUN_008494
OG0004251	jgi|Phach1|1759|rna1758	jgi|Clagr3|1524|CLAGR_002318-RA
OG0004251	jgi|Phach1|1759|rna1758	jgi|Exoaq1|6274|A1O9_12075T0
OG0004264	jgi|Phach1|3868|rna3867	coassemb378_011412-T1
OG0004411	jgi|Phach1|1793|rna1792	jgi|Capcor1|101072|A1O1_08260T0
OG0004419	jgi|Phach1|2107|rna2106	jgi|Acastr1|121195|AST1_003133-RA
OG0004435	jgi|Phach1|3787|rna3786	GTX0486b100_006750-T1
OG0004500	jgi|Phach1|2697|rna2696	jgi|Umbpus1|99363|LPUS_05933T0
OG0004527	jgi|Phach1|2911|rna2910	KAI9652523.1
OG0004596	jgi|Phach1|1417|rna1416	jgi|Podan3|203261|mRNA_2089
OG0004596	jgi|Phach1|1746|rna1745	jgi|Aspni_DSM_1|157423|An02g09010m.01
OG0004596	jgi|Phach1|1746|rna1745	jgi|Penexp1|2069|PEXP_024810T0, jgi|Penexp1|10309|PEXP_062310T0
OG0004596	jgi|Phach1|1746|rna1745	coassemb378_002643-T1
OG0004596	jgi|Phach1|1746|rna1745	KAI9723081.1
OG0004596	jgi|Phach1|1746|rna1745	KAI9669630.1
OG0004596	jgi|Phach1|1746|rna1745	KAI9821405.1
OG0004596	jgi|Phach1|1746|rna1745	jgi|Clagr3|4433|CLAGR_004625-RA
OG0004596	jgi|Phach1|1746|rna1745	CAF9907743.1
OG0004596	jgi|Phach1|1746|rna1745	jgi|Podan3|203261|mRNA_2089
OG0004596	jgi|Phach1|1746|rna1745	jgi|Podan3|203261|mRNA_2089
OG0004596	jgi|Phach1|1746|rna1745	jgi|Grascr1|12517|GST1_005601-RA
OG0004631	jgi|Phach1|5126|rna5125	KAI9700672.1
OG0004664	jgi|Phach1|3118|rna3117	jgi|Grascr1|678|GST1_001391-RA
OG0004739	jgi|Phach1|6252|rna6251	jgi|Umbpus1|101492|LPUS_08193T0
OG0004760	jgi|Phach1|663|rna662	jgi|Artol1|5540|AOL_s00079g314m.01
OG0004883	jgi|Phach1|2614|rna2613	coassemb64_000259-T1
OG0004907	jgi|Phach1|4188|rna4187	jgi|Umbpus1|102915|LPUS_09505T0
OG0004951	jgi|Phach1|6661|rna6660	jgi|Acastr1|127638|AST1_004262-RA
OG0005075	jgi|Phach1|6382|rna6381	jgi|Grascr1|10864|GST1_000957-RA
OG0005227	jgi|Phach1|2375|rna2374	jgi|Dibbae1|5833|DIBA_008034-RA
OG0005249	jgi|Phach1|4553|rna4552	GTX0486b100_008287-T1
OG0005288	jgi|Phach1|293|rna292, jgi|Phach1|3611|rna3610	KAJ9656546.1
OG0005343	jgi|Phach1|2712|rna2711	coassemb376_004507-T1
OG0005383	jgi|Phach1|3624|rna3623	coassemb76_006220-T1
OG0005383	jgi|Phach1|3624|rna3623	jgi|Exoaq1|3186|A1O9_10704T0
OG0005425	jgi|Phach1|1154|rna1153	XP_008713893.1
OG0005425	jgi|Phach1|1154|rna1153	GTX0466b15_009056-T1
OG0005425	jgi|Phach1|1154|rna1153	KAI4225311.1
OG0005425	jgi|Phach1|1154|rna1153	GTX0494b19_000655-T1
OG0005425	jgi|Phach1|1154|rna1153	FUN_005280_T1_FUN_005280
OG0005425	jgi|Phach1|1154|rna1153	KAI4105916.1
OG0005425	jgi|Phach1|1154|rna1153	KAI4238934.1
OG0005425	jgi|Phach1|1154|rna1153	KAI4103122.1
OG0005425	jgi|Phach1|1154|rna1153	KAI4264933.1
OG0005425	jgi|Phach1|1154|rna1153	KAJ9653364.1
OG0005425	jgi|Phach1|1154|rna1153	jgi|Capcor1|94963|A1O1_02102T0
OG0005425	jgi|Phach1|1154|rna1153	coassemb64_004960-T1
OG0005425	jgi|Phach1|1154|rna1153	jgi|Exoaq1|13056|A1O9_09342T0
OG0005425	jgi|Phach1|1154|rna1153	jgi|EndpusZ1|2649|EPUS_03821T0
OG0005425	jgi|Phach1|1154|rna1153	jgi|Fonmu1|11643|Z520_04848T0
OG0005425	jgi|Phach1|1154|rna1153	jgi|Claba1|140237|Z519_06771T0
OG0005425	jgi|Phach1|1154|rna1153	jgi|Aspni_DSM_1|155642|An01g06000m.01
OG0005425	jgi|Phach1|1154|rna1153	jgi|Cocpo1_1|4605|XM_003069558.1
OG0005425	jgi|Phach1|1154|rna1153	jgi|Fusgr1|7235|FGSG_06248T0
OG0005425	jgi|Phach1|1154|rna1153	jgi|Podan3|209498|mRNA_8326
OG0005425	jgi|Phach1|1154|rna1153	jgi|Neucr_trp3_1|3026|Neucr2.NCU05463T0
OG0005425	jgi|Phach1|6609|rna6608	jgi|EndpusZ1|255|EPUS_04141T0
OG0005435	jgi|Phach1|2481|rna2480	KAI4101058.1
OG0005435	jgi|Phach1|2481|rna2480	jgi|Acastr1|121105|AST1_006607-RA
OG0005484	jgi|Phach1|1620|rna1619	jgi|Fonmu1|2034|Z520_06667T0
OG0005499	jgi|Phach1|1599|rna1598	jgi|Exoaq1|4779|A1O9_02298T0, jgi|Exoaq1|9599|A1O9_06029T0
OG0005505	jgi|Phach1|126|rna125	jgi|Acastr1|123637|AST1_009027-RA
OG0005657	jgi|Phach1|2290|rna2289	jgi|Dibbae1|10027|DIBA_002947-RA
OG0005657	jgi|Phach1|2290|rna2289	jgi|Clagr3|11138|CLAGR_010750-RA
OG0005657	jgi|Phach1|2290|rna2289	jgi|Monha1|5041|H072_5147m.01
OG0005829	jgi|Phach1|2257|rna2256	jgi|Fonmu1|3061|Z520_07697T0
OG0005850	jgi|Phach1|311|rna310	jgi|Clagr3|11036|CLAGR_010911-RA
OG0005867	jgi|Phach1|6240|rna6239	KAI4218542.1
OG0005921	jgi|Phach1|3011|rna3010	jgi|Grascr1|2195|GST1_001314-RA
OG0005921	jgi|Phach1|3011|rna3010	jgi|Monha1|9690|H072_10193m.01
OG0006003	jgi|Phach1|3873|rna3872	XP_008717735.1
OG0006092	jgi|Phach1|5996|rna5995	FUN_006046_T1_FUN_006046
OG0006153	jgi|Phach1|5223|rna5222	jgi|Capcor1|97911|A1O1_05073T0
OG0006292	jgi|Phach1|3029|rna3028	KAI4228881.1
OG0006313	jgi|Phach1|454|rna453	GTX0486b100_008052-T1
OG0006351	jgi|Phach1|1872|rna1871	coassemb378_008669-T1, coassemb378_003689-T1
OG0006372	jgi|Phach1|2506|rna2505	KAI4233084.1
OG0006500	jgi|Phach1|6665|rna6664	jgi|Dibbae1|4080|DIBA_001664-RA
OG0006601	jgi|Phach1|3825|rna3824	coassemb378_010661-T1
OG0006654	jgi|Phach1|5561|rna5560	jgi|Dibbae1|6525|DIBA_002660-RA
OG0006840	jgi|Phach1|5872|rna5871	jgi|Ascim1|317128|fgenesh1_pm.7_#_18
OG0006920	jgi|Phach1|1234|rna1233	jgi|Exoaq1|11069|A1O9_13066T0
OG0007038	jgi|Phach1|1176|rna1175	KAI9717207.1
OG0007038	jgi|Phach1|1176|rna1175	KAJ9659347.1
OG0007232	jgi|Phach1|1760|rna1759	KAI9717241.1
OG0007232	jgi|Phach1|1760|rna1759	CAF9933446.1
OG0007232	jgi|Phach1|1760|rna1759	jgi|Clagr3|6942|CLAGR_006600-RA
OG0007232	jgi|Phach1|1760|rna1759	KAI4099529.1
OG0007232	jgi|Phach1|1760|rna1759	coassemb376_005955-T1
OG0007232	jgi|Phach1|1760|rna1759	jgi|Grascr1|1629|GST1_008487-RA
OG0007290	jgi|Phach1|2294|rna2293	jgi|PseVKM4520_1|1308|transcript_KFZ19197
OG0007327	jgi|Phach1|2216|rna2215	KAI9839465.1
OG0007327	jgi|Phach1|2216|rna2215	jgi|Penexp1|4239|PEXP_033800T0, jgi|Penexp1|136|PEXP_020910T0
OG0007327	jgi|Phach1|2216|rna2215	jgi|Aspni_DSM_1|157493|An02g09790m.01
OG0007327	jgi|Phach1|2216|rna2215	jgi|Cocpo1_1|4777|XM_003069730.1
OG0007327	jgi|Phach1|2216|rna2215	jgi|Sclsc1|9134|SS1G_02549T0
OG0007327	jgi|Phach1|2216|rna2215	jgi|Aurpu_var_mel1|68535|fgenesh1_pg.22_#_24
OG0007357	jgi|Phach1|3454|rna3453	jgi|Morco1|515957|estExt_Genewise1Plus.C_3_t10073
OG0007413	jgi|Phach1|6016|rna6015	GTX0486b100_007795-T1
OG0007763	jgi|Phach1|898|rna897	jgi|Aspni_DSM_1|156541|An02g00160m.01
OG0007857	jgi|Phach1|5123|rna5122	KAI4218735.1
