Orthogroup	Podan3_GeneCatalog_proteins_20171013.aa	Other
OG0000001	jgi|Podan3|208805|mRNA_7633	coassemb378_006346-T1, coassemb378_005447-T1, coassemb378_000078-T1
OG0000001	jgi|Podan3|208805|mRNA_7633	jgi|Ascim1|409989|fgenesh1_RNNotator_kg.1_#_136_#_Locus7585v1rpkm11.07
OG0000001	jgi|Podan3|208805|mRNA_7633	jgi|Aspni_DSM_1|160466|An07g02370m.01, jgi|Aspni_DSM_1|167253|An15g07470m.01
OG0000001	jgi|Podan3|208805|mRNA_7633	jgi|PseVKM4520_1|7381|transcript_KFZ08418
OG0000001	jgi|Podan3|208805|mRNA_7633	jgi|Altal1|926221|e_gw1.2.1086.1
OG0000001	jgi|Podan3|208805|mRNA_7633	jgi|Fusgr1|4665|FGSG_03464T0, jgi|Fusgr1|8673|FGSG_07489T0, jgi|Fusgr1|5511|FGSG_04731T0
OG0000002	jgi|Podan3|204345|mRNA_3173	KAJ9652770.1
OG0000003	jgi|Podan3|201333|mRNA_161	KAI4225723.1
OG0000003	jgi|Podan3|201333|mRNA_161	KAI4102802.1
OG0000003	jgi|Podan3|201333|mRNA_161	FUN_001190_T1_FUN_001190
OG0000003	jgi|Podan3|201333|mRNA_161	GTX0494b19_000947-T1
OG0000003	jgi|Podan3|201333|mRNA_161	KAI4235062.1
OG0000003	jgi|Podan3|201333|mRNA_161	jgi|Clagr3|887|CLAGR_000876-RA
OG0000003	jgi|Podan3|201333|mRNA_161	CAF9934595.1
OG0000003	jgi|Podan3|201333|mRNA_161	jgi|Umbpus1|104131|LPUS_10830T0
OG0000003	jgi|Podan3|201333|mRNA_161	jgi|Acastr1|120726|AST1_003368-RA
OG0000003	jgi|Podan3|201333|mRNA_161	coassemb378_005398-T1
OG0000003	jgi|Podan3|201333|mRNA_161	jgi|Cocpo1_1|1429|XM_003066381.1
OG0000003	jgi|Podan3|201333|mRNA_161	jgi|Grascr1|1254|GST1_007678-RA
OG0000003	jgi|Podan3|201333|mRNA_161	jgi|Dibbae1|9919|DIBA_002349-RA
OG0000003	jgi|Podan3|201333|mRNA_161	jgi|Altal1|422659|CE422658_31129
OG0000003	jgi|Podan3|201333|mRNA_161	KAI9727976.1
OG0000003	jgi|Podan3|201333|mRNA_161	KAI9669406.1
OG0000003	jgi|Podan3|201333|mRNA_161	jgi|Aurpu_var_mel1|41919|e_gw1.4.814.1
OG0000004	jgi|Podan3|210970|mRNA_9798	KAI4106465.1
OG0000004	jgi|Podan3|206148|mRNA_4976	jgi|Exoaq1|11121|A1O9_07456T0
OG0000004	jgi|Podan3|207015|mRNA_5843	coassemb378_002494-T1
OG0000008	jgi|Podan3|202905|mRNA_1733	coassemb378_005289-T1
OG0000008	jgi|Podan3|209685|mRNA_8513, jgi|Podan3|209174|mRNA_8002	jgi|Fonmu1|5786|Z520_09599T0
OG0000011	jgi|Podan3|203845|mRNA_2673	jgi|EndpusZ1|5497|EPUS_00653T0
OG0000012	jgi|Podan3|206779|mRNA_5607, jgi|Podan3|205478|mRNA_4306	jgi|Altal1|936260|e_gw1.11.581.1, jgi|Altal1|560505|CE560504_3234
OG0000014	jgi|Podan3|207840|mRNA_6668	jgi|Penexp1|10961|PEXP_021950T0
OG0000014	jgi|Podan3|207840|mRNA_6668	jgi|EndpusZ1|5016|EPUS_06527T0
OG0000015	jgi|Podan3|208099|mRNA_6927	jgi|Aspni_DSM_1|163638|An11g03940m.01, jgi|Aspni_DSM_1|166170|An14g03870m.01
OG0000015	jgi|Podan3|206505|mRNA_5333, jgi|Podan3|203109|mRNA_1937	jgi|Monha1|7534|H072_7784m.01
OG0000020	jgi|Podan3|206536|mRNA_5364, jgi|Podan3|210622|mRNA_9450, jgi|Podan3|201234|mRNA_62	jgi|Ascim1|415003|fgenesh1_RNNotator_kg.38_#_71_#_Locus7932v1rpkm9.47
OG0000021	jgi|Podan3|205459|mRNA_4287	coassemb76_007353-T1
OG0000024	jgi|Podan3|202855|mRNA_1683	jgi|Altal1|928293|e_gw1.3.1200.1
OG0000028	jgi|Podan3|210267|mRNA_9095	FUN_010538_T1_FUN_010538
OG0000033	jgi|Podan3|207374|mRNA_6202	jgi|Grascr1|7424|GST1_012001-RA
OG0000033	jgi|Podan3|209100|mRNA_7928	jgi|Exoaq1|5505|A1O9_03029T0, jgi|Exoaq1|2387|A1O9_09913T0
OG0000034	jgi|Podan3|204698|mRNA_3526	KAI4231866.1
OG0000038	jgi|Podan3|209870|mRNA_8698	jgi|Clagr3|736|CLAGR_000726-RA
OG0000048	jgi|Podan3|208535|mRNA_7363	coassemb76_005968-T1
OG0000053	jgi|Podan3|203414|mRNA_2242	jgi|Penexp1|3943|PEXP_030160T0
OG0000053	jgi|Podan3|203414|mRNA_2242	jgi|Monha1|2879|H072_2886m.01
OG0000053	jgi|Podan3|203414|mRNA_2242	jgi|Clagr3|1270|CLAGR_001255-RA
OG0000053	jgi|Podan3|203414|mRNA_2242	CAF9943101.1
OG0000053	jgi|Podan3|203414|mRNA_2242	jgi|Umbpus1|99343|LPUS_05910T0
OG0000053	jgi|Podan3|203414|mRNA_2242	jgi|EndpusZ1|7270|EPUS_07589T0
OG0000055	jgi|Podan3|211294|mRNA_10122	jgi|Clagr3|2322|CLAGR_001720-RA
OG0000057	jgi|Podan3|204746|mRNA_3574	jgi|Fusgr1|4571|FGSG_03551T0
OG0000057	jgi|Podan3|204746|mRNA_3574	coassemb64_006558-T1
OG0000057	jgi|Podan3|204746|mRNA_3574	jgi|Fonmu1|9360|Z520_11766T0
OG0000057	jgi|Podan3|204746|mRNA_3574	jgi|Claba1|130154|Z519_08461T0
OG0000057	jgi|Podan3|204746|mRNA_3574	jgi|Clagr3|9344|CLAGR_009043-RA
OG0000057	jgi|Podan3|204746|mRNA_3574	CAF9943061.1
OG0000057	jgi|Podan3|204746|mRNA_3574	jgi|Exoaq1|6021|A1O9_03551T0
OG0000057	jgi|Podan3|204746|mRNA_3574	XP_008719464.1
OG0000057	jgi|Podan3|204746|mRNA_3574	jgi|Sclsc1|8723|SS1G_02138T0
OG0000057	jgi|Podan3|204746|mRNA_3574	jgi|Penexp1|6845|PEXP_080850T0
OG0000057	jgi|Podan3|204746|mRNA_3574	jgi|Grascr1|8261|GST1_003172-RA
OG0000057	jgi|Podan3|204746|mRNA_3574	coassemb378_001181-T1
OG0000057	jgi|Podan3|204746|mRNA_3574	jgi|Fusgr1|4571|FGSG_03551T0
OG0000063	jgi|Podan3|205967|mRNA_4795, jgi|Podan3|209103|mRNA_7931	jgi|Umbpus1|99717|LPUS_02360T0
OG0000067	jgi|Podan3|206798|mRNA_5626	KAI9658190.1
OG0000067	jgi|Podan3|206798|mRNA_5626	XP_008717805.1
OG0000067	jgi|Podan3|206798|mRNA_5626	coassemb76_000861-T1
OG0000067	jgi|Podan3|206798|mRNA_5626	KAI4238959.1
OG0000067	jgi|Podan3|206798|mRNA_5626	KAI4224225.1, KAI4224224.1
OG0000067	jgi|Podan3|206798|mRNA_5626	KAI4103206.1
OG0000067	jgi|Podan3|206798|mRNA_5626	GTX0494b19_007739-T1
OG0000067	jgi|Podan3|206798|mRNA_5626	FUN_005105_T1_FUN_005105
OG0000067	jgi|Podan3|206798|mRNA_5626	KAI4091907.1
OG0000067	jgi|Podan3|206798|mRNA_5626	jgi|Grascr1|9771|GST1_012139-RA
OG0000067	jgi|Podan3|206798|mRNA_5626	jgi|Acastr1|123771|AST1_006408-RA, jgi|Acastr1|118946|AST1_002547-RA
OG0000067	jgi|Podan3|206798|mRNA_5626	jgi|Clagr3|634|CLAGR_000625-RA
OG0000067	jgi|Podan3|206798|mRNA_5626	jgi|Sclsc1|9867|SS1G_14292T0
OG0000074	jgi|Podan3|201798|mRNA_626	coassemb378_008734-T1
OG0000087	jgi|Podan3|210972|mRNA_9800	jgi|Grascr1|5981|GST1_011598-RA
OG0000092	jgi|Podan3|203432|mRNA_2260	jgi|PseVKM4520_1|8747|transcript_KFZ04025
OG0000092	jgi|Podan3|203432|mRNA_2260	jgi|EndpusZ1|7461|EPUS_01880T0
OG0000092	jgi|Podan3|203432|mRNA_2260	FUN_003079_T1_FUN_003079
OG0000092	jgi|Podan3|203432|mRNA_2260	GTX0494b19_001903-T1
OG0000092	jgi|Podan3|203432|mRNA_2260	KAI4221127.1
OG0000092	jgi|Podan3|203432|mRNA_2260	KAI4110817.1
OG0000092	jgi|Podan3|203432|mRNA_2260	KAI4218170.1
OG0000092	jgi|Podan3|203432|mRNA_2260	KAI4101003.1
OG0000092	jgi|Podan3|203432|mRNA_2260	coassemb376_007055-T1, coassemb376_002249-T1
OG0000092	jgi|Podan3|203432|mRNA_2260	jgi|Clagr3|3637|CLAGR_003843-RA
OG0000097	jgi|Podan3|205071|mRNA_3899	KAI4264560.1
OG0000100	jgi|Podan3|208008|mRNA_6836	jgi|Phach1|4652|rna4651
OG0000100	jgi|Podan3|208008|mRNA_6836	KAI4106604.1
OG0000100	jgi|Podan3|208008|mRNA_6836	GTX0494b19_003875-T1
OG0000100	jgi|Podan3|208008|mRNA_6836	KAI4105005.1
OG0000100	jgi|Podan3|208008|mRNA_6836	FUN_002775_T1_FUN_002775
OG0000100	jgi|Podan3|208008|mRNA_6836	jgi|Dibbae1|8186|DIBA_003553-RA
OG0000101	jgi|Podan3|207198|mRNA_6026	KAI9659590.1
OG0000101	jgi|Podan3|207198|mRNA_6026	jgi|Aspni_DSM_1|165047|An12g07490m.01
OG0000101	jgi|Podan3|203070|mRNA_1898	KAI9752153.1
OG0000101	jgi|Podan3|203070|mRNA_1898	jgi|Aspni_DSM_1|165047|An12g07490m.01
OG0000101	jgi|Podan3|203070|mRNA_1898	jgi|Aspni_DSM_1|165047|An12g07490m.01
OG0000101	jgi|Podan3|203070|mRNA_1898	KAI9659590.1
OG0000101	jgi|Podan3|203070|mRNA_1898	jgi|PseVKM4520_1|7329|transcript_KFZ08476
OG0000101	jgi|Podan3|203070|mRNA_1898	KAI9659590.1
OG0000101	jgi|Podan3|203070|mRNA_1898	KAI9834081.1
OG0000101	jgi|Podan3|203070|mRNA_1898	jgi|Aurpu_var_mel1|57047|e_gw1.25.137.1
OG0000101	jgi|Podan3|203070|mRNA_1898	jgi|Neucr_trp3_1|9511|Neucr2.NCU05094T0
OG0000101	jgi|Podan3|203070|mRNA_1898	jgi|Neucr_trp3_1|9511|Neucr2.NCU05094T0
OG0000101	jgi|Podan3|203070|mRNA_1898	jgi|Altal1|1054482|estExt_fgenesh1_pg.C_280084
OG0000101	jgi|Podan3|203070|mRNA_1898	CAF9919950.1
OG0000101	jgi|Podan3|203496|mRNA_2324	jgi|Exoaq1|5205|A1O9_02728T0
OG0000103	jgi|Podan3|204587|mRNA_3415	jgi|Aspni_DSM_1|168617|An18g01730m.01, jgi|Aspni_DSM_1|164436|An12g00980m.01
OG0000103	jgi|Podan3|204587|mRNA_3415	jgi|Penexp1|7806|PEXP_007870T0
OG0000103	jgi|Podan3|204587|mRNA_3415	coassemb64_001529-T1
OG0000103	jgi|Podan3|204587|mRNA_3415	jgi|Claba1|139720|Z519_06252T0
OG0000103	jgi|Podan3|204587|mRNA_3415	KAJ9659716.1
OG0000104	jgi|Podan3|208139|mRNA_6967, jgi|Podan3|203752|mRNA_2580	CAF9921432.1
OG0000126	jgi|Podan3|204199|mRNA_3027	jgi|Aspni_DSM_1|163598|An11g03500m.01
OG0000164	jgi|Podan3|206414|mRNA_5242	jgi|Artol1|5210|AOL_s00078g596m.01
OG0000164	jgi|Podan3|206414|mRNA_5242	jgi|Monha1|707|H072_707m.01
OG0000164	jgi|Podan3|206414|mRNA_5242	jgi|Morco1|538297|fgenesh1_kg.46_#_13_#_Locus2936v1rpkm54.14
OG0000164	jgi|Podan3|206414|mRNA_5242	jgi|Ascim1|16012|CE16011_429, jgi|Ascim1|174115|CE174114_975
OG0000164	jgi|Podan3|206414|mRNA_5242	KAI4099553.1
OG0000164	jgi|Podan3|206414|mRNA_5242	KAI9716691.1
OG0000164	jgi|Podan3|206414|mRNA_5242	KAI9699148.1
OG0000164	jgi|Podan3|206414|mRNA_5242	jgi|Clagr3|9008|CLAGR_008731-RA, jgi|Clagr3|11166|CLAGR_010811-RA
OG0000164	jgi|Podan3|206414|mRNA_5242	jgi|EndpusZ1|6272|EPUS_05122T0, jgi|EndpusZ1|3522|EPUS_03029T0, jgi|EndpusZ1|3739|EPUS_07111T0
OG0000164	jgi|Podan3|206414|mRNA_5242	CAF9934066.1
OG0000164	jgi|Podan3|206414|mRNA_5242	KAI4279980.1
OG0000164	jgi|Podan3|206414|mRNA_5242	KAI4228733.1
OG0000164	jgi|Podan3|206414|mRNA_5242	FUN_009849_T1_FUN_009849
OG0000164	jgi|Podan3|206414|mRNA_5242	GTX0494b19_002422-T1
OG0000164	jgi|Podan3|206414|mRNA_5242	KAI4224404.1
OG0000164	jgi|Podan3|206414|mRNA_5242	KAI4095288.1
OG0000164	jgi|Podan3|206414|mRNA_5242	KAI9651585.1
OG0000164	jgi|Podan3|206414|mRNA_5242	jgi|Acastr1|121456|AST1_005945-RA
OG0000164	jgi|Podan3|206414|mRNA_5242	jgi|Dibbae1|8219|DIBA_009317-RA
OG0000164	jgi|Podan3|206414|mRNA_5242	coassemb76_009848-T1, coassemb76_009350-T1
OG0000164	jgi|Podan3|206414|mRNA_5242	XP_008716880.1
OG0000164	jgi|Podan3|206414|mRNA_5242	jgi|Exoaq1|2290|A1O9_09816T0
OG0000164	jgi|Podan3|206414|mRNA_5242	coassemb64_008280-T1
OG0000164	jgi|Podan3|206414|mRNA_5242	KAJ9663820.1, KAJ9663819.1, KAJ9652449.1
OG0000164	jgi|Podan3|206414|mRNA_5242	KAI9709601.1
OG0000164	jgi|Podan3|206414|mRNA_5242	coassemb378_005734-T1
OG0000164	jgi|Podan3|206414|mRNA_5242	jgi|Fonmu1|10942|Z520_04143T0
OG0000164	jgi|Podan3|206414|mRNA_5242	jgi|Claba1|136720|Z519_03252T0
OG0000164	jgi|Podan3|206414|mRNA_5242	jgi|Grascr1|7947|GST1_003749-RA
OG0000164	jgi|Podan3|206414|mRNA_5242	jgi|PseVKM4520_1|3012|transcript_KFZ15936
OG0000164	jgi|Podan3|206414|mRNA_5242	jgi|Fusgr1|10134|FGSG_08169T0, jgi|Fusgr1|8681|FGSG_07496T0
OG0000169	jgi|Podan3|209871|mRNA_8699	jgi|Grascr1|9756|GST1_012147-RA, jgi|Grascr1|9105|GST1_004404-RA
OG0000169	jgi|Podan3|209871|mRNA_8699	KAI4232071.1
OG0000171	jgi|Podan3|208705|mRNA_7533	jgi|Exoaq1|8178|A1O9_04713T0
OG0000171	jgi|Podan3|208705|mRNA_7533	coassemb76_007072-T1
OG0000192	jgi|Podan3|207327|mRNA_6155	jgi|Aspni_DSM_1|159911|An05g01960m.01
OG0000192	jgi|Podan3|207327|mRNA_6155	XP_008715063.1, XP_008721146.1, XP_008716705.1
OG0000193	jgi|Podan3|208039|mRNA_6867	jgi|Aurpu_var_mel1|86688|gm1.7084_g
OG0000200	jgi|Podan3|210757|mRNA_9585	jgi|Grascr1|8319|GST1_012131-RA
OG0000201	jgi|Podan3|206074|mRNA_4902	coassemb378_001789-T1
OG0000209	jgi|Podan3|202280|mRNA_1108	jgi|Acastr1|123098|AST1_004223-RA
OG0000209	jgi|Podan3|202280|mRNA_1108	KAI9714216.1
OG0000217	jgi|Podan3|206521|mRNA_5349	jgi|Grascr1|9385|GST1_011897-RA
OG0000217	jgi|Podan3|208042|mRNA_6870, jgi|Podan3|208992|mRNA_7820	jgi|Ascim1|209649|e_gw1.39.114.1
OG0000228	jgi|Podan3|207707|mRNA_6535, jgi|Podan3|207906|mRNA_6734	KAI4108699.1
OG0000228	jgi|Podan3|207707|mRNA_6535	jgi|Clagr3|7458|CLAGR_007055-RA
OG0000238	jgi|Podan3|205576|mRNA_4404, jgi|Podan3|202127|mRNA_955	jgi|Altal1|2778|CE2777_3532
OG0000238	jgi|Podan3|208173|mRNA_7001	jgi|Aurpu_var_mel1|49698|e_gw1.11.49.1
OG0000238	jgi|Podan3|208173|mRNA_7001	jgi|Altal1|1057710|gm1.1945_g
OG0000238	jgi|Podan3|208173|mRNA_7001	KAI4109259.1
OG0000259	jgi|Podan3|205467|mRNA_4295	jgi|Exoaq1|9275|A1O9_05702T0
OG0000293	jgi|Podan3|210235|mRNA_9063, jgi|Podan3|208779|mRNA_7607	jgi|Aspni_DSM_1|161268|An08g00030m.01
OG0000293	jgi|Podan3|210235|mRNA_9063, jgi|Podan3|208779|mRNA_7607	KAJ9659520.1
OG0000294	jgi|Podan3|209196|mRNA_8024	jgi|Claba1|136555|Z519_03086T0
OG0000310	jgi|Podan3|204865|mRNA_3693	GTX0486b100_008067-T1
OG0000311	jgi|Podan3|206828|mRNA_5656, jgi|Podan3|203069|mRNA_1897	jgi|Penexp1|9779|PEXP_098470T0
OG0000314	jgi|Podan3|207014|mRNA_5842	coassemb378_006733-T1
OG0000315	jgi|Podan3|208989|mRNA_7817	jgi|Penexp1|2729|PEXP_108930T0
OG0000315	jgi|Podan3|208989|mRNA_7817	jgi|Cocpo1_1|4194|XM_003069147.1
OG0000331	jgi|Podan3|207720|mRNA_6548	jgi|Aspni_DSM_1|165381|An12g10850m.01
OG0000331	jgi|Podan3|207720|mRNA_6548	jgi|Dibbae1|8221|DIBA_010509-RA
OG0000342	jgi|Podan3|211426|mRNA_10254	jgi|Ascim1|123924|CE123923_1326
OG0000356	jgi|Podan3|206883|mRNA_5711	jgi|Dibbae1|5755|DIBA_002020-RA, jgi|Dibbae1|5791|DIBA_002056-RA
OG0000356	jgi|Podan3|206883|mRNA_5711	KAI9718156.1, KAI9715619.1
OG0000356	jgi|Podan3|206883|mRNA_5711	KAI9830031.1, KAI9830942.1
OG0000360	jgi|Podan3|203587|mRNA_2415	jgi|Penexp1|5287|PEXP_046120T0
OG0000361	jgi|Podan3|206677|mRNA_5505	jgi|EndpusZ1|3311|EPUS_07951T0
OG0000372	jgi|Podan3|207090|mRNA_5918	jgi|EndpusZ1|4056|EPUS_04249T0
OG0000372	jgi|Podan3|207090|mRNA_5918	jgi|Penexp1|2427|PEXP_052820T0
OG0000384	jgi|Podan3|209066|mRNA_7894	XP_008716125.1
OG0000399	jgi|Podan3|201323|mRNA_151	jgi|Cocpo1_1|2934|XM_003067887.1
OG0000399	jgi|Podan3|201323|mRNA_151	jgi|Exoaq1|3000|A1O9_10522T0
OG0000399	jgi|Podan3|201323|mRNA_151	jgi|Fonmu1|756|Z520_00758T0
OG0000411	jgi|Podan3|210377|mRNA_9205	KAI4091501.1
OG0000412	jgi|Podan3|203384|mRNA_2212	jgi|Aspni_DSM_1|158967|An04g02770m.01
OG0000415	jgi|Podan3|203685|mRNA_2513	coassemb378_010623-T1
OG0000417	jgi|Podan3|207916|mRNA_6744, jgi|Podan3|203446|mRNA_2274	jgi|Sclsc1|8589|SS1G_14012T0
OG0000417	jgi|Podan3|207916|mRNA_6744, jgi|Podan3|203446|mRNA_2274	jgi|Erypu1|3295|transcript_POS82429
OG0000417	jgi|Podan3|207916|mRNA_6744, jgi|Podan3|203446|mRNA_2274	jgi|Amamu1|10893|gm1.4903_g, jgi|Amamu1|162196|fgenesh1_kg.22_#_48_#_Locus1130v1rpkm179.96, jgi|Amamu1|162193|fgenesh1_kg.22_#_45_#_Locus5270v1rpkm41.27, jgi|Amamu1|186262|fgenesh1_pm.18_#_55
OG0000417	jgi|Podan3|207916|mRNA_6744, jgi|Podan3|203446|mRNA_2274	jgi|Morco1|519949|estExt_Genewise1Plus.C_130202
OG0000417	jgi|Podan3|207916|mRNA_6744, jgi|Podan3|203446|mRNA_2274	jgi|Grascr1|8495|GST1_000642-RA
OG0000417	jgi|Podan3|207916|mRNA_6744, jgi|Podan3|203446|mRNA_2274	jgi|Penexp1|3849|PEXP_071030T0
OG0000417	jgi|Podan3|207916|mRNA_6744, jgi|Podan3|203446|mRNA_2274	jgi|Aurpu_var_mel1|76495|fgenesh1_pm.15_#_65
OG0000417	jgi|Podan3|207916|mRNA_6744, jgi|Podan3|203446|mRNA_2274	jgi|Cocpo1_1|6542|XM_003071495.1
OG0000417	jgi|Podan3|207916|mRNA_6744, jgi|Podan3|203446|mRNA_2274	KAI9653115.1
OG0000417	jgi|Podan3|207916|mRNA_6744, jgi|Podan3|203446|mRNA_2274	jgi|PseVKM4520_1|9371|transcript_KFZ03310
OG0000417	jgi|Podan3|207916|mRNA_6744, jgi|Podan3|203446|mRNA_2274	GTX0466b15_007392-T1
OG0000417	jgi|Podan3|207916|mRNA_6744, jgi|Podan3|203446|mRNA_2274	coassemb76_010184-T1
OG0000417	jgi|Podan3|207916|mRNA_6744, jgi|Podan3|203446|mRNA_2274	coassemb378_004779-T1
OG0000417	jgi|Podan3|207916|mRNA_6744, jgi|Podan3|203446|mRNA_2274	jgi|Exoaq1|8689|A1O9_12944T0
OG0000421	jgi|Podan3|208176|mRNA_7004	GTX0494b19_006022-T1
OG0000421	jgi|Podan3|208176|mRNA_7004	jgi|Acastr1|120502|AST1_004836-RA
OG0000428	jgi|Podan3|208654|mRNA_7482	KAI9826689.1
OG0000431	jgi|Podan3|209676|mRNA_8504, jgi|Podan3|202725|mRNA_1553	jgi|Dibbae1|456|DIBA_005890-RA
OG0000455	jgi|Podan3|207305|mRNA_6133	jgi|Grascr1|12662|GST1_001956-RA
OG0000462	jgi|Podan3|210426|mRNA_9254	coassemb76_005699-T1
OG0000464	jgi|Podan3|206897|mRNA_5725	KAI4287467.1
OG0000466	jgi|Podan3|207256|mRNA_6084	jgi|Grascr1|11362|GST1_005242-RA
OG0000466	jgi|Podan3|204925|mRNA_3753	jgi|Penexp1|9794|PEXP_098620T0
OG0000485	jgi|Podan3|207482|mRNA_6310	KAI9826477.1
OG0000485	jgi|Podan3|211754|mRNA_10582	coassemb76_008032-T1
OG0000485	jgi|Podan3|211754|mRNA_10582	jgi|Ascim1|416612|fgenesh1_RNNotator_kg.69_#_21_#_Locus10810v1rpkm2.53
OG0000485	jgi|Podan3|211754|mRNA_10582	jgi|Claba1|134182|Z519_11584T0
OG0000485	jgi|Podan3|211754|mRNA_10582	XP_008713793.1
OG0000485	jgi|Podan3|211754|mRNA_10582	jgi|PseVKM4520_1|283|transcript_KFZ22607
OG0000485	jgi|Podan3|211754|mRNA_10582	jgi|Aspni_DSM_1|155176|An01g01190m.01
OG0000485	jgi|Podan3|211754|mRNA_10582	jgi|Penexp1|6745|PEXP_079850T0
OG0000491	jgi|Podan3|211728|mRNA_10556	KAI9700613.1
OG0000494	jgi|Podan3|207955|mRNA_6783	KAI4283754.1
OG0000518	jgi|Podan3|204064|mRNA_2892	jgi|Penexp1|8081|PEXP_103240T0
OG0000523	jgi|Podan3|209134|mRNA_7962, jgi|Podan3|209936|mRNA_8764	jgi|Claba1|132707|Z519_01185T0
OG0000525	jgi|Podan3|210713|mRNA_9541	jgi|Altal1|986667|estExt_Genewise1Plus.C_8_t10153
OG0000525	jgi|Podan3|210713|mRNA_9541	jgi|Penexp1|8547|PEXP_070070T0
OG0000528	jgi|Podan3|204593|mRNA_3421	coassemb76_003245-T1
OG0000555	jgi|Podan3|208720|mRNA_7548	coassemb76_003908-T1
OG0000556	jgi|Podan3|201567|mRNA_395	jgi|Acastr1|125819|AST1_000507-RA
OG0000580	jgi|Podan3|202853|mRNA_1681	jgi|Aspni_DSM_1|158126|An03g01130m.01
OG0000580	jgi|Podan3|202853|mRNA_1681	coassemb378_009052-T1
OG0000581	jgi|Podan3|210941|mRNA_9769	jgi|Fonmu1|6763|Z520_01973T0
OG0000605	jgi|Podan3|206051|mRNA_4879	coassemb64_007527-T1
OG0000609	jgi|Podan3|207771|mRNA_6599	jgi|Artol1|4636|AOL_s00078g22m.01
OG0000630	jgi|Podan3|207285|mRNA_6113	jgi|Dibbae1|12595|DIBA_004271-RA
OG0000654	jgi|Podan3|210753|mRNA_9581	jgi|Exoaq1|12818|A1O9_09103T0
OG0000656	jgi|Podan3|209731|mRNA_8559	jgi|Dibbae1|4268|DIBA_008731-RA
OG0000656	jgi|Podan3|209731|mRNA_8559	coassemb378_005954-T1
OG0000661	jgi|Podan3|206556|mRNA_5384	jgi|Penexp1|3400|PEXP_084810T0
OG0000698	jgi|Podan3|205753|mRNA_4581	jgi|Aurpu_var_mel1|68258|fgenesh1_pg.20_#_96
OG0000703	jgi|Podan3|203451|mRNA_2279	jgi|Altal1|1099843|estExt_Genemark1.C_310035
OG0000746	jgi|Podan3|210130|mRNA_8958	KAI9712186.1
OG0000746	jgi|Podan3|210130|mRNA_8958	jgi|Aurpu_var_mel1|51785|e_gw1.15.13.1
OG0000752	jgi|Podan3|201616|mRNA_444	jgi|Dibbae1|3999|DIBA_006726-RA
OG0000772	jgi|Podan3|208155|mRNA_6983	jgi|Fonmu1|3937|Z520_08574T0
OG0000780	jgi|Podan3|205087|mRNA_3915	coassemb378_005839-T1
OG0000791	jgi|Podan3|208473|mRNA_7301	GTX0466b15_004002-T1
OG0000791	jgi|Podan3|208473|mRNA_7301	jgi|EndpusZ1|9090|EPUS_06921T0
OG0000793	jgi|Podan3|201452|mRNA_280	coassemb378_010898-T1
OG0000797	jgi|Podan3|207989|mRNA_6817	jgi|Monha1|8780|H072_9122m.01
OG0000821	jgi|Podan3|207409|mRNA_6237	jgi|Ascim1|41603|CE41602_3598
OG0000847	jgi|Podan3|201408|mRNA_236	jgi|Penexp1|4253|PEXP_033940T0
OG0000868	jgi|Podan3|204155|mRNA_2983	jgi|Capcor1|95944|A1O1_03087T0
OG0000880	jgi|Podan3|207262|mRNA_6090	FUN_003923_T1_FUN_003923
OG0000894	jgi|Podan3|206085|mRNA_4913	KAJ9662613.1, KAJ9658160.1, KAJ9654031.1
OG0000894	jgi|Podan3|210208|mRNA_9036	KAI9705150.1
OG0000898	jgi|Podan3|207981|mRNA_6809	jgi|Artol1|7246|AOL_s00097g62m.01
OG0000906	jgi|Podan3|201855|mRNA_683	CAF9930826.1
OG0000923	jgi|Podan3|207531|mRNA_6359	jgi|Penexp1|332|PEXP_056510T0
OG0000928	jgi|Podan3|206537|mRNA_5365	CAF9924993.1
OG0000931	jgi|Podan3|202189|mRNA_1017	jgi|Penexp1|7856|PEXP_008370T0
OG0000944	jgi|Podan3|211020|mRNA_9848	jgi|Exoaq1|8108|A1O9_04643T0
OG0000956	jgi|Podan3|204649|mRNA_3477	jgi|Clagr3|1466|CLAGR_002260-RA
OG0000961	jgi|Podan3|201588|mRNA_416	jgi|Penexp1|7215|PEXP_004080T0
OG0000970	jgi|Podan3|203777|mRNA_2605	jgi|Grascr1|2165|GST1_001284-RA
OG0000974	jgi|Podan3|202755|mRNA_1583	jgi|Dibbae1|9218|DIBA_011494-RA
OG0000991	jgi|Podan3|204154|mRNA_2982	KAJ9652281.1
OG0000997	jgi|Podan3|205590|mRNA_4418	jgi|Artol1|71|AOL_s00004g70m.01
OG0001006	jgi|Podan3|209713|mRNA_8541	jgi|Monha1|9388|H072_9849m.01
OG0001008	jgi|Podan3|205152|mRNA_3980	jgi|EndpusZ1|9085|EPUS_06916T0
OG0001008	jgi|Podan3|204627|mRNA_3455	KAI9726428.1
OG0001008	jgi|Podan3|204627|mRNA_3455	jgi|Altal1|1063175|gm1.7410_g
OG0001008	jgi|Podan3|204627|mRNA_3455	KAI9653588.1
OG0001008	jgi|Podan3|204627|mRNA_3455	jgi|Umbpus1|102845|LPUS_09439T0
OG0001008	jgi|Podan3|204627|mRNA_3455	KAI9721440.1
OG0001008	jgi|Podan3|204627|mRNA_3455	KAI9700449.1
OG0001008	jgi|Podan3|204627|mRNA_3455	GTX0486b100_000746-T1
OG0001008	jgi|Podan3|204627|mRNA_3455	KAI4104851.1
OG0001008	jgi|Podan3|204627|mRNA_3455	GTX0494b19_000610-T1
OG0001008	jgi|Podan3|204627|mRNA_3455	FUN_007722_T1_FUN_007722
OG0001008	jgi|Podan3|204627|mRNA_3455	KAI4226077.1
OG0001008	jgi|Podan3|204627|mRNA_3455	KAI4239468.1
OG0001008	jgi|Podan3|204627|mRNA_3455	KAI4098372.1
OG0001008	jgi|Podan3|204627|mRNA_3455	KAI4290455.1
OG0001008	jgi|Podan3|204627|mRNA_3455	jgi|Acastr1|120159|AST1_004809-RA
OG0001008	jgi|Podan3|204627|mRNA_3455	CAF9942724.1
OG0001008	jgi|Podan3|204627|mRNA_3455	jgi|Clagr3|4839|CLAGR_003635-RA
OG0001008	jgi|Podan3|204627|mRNA_3455	coassemb376_007299-T1
OG0001008	jgi|Podan3|204627|mRNA_3455	jgi|Penexp1|6297|PEXP_100670T0
OG0001008	jgi|Podan3|204627|mRNA_3455	jgi|Aspni_DSM_1|166600|An15g00760m.01
OG0001008	jgi|Podan3|204627|mRNA_3455	coassemb64_000154-T1
OG0001008	jgi|Podan3|204627|mRNA_3455	jgi|Aurpu_var_mel1|56756|e_gw1.25.460.1
OG0001008	jgi|Podan3|204627|mRNA_3455	jgi|Clagr3|11238|CLAGR_011001-RA
OG0001008	jgi|Podan3|204627|mRNA_3455	jgi|EndpusZ1|9085|EPUS_06916T0
OG0001008	jgi|Podan3|204627|mRNA_3455	jgi|Clagr3|11238|CLAGR_011001-RA
OG0001008	jgi|Podan3|204627|mRNA_3455	jgi|EndpusZ1|9085|EPUS_06916T0
OG0001015	jgi|Podan3|205035|mRNA_3863	jgi|Exoaq1|3877|A1O9_11399T0
OG0001017	jgi|Podan3|201205|mRNA_33	jgi|Altal1|938817|e_gw1.14.419.1
OG0001034	jgi|Podan3|201785|mRNA_613	jgi|Acastr1|122575|AST1_008451-RA
OG0001034	jgi|Podan3|201785|mRNA_613	KAI9754741.1
OG0001034	jgi|Podan3|201785|mRNA_613	KAI9826786.1
OG0001034	jgi|Podan3|201785|mRNA_613	jgi|Altal1|1015420|fgenesh1_kg.1_#_398_#_Locus12168v1rpkm0.86
OG0001082	jgi|Podan3|203720|mRNA_2548	jgi|Ascim1|202284|e_gw1.1.305.1
OG0001082	jgi|Podan3|203720|mRNA_2548	jgi|Morco1|535134|fgenesh1_kg.19_#_140_#_Locus7466v1rpkm11.09
OG0001082	jgi|Podan3|203720|mRNA_2548	CAF9943247.1
OG0001082	jgi|Podan3|203720|mRNA_2548	coassemb376_004564-T1
OG0001082	jgi|Podan3|203720|mRNA_2548	jgi|Clagr3|9459|CLAGR_009794-RA
OG0001082	jgi|Podan3|203720|mRNA_2548	jgi|Sclsc1|603|SS1G_00603T0
OG0001082	jgi|Podan3|203720|mRNA_2548	jgi|Sclsc1|603|SS1G_00603T0
OG0001082	jgi|Podan3|203720|mRNA_2548	KAI9662718.1
OG0001082	jgi|Podan3|203720|mRNA_2548	KAI9725238.1, KAI9719547.1
OG0001082	jgi|Podan3|203720|mRNA_2548	jgi|Acastr1|122541|AST1_007018-RA
OG0001082	jgi|Podan3|203720|mRNA_2548	jgi|Altal1|1004433|fgenesh1_pg.1_#_729
OG0001082	jgi|Podan3|203720|mRNA_2548	jgi|Neucr_trp3_1|6701|Neucr2.NCU05230T0
OG0001082	jgi|Podan3|203720|mRNA_2548	jgi|Neucr_trp3_1|6701|Neucr2.NCU05230T0
OG0001115	jgi|Podan3|201854|mRNA_682, jgi|Podan3|202306|mRNA_1134	coassemb76_002847-T1, coassemb76_003966-T1
OG0001147	jgi|Podan3|203462|mRNA_2290	coassemb64_003754-T1
OG0001147	jgi|Podan3|203462|mRNA_2290	jgi|Fonmu1|7193|Z520_02403T0
OG0001147	jgi|Podan3|203462|mRNA_2290	jgi|EndpusZ1|8870|EPUS_02709T0
OG0001147	jgi|Podan3|203462|mRNA_2290	jgi|Cocpo1_1|2112|XM_003067065.1
OG0001147	jgi|Podan3|203462|mRNA_2290	jgi|Aspni_DSM_1|168897|An18g04540m.01
OG0001147	jgi|Podan3|203462|mRNA_2290	jgi|Penexp1|8409|PEXP_037200T0
OG0001147	jgi|Podan3|203462|mRNA_2290	jgi|Exoaq1|3084|A1O9_10602T0
OG0001149	jgi|Podan3|210221|mRNA_9049	coassemb64_007578-T1
OG0001155	jgi|Podan3|203403|mRNA_2231	CAF9922875.1
OG0001161	jgi|Podan3|207032|mRNA_5860	coassemb378_003837-T1
OG0001161	jgi|Podan3|207032|mRNA_5860	jgi|Grascr1|10701|GST1_003867-RA
OG0001178	jgi|Podan3|204654|mRNA_3482	jgi|Cocpo1_1|6081|XM_003071034.1
OG0001181	jgi|Podan3|201905|mRNA_733	jgi|Fonmu1|8464|Z520_11439T0
OG0001184	jgi|Podan3|203143|mRNA_1971	jgi|Exoaq1|6235|A1O9_12036T0
OG0001191	jgi|Podan3|209451|mRNA_8279	jgi|Morco1|547704|fgenesh1_pg.43_#_83
OG0001196	jgi|Podan3|203864|mRNA_2692	jgi|Acastr1|124709|AST1_002374-RA
OG0001204	jgi|Podan3|210915|mRNA_9743	coassemb76_010163-T1
OG0001227	jgi|Podan3|203563|mRNA_2391	jgi|Artol1|4183|AOL_s00076g279m.01
OG0001227	jgi|Podan3|203563|mRNA_2391	jgi|Aspni_DSM_1|158193|An03g01800m.01
OG0001281	jgi|Podan3|202049|mRNA_877	jgi|Artol1|5|AOL_s00004g4m.01
OG0001300	jgi|Podan3|204170|mRNA_2998	jgi|Artol1|5665|AOL_s00079g439m.01
OG0001305	jgi|Podan3|209698|mRNA_8526	CAF9922516.1
OG0001365	jgi|Podan3|208764|mRNA_7592	jgi|Phach1|4065|rna4064
OG0001365	jgi|Podan3|208764|mRNA_7592	jgi|Dibbae1|2926|DIBA_006189-RA
OG0001365	jgi|Podan3|208764|mRNA_7592	coassemb378_003830-T1
OG0001365	jgi|Podan3|208764|mRNA_7592	KAI4223169.1
OG0001365	jgi|Podan3|208764|mRNA_7592	FUN_008768_T1_FUN_008768
OG0001365	jgi|Podan3|208764|mRNA_7592	GTX0494b19_003044-T1
OG0001365	jgi|Podan3|208764|mRNA_7592	KAI4095533.1
OG0001365	jgi|Podan3|208764|mRNA_7592	KAI4281159.1
OG0001365	jgi|Podan3|208764|mRNA_7592	KAI9754955.1
OG0001365	jgi|Podan3|208764|mRNA_7592	coassemb376_000164-T1
OG0001365	jgi|Podan3|208764|mRNA_7592	KAI4109509.1
OG0001365	jgi|Podan3|208764|mRNA_7592	CAF9915597.1
OG0001365	jgi|Podan3|208764|mRNA_7592	KAI4239269.1
OG0001365	jgi|Podan3|208764|mRNA_7592	jgi|Erypu1|1398|transcript_POS83500
OG0001365	jgi|Podan3|208764|mRNA_7592	jgi|Penexp1|6275|PEXP_100450T0
OG0001365	jgi|Podan3|208764|mRNA_7592	jgi|Exoaq1|5732|A1O9_03259T0
OG0001365	jgi|Podan3|208764|mRNA_7592	coassemb76_009708-T1
OG0001365	jgi|Podan3|208764|mRNA_7592	XP_008717207.1
OG0001365	jgi|Podan3|208764|mRNA_7592	jgi|Monha1|4818|H072_4920m.01
OG0001365	jgi|Podan3|208764|mRNA_7592	jgi|Clagr3|1312|CLAGR_001296-RA
OG0001365	jgi|Podan3|208764|mRNA_7592	jgi|EndpusZ1|295|EPUS_04182T0
OG0001428	jgi|Podan3|205704|mRNA_4532	jgi|Grascr1|4396|GST1_010145-RA
OG0001435	jgi|Podan3|205845|mRNA_4673	coassemb376_005892-T1
OG0001435	jgi|Podan3|205845|mRNA_4673	KAI4287589.1
OG0001497	jgi|Podan3|203377|mRNA_2205	jgi|Sclsc1|3190|SS1G_09646T0
OG0001497	jgi|Podan3|203377|mRNA_2205	jgi|Dibbae1|9770|DIBA_012322-RA
OG0001497	jgi|Podan3|205140|mRNA_3968	jgi|Altal1|382152|CE382151_19717
OG0001497	jgi|Podan3|205140|mRNA_3968	jgi|Sclsc1|3199|SS1G_09655T0
OG0001497	jgi|Podan3|205140|mRNA_3968	jgi|PseVKM4520_1|7086|transcript_KFZ08885, jgi|PseVKM4520_1|6996|transcript_KFZ25454
OG0001499	jgi|Podan3|207519|mRNA_6347	jgi|EndpusZ1|2781|EPUS_05882T0
OG0001506	jgi|Podan3|207294|mRNA_6122	jgi|Exoaq1|6233|A1O9_12034T0
OG0001512	jgi|Podan3|205749|mRNA_4577	coassemb76_005891-T1
OG0001529	jgi|Podan3|203617|mRNA_2445	coassemb64_004123-T1
OG0001529	jgi|Podan3|203617|mRNA_2445	jgi|Aspni_DSM_1|168268|An17g00540m.01
OG0001536	jgi|Podan3|211277|mRNA_10105	jgi|Acastr1|120481|AST1_007794-RA
OG0001536	jgi|Podan3|211277|mRNA_10105	jgi|Dibbae1|4048|DIBA_007013-RA
OG0001536	jgi|Podan3|211277|mRNA_10105	GTX0494b19_005144-T1
OG0001536	jgi|Podan3|211277|mRNA_10105	KAI4108636.1
OG0001536	jgi|Podan3|211277|mRNA_10105	FUN_007834_T1_FUN_007834
OG0001536	jgi|Podan3|211277|mRNA_10105	KAI4234473.1
OG0001536	jgi|Podan3|211277|mRNA_10105	KAI4222667.1
OG0001536	jgi|Podan3|211277|mRNA_10105	KAI4103074.1
OG0001536	jgi|Podan3|211277|mRNA_10105	KAI4283311.1
OG0001536	jgi|Podan3|211277|mRNA_10105	jgi|Clagr3|6014|CLAGR_006107-RA
OG0001536	jgi|Podan3|211277|mRNA_10105	CAF9929824.1
OG0001536	jgi|Podan3|211277|mRNA_10105	coassemb376_002491-T1
OG0001536	jgi|Podan3|211277|mRNA_10105	jgi|Umbpus1|101033|LPUS_07772T0
OG0001536	jgi|Podan3|211277|mRNA_10105	KAI9824748.1
OG0001536	jgi|Podan3|211277|mRNA_10105	KAI9830758.1
OG0001536	jgi|Podan3|211277|mRNA_10105	GTX0486b100_007624-T1
OG0001536	jgi|Podan3|211277|mRNA_10105	KAI9719122.1
OG0001536	jgi|Podan3|211277|mRNA_10105	KAI9700295.1
OG0001536	jgi|Podan3|211277|mRNA_10105	KAI9752860.1
OG0001536	jgi|Podan3|211277|mRNA_10105	jgi|Aspni_DSM_1|168412|An17g01977m.01
OG0001536	jgi|Podan3|211277|mRNA_10105	jgi|Penexp1|9931|PEXP_016540T0
OG0001536	jgi|Podan3|211277|mRNA_10105	jgi|Cocpo1_1|4571|XM_003069524.1
OG0001536	jgi|Podan3|211277|mRNA_10105	jgi|Claba1|127713|Z519_00093T0
OG0001536	jgi|Podan3|211277|mRNA_10105	jgi|Fonmu1|6148|Z520_09961T0
OG0001536	jgi|Podan3|211277|mRNA_10105	jgi|Capcor1|101487|A1O1_08679T0
OG0001536	jgi|Podan3|211277|mRNA_10105	jgi|Exoaq1|4992|A1O9_02514T0
OG0001536	jgi|Podan3|211277|mRNA_10105	GTX0466b15_000813-T1
OG0001536	jgi|Podan3|211277|mRNA_10105	coassemb76_003396-T1
OG0001536	jgi|Podan3|211277|mRNA_10105	XP_008717414.1
OG0001536	jgi|Podan3|211277|mRNA_10105	KAJ9662625.1
OG0001536	jgi|Podan3|211277|mRNA_10105	jgi|EndpusZ1|3662|EPUS_06546T0
OG0001536	jgi|Podan3|211277|mRNA_10105	jgi|Phach1|542|rna541
OG0001536	jgi|Podan3|211277|mRNA_10105	jgi|Grascr1|8122|GST1_003823-RA
OG0001536	jgi|Podan3|211277|mRNA_10105	coassemb378_009379-T1
OG0001610	jgi|Podan3|203154|mRNA_1982	jgi|EndpusZ1|9217|EPUS_05848T0
OG0001615	jgi|Podan3|208966|mRNA_7794	jgi|Acastr1|126436|AST1_001131-RA
OG0001623	jgi|Podan3|207203|mRNA_6031	jgi|Aspni_DSM_1|168603|An18g01580m.01
OG0001640	jgi|Podan3|209653|mRNA_8481	KAI4086500.1
OG0001646	jgi|Podan3|201611|mRNA_439	jgi|Altal1|1094038|estExt_Genemark1.C_80316
OG0001688	jgi|Podan3|204992|mRNA_3820	KAI4208429.1
OG0001704	jgi|Podan3|210721|mRNA_9549	KAI9715680.1
OG0001764	jgi|Podan3|209159|mRNA_7987, jgi|Podan3|210190|mRNA_9018	KAI4092376.1
OG0001764	jgi|Podan3|209159|mRNA_7987, jgi|Podan3|210190|mRNA_9018	KAI4222255.1
OG0001764	jgi|Podan3|209159|mRNA_7987, jgi|Podan3|210190|mRNA_9018	KAI4109325.1
OG0001764	jgi|Podan3|209159|mRNA_7987, jgi|Podan3|210190|mRNA_9018	FUN_000020_T1_FUN_000020, FUN_000019_T1_FUN_000019
OG0001764	jgi|Podan3|209159|mRNA_7987, jgi|Podan3|210190|mRNA_9018	KAI4237492.1
OG0001764	jgi|Podan3|209159|mRNA_7987, jgi|Podan3|210190|mRNA_9018	GTX0494b19_006371-T1
OG0001764	jgi|Podan3|209159|mRNA_7987, jgi|Podan3|210190|mRNA_9018	KAI9837337.1
OG0001764	jgi|Podan3|209159|mRNA_7987, jgi|Podan3|210190|mRNA_9018	jgi|Penexp1|10567|PEXP_059570T0
OG0001764	jgi|Podan3|209159|mRNA_7987, jgi|Podan3|210190|mRNA_9018	jgi|Aspni_DSM_1|159598|An04g09150m.01
OG0001764	jgi|Podan3|209159|mRNA_7987, jgi|Podan3|210190|mRNA_9018	jgi|Cocpo1_1|2320|XM_003067273.1
OG0001764	jgi|Podan3|209159|mRNA_7987, jgi|Podan3|210190|mRNA_9018	jgi|Phach1|6499|rna6498
OG0001764	jgi|Podan3|209159|mRNA_7987, jgi|Podan3|210190|mRNA_9018	jgi|EndpusZ1|4993|EPUS_06504T0
OG0001764	jgi|Podan3|209159|mRNA_7987, jgi|Podan3|210190|mRNA_9018	KAJ9654387.1
OG0001764	jgi|Podan3|209159|mRNA_7987, jgi|Podan3|210190|mRNA_9018	GTX0466b15_005820-T1
OG0001764	jgi|Podan3|209159|mRNA_7987, jgi|Podan3|210190|mRNA_9018	coassemb76_002844-T1
OG0001764	jgi|Podan3|209159|mRNA_7987, jgi|Podan3|210190|mRNA_9018	XP_008716700.1
OG0001764	jgi|Podan3|209159|mRNA_7987, jgi|Podan3|210190|mRNA_9018	jgi|Capcor1|92522|A1O1_08946T0
OG0001764	jgi|Podan3|209159|mRNA_7987, jgi|Podan3|210190|mRNA_9018	jgi|Fonmu1|1265|Z520_05895T0, jgi|Fonmu1|6713|Z520_01923T0
OG0001764	jgi|Podan3|209159|mRNA_7987, jgi|Podan3|210190|mRNA_9018	jgi|Claba1|128535|Z519_00918T0, jgi|Claba1|138905|Z519_05437T0
OG0001764	jgi|Podan3|209159|mRNA_7987, jgi|Podan3|210190|mRNA_9018	jgi|Exoaq1|12061|A1O9_08377T0
OG0001764	jgi|Podan3|209159|mRNA_7987, jgi|Podan3|210190|mRNA_9018	coassemb64_007161-T1
OG0001800	jgi|Podan3|205550|mRNA_4378	coassemb76_009563-T1
OG0001800	jgi|Podan3|205550|mRNA_4378	jgi|Claba1|131384|Z519_09698T0
OG0001804	jgi|Podan3|203121|mRNA_1949	CAF9930485.1
OG0001830	jgi|Podan3|201600|mRNA_428	coassemb76_007596-T1
OG0001830	jgi|Podan3|201600|mRNA_428	jgi|Grascr1|11554|GST1_001776-RA
OG0001845	jgi|Podan3|206365|mRNA_5193	coassemb76_008813-T1
OG0001845	jgi|Podan3|206365|mRNA_5193	jgi|Claba1|131841|Z519_10158T0
OG0001900	jgi|Podan3|209699|mRNA_8527, jgi|Podan3|207569|mRNA_6397	GTX0494b19_002960-T1
OG0001900	jgi|Podan3|209699|mRNA_8527, jgi|Podan3|207569|mRNA_6397	coassemb376_002860-T1
OG0001900	jgi|Podan3|209699|mRNA_8527, jgi|Podan3|207569|mRNA_6397	KAI9707756.1, KAI9701956.1, KAI9696253.1
OG0001900	jgi|Podan3|209699|mRNA_8527, jgi|Podan3|207569|mRNA_6397	KAI9712976.1, KAI9722998.1, KAI9709030.1, KAI9712975.1
OG0001900	jgi|Podan3|209699|mRNA_8527, jgi|Podan3|207569|mRNA_6397	GTX0486b100_006502-T1, GTX0486b100_002305-T1, GTX0486b100_003878-T1
OG0001900	jgi|Podan3|209699|mRNA_8527, jgi|Podan3|207569|mRNA_6397	jgi|Altal1|1057800|gm1.2035_g, jgi|Altal1|1076160|MIX8058_4_30
OG0001900	jgi|Podan3|209699|mRNA_8527, jgi|Podan3|207569|mRNA_6397	KAJ9661170.1, KAJ9664186.1
OG0001900	jgi|Podan3|209699|mRNA_8527, jgi|Podan3|207569|mRNA_6397	jgi|Claba1|131639|Z519_09955T0, jgi|Claba1|130619|Z519_08927T0, jgi|Claba1|140162|Z519_06696T0
OG0001900	jgi|Podan3|209699|mRNA_8527, jgi|Podan3|207569|mRNA_6397	coassemb64_008104-T1
OG0001900	jgi|Podan3|209699|mRNA_8527, jgi|Podan3|207569|mRNA_6397	jgi|Fonmu1|2605|Z520_07239T0, jgi|Fonmu1|11703|Z520_04908T0
OG0001900	jgi|Podan3|209699|mRNA_8527, jgi|Podan3|207569|mRNA_6397	XP_008710978.1, XP_008713576.1, XP_008711902.1
OG0001900	jgi|Podan3|209699|mRNA_8527, jgi|Podan3|207569|mRNA_6397	jgi|Cocpo1_1|2027|XM_003066980.1, jgi|Cocpo1_1|7195|XM_003072148.1
OG0001900	jgi|Podan3|209699|mRNA_8527, jgi|Podan3|207569|mRNA_6397	jgi|Acastr1|122607|AST1_008073-RA
OG0001900	jgi|Podan3|209699|mRNA_8527, jgi|Podan3|207569|mRNA_6397	GTX0466b15_003749-T1, GTX0466b15_003026-T1, GTX0466b15_006847-T1, GTX0466b15_005440-T1, GTX0466b15_004347-T1
OG0001900	jgi|Podan3|209699|mRNA_8527, jgi|Podan3|207569|mRNA_6397	coassemb76_002780-T1, coassemb76_003766-T1
OG0001900	jgi|Podan3|209699|mRNA_8527, jgi|Podan3|207569|mRNA_6397	CAF9932967.1, CAF9938707.1, CAF9938704.1, CAF9927524.1
OG0001900	jgi|Podan3|209699|mRNA_8527, jgi|Podan3|207569|mRNA_6397	CAF9932967.1, CAF9938707.1, CAF9938704.1, CAF9927524.1
OG0001900	jgi|Podan3|209699|mRNA_8527, jgi|Podan3|207569|mRNA_6397	jgi|Exoaq1|6117|A1O9_11918T0
OG0001900	jgi|Podan3|209699|mRNA_8527, jgi|Podan3|207569|mRNA_6397	jgi|Aurpu_var_mel1|84966|gm1.5362_g
OG0001900	jgi|Podan3|209699|mRNA_8527, jgi|Podan3|207569|mRNA_6397	KAI9651735.1, KAI9653209.1
OG0001927	jgi|Podan3|201693|mRNA_521	jgi|Capcor1|101303|A1O1_08493T0
OG0001931	jgi|Podan3|201959|mRNA_787	jgi|Claba1|130937|Z519_09248T0
OG0001935	jgi|Podan3|203667|mRNA_2495	jgi|Morco1|203785|CE203784_1176
OG0001955	jgi|Podan3|208732|mRNA_7560	KAI9837859.1
OG0001991	jgi|Podan3|211627|mRNA_10455	KAI4091663.1
OG0002000	jgi|Podan3|202075|mRNA_903	KAI4279879.1
OG0002004	jgi|Podan3|207237|mRNA_6065	coassemb76_000425-T1
OG0002022	jgi|Podan3|211089|mRNA_9917	CAF9938633.1
OG0002081	jgi|Podan3|204151|mRNA_2979	coassemb64_004135-T1
OG0002154	jgi|Podan3|207156|mRNA_5984	jgi|Sclsc1|8089|SS1G_13512T0
OG0002211	jgi|Podan3|202831|mRNA_1659	jgi|Aspni_DSM_1|155098|An01g00340m.01
OG0002235	jgi|Podan3|204253|mRNA_3081	jgi|EndpusZ1|4631|EPUS_02121T0
OG0002329	jgi|Podan3|204699|mRNA_3527	KAI4289628.1
OG0002329	jgi|Podan3|204699|mRNA_3527	jgi|Dibbae1|8223|DIBA_010511-RA
OG0002373	jgi|Podan3|206210|mRNA_5038	FUN_005923_T1_FUN_005923
OG0002396	jgi|Podan3|203544|mRNA_2372	jgi|Acastr1|125592|AST1_007869-RA
OG0002575	jgi|Podan3|211215|mRNA_10043	GTX0486b100_008436-T1
OG0002575	jgi|Podan3|211215|mRNA_10043	GTX0494b19_000543-T1
OG0002624	jgi|Podan3|202106|mRNA_934	coassemb76_009612-T1
OG0002624	jgi|Podan3|202106|mRNA_934	KAJ9649871.1
OG0002704	jgi|Podan3|206363|mRNA_5191	coassemb76_008812-T1
OG0002705	jgi|Podan3|210275|mRNA_9103	KAI4286705.1
OG0002718	jgi|Podan3|202352|mRNA_1180	coassemb64_002777-T1
OG0002738	jgi|Podan3|201595|mRNA_423	jgi|Monha1|1364|H072_1364m.01
OG0002823	jgi|Podan3|203484|mRNA_2312	FUN_007174_T1_FUN_007174
OG0002828	jgi|Podan3|207818|mRNA_6646	jgi|Exoaq1|10799|A1O9_07168T0
OG0002828	jgi|Podan3|207818|mRNA_6646	jgi|Capcor1|100092|A1O1_07270T0
OG0002828	jgi|Podan3|207818|mRNA_6646	jgi|Claba1|134946|Z519_12353T0
OG0002828	jgi|Podan3|207818|mRNA_6646	jgi|Fonmu1|7265|Z520_02475T0
OG0002828	jgi|Podan3|207818|mRNA_6646	XP_008711537.1
OG0002828	jgi|Podan3|207818|mRNA_6646	coassemb76_000247-T1
OG0002828	jgi|Podan3|207818|mRNA_6646	GTX0466b15_001866-T1
OG0002828	jgi|Podan3|207818|mRNA_6646	KAJ9651521.1
OG0002915	jgi|Podan3|210066|mRNA_8894	KAI9827469.1
OG0002915	jgi|Podan3|210066|mRNA_8894	jgi|Acastr1|119944|AST1_005578-RA
OG0002915	jgi|Podan3|210066|mRNA_8894	KAI9708994.1
OG0002915	jgi|Podan3|210066|mRNA_8894	KAI9699115.1
OG0002915	jgi|Podan3|210066|mRNA_8894	GTX0486b100_003917-T1
OG0002915	jgi|Podan3|210066|mRNA_8894	jgi|EndpusZ1|8056|EPUS_01117T0
OG0002915	jgi|Podan3|210066|mRNA_8894	coassemb76_003429-T1
OG0002915	jgi|Podan3|210066|mRNA_8894	GTX0466b15_009337-T1
OG0002915	jgi|Podan3|210066|mRNA_8894	KAJ9660768.1
OG0002915	jgi|Podan3|210066|mRNA_8894	coassemb64_001969-T1, coassemb64_002970-T1
OG0002915	jgi|Podan3|210066|mRNA_8894	jgi|Exoaq1|7861|A1O9_04392T0
OG0002915	jgi|Podan3|210066|mRNA_8894	jgi|Fonmu1|232|Z520_00233T0
OG0002915	jgi|Podan3|210066|mRNA_8894	jgi|Claba1|132678|Z519_01156T0
OG0002915	jgi|Podan3|210066|mRNA_8894	jgi|Capcor1|97979|A1O1_05143T0
OG0002915	jgi|Podan3|210066|mRNA_8894	XP_008713414.1
OG0002915	jgi|Podan3|210066|mRNA_8894	KAI4108289.1
OG0002915	jgi|Podan3|210066|mRNA_8894	KAI4220978.1
OG0002915	jgi|Podan3|210066|mRNA_8894	KAI4226582.1
OG0002915	jgi|Podan3|210066|mRNA_8894	GTX0494b19_003100-T1
OG0002915	jgi|Podan3|210066|mRNA_8894	FUN_006744_T1_FUN_006744
OG0002915	jgi|Podan3|210066|mRNA_8894	KAI4111150.1
OG0002915	jgi|Podan3|210066|mRNA_8894	KAI4288491.1
OG0002915	jgi|Podan3|210066|mRNA_8894	jgi|Clagr3|3665|CLAGR_003870-RA
OG0002915	jgi|Podan3|210066|mRNA_8894	CAF9911204.1
OG0002915	jgi|Podan3|210066|mRNA_8894	jgi|Umbpus1|103308|LPUS_09888T0
OG0002915	jgi|Podan3|210066|mRNA_8894	coassemb376_003464-T1
OG0002915	jgi|Podan3|210066|mRNA_8894	coassemb378_006391-T1
OG0002915	jgi|Podan3|210066|mRNA_8894	jgi|Grascr1|10700|GST1_003866-RA
OG0002915	jgi|Podan3|210066|mRNA_8894	jgi|Dibbae1|7402|DIBA_009565-RA
OG0002915	jgi|Podan3|210066|mRNA_8894	jgi|Grascr1|11245|GST1_005871-RA
OG0002915	jgi|Podan3|210066|mRNA_8894	jgi|Grascr1|11245|GST1_005871-RA
OG0002915	jgi|Podan3|210066|mRNA_8894	jgi|Altal1|1030286|fgenesh1_pm.8_#_61
OG0002915	jgi|Podan3|210066|mRNA_8894	KAI9652251.1
OG0002915	jgi|Podan3|210066|mRNA_8894	jgi|Aspni_DSM_1|160016|An06g00430m.01
OG0002915	jgi|Podan3|210066|mRNA_8894	jgi|Clagr3|8243|CLAGR_009111-RA
OG0002915	jgi|Podan3|210066|mRNA_8894	jgi|Clagr3|8243|CLAGR_009111-RA
OG0002915	jgi|Podan3|210066|mRNA_8894	jgi|Clagr3|2366|CLAGR_001764-RA
OG0002915	jgi|Podan3|210066|mRNA_8894	jgi|Clagr3|2366|CLAGR_001764-RA
OG0002915	jgi|Podan3|210066|mRNA_8894	KAJ9653342.1
OG0002915	jgi|Podan3|210066|mRNA_8894	KAJ9653342.1
OG0002915	jgi|Podan3|210066|mRNA_8894	jgi|Penexp1|4622|PEXP_047470T0
OG0002915	jgi|Podan3|210066|mRNA_8894	jgi|Ascim1|416225|fgenesh1_RNNotator_kg.60_#_29_#_Locus9315v1rpkm4.92
OG0002915	jgi|Podan3|210066|mRNA_8894	jgi|Aurpu_var_mel1|79469|fgenesh1_pm.46_#_1
OG0003192	jgi|Podan3|202007|mRNA_835	jgi|Acastr1|123922|AST1_000544-RA
OG0003358	jgi|Podan3|205136|mRNA_3964	jgi|Acastr1|123626|AST1_006950-RA
OG0003358	jgi|Podan3|205136|mRNA_3964	KAI9816652.1
OG0003393	jgi|Podan3|201960|mRNA_788	coassemb376_007251-T1
OG0003398	jgi|Podan3|208877|mRNA_7705	jgi|Cocpo1_1|5470|XM_003070423.1
OG0003398	jgi|Podan3|208877|mRNA_7705	coassemb64_005159-T1
OG0003398	jgi|Podan3|207063|mRNA_5891	coassemb64_005159-T1
OG0003398	jgi|Podan3|207063|mRNA_5891	KAI4260686.1
OG0003398	jgi|Podan3|207063|mRNA_5891	jgi|Aspni_DSM_1|156369|An01g13500m.01, jgi|Aspni_DSM_1|162237|An08g09830m.01, jgi|Aspni_DSM_1|157579|An02g10630m.01
OG0003398	jgi|Podan3|207063|mRNA_5891	jgi|Altal1|1014888|fgenesh1_pg.45_#_2
OG0003398	jgi|Podan3|207063|mRNA_5891	jgi|Dibbae1|1747|DIBA_006330-RA
OG0003398	jgi|Podan3|207063|mRNA_5891	jgi|Acastr1|126383|AST1_002472-RA
OG0003398	jgi|Podan3|207063|mRNA_5891	jgi|Grascr1|2263|GST1_007038-RA
OG0003398	jgi|Podan3|207063|mRNA_5891	coassemb64_005159-T1
OG0003398	jgi|Podan3|207063|mRNA_5891	jgi|Sclsc1|11744|SS1G_04773T0
OG0003402	jgi|Podan3|206986|mRNA_5814	coassemb376_001305-T1
OG0003426	jgi|Podan3|210594|mRNA_9422	jgi|Dibbae1|12574|DIBA_004250-RA
OG0003437	jgi|Podan3|203306|mRNA_2134	coassemb378_011328-T1
OG0003465	jgi|Podan3|207086|mRNA_5914	jgi|Grascr1|8572|GST1_003093-RA
OG0003465	jgi|Podan3|207086|mRNA_5914	jgi|Acastr1|126311|AST1_007276-RA
OG0003617	jgi|Podan3|208761|mRNA_7589	jgi|EndpusZ1|4099|EPUS_09402T0
OG0003617	jgi|Podan3|208761|mRNA_7589	CAF9906519.1
OG0003617	jgi|Podan3|208761|mRNA_7589	jgi|Fonmu1|6707|Z520_01917T0
OG0003625	jgi|Podan3|206030|mRNA_4858	jgi|Exoaq1|7046|A1O9_12848T0
OG0003680	jgi|Podan3|210668|mRNA_9496	jgi|Morco1|577490|gm1.8266_g
OG0003689	jgi|Podan3|203971|mRNA_2799	jgi|Clagr3|7431|CLAGR_007028-RA
OG0003709	jgi|Podan3|207200|mRNA_6028	coassemb376_002099-T1
OG0003709	jgi|Podan3|207200|mRNA_6028	jgi|Acastr1|119440|AST1_007522-RA
OG0003794	jgi|Podan3|201489|mRNA_317	KAI9817910.1
OG0003840	jgi|Podan3|211688|mRNA_10516	jgi|Claba1|137073|Z519_12810T0
OG0003840	jgi|Podan3|211688|mRNA_10516	XP_008710554.1, XP_008721554.1
OG0003880	jgi|Podan3|205536|mRNA_4364	jgi|Umbpus1|105574|LPUS_12582T0
OG0003964	jgi|Podan3|210832|mRNA_9660	GTX0466b15_001705-T1
OG0003966	jgi|Podan3|210361|mRNA_9189	jgi|Claba1|138771|Z519_05302T0
OG0003978	jgi|Podan3|203618|mRNA_2446	CAF9943228.1
OG0003980	jgi|Podan3|205823|mRNA_4651	coassemb76_006176-T1
OG0004009	jgi|Podan3|202895|mRNA_1723	jgi|Exoaq1|6089|A1O9_11889T0
OG0004123	jgi|Podan3|207988|mRNA_6816	jgi|Aspni_DSM_1|158129|An03g01160m.01
OG0004186	jgi|Podan3|209308|mRNA_8136	KAI9839543.1
OG0004200	jgi|Podan3|203258|mRNA_2086	jgi|Fonmu1|9323|Z520_11729T0
OG0004369	jgi|Podan3|207512|mRNA_6340	jgi|Cocpo1_1|1562|XM_003066514.1
OG0004369	jgi|Podan3|201381|mRNA_209	jgi|Morco1|534707|fgenesh1_kg.17_#_43_#_Locus16834v1rpkm0.80
OG0004411	jgi|Podan3|203941|mRNA_2769	jgi|Capcor1|101072|A1O1_08260T0
OG0004435	jgi|Podan3|207316|mRNA_6144	GTX0486b100_006750-T1
OG0004527	jgi|Podan3|202560|mRNA_1388	KAI9652523.1
OG0004589	jgi|Podan3|202579|mRNA_1407	KAJ9650549.1
OG0004596	jgi|Podan3|203261|mRNA_2089	KAI9724359.1
OG0004596	jgi|Podan3|203261|mRNA_2089	KAI9704267.1
OG0004596	jgi|Podan3|203261|mRNA_2089	GTX0486b100_000491-T1
OG0004596	jgi|Podan3|203261|mRNA_2089	jgi|Acastr1|119937|AST1_007251-RA
OG0004596	jgi|Podan3|203261|mRNA_2089	KAI9832004.1
OG0004596	jgi|Podan3|203261|mRNA_2089	jgi|Sclsc1|10239|SS1G_03268T0
OG0004596	jgi|Podan3|203261|mRNA_2089	jgi|EndpusZ1|207|EPUS_06975T0
OG0004596	jgi|Podan3|203261|mRNA_2089	jgi|Phach1|1417|rna1416
OG0004596	jgi|Podan3|203261|mRNA_2089	jgi|Dibbae1|6553|DIBA_002688-RA
OG0004596	jgi|Podan3|203261|mRNA_2089	jgi|Fonmu1|130|Z520_00131T0
OG0004596	jgi|Podan3|203261|mRNA_2089	jgi|Claba1|132593|Z519_01071T0
OG0004596	jgi|Podan3|203261|mRNA_2089	jgi|Capcor1|97548|A1O1_04709T0
OG0004596	jgi|Podan3|203261|mRNA_2089	jgi|Exoaq1|5001|A1O9_02523T0
OG0004596	jgi|Podan3|203261|mRNA_2089	GTX0466b15_003013-T1
OG0004596	jgi|Podan3|203261|mRNA_2089	XP_008721380.1
OG0004596	jgi|Podan3|203261|mRNA_2089	KAJ9659329.1
OG0004596	jgi|Podan3|203261|mRNA_2089	jgi|Aspni_DSM_1|157423|An02g09010m.01
OG0004596	jgi|Podan3|203261|mRNA_2089	jgi|Penexp1|2069|PEXP_024810T0, jgi|Penexp1|10309|PEXP_062310T0
OG0004596	jgi|Podan3|203261|mRNA_2089	coassemb378_002643-T1
OG0004596	jgi|Podan3|203261|mRNA_2089	KAI9723081.1
OG0004596	jgi|Podan3|203261|mRNA_2089	KAI9669630.1
OG0004596	jgi|Podan3|203261|mRNA_2089	KAI9821405.1
OG0004596	jgi|Podan3|203261|mRNA_2089	jgi|Clagr3|4433|CLAGR_004625-RA
OG0004596	jgi|Podan3|203261|mRNA_2089	CAF9907743.1
OG0004596	jgi|Podan3|203261|mRNA_2089	jgi|Grascr1|12517|GST1_005601-RA
OG0004596	jgi|Podan3|203261|mRNA_2089	jgi|Phach1|1746|rna1745
OG0004596	jgi|Podan3|203261|mRNA_2089	jgi|Phach1|1746|rna1745
OG0004683	jgi|Podan3|206003|mRNA_4831	jgi|Cocpo1_1|6231|XM_003071184.1
OG0004683	jgi|Podan3|206003|mRNA_4831	KAJ9654140.1
OG0004683	jgi|Podan3|206003|mRNA_4831	jgi|Dibbae1|9548|DIBA_011563-RA
OG0004683	jgi|Podan3|206003|mRNA_4831	jgi|Exoaq1|8707|A1O9_12962T0
OG0004683	jgi|Podan3|206003|mRNA_4831	GTX0466b15_008348-T1
OG0004683	jgi|Podan3|206003|mRNA_4831	jgi|Clagr3|7739|CLAGR_007662-RA
OG0004683	jgi|Podan3|206003|mRNA_4831	CAF9933629.1
OG0004683	jgi|Podan3|206003|mRNA_4831	coassemb376_001291-T1
OG0004683	jgi|Podan3|206003|mRNA_4831	jgi|Umbpus1|102341|LPUS_03056T0
OG0004683	jgi|Podan3|206003|mRNA_4831	coassemb378_000407-T1
OG0004683	jgi|Podan3|206003|mRNA_4831	jgi|Grascr1|2983|GST1_009571-RA
OG0004683	jgi|Podan3|206003|mRNA_4831	jgi|Altal1|1014015|fgenesh1_pg.32_#_46
OG0004683	jgi|Podan3|206003|mRNA_4831	jgi|Aurpu_var_mel1|12002|gw1.4.326.1
OG0004683	jgi|Podan3|206003|mRNA_4831	KAI9669909.1
OG0004683	jgi|Podan3|206003|mRNA_4831	KAI9716871.1
OG0004683	jgi|Podan3|206003|mRNA_4831	KAI4103233.1
OG0004683	jgi|Podan3|206003|mRNA_4831	KAI4218975.1
OG0004683	jgi|Podan3|206003|mRNA_4831	FUN_005146_T1_FUN_005146
OG0004683	jgi|Podan3|206003|mRNA_4831	GTX0494b19_006162-T1
OG0004683	jgi|Podan3|206003|mRNA_4831	KAI4233863.1
OG0004683	jgi|Podan3|206003|mRNA_4831	KAI4287834.1
OG0004683	jgi|Podan3|206003|mRNA_4831	KAI4105131.1
OG0004683	jgi|Podan3|206003|mRNA_4831	jgi|Aspni_DSM_1|162435|An08g11890m.01
OG0004754	jgi|Podan3|209865|mRNA_8693	jgi|Exoaq1|2790|A1O9_13179T0
OG0004760	jgi|Podan3|201755|mRNA_583	jgi|Capcor1|95013|A1O1_02152T0
OG0004760	jgi|Podan3|201755|mRNA_583	jgi|Artol1|5540|AOL_s00079g314m.01
OG0004795	jgi|Podan3|205644|mRNA_4472	jgi|Claba1|139160|Z519_05692T0
OG0004966	jgi|Podan3|206284|mRNA_5112	coassemb378_011168-T1
OG0005152	jgi|Podan3|206814|mRNA_5642	jgi|Erypu1|4204|transcript_POS86146
OG0005152	jgi|Podan3|206814|mRNA_5642	jgi|Sclsc1|12668|SS1G_05697T0
OG0005152	jgi|Podan3|206814|mRNA_5642	jgi|Exoaq1|9081|A1O9_05506T0
OG0005152	jgi|Podan3|206814|mRNA_5642	KAJ9662486.1
OG0005152	jgi|Podan3|206814|mRNA_5642	jgi|Capcor1|95147|A1O1_02286T0
OG0005152	jgi|Podan3|206814|mRNA_5642	jgi|Claba1|137790|Z519_04317T0
OG0005152	jgi|Podan3|206814|mRNA_5642	jgi|Fonmu1|7746|Z520_10718T0
OG0005152	jgi|Podan3|206814|mRNA_5642	XP_008716112.1
OG0005152	jgi|Podan3|206814|mRNA_5642	XP_008716112.1
OG0005152	jgi|Podan3|206814|mRNA_5642	jgi|Altal1|990859|estExt_Genewise1Plus.C_12_t20081
OG0005177	jgi|Podan3|211138|mRNA_9966	jgi|Grascr1|8130|GST1_003831-RA
OG0005249	jgi|Podan3|208609|mRNA_7437	GTX0486b100_008287-T1
OG0005366	jgi|Podan3|206165|mRNA_4993	KAI4231955.1
OG0005425	jgi|Podan3|209498|mRNA_8326	jgi|Phach1|1154|rna1153
OG0005451	jgi|Podan3|202429|mRNA_1257	coassemb76_008141-T1
OG0005478	jgi|Podan3|209367|mRNA_8195	jgi|Penexp1|3367|PEXP_084480T0
OG0005484	jgi|Podan3|208652|mRNA_7480	jgi|Fonmu1|2034|Z520_06667T0
OG0005484	jgi|Podan3|208652|mRNA_7480	jgi|Clagr3|10117|CLAGR_009699-RA
OG0005488	jgi|Podan3|206612|mRNA_5440, jgi|Podan3|203776|mRNA_2604	jgi|Morco1|578739|gm1.9515_g, jgi|Morco1|524214|estExt_Genewise1Plus.C_310004
OG0005539	jgi|Podan3|208258|mRNA_7086	XP_008712375.1
OG0005590	jgi|Podan3|206615|mRNA_5443, jgi|Podan3|202281|mRNA_1109	jgi|Dibbae1|7904|DIBA_000367-RA
OG0005622	jgi|Podan3|210012|mRNA_8840	KAI4101797.1
OG0005622	jgi|Podan3|210012|mRNA_8840	jgi|Clagr3|8862|CLAGR_008842-RA, jgi|Clagr3|9792|CLAGR_010128-RA, jgi|Clagr3|6488|CLAGR_006593-RA
OG0005642	jgi|Podan3|208845|mRNA_7673	jgi|Grascr1|5566|GST1_001888-RA
OG0005718	jgi|Podan3|204646|mRNA_3474	GTX0466b15_006999-T1
OG0005747	jgi|Podan3|207852|mRNA_6680	jgi|EndpusZ1|3287|EPUS_08556T0, jgi|EndpusZ1|3288|EPUS_08557T0
OG0005825	jgi|Podan3|201598|mRNA_426	KAI9705914.1
OG0005834	jgi|Podan3|201208|mRNA_36	XP_008716065.1
OG0005868	jgi|Podan3|211466|mRNA_10294	jgi|Clagr3|2959|CLAGR_002623-RA
OG0005881	jgi|Podan3|211517|mRNA_10345	jgi|Grascr1|7047|GST1_010577-RA
OG0005898	jgi|Podan3|208491|mRNA_7319	KAI9723592.1
OG0005921	jgi|Podan3|205405|mRNA_4233	jgi|Monha1|9690|H072_10193m.01
OG0005921	jgi|Podan3|205405|mRNA_4233	jgi|Grascr1|2195|GST1_001314-RA
OG0005962	jgi|Podan3|206720|mRNA_5548	jgi|Aspni_DSM_1|156812|An02g02850m.01
OG0005966	jgi|Podan3|204319|mRNA_3147, jgi|Podan3|204696|mRNA_3524	jgi|Grascr1|2308|GST1_009053-RA
OG0005966	jgi|Podan3|204319|mRNA_3147, jgi|Podan3|204696|mRNA_3524	CAF9936865.1, CAF9933811.1
OG0006003	jgi|Podan3|207965|mRNA_6793, jgi|Podan3|209233|mRNA_8061	XP_008717735.1
OG0006012	jgi|Podan3|209486|mRNA_8314	jgi|Acastr1|122148|AST1_007380-RA
OG0006025	jgi|Podan3|208912|mRNA_7740	jgi|Penexp1|9708|PEXP_100150T0
OG0006043	jgi|Podan3|206644|mRNA_5472	jgi|Clagr3|9526|CLAGR_009466-RA
OG0006043	jgi|Podan3|206644|mRNA_5472	jgi|Dibbae1|9510|DIBA_011778-RA, jgi|Dibbae1|3206|DIBA_007879-RA
OG0006043	jgi|Podan3|206644|mRNA_5472	coassemb378_003599-T1
OG0006043	jgi|Podan3|206644|mRNA_5472	jgi|Acastr1|121837|AST1_008861-RA
OG0006043	jgi|Podan3|206644|mRNA_5472	KAJ9651162.1
OG0006091	jgi|Podan3|210152|mRNA_8980	FUN_007547_T1_FUN_007547
OG0006091	jgi|Podan3|210152|mRNA_8980	KAI4109622.1
OG0006091	jgi|Podan3|210152|mRNA_8980	KAI4100892.1
OG0006091	jgi|Podan3|210152|mRNA_8980	KAJ9662872.1
OG0006091	jgi|Podan3|210152|mRNA_8980	coassemb376_005865-T1
OG0006091	jgi|Podan3|210152|mRNA_8980	jgi|Monha1|7012|H072_7242m.01
OG0006092	jgi|Podan3|203756|mRNA_2584	XP_008720544.1
OG0006180	jgi|Podan3|207541|mRNA_6369	CAF9942121.1
OG0006180	jgi|Podan3|207541|mRNA_6369	jgi|Artol1|335|AOL_s00004g334m.01
OG0006180	jgi|Podan3|207541|mRNA_6369	jgi|Acastr1|124484|AST1_001611-RA
OG0006180	jgi|Podan3|207541|mRNA_6369	KAI9658845.1
OG0006224	jgi|Podan3|211353|mRNA_10181	XP_008712127.1
OG0006237	jgi|Podan3|203458|mRNA_2286	KAI4093048.1
OG0006269	jgi|Podan3|208703|mRNA_7531	jgi|Aspni_DSM_1|161639|An08g03770m.01
OG0006269	jgi|Podan3|208703|mRNA_7531	jgi|Aurpu_var_mel1|50153|e_gw1.12.498.1
OG0006269	jgi|Podan3|208703|mRNA_7531	jgi|Acastr1|124944|AST1_006827-RA
OG0006269	jgi|Podan3|208703|mRNA_7531	coassemb376_003856-T1
OG0006269	jgi|Podan3|208703|mRNA_7531	FUN_001980_T1_FUN_001980
OG0006269	jgi|Podan3|208703|mRNA_7531	GTX0494b19_007487-T1
OG0006269	jgi|Podan3|208703|mRNA_7531	KAI4235087.1
OG0006269	jgi|Podan3|208703|mRNA_7531	KAI4223103.1
OG0006269	jgi|Podan3|208703|mRNA_7531	KAI4091495.1
OG0006269	jgi|Podan3|208703|mRNA_7531	KAI4280258.1
OG0006269	jgi|Podan3|208703|mRNA_7531	jgi|PseVKM4520_1|5455|transcript_KFZ11391
OG0006297	jgi|Podan3|207335|mRNA_6163	KAJ9661893.1
OG0006297	jgi|Podan3|207335|mRNA_6163	jgi|Exoaq1|3232|A1O9_10750T0
OG0006384	jgi|Podan3|202488|mRNA_1316	XP_008719616.1
OG0006589	jgi|Podan3|209023|mRNA_7851	jgi|Monha1|5186|H072_5294m.01
OG0006589	jgi|Podan3|209023|mRNA_7851	jgi|Clagr3|1049|CLAGR_001037-RA, jgi|Clagr3|6977|CLAGR_006635-RA
OG0006589	jgi|Podan3|206685|mRNA_5513	jgi|Monha1|6980|H072_7205m.01
OG0006766	jgi|Podan3|209673|mRNA_8501	jgi|Exoaq1|2630|A1O9_10154T0
OG0006806	jgi|Podan3|203501|mRNA_2329	coassemb378_001580-T1
OG0006835	jgi|Podan3|204603|mRNA_3431	coassemb378_003079-T1
OG0006840	jgi|Podan3|204409|mRNA_3237	jgi|Ascim1|317128|fgenesh1_pm.7_#_18
OG0006920	jgi|Podan3|210739|mRNA_9567	jgi|Exoaq1|11069|A1O9_13066T0
OG0006979	jgi|Podan3|209207|mRNA_8035	GTX0494b19_006997-T1
OG0006979	jgi|Podan3|209207|mRNA_8035	FUN_005397_T1_FUN_005397
OG0007121	jgi|Podan3|203066|mRNA_1894	jgi|Exoaq1|49|A1O9_00049T0
OG0007121	jgi|Podan3|203066|mRNA_1894	coassemb376_006444-T1
OG0007320	jgi|Podan3|202203|mRNA_1031	coassemb378_003248-T1
OG0007320	jgi|Podan3|202203|mRNA_1031	jgi|Exoaq1|12318|A1O9_08613T0
OG0007320	jgi|Podan3|202203|mRNA_1031	jgi|Monha1|6136|H072_6331m.01
OG0007320	jgi|Podan3|202203|mRNA_1031	coassemb64_007810-T1
OG0007320	jgi|Podan3|202203|mRNA_1031	jgi|Capcor1|100140|A1O1_07318T0
OG0007320	jgi|Podan3|202203|mRNA_1031	jgi|Cocpo1_1|174|XM_003065125.1
OG0007320	jgi|Podan3|202203|mRNA_1031	KAI4090258.1
OG0007420	jgi|Podan3|207921|mRNA_6749	jgi|PseVKM4520_1|6948|transcript_KFZ09051
OG0007714	jgi|Podan3|207866|mRNA_6694	KAI9814161.1
OG0007714	jgi|Podan3|207866|mRNA_6694	jgi|Fusgr1|3466|FGSG_04535T0, jgi|Fusgr1|7621|FGSG_06597T0
OG0007714	jgi|Podan3|207866|mRNA_6694	jgi|PseVKM4520_1|7377|transcript_KFZ08414
OG0007714	jgi|Podan3|207866|mRNA_6694	KAJ9659521.1
OG0007714	jgi|Podan3|207866|mRNA_6694	jgi|Claba1|132005|Z519_10323T0
OG0007714	jgi|Podan3|207866|mRNA_6694	coassemb64_003583-T1
OG0007714	jgi|Podan3|207866|mRNA_6694	jgi|Exoaq1|3892|A1O9_11414T0
OG0007714	jgi|Podan3|207866|mRNA_6694	jgi|Capcor1|93615|A1O1_00748T0
OG0007714	jgi|Podan3|207866|mRNA_6694	XP_008712014.1
OG0007748	jgi|Podan3|207731|mRNA_6559	jgi|Altal1|941203|e_gw1.17.125.1
OG0007804	jgi|Podan3|201716|mRNA_544	jgi|Artol1|3714|AOL_s00075g52m.01, jgi|Artol1|409|AOL_s00004g409m.01, jgi|Artol1|3715|AOL_s00075g53m.01
OG0008390	jgi|Podan3|204700|mRNA_3528	jgi|Grascr1|3382|GST1_009162-RA
OG0008446	jgi|Podan3|206870|mRNA_5698	jgi|Fonmu1|4270|Z520_01255T0
