Orthogroup	PseVKM4520_1_GeneCatalog_proteins_20210224.aa	Other
OG0000000	jgi|PseVKM4520_1|7117|transcript_KFZ08805	jgi|Clagr3|6472|CLAGR_006578-RA
OG0000001	jgi|PseVKM4520_1|7381|transcript_KFZ08418	jgi|Podan3|208805|mRNA_7633
OG0000001	jgi|PseVKM4520_1|6513|transcript_KFZ24709	coassemb378_008205-T1
OG0000003	jgi|PseVKM4520_1|4163|transcript_KFZ13907	jgi|Penexp1|7088|PEXP_076240T0
OG0000003	jgi|PseVKM4520_1|7766|transcript_KFZ07764	jgi|Dibbae1|10627|DIBA_003191-RA
OG0000003	jgi|PseVKM4520_1|7766|transcript_KFZ07764	KAI4232974.1
OG0000004	jgi|PseVKM4520_1|1279|transcript_KFZ19258	KAI4106465.1
OG0000004	jgi|PseVKM4520_1|3663|transcript_KFZ24905	jgi|Exoaq1|11121|A1O9_07456T0
OG0000004	jgi|PseVKM4520_1|740|transcript_KFZ20204, jgi|PseVKM4520_1|9519|transcript_KFZ03137	coassemb378_002494-T1
OG0000005	jgi|PseVKM4520_1|1231|transcript_KFZ19339	jgi|Claba1|138818|Z519_05350T0
OG0000005	jgi|PseVKM4520_1|4824|transcript_KFZ12689	jgi|Claba1|136215|Z519_12738T0
OG0000009	jgi|PseVKM4520_1|1174|transcript_KFZ19420	coassemb64_001666-T1
OG0000011	jgi|PseVKM4520_1|8664|transcript_KFZ24454	GTX0466b15_009369-T1
OG0000011	jgi|PseVKM4520_1|8402|transcript_KFZ04377	jgi|EndpusZ1|5497|EPUS_00653T0
OG0000014	jgi|PseVKM4520_1|3683|transcript_KFZ14790	KAI4208649.1
OG0000015	jgi|PseVKM4520_1|9262|transcript_KFZ03433	XP_008718603.1, XP_008716082.1
OG0000015	jgi|PseVKM4520_1|425|transcript_KFZ25212, jgi|PseVKM4520_1|8172|transcript_KFZ04610	KAI4286931.1
OG0000020	jgi|PseVKM4520_1|7833|transcript_KFZ07713	jgi|Aspni_DSM_1|162084|An08g08250m.01
OG0000030	jgi|PseVKM4520_1|3216|transcript_KFZ15611	jgi|Penexp1|9742|PEXP_098100T0
OG0000031	jgi|PseVKM4520_1|5215|transcript_KFZ11966	jgi|Altal1|169213|CE169212_281
OG0000033	jgi|PseVKM4520_1|8387|transcript_KFZ04397	jgi|Grascr1|7424|GST1_012001-RA
OG0000033	jgi|PseVKM4520_1|8387|transcript_KFZ04397	coassemb378_000587-T1
OG0000034	jgi|PseVKM4520_1|7992|transcript_KFZ24629	jgi|Exoaq1|10859|A1O9_07228T0
OG0000034	jgi|PseVKM4520_1|7719|transcript_KFZ07851	KAI4231866.1
OG0000037	jgi|PseVKM4520_1|8117|transcript_KFZ24588	jgi|Aspni_DSM_1|161592|An08g03300m.01
OG0000037	jgi|PseVKM4520_1|10891|transcript_KFZ23487	jgi|Clagr3|1724|CLAGR_001521-RA
OG0000037	jgi|PseVKM4520_1|10891|transcript_KFZ23487	coassemb376_004787-T1
OG0000037	jgi|PseVKM4520_1|10891|transcript_KFZ23487	KAI9671630.1
OG0000037	jgi|PseVKM4520_1|10891|transcript_KFZ23487	jgi|Aspni_DSM_1|161592|An08g03300m.01
OG0000037	jgi|PseVKM4520_1|10891|transcript_KFZ23487	jgi|Aspni_DSM_1|161592|An08g03300m.01
OG0000037	jgi|PseVKM4520_1|8789|transcript_KFZ03973, jgi|PseVKM4520_1|3503|transcript_KFZ15068, jgi|PseVKM4520_1|5498|transcript_KFZ11325	jgi|Aspni_DSM_1|162551|An09g00850m.01
OG0000038	jgi|PseVKM4520_1|3511|transcript_KFZ15042	jgi|Clagr3|736|CLAGR_000726-RA
OG0000038	jgi|PseVKM4520_1|2874|transcript_KFZ16264	jgi|Dibbae1|4142|DIBA_008763-RA
OG0000038	jgi|PseVKM4520_1|504|transcript_KFZ25201	jgi|Dibbae1|6222|DIBA_009290-RA
OG0000042	jgi|PseVKM4520_1|10385|transcript_KFZ23958, jgi|PseVKM4520_1|3778|transcript_KFZ14592	jgi|Aurpu_var_mel1|67995|fgenesh1_pg.18_#_182
OG0000042	jgi|PseVKM4520_1|10385|transcript_KFZ23958, jgi|PseVKM4520_1|3778|transcript_KFZ14592	jgi|Altal1|937936|e_gw1.13.91.1
OG0000052	jgi|PseVKM4520_1|1334|transcript_KFZ19144	jgi|Grascr1|1647|GST1_007228-RA
OG0000053	jgi|PseVKM4520_1|10754|transcript_KFZ23633	jgi|EndpusZ1|3637|EPUS_09187T0, jgi|EndpusZ1|3629|EPUS_09122T0
OG0000055	jgi|PseVKM4520_1|1852|transcript_KFZ18127	jgi|Clagr3|2322|CLAGR_001720-RA
OG0000057	jgi|PseVKM4520_1|9968|transcript_KFZ24337	jgi|Fusgr1|2767|FGSG_12134T0, jgi|Fusgr1|3417|FGSG_04581T0
OG0000057	jgi|PseVKM4520_1|9968|transcript_KFZ24337	FUN_005600_T1_FUN_005600
OG0000061	jgi|PseVKM4520_1|5501|transcript_KFZ11328	jgi|Clagr3|3920|CLAGR_003743-RA
OG0000063	jgi|PseVKM4520_1|2207|transcript_KFZ25047	jgi|Umbpus1|99717|LPUS_02360T0
OG0000063	jgi|PseVKM4520_1|4988|transcript_KFZ24789	jgi|Phach1|2642|rna2641
OG0000066	jgi|PseVKM4520_1|1897|transcript_KFZ17994, jgi|PseVKM4520_1|7037|transcript_KFZ08935	jgi|Phach1|1394|rna1393
OG0000074	jgi|PseVKM4520_1|11051|transcript_KFZ23354, jgi|PseVKM4520_1|7332|transcript_KFZ24697	jgi|Clagr3|11264|CLAGR_011075-RA
OG0000074	jgi|PseVKM4520_1|11051|transcript_KFZ23354, jgi|PseVKM4520_1|7332|transcript_KFZ24697	coassemb376_001531-T1
OG0000080	jgi|PseVKM4520_1|10207|transcript_KFZ24119	XP_008714722.1
OG0000092	jgi|PseVKM4520_1|8747|transcript_KFZ04025	jgi|Podan3|203432|mRNA_2260
OG0000096	jgi|PseVKM4520_1|5553|transcript_KFZ11229	jgi|EndpusZ1|6610|EPUS_05226T0
OG0000097	jgi|PseVKM4520_1|9590|transcript_KFZ03069	KAI4264560.1
OG0000098	jgi|PseVKM4520_1|7996|transcript_KFZ24633	jgi|Exoaq1|44|A1O9_00044T0
OG0000098	jgi|PseVKM4520_1|7996|transcript_KFZ24633	jgi|Penexp1|3045|PEXP_104880T0
OG0000098	jgi|PseVKM4520_1|7996|transcript_KFZ24633	jgi|Exoaq1|10862|A1O9_07231T0
OG0000101	jgi|PseVKM4520_1|7329|transcript_KFZ08476	jgi|Aspni_DSM_1|165047|An12g07490m.01
OG0000101	jgi|PseVKM4520_1|7329|transcript_KFZ08476	jgi|Neucr_trp3_1|9511|Neucr2.NCU05094T0
OG0000101	jgi|PseVKM4520_1|7329|transcript_KFZ08476	jgi|Podan3|203070|mRNA_1898
OG0000101	jgi|PseVKM4520_1|7329|transcript_KFZ08476	KAI9659590.1
OG0000104	jgi|PseVKM4520_1|407|transcript_KFZ20769	CAF9921432.1
OG0000112	jgi|PseVKM4520_1|3237|transcript_KFZ15577	jgi|Exoaq1|6159|A1O9_11960T0
OG0000112	jgi|PseVKM4520_1|2125|transcript_KFZ17624	jgi|Dibbae1|10710|DIBA_004515-RA
OG0000115	jgi|PseVKM4520_1|5756|transcript_KFZ10894, jgi|PseVKM4520_1|10407|transcript_KFZ25356	jgi|Exoaq1|11438|A1O9_07774T0
OG0000115	jgi|PseVKM4520_1|10407|transcript_KFZ25356	jgi|Clagr3|7930|CLAGR_008371-RA
OG0000125	jgi|PseVKM4520_1|9504|transcript_KFZ03146	jgi|Dibbae1|6490|DIBA_008349-RA
OG0000125	jgi|PseVKM4520_1|6148|transcript_KFZ10263	jgi|Dibbae1|2378|DIBA_006353-RA
OG0000126	jgi|PseVKM4520_1|5324|transcript_KFZ11734	jgi|Aspni_DSM_1|163598|An11g03500m.01
OG0000127	jgi|PseVKM4520_1|169|transcript_KFZ22738	jgi|Fonmu1|10394|Z520_12261T0
OG0000127	jgi|PseVKM4520_1|6729|transcript_KFZ09413	XP_008719660.1
OG0000136	jgi|PseVKM4520_1|3649|transcript_KFZ24891	jgi|Aspni_DSM_1|158536|An03g05440m.01
OG0000151	jgi|PseVKM4520_1|10168|transcript_KFZ24155	KAI9665412.1
OG0000151	jgi|PseVKM4520_1|10168|transcript_KFZ24155	KAI9718847.1
OG0000151	jgi|PseVKM4520_1|10168|transcript_KFZ24155	jgi|Grascr1|6620|GST1_010207-RA
OG0000151	jgi|PseVKM4520_1|10168|transcript_KFZ24155	coassemb378_003651-T1
OG0000151	jgi|PseVKM4520_1|10168|transcript_KFZ24155	KAI9705902.1
OG0000151	jgi|PseVKM4520_1|10168|transcript_KFZ24155	KAI9719402.1, KAI9719401.1
OG0000151	jgi|PseVKM4520_1|10168|transcript_KFZ24155	GTX0486b100_003008-T1
OG0000151	jgi|PseVKM4520_1|10168|transcript_KFZ24155	KAI9820095.1
OG0000151	jgi|PseVKM4520_1|10168|transcript_KFZ24155	jgi|Umbpus1|101222|LPUS_07944T0
OG0000151	jgi|PseVKM4520_1|10168|transcript_KFZ24155	jgi|Dibbae1|6279|DIBA_008612-RA
OG0000151	jgi|PseVKM4520_1|10168|transcript_KFZ24155	jgi|Acastr1|127706|AST1_006464-RA
OG0000151	jgi|PseVKM4520_1|10168|transcript_KFZ24155	KAI4103140.1
OG0000151	jgi|PseVKM4520_1|10168|transcript_KFZ24155	KAI4281366.1
OG0000151	jgi|PseVKM4520_1|10168|transcript_KFZ24155	FUN_010106_T1_FUN_010106
OG0000151	jgi|PseVKM4520_1|10168|transcript_KFZ24155	GTX0494b19_007636-T1
OG0000151	jgi|PseVKM4520_1|10168|transcript_KFZ24155	KAI4088991.1
OG0000151	jgi|PseVKM4520_1|10168|transcript_KFZ24155	KAI4220457.1
OG0000151	jgi|PseVKM4520_1|10168|transcript_KFZ24155	KAI4224498.1
OG0000151	jgi|PseVKM4520_1|10168|transcript_KFZ24155	coassemb376_002954-T1
OG0000151	jgi|PseVKM4520_1|10168|transcript_KFZ24155	CAF9928166.1
OG0000151	jgi|PseVKM4520_1|10168|transcript_KFZ24155	jgi|Clagr3|5422|CLAGR_006217-RA
OG0000151	jgi|PseVKM4520_1|10168|transcript_KFZ24155	KAI9837038.1
OG0000151	jgi|PseVKM4520_1|10168|transcript_KFZ24155	jgi|Aurpu_var_mel1|23224|gw1.26.177.1
OG0000151	jgi|PseVKM4520_1|10168|transcript_KFZ24155	coassemb64_003322-T1
OG0000151	jgi|PseVKM4520_1|10168|transcript_KFZ24155	jgi|Altal1|1015743|fgenesh1_kg.1_#_721_#_Locus9280v1rpkm3.62
OG0000151	jgi|PseVKM4520_1|10168|transcript_KFZ24155	GTX0466b15_000756-T1
OG0000151	jgi|PseVKM4520_1|10168|transcript_KFZ24155	jgi|Claba1|139791|Z519_06323T0
OG0000152	jgi|PseVKM4520_1|7089|transcript_KFZ08863	jgi|Exoaq1|10471|A1O9_06839T0
OG0000154	jgi|PseVKM4520_1|10408|transcript_KFZ25357	jgi|Dibbae1|7779|DIBA_003252-RA
OG0000154	jgi|PseVKM4520_1|10408|transcript_KFZ25357	XP_008711644.1
OG0000164	jgi|PseVKM4520_1|3012|transcript_KFZ15936	jgi|Podan3|206414|mRNA_5242
OG0000181	jgi|PseVKM4520_1|8127|transcript_KFZ04866	coassemb378_005990-T1
OG0000189	jgi|PseVKM4520_1|6362|transcript_KFZ09916	KAI4109235.1
OG0000196	jgi|PseVKM4520_1|9523|transcript_KFZ03141	jgi|Cocpo1_1|3633|XM_003068586.1
OG0000200	jgi|PseVKM4520_1|2860|transcript_KFZ16301	jgi|Grascr1|8319|GST1_012131-RA
OG0000201	jgi|PseVKM4520_1|10449|transcript_KFZ25355, jgi|PseVKM4520_1|5518|transcript_KFZ11290, jgi|PseVKM4520_1|9326|transcript_KFZ03363	coassemb378_001789-T1
OG0000206	jgi|PseVKM4520_1|2572|transcript_KFZ16738	jgi|Penexp1|3673|PEXP_041520T0
OG0000214	jgi|PseVKM4520_1|1086|transcript_KFZ19550	jgi|Fusgr1|4397|FGSG_03711T0
OG0000222	jgi|PseVKM4520_1|4735|transcript_KFZ12869	coassemb64_007458-T1
OG0000235	jgi|PseVKM4520_1|5488|transcript_KFZ11337	jgi|Exoaq1|1989|A1O9_09521T0
OG0000238	jgi|PseVKM4520_1|2955|transcript_KFZ16063, jgi|PseVKM4520_1|5979|transcript_KFZ10555, jgi|PseVKM4520_1|8023|transcript_KFZ06014, jgi|PseVKM4520_1|10440|transcript_KFZ25346, jgi|PseVKM4520_1|11242|transcript_KFZ23178	jgi|Altal1|2778|CE2777_3532
OG0000238	jgi|PseVKM4520_1|8023|transcript_KFZ06014, jgi|PseVKM4520_1|10440|transcript_KFZ25346, jgi|PseVKM4520_1|11242|transcript_KFZ23178	jgi|Artol1|7140|AOL_s00091g31m.01
OG0000238	jgi|PseVKM4520_1|4176|transcript_KFZ13920	jgi|Aurpu_var_mel1|49698|e_gw1.11.49.1
OG0000238	jgi|PseVKM4520_1|4176|transcript_KFZ13920	jgi|Altal1|1057710|gm1.1945_g
OG0000238	jgi|PseVKM4520_1|4176|transcript_KFZ13920	KAI4109259.1
OG0000253	jgi|PseVKM4520_1|10412|transcript_KFZ23934	GTX0466b15_004827-T1
OG0000253	jgi|PseVKM4520_1|10412|transcript_KFZ23934	XP_008717279.1
OG0000264	jgi|PseVKM4520_1|10267|transcript_KFZ24075	CAF9915243.1
OG0000282	jgi|PseVKM4520_1|11522|transcript_KFZ22925	KAJ9652262.1
OG0000282	jgi|PseVKM4520_1|6583|transcript_KFZ09607	KAJ9659602.1
OG0000282	jgi|PseVKM4520_1|6583|transcript_KFZ09607	XP_008713160.1
OG0000298	jgi|PseVKM4520_1|4303|transcript_KFZ13686	jgi|EndpusZ1|8555|EPUS_08720T0
OG0000299	jgi|PseVKM4520_1|8256|transcript_KFZ04532	jgi|Aurpu_var_mel1|15858|gw1.2.827.1
OG0000310	jgi|PseVKM4520_1|4276|transcript_KFZ13754	GTX0486b100_008067-T1
OG0000315	jgi|PseVKM4520_1|1922|transcript_KFZ25486, jgi|PseVKM4520_1|9501|transcript_KFZ03166	jgi|Penexp1|2729|PEXP_108930T0
OG0000315	jgi|PseVKM4520_1|1922|transcript_KFZ25486, jgi|PseVKM4520_1|9501|transcript_KFZ03166	jgi|Cocpo1_1|4194|XM_003069147.1
OG0000331	jgi|PseVKM4520_1|3880|transcript_KFZ14388	jgi|Aspni_DSM_1|165381|An12g10850m.01
OG0000333	jgi|PseVKM4520_1|8102|transcript_KFZ05048	coassemb378_010980-T1
OG0000342	jgi|PseVKM4520_1|10049|transcript_KFZ24268	jgi|Ascim1|123924|CE123923_1326
OG0000345	jgi|PseVKM4520_1|4953|transcript_KFZ12416	jgi|Morco1|486361|e_gw1.19.285.1
OG0000360	jgi|PseVKM4520_1|620|transcript_KFZ20519	jgi|Penexp1|5287|PEXP_046120T0
OG0000360	jgi|PseVKM4520_1|11129|transcript_KFZ23277	jgi|Dibbae1|7507|DIBA_010463-RA
OG0000361	jgi|PseVKM4520_1|1685|transcript_KFZ18355	jgi|EndpusZ1|3311|EPUS_07951T0
OG0000372	jgi|PseVKM4520_1|1777|transcript_KFZ18191	jgi|EndpusZ1|4056|EPUS_04249T0
OG0000372	jgi|PseVKM4520_1|1777|transcript_KFZ18191	jgi|Penexp1|2427|PEXP_052820T0
OG0000399	jgi|PseVKM4520_1|3390|transcript_KFZ15324	jgi|Cocpo1_1|2934|XM_003067887.1
OG0000399	jgi|PseVKM4520_1|3390|transcript_KFZ15324	jgi|Exoaq1|3000|A1O9_10522T0
OG0000401	jgi|PseVKM4520_1|4264|transcript_KFZ13777, jgi|PseVKM4520_1|8994|transcript_KFZ03749	jgi|Monha1|4268|H072_4348m.01
OG0000411	jgi|PseVKM4520_1|7287|transcript_KFZ08570	KAI4091501.1
OG0000412	jgi|PseVKM4520_1|7702|transcript_KFZ07855, jgi|PseVKM4520_1|10635|transcript_KFZ25335, jgi|PseVKM4520_1|8090|transcript_KFZ05192	jgi|Aspni_DSM_1|158967|An04g02770m.01
OG0000415	jgi|PseVKM4520_1|41|transcript_KFZ22862	coassemb378_010623-T1
OG0000417	jgi|PseVKM4520_1|9371|transcript_KFZ03310	jgi|Podan3|207916|mRNA_6744, jgi|Podan3|203446|mRNA_2274
OG0000428	jgi|PseVKM4520_1|8601|transcript_KFZ04170, jgi|PseVKM4520_1|8894|transcript_KFZ03863	KAI9826689.1
OG0000431	jgi|PseVKM4520_1|1817|transcript_KFZ18153, jgi|PseVKM4520_1|1822|transcript_KFZ18152	jgi|Dibbae1|456|DIBA_005890-RA
OG0000458	jgi|PseVKM4520_1|8352|transcript_KFZ04431	CAF9927989.1
OG0000458	jgi|PseVKM4520_1|8352|transcript_KFZ04431	jgi|Clagr3|609|CLAGR_000600-RA
OG0000462	jgi|PseVKM4520_1|9164|transcript_KFZ03549	KAI4112021.1
OG0000462	jgi|PseVKM4520_1|9164|transcript_KFZ03549	KAI4230134.1
OG0000462	jgi|PseVKM4520_1|9164|transcript_KFZ03549	FUN_000495_T1_FUN_000495
OG0000462	jgi|PseVKM4520_1|9164|transcript_KFZ03549	GTX0494b19_002176-T1
OG0000462	jgi|PseVKM4520_1|9164|transcript_KFZ03549	KAI4236137.1
OG0000462	jgi|PseVKM4520_1|9164|transcript_KFZ03549	KAI4287328.1
OG0000462	jgi|PseVKM4520_1|9164|transcript_KFZ03549	coassemb376_002717-T1
OG0000462	jgi|PseVKM4520_1|9164|transcript_KFZ03549	jgi|Dibbae1|4707|DIBA_008254-RA
OG0000462	jgi|PseVKM4520_1|9164|transcript_KFZ03549	CAF9922946.1
OG0000462	jgi|PseVKM4520_1|9164|transcript_KFZ03549	KAI9836470.1
OG0000462	jgi|PseVKM4520_1|9164|transcript_KFZ03549	jgi|Exoaq1|11459|A1O9_07795T0
OG0000462	jgi|PseVKM4520_1|9164|transcript_KFZ03549	coassemb64_006225-T1
OG0000462	jgi|PseVKM4520_1|9164|transcript_KFZ03549	jgi|Fonmu1|6067|Z520_09880T0
OG0000462	jgi|PseVKM4520_1|9164|transcript_KFZ03549	jgi|Claba1|137138|Z519_03663T0
OG0000466	jgi|PseVKM4520_1|5279|transcript_KFZ11779	jgi|Grascr1|11362|GST1_005242-RA
OG0000466	jgi|PseVKM4520_1|2922|transcript_KFZ16126	jgi|Penexp1|9794|PEXP_098620T0
OG0000470	jgi|PseVKM4520_1|428|transcript_KFZ20751, jgi|PseVKM4520_1|11251|transcript_KFZ23171, jgi|PseVKM4520_1|11249|transcript_KFZ23173, jgi|PseVKM4520_1|9838|transcript_KFZ02789, jgi|PseVKM4520_1|11268|transcript_KFZ23155	CAF9915761.1
OG0000470	jgi|PseVKM4520_1|11251|transcript_KFZ23171, jgi|PseVKM4520_1|11249|transcript_KFZ23173, jgi|PseVKM4520_1|9838|transcript_KFZ02789, jgi|PseVKM4520_1|11268|transcript_KFZ23155	jgi|Phach1|2717|rna2716
OG0000485	jgi|PseVKM4520_1|2963|transcript_KFZ16044	KAI9826477.1
OG0000485	jgi|PseVKM4520_1|283|transcript_KFZ22607	jgi|Podan3|211754|mRNA_10582
OG0000488	jgi|PseVKM4520_1|8286|transcript_KFZ24533	XP_008721379.1
OG0000523	jgi|PseVKM4520_1|1816|transcript_KFZ25093	jgi|Claba1|132707|Z519_01185T0
OG0000528	jgi|PseVKM4520_1|2423|transcript_KFZ17011	coassemb76_003245-T1
OG0000555	jgi|PseVKM4520_1|6478|transcript_KFZ09721	coassemb76_003908-T1
OG0000556	jgi|PseVKM4520_1|4485|transcript_KFZ13373	jgi|Acastr1|125819|AST1_000507-RA
OG0000580	jgi|PseVKM4520_1|1631|transcript_KFZ18453	jgi|Capcor1|99769|A1O1_06944T0
OG0000581	jgi|PseVKM4520_1|10584|transcript_KFZ23782	jgi|Fonmu1|6763|Z520_01973T0
OG0000599	jgi|PseVKM4520_1|1973|transcript_KFZ17795	jgi|Exoaq1|7285|A1O9_03815T0
OG0000599	jgi|PseVKM4520_1|1973|transcript_KFZ17795	jgi|Claba1|133694|Z519_11094T0
OG0000607	jgi|PseVKM4520_1|7726|transcript_KFZ07840	jgi|Fonmu1|11791|Z520_04996T0
OG0000621	jgi|PseVKM4520_1|4016|transcript_KFZ14154	jgi|Aspni_DSM_1|167922|An16g06350m.01
OG0000648	jgi|PseVKM4520_1|1396|transcript_KFZ19020	coassemb76_003566-T1
OG0000654	jgi|PseVKM4520_1|6117|transcript_KFZ10315	coassemb64_005016-T1
OG0000654	jgi|PseVKM4520_1|6117|transcript_KFZ10315	coassemb76_006623-T1
OG0000654	jgi|PseVKM4520_1|6116|transcript_KFZ10314	jgi|Exoaq1|12309|A1O9_08604T0
OG0000654	jgi|PseVKM4520_1|388|transcript_KFZ20940	jgi|Exoaq1|12818|A1O9_09103T0
OG0000656	jgi|PseVKM4520_1|8113|transcript_KFZ24584	coassemb378_005954-T1
OG0000656	jgi|PseVKM4520_1|8113|transcript_KFZ24584	jgi|Dibbae1|4268|DIBA_008731-RA
OG0000660	jgi|PseVKM4520_1|10204|transcript_KFZ24116	jgi|Artol1|1003|AOL_s00006g343m.01
OG0000696	jgi|PseVKM4520_1|9194|transcript_KFZ03517	jgi|Altal1|1019116|fgenesh1_kg.7_#_251_#_Locus2570v1rpkm58.59
OG0000698	jgi|PseVKM4520_1|3677|transcript_KFZ14784	jgi|Aurpu_var_mel1|68258|fgenesh1_pg.20_#_96
OG0000698	jgi|PseVKM4520_1|202|transcript_KFZ22714	GTX0466b15_005270-T1
OG0000714	jgi|PseVKM4520_1|8540|transcript_KFZ04228	FUN_010557_T1_FUN_010557
OG0000721	jgi|PseVKM4520_1|6677|transcript_KFZ09438	coassemb76_005366-T1
OG0000723	jgi|PseVKM4520_1|7690|transcript_KFZ07880	XP_008712563.1
OG0000738	jgi|PseVKM4520_1|8101|transcript_KFZ24594	jgi|Fusgr1|9627|FGSG_08611T0
OG0000740	jgi|PseVKM4520_1|10180|transcript_KFZ25511	KAJ9656401.1
OG0000742	jgi|PseVKM4520_1|4437|transcript_KFZ13461	KAJ9663078.1
OG0000745	jgi|PseVKM4520_1|992|transcript_KFZ25142	jgi|Penexp1|3667|PEXP_085490T0
OG0000745	jgi|PseVKM4520_1|992|transcript_KFZ25142	jgi|Aspni_DSM_1|162662|An09g02010m.01
OG0000752	jgi|PseVKM4520_1|6616|transcript_KFZ09574	jgi|Dibbae1|3999|DIBA_006726-RA
OG0000767	jgi|PseVKM4520_1|9592|transcript_KFZ03055	coassemb64_000890-T1
OG0000774	jgi|PseVKM4520_1|784|transcript_KFZ20160	jgi|Dibbae1|1063|DIBA_004908-RA
OG0000775	jgi|PseVKM4520_1|7559|transcript_KFZ08083	jgi|Aspni_DSM_1|166516|An14g07350m.01
OG0000780	jgi|PseVKM4520_1|164|transcript_KFZ22746	coassemb378_005839-T1
OG0000780	jgi|PseVKM4520_1|10673|transcript_KFZ25328	jgi|Aspni_DSM_1|166432|An14g06500m.01
OG0000780	jgi|PseVKM4520_1|10673|transcript_KFZ25328	jgi|Penexp1|2758|PEXP_109220T0
OG0000780	jgi|PseVKM4520_1|10673|transcript_KFZ25328	jgi|Cocpo1_1|2233|XM_003067186.1
OG0000780	jgi|PseVKM4520_1|10673|transcript_KFZ25328	KAJ9656814.1, KAJ9651481.1
OG0000780	jgi|PseVKM4520_1|10673|transcript_KFZ25328	coassemb64_003244-T1
OG0000780	jgi|PseVKM4520_1|10673|transcript_KFZ25328	jgi|Exoaq1|11873|A1O9_08189T0
OG0000780	jgi|PseVKM4520_1|10673|transcript_KFZ25328	jgi|Fonmu1|542|Z520_00543T0
OG0000780	jgi|PseVKM4520_1|10673|transcript_KFZ25328	jgi|Claba1|130190|Z519_08497T0
OG0000780	jgi|PseVKM4520_1|10673|transcript_KFZ25328	jgi|Capcor1|95508|A1O1_02647T0
OG0000780	jgi|PseVKM4520_1|10673|transcript_KFZ25328	jgi|EndpusZ1|5321|EPUS_00477T0
OG0000780	jgi|PseVKM4520_1|10673|transcript_KFZ25328	XP_008716264.1
OG0000780	jgi|PseVKM4520_1|10673|transcript_KFZ25328	GTX0466b15_000517-T1
OG0000780	jgi|PseVKM4520_1|10673|transcript_KFZ25328	jgi|Phach1|4024|rna4023
OG0000780	jgi|PseVKM4520_1|10673|transcript_KFZ25328	coassemb76_008347-T1
OG0000780	jgi|PseVKM4520_1|10673|transcript_KFZ25328	KAI9718072.1
OG0000780	jgi|PseVKM4520_1|10673|transcript_KFZ25328	coassemb378_005839-T1
OG0000780	jgi|PseVKM4520_1|10673|transcript_KFZ25328	KAI9718072.1
OG0000780	jgi|PseVKM4520_1|10673|transcript_KFZ25328	coassemb378_005839-T1
OG0000791	jgi|PseVKM4520_1|9620|transcript_KFZ03026	jgi|EndpusZ1|9090|EPUS_06921T0
OG0000793	jgi|PseVKM4520_1|8761|transcript_KFZ04006	coassemb378_010898-T1
OG0000850	jgi|PseVKM4520_1|3265|transcript_KFZ15511	coassemb64_005783-T1
OG0000868	jgi|PseVKM4520_1|4544|transcript_KFZ13288	jgi|Capcor1|95944|A1O1_03087T0
OG0000891	jgi|PseVKM4520_1|11425|transcript_KFZ23017	jgi|Exoaq1|4058|A1O9_11580T0
OG0000891	jgi|PseVKM4520_1|11425|transcript_KFZ23017	GTX0466b15_009377-T1, GTX0466b15_006137-T1
OG0000894	jgi|PseVKM4520_1|4095|transcript_KFZ14036, jgi|PseVKM4520_1|1239|transcript_KFZ19308	KAI9705150.1
OG0000897	jgi|PseVKM4520_1|4456|transcript_KFZ13428, jgi|PseVKM4520_1|5601|transcript_KFZ11172	jgi|Fonmu1|6990|Z520_02200T0
OG0000897	jgi|PseVKM4520_1|5601|transcript_KFZ11172	GTX0486b100_000479-T1
OG0000906	jgi|PseVKM4520_1|2413|transcript_KFZ17028	CAF9930826.1
OG0000909	jgi|PseVKM4520_1|11139|transcript_KFZ23275	jgi|Acastr1|121351|AST1_002291-RA
OG0000944	jgi|PseVKM4520_1|4920|transcript_KFZ12512	jgi|Exoaq1|8108|A1O9_04643T0
OG0000945	jgi|PseVKM4520_1|3562|transcript_KFZ24946	jgi|Fusgr1|8994|FGSG_07770T0
OG0000956	jgi|PseVKM4520_1|10269|transcript_KFZ24077	jgi|Clagr3|1466|CLAGR_002260-RA
OG0000974	jgi|PseVKM4520_1|8641|transcript_KFZ24474	jgi|Dibbae1|9218|DIBA_011494-RA
OG0000978	jgi|PseVKM4520_1|3352|transcript_KFZ15362	GTX0486b100_008487-T1
OG0000978	jgi|PseVKM4520_1|3352|transcript_KFZ15362	KAJ9663328.1
OG0000991	jgi|PseVKM4520_1|10943|transcript_KFZ23438	KAJ9652281.1
OG0001005	jgi|PseVKM4520_1|10321|transcript_KFZ24023	GTX0466b15_004548-T1
OG0001006	jgi|PseVKM4520_1|3091|transcript_KFZ15849	jgi|Monha1|9388|H072_9849m.01
OG0001008	jgi|PseVKM4520_1|7854|transcript_KFZ07694	jgi|EndpusZ1|9085|EPUS_06916T0
OG0001015	jgi|PseVKM4520_1|4468|transcript_KFZ13406	jgi|Exoaq1|3877|A1O9_11399T0
OG0001034	jgi|PseVKM4520_1|478|transcript_KFZ20715	jgi|Acastr1|122575|AST1_008451-RA
OG0001034	jgi|PseVKM4520_1|478|transcript_KFZ20715	KAI9754741.1
OG0001034	jgi|PseVKM4520_1|478|transcript_KFZ20715	KAI9826786.1
OG0001034	jgi|PseVKM4520_1|478|transcript_KFZ20715	jgi|Altal1|1015420|fgenesh1_kg.1_#_398_#_Locus12168v1rpkm0.86
OG0001045	jgi|PseVKM4520_1|8015|transcript_KFZ06103	jgi|Aspni_DSM_1|160439|An07g02080m.01
OG0001045	jgi|PseVKM4520_1|8015|transcript_KFZ06103	jgi|Umbpus1|102935|LPUS_09526T0
OG0001061	jgi|PseVKM4520_1|3|transcript_KFZ25259	jgi|Cocpo1_1|6541|XM_003071494.1
OG0001061	jgi|PseVKM4520_1|3|transcript_KFZ25259	jgi|Penexp1|6169|PEXP_056010T0
OG0001061	jgi|PseVKM4520_1|3|transcript_KFZ25259	jgi|Aspni_DSM_1|155577|An01g05340m.01
OG0001115	jgi|PseVKM4520_1|1206|transcript_KFZ19378, jgi|PseVKM4520_1|5689|transcript_KFZ11024	jgi|Morco1|18387|CE18386_180
OG0001116	jgi|PseVKM4520_1|8715|transcript_KFZ04061	GTX0486b100_000376-T1
OG0001116	jgi|PseVKM4520_1|8715|transcript_KFZ04061	KAI9711415.1
OG0001116	jgi|PseVKM4520_1|8715|transcript_KFZ04061	KAI9701467.1
OG0001116	jgi|PseVKM4520_1|8715|transcript_KFZ04061	jgi|Clagr3|5623|CLAGR_004909-RA
OG0001116	jgi|PseVKM4520_1|8715|transcript_KFZ04061	CAF9942299.1
OG0001116	jgi|PseVKM4520_1|8715|transcript_KFZ04061	KAI4239453.1
OG0001116	jgi|PseVKM4520_1|8715|transcript_KFZ04061	KAI4090322.1
OG0001116	jgi|PseVKM4520_1|8715|transcript_KFZ04061	KAI4224676.1
OG0001116	jgi|PseVKM4520_1|8715|transcript_KFZ04061	GTX0494b19_001133-T1
OG0001116	jgi|PseVKM4520_1|8715|transcript_KFZ04061	FUN_007601_T1_FUN_007601
OG0001116	jgi|PseVKM4520_1|8715|transcript_KFZ04061	KAI4288569.1
OG0001116	jgi|PseVKM4520_1|8715|transcript_KFZ04061	KAI4107739.1
OG0001116	jgi|PseVKM4520_1|8715|transcript_KFZ04061	jgi|Dibbae1|512|DIBA_006984-RA
OG0001116	jgi|PseVKM4520_1|8715|transcript_KFZ04061	jgi|Umbpus1|102567|LPUS_03250T0
OG0001116	jgi|PseVKM4520_1|8715|transcript_KFZ04061	KAI9835572.1
OG0001116	jgi|PseVKM4520_1|8715|transcript_KFZ04061	KAI9756404.1
OG0001116	jgi|PseVKM4520_1|8715|transcript_KFZ04061	KAI9819423.1
OG0001116	jgi|PseVKM4520_1|8715|transcript_KFZ04061	jgi|Acastr1|125133|AST1_008714-RA
OG0001129	jgi|PseVKM4520_1|5505|transcript_KFZ11332	jgi|Grascr1|3461|GST1_008067-RA
OG0001129	jgi|PseVKM4520_1|5505|transcript_KFZ11332	coassemb64_000930-T1
OG0001136	jgi|PseVKM4520_1|8458|transcript_KFZ24508, jgi|PseVKM4520_1|6258|transcript_KFZ10076	jgi|Aspni_DSM_1|157215|An02g06940m.01
OG0001136	jgi|PseVKM4520_1|8458|transcript_KFZ24508, jgi|PseVKM4520_1|6258|transcript_KFZ10076	jgi|Penexp1|7769|PEXP_007500T0
OG0001136	jgi|PseVKM4520_1|8458|transcript_KFZ24508, jgi|PseVKM4520_1|6258|transcript_KFZ10076	jgi|Cocpo1_1|3480|XM_003068433.1
OG0001136	jgi|PseVKM4520_1|8458|transcript_KFZ24508, jgi|PseVKM4520_1|6258|transcript_KFZ10076	KAJ9656688.1
OG0001136	jgi|PseVKM4520_1|8458|transcript_KFZ24508, jgi|PseVKM4520_1|6258|transcript_KFZ10076	XP_008714819.1
OG0001136	jgi|PseVKM4520_1|8458|transcript_KFZ24508, jgi|PseVKM4520_1|6258|transcript_KFZ10076	GTX0466b15_003270-T1
OG0001136	jgi|PseVKM4520_1|8458|transcript_KFZ24508, jgi|PseVKM4520_1|6258|transcript_KFZ10076	coassemb76_001894-T1
OG0001136	jgi|PseVKM4520_1|8458|transcript_KFZ24508, jgi|PseVKM4520_1|6258|transcript_KFZ10076	jgi|Fonmu1|3966|Z520_00951T0
OG0001136	jgi|PseVKM4520_1|8458|transcript_KFZ24508, jgi|PseVKM4520_1|6258|transcript_KFZ10076	jgi|Claba1|132084|Z519_10402T0
OG0001136	jgi|PseVKM4520_1|8458|transcript_KFZ24508, jgi|PseVKM4520_1|6258|transcript_KFZ10076	jgi|Capcor1|99045|A1O1_06216T0
OG0001136	jgi|PseVKM4520_1|8458|transcript_KFZ24508, jgi|PseVKM4520_1|6258|transcript_KFZ10076	jgi|Exoaq1|544|A1O9_00545T0
OG0001136	jgi|PseVKM4520_1|8458|transcript_KFZ24508, jgi|PseVKM4520_1|6258|transcript_KFZ10076	coassemb64_004037-T1
OG0001136	jgi|PseVKM4520_1|8458|transcript_KFZ24508, jgi|PseVKM4520_1|6258|transcript_KFZ10076	jgi|EndpusZ1|3226|EPUS_04091T0
OG0001136	jgi|PseVKM4520_1|8458|transcript_KFZ24508, jgi|PseVKM4520_1|6258|transcript_KFZ10076	jgi|Phach1|2539|rna2538
OG0001136	jgi|PseVKM4520_1|8458|transcript_KFZ24508	CAF9943215.1
OG0001136	jgi|PseVKM4520_1|6258|transcript_KFZ10076	CAF9904348.1
OG0001149	jgi|PseVKM4520_1|3907|transcript_KFZ14381	coassemb64_007578-T1
OG0001155	jgi|PseVKM4520_1|7309|transcript_KFZ08494	CAF9922875.1
OG0001161	jgi|PseVKM4520_1|5982|transcript_KFZ10532, jgi|PseVKM4520_1|9796|transcript_KFZ02836	coassemb378_003837-T1
OG0001161	jgi|PseVKM4520_1|5982|transcript_KFZ10532, jgi|PseVKM4520_1|9796|transcript_KFZ02836	jgi|Grascr1|10701|GST1_003867-RA
OG0001165	jgi|PseVKM4520_1|2149|transcript_KFZ17507	jgi|Artol1|10246|AOL_s00210g93m.01
OG0001165	jgi|PseVKM4520_1|2149|transcript_KFZ17507	jgi|Monha1|1282|H072_1282m.01
OG0001165	jgi|PseVKM4520_1|2149|transcript_KFZ17507	jgi|Morco1|511426|estExt_Genewise1.C_520145
OG0001165	jgi|PseVKM4520_1|2149|transcript_KFZ17507	jgi|Exoaq1|7013|A1O9_12815T0, jgi|Exoaq1|2871|A1O9_10393T0
OG0001165	jgi|PseVKM4520_1|2149|transcript_KFZ17507	jgi|Fusgr1|4367|FGSG_03739T0
OG0001165	jgi|PseVKM4520_1|2149|transcript_KFZ17507	jgi|Altal1|1099822|estExt_Genemark1.C_310007, jgi|Altal1|16641|CE16640_3808
OG0001165	jgi|PseVKM4520_1|2149|transcript_KFZ17507	coassemb64_001951-T1
OG0001165	jgi|PseVKM4520_1|2149|transcript_KFZ17507	jgi|Claba1|139581|Z519_06113T0, jgi|Claba1|140267|Z519_06801T0
OG0001165	jgi|PseVKM4520_1|2149|transcript_KFZ17507	jgi|Fonmu1|3386|Z520_08022T0
OG0001165	jgi|PseVKM4520_1|2149|transcript_KFZ17507	jgi|Capcor1|97093|A1O1_04248T0
OG0001165	jgi|PseVKM4520_1|2149|transcript_KFZ17507	jgi|Cocpo1_1|62|XM_003065013.1
OG0001165	jgi|PseVKM4520_1|2149|transcript_KFZ17507	jgi|Aspni_DSM_1|165980|An14g01950m.01, jgi|Aspni_DSM_1|162713|An09g02530m.01
OG0001165	jgi|PseVKM4520_1|2149|transcript_KFZ17507	jgi|Penexp1|9279|PEXP_065820T0, jgi|Penexp1|2851|PEXP_087870T0
OG0001176	jgi|PseVKM4520_1|6896|transcript_KFZ09127	jgi|Capcor1|92548|A1O1_08972T0
OG0001176	jgi|PseVKM4520_1|6896|transcript_KFZ09127	jgi|Phach1|894|rna893
OG0001177	jgi|PseVKM4520_1|2876|transcript_KFZ16243	KAJ9659498.1, KAJ9657714.1
OG0001177	jgi|PseVKM4520_1|2876|transcript_KFZ16243	GTX0486b100_001606-T1, GTX0486b100_001604-T1
OG0001177	jgi|PseVKM4520_1|2876|transcript_KFZ16243	coassemb376_005090-T1
OG0001177	jgi|PseVKM4520_1|2876|transcript_KFZ16243	KAI4089825.1
OG0001177	jgi|PseVKM4520_1|2876|transcript_KFZ16243	FUN_001689_T1_FUN_001689
OG0001177	jgi|PseVKM4520_1|2876|transcript_KFZ16243	GTX0494b19_006171-T1
OG0001177	jgi|PseVKM4520_1|2876|transcript_KFZ16243	KAI4232703.1, KAI4208446.1
OG0001177	jgi|PseVKM4520_1|2876|transcript_KFZ16243	jgi|Exoaq1|9940|A1O9_06373T0
OG0001177	jgi|PseVKM4520_1|2876|transcript_KFZ16243	jgi|Fonmu1|3842|Z520_08479T0
OG0001177	jgi|PseVKM4520_1|2876|transcript_KFZ16243	jgi|Claba1|136373|Z519_02902T0
OG0001178	jgi|PseVKM4520_1|8517|transcript_KFZ04243	jgi|Cocpo1_1|6081|XM_003071034.1
OG0001184	jgi|PseVKM4520_1|7830|transcript_KFZ07710	jgi|Phach1|4920|rna4919
OG0001184	jgi|PseVKM4520_1|7830|transcript_KFZ07710	jgi|EndpusZ1|8386|EPUS_06257T0
OG0001184	jgi|PseVKM4520_1|7830|transcript_KFZ07710	KAJ9659158.1
OG0001184	jgi|PseVKM4520_1|7830|transcript_KFZ07710	XP_008721085.1, XP_008714289.1
OG0001184	jgi|PseVKM4520_1|7830|transcript_KFZ07710	GTX0466b15_006637-T1
OG0001184	jgi|PseVKM4520_1|7830|transcript_KFZ07710	coassemb76_001803-T1
OG0001184	jgi|PseVKM4520_1|7830|transcript_KFZ07710	coassemb64_003872-T1
OG0001184	jgi|PseVKM4520_1|7830|transcript_KFZ07710	jgi|Exoaq1|10328|A1O9_06694T0
OG0001184	jgi|PseVKM4520_1|7830|transcript_KFZ07710	jgi|Fonmu1|5593|Z520_09406T0
OG0001184	jgi|PseVKM4520_1|7830|transcript_KFZ07710	jgi|Claba1|133575|Z519_10975T0
OG0001184	jgi|PseVKM4520_1|7830|transcript_KFZ07710	jgi|Capcor1|99814|A1O1_06989T0
OG0001184	jgi|PseVKM4520_1|7830|transcript_KFZ07710	jgi|Cocpo1_1|6772|XM_003071725.1
OG0001184	jgi|PseVKM4520_1|7830|transcript_KFZ07710	jgi|Penexp1|5372|PEXP_058320T0
OG0001184	jgi|PseVKM4520_1|7830|transcript_KFZ07710	jgi|Aspni_DSM_1|159160|An04g04720m.01
OG0001184	jgi|PseVKM4520_1|1460|transcript_KFZ18784	jgi|Exoaq1|6235|A1O9_12036T0
OG0001191	jgi|PseVKM4520_1|9479|transcript_KFZ03189	jgi|Morco1|547704|fgenesh1_pg.43_#_83
OG0001196	jgi|PseVKM4520_1|2674|transcript_KFZ25013, jgi|PseVKM4520_1|5479|transcript_KFZ24773, jgi|PseVKM4520_1|2183|transcript_KFZ17483	jgi|Acastr1|124709|AST1_002374-RA
OG0001227	jgi|PseVKM4520_1|9684|transcript_KFZ02969	jgi|Artol1|4183|AOL_s00076g279m.01
OG0001227	jgi|PseVKM4520_1|9684|transcript_KFZ02969	jgi|Aspni_DSM_1|158193|An03g01800m.01
OG0001251	jgi|PseVKM4520_1|10980|transcript_KFZ23420	jgi|Fonmu1|619|Z520_00621T0
OG0001281	jgi|PseVKM4520_1|6276|transcript_KFZ24736	jgi|Artol1|5|AOL_s00004g4m.01
OG0001281	jgi|PseVKM4520_1|6276|transcript_KFZ24736	jgi|Fusgr1|13314|FGSG_11241T0, jgi|Fusgr1|10669|FGSG_09212T0
OG0001299	jgi|PseVKM4520_1|7200|transcript_KFZ08720	jgi|EndpusZ1|3851|EPUS_02578T0
OG0001300	jgi|PseVKM4520_1|6676|transcript_KFZ09475	jgi|Artol1|5665|AOL_s00079g439m.01
OG0001300	jgi|PseVKM4520_1|4364|transcript_KFZ13586	jgi|Artol1|5666|AOL_s00079g440m.01
OG0001300	jgi|PseVKM4520_1|4364|transcript_KFZ13586	FUN_007913_T1_FUN_007913
OG0001301	jgi|PseVKM4520_1|4566|transcript_KFZ13226	jgi|Fonmu1|10383|Z520_12249T0, jgi|Fonmu1|9777|Z520_12184T0
OG0001428	jgi|PseVKM4520_1|896|transcript_KFZ19953	jgi|Grascr1|4396|GST1_010145-RA
OG0001435	jgi|PseVKM4520_1|9740|transcript_KFZ02899	coassemb376_005892-T1, coassemb376_005891-T1
OG0001435	jgi|PseVKM4520_1|9740|transcript_KFZ02899	KAI4287589.1
OG0001497	jgi|PseVKM4520_1|7086|transcript_KFZ08885, jgi|PseVKM4520_1|6996|transcript_KFZ25454	jgi|Podan3|205140|mRNA_3968
OG0001499	jgi|PseVKM4520_1|6165|transcript_KFZ10213	jgi|EndpusZ1|2781|EPUS_05882T0
OG0001506	jgi|PseVKM4520_1|102|transcript_KFZ22811	jgi|Exoaq1|6233|A1O9_12034T0
OG0001512	jgi|PseVKM4520_1|6543|transcript_KFZ09659	coassemb76_005891-T1
OG0001580	jgi|PseVKM4520_1|2923|transcript_KFZ16115	KAI4287607.1
OG0001623	jgi|PseVKM4520_1|3960|transcript_KFZ14273	jgi|Aspni_DSM_1|168603|An18g01580m.01
OG0001624	jgi|PseVKM4520_1|7991|transcript_KFZ24628	coassemb64_001354-T1
OG0001624	jgi|PseVKM4520_1|7991|transcript_KFZ24628	jgi|Exoaq1|12952|A1O9_09237T0
OG0001624	jgi|PseVKM4520_1|7991|transcript_KFZ24628	jgi|Capcor1|95133|A1O1_02272T0
OG0001624	jgi|PseVKM4520_1|7991|transcript_KFZ24628	jgi|Claba1|139937|Z519_06469T0
OG0001624	jgi|PseVKM4520_1|7991|transcript_KFZ24628	jgi|Fonmu1|11894|Z520_05099T0
OG0001624	jgi|PseVKM4520_1|7991|transcript_KFZ24628	KAJ9656586.1
OG0001624	jgi|PseVKM4520_1|7991|transcript_KFZ24628	XP_008721522.1
OG0001624	jgi|PseVKM4520_1|7991|transcript_KFZ24628	GTX0466b15_003008-T1
OG0001624	jgi|PseVKM4520_1|7991|transcript_KFZ24628	jgi|EndpusZ1|1212|EPUS_00023T0
OG0001624	jgi|PseVKM4520_1|7991|transcript_KFZ24628	jgi|Cocpo1_1|3644|XM_003068597.1
OG0001624	jgi|PseVKM4520_1|7991|transcript_KFZ24628	jgi|Aspni_DSM_1|158346|An03g03530m.01
OG0001624	jgi|PseVKM4520_1|7991|transcript_KFZ24628	jgi|Aurpu_var_mel1|79401|fgenesh1_pm.40_#_22
OG0001624	jgi|PseVKM4520_1|7991|transcript_KFZ24628	jgi|Sclsc1|5173|SS1G_11629T0
OG0001624	jgi|PseVKM4520_1|7991|transcript_KFZ24628	jgi|Sclsc1|5173|SS1G_11629T0
OG0001624	jgi|PseVKM4520_1|7991|transcript_KFZ24628	jgi|Penexp1|3047|PEXP_104900T0
OG0001630	jgi|PseVKM4520_1|499|transcript_KFZ25196	jgi|Altal1|1100805|estExt_Genemark1.C_440020
OG0001630	jgi|PseVKM4520_1|9909|transcript_KFZ24406	jgi|Altal1|295298|CE295297_2755
OG0001640	jgi|PseVKM4520_1|2112|transcript_KFZ17611	KAI4086500.1
OG0001646	jgi|PseVKM4520_1|8749|transcript_KFZ04021	jgi|Altal1|1094038|estExt_Genemark1.C_80316
OG0001757	jgi|PseVKM4520_1|6396|transcript_KFZ09840	CAF9931211.1
OG0001796	jgi|PseVKM4520_1|2442|transcript_KFZ16962	jgi|Fonmu1|10922|Z520_04123T0
OG0001796	jgi|PseVKM4520_1|2442|transcript_KFZ16962	jgi|Claba1|136730|Z519_03263T0
OG0001796	jgi|PseVKM4520_1|2442|transcript_KFZ16962	jgi|Capcor1|93166|A1O1_00296T0
OG0001796	jgi|PseVKM4520_1|2442|transcript_KFZ16962	jgi|Exoaq1|6376|A1O9_12178T0
OG0001796	jgi|PseVKM4520_1|2442|transcript_KFZ16962	GTX0466b15_008702-T1
OG0001796	jgi|PseVKM4520_1|2442|transcript_KFZ16962	coassemb76_007882-T1
OG0001796	jgi|PseVKM4520_1|2442|transcript_KFZ16962	XP_008717963.1
OG0001796	jgi|PseVKM4520_1|2442|transcript_KFZ16962	KAJ9651394.1, KAJ9662586.1, KAJ9651115.1
OG0001796	jgi|PseVKM4520_1|2442|transcript_KFZ16962	KAI4286655.1
OG0001796	jgi|PseVKM4520_1|2442|transcript_KFZ16962	KAI4092823.1
OG0001796	jgi|PseVKM4520_1|2442|transcript_KFZ16962	KAI4098179.1
OG0001796	jgi|PseVKM4520_1|2442|transcript_KFZ16962	GTX0494b19_007014-T1
OG0001796	jgi|PseVKM4520_1|2442|transcript_KFZ16962	KAI4226955.1
OG0001796	jgi|PseVKM4520_1|2442|transcript_KFZ16962	KAI4239756.1
OG0001796	jgi|PseVKM4520_1|2442|transcript_KFZ16962	FUN_004689_T1_FUN_004689
OG0001796	jgi|PseVKM4520_1|2442|transcript_KFZ16962	CAF9909677.1
OG0001796	jgi|PseVKM4520_1|2442|transcript_KFZ16962	jgi|Clagr3|1078|CLAGR_001065-RA
OG0001796	jgi|PseVKM4520_1|2442|transcript_KFZ16962	jgi|Umbpus1|103753|LPUS_10420T0
OG0001796	jgi|PseVKM4520_1|2442|transcript_KFZ16962	jgi|Cocpo1_1|961|XM_003065913.1
OG0001796	jgi|PseVKM4520_1|2442|transcript_KFZ16962	jgi|Penexp1|3269|PEXP_083500T0
OG0001796	jgi|PseVKM4520_1|2442|transcript_KFZ16962	jgi|Phach1|3449|rna3448
OG0001796	jgi|PseVKM4520_1|2442|transcript_KFZ16962	jgi|Aspni_DSM_1|163965|An11g07450m.01
OG0001796	jgi|PseVKM4520_1|2442|transcript_KFZ16962	KAI9755858.1
OG0001796	jgi|PseVKM4520_1|2442|transcript_KFZ16962	KAI9835920.1
OG0001796	jgi|PseVKM4520_1|2442|transcript_KFZ16962	jgi|Acastr1|124859|AST1_007609-RA
OG0001796	jgi|PseVKM4520_1|2442|transcript_KFZ16962	KAI9718749.1
OG0001796	jgi|PseVKM4520_1|2442|transcript_KFZ16962	GTX0486b100_002903-T1
OG0001796	jgi|PseVKM4520_1|2442|transcript_KFZ16962	KAI9702891.1
OG0001796	jgi|PseVKM4520_1|2442|transcript_KFZ16962	jgi|Grascr1|113|GST1_000113-RA
OG0001796	jgi|PseVKM4520_1|2442|transcript_KFZ16962	coassemb378_003217-T1
OG0001796	jgi|PseVKM4520_1|2442|transcript_KFZ16962	KAI9755857.1
OG0001796	jgi|PseVKM4520_1|2442|transcript_KFZ16962	KAI9755857.1
OG0001796	jgi|PseVKM4520_1|2442|transcript_KFZ16962	jgi|Sclsc1|8856|SS1G_02271T0
OG0001796	jgi|PseVKM4520_1|2442|transcript_KFZ16962	jgi|Dibbae1|6778|DIBA_011358-RA
OG0001830	jgi|PseVKM4520_1|2810|transcript_KFZ24986	coassemb76_007596-T1
OG0001830	jgi|PseVKM4520_1|2810|transcript_KFZ24986	jgi|Grascr1|11554|GST1_001776-RA
OG0001845	jgi|PseVKM4520_1|4759|transcript_KFZ12804	jgi|Claba1|131841|Z519_10158T0
OG0001845	jgi|PseVKM4520_1|4759|transcript_KFZ12804	coassemb76_008813-T1
OG0001873	jgi|PseVKM4520_1|4677|transcript_KFZ12996	jgi|Penexp1|3944|PEXP_030170T0
OG0001873	jgi|PseVKM4520_1|4677|transcript_KFZ12996	jgi|Aspni_DSM_1|157535|An02g10200m.01
OG0001873	jgi|PseVKM4520_1|4677|transcript_KFZ12996	jgi|Cocpo1_1|4766|XM_003069719.1
OG0001873	jgi|PseVKM4520_1|4677|transcript_KFZ12996	jgi|Phach1|5412|rna5411
OG0001873	jgi|PseVKM4520_1|4677|transcript_KFZ12996	jgi|EndpusZ1|3550|EPUS_03057T0
OG0001873	jgi|PseVKM4520_1|4677|transcript_KFZ12996	KAJ9663860.1
OG0001873	jgi|PseVKM4520_1|4677|transcript_KFZ12996	jgi|Fonmu1|11837|Z520_05042T0
OG0001873	jgi|PseVKM4520_1|4677|transcript_KFZ12996	jgi|Claba1|139999|Z519_06531T0
OG0001873	jgi|PseVKM4520_1|4677|transcript_KFZ12996	jgi|Capcor1|94882|A1O1_02020T0
OG0001873	jgi|PseVKM4520_1|4677|transcript_KFZ12996	jgi|Exoaq1|1386|A1O9_01392T0
OG0001873	jgi|PseVKM4520_1|4677|transcript_KFZ12996	XP_008721229.1
OG0001873	jgi|PseVKM4520_1|4677|transcript_KFZ12996	coassemb76_009463-T1, coassemb76_005763-T1
OG0001873	jgi|PseVKM4520_1|4677|transcript_KFZ12996	GTX0466b15_001153-T1
OG0001873	jgi|PseVKM4520_1|4677|transcript_KFZ12996	coassemb64_001425-T1
OG0001914	jgi|PseVKM4520_1|6452|transcript_KFZ09768	coassemb378_009316-T1
OG0001927	jgi|PseVKM4520_1|2507|transcript_KFZ16832	jgi|Capcor1|101303|A1O1_08493T0
OG0001932	jgi|PseVKM4520_1|3432|transcript_KFZ15202	jgi|Neucr_trp3_1|5863|Neucr2.NCU06385T0
OG0001955	jgi|PseVKM4520_1|4195|transcript_KFZ13939	KAI9837859.1
OG0001998	jgi|PseVKM4520_1|4773|transcript_KFZ12787	coassemb64_008335-T1
OG0002000	jgi|PseVKM4520_1|3468|transcript_KFZ15188	KAI4279879.1
OG0002081	jgi|PseVKM4520_1|3566|transcript_KFZ24950	coassemb64_004135-T1
OG0002141	jgi|PseVKM4520_1|9509|transcript_KFZ03151	jgi|Aspni_DSM_1|156977|An02g04530m.01
OG0002211	jgi|PseVKM4520_1|9123|transcript_KFZ03595	jgi|Aspni_DSM_1|155098|An01g00340m.01
OG0002235	jgi|PseVKM4520_1|5685|transcript_KFZ11039	jgi|EndpusZ1|4631|EPUS_02121T0
OG0002342	jgi|PseVKM4520_1|10722|transcript_KFZ23680	coassemb76_009114-T1
OG0002349	jgi|PseVKM4520_1|729|transcript_KFZ20241	jgi|Acastr1|122567|AST1_006589-RA
OG0002349	jgi|PseVKM4520_1|729|transcript_KFZ20241	jgi|Grascr1|958|GST1_006961-RA
OG0002373	jgi|PseVKM4520_1|176|transcript_KFZ22734	FUN_005923_T1_FUN_005923
OG0002532	jgi|PseVKM4520_1|4204|transcript_KFZ13872	coassemb378_011050-T1
OG0002575	jgi|PseVKM4520_1|8141|transcript_KFZ24567	GTX0486b100_008436-T1
OG0002575	jgi|PseVKM4520_1|8141|transcript_KFZ24567	GTX0494b19_000543-T1
OG0002624	jgi|PseVKM4520_1|9942|transcript_KFZ24362	coassemb76_009612-T1
OG0002624	jgi|PseVKM4520_1|9942|transcript_KFZ24362	KAJ9649871.1
OG0002704	jgi|PseVKM4520_1|4760|transcript_KFZ12805	coassemb76_008812-T1
OG0002705	jgi|PseVKM4520_1|8356|transcript_KFZ04426	KAI4286705.1
OG0002718	jgi|PseVKM4520_1|2517|transcript_KFZ16823	coassemb64_002777-T1
OG0002738	jgi|PseVKM4520_1|8704|transcript_KFZ04077	jgi|Monha1|1364|H072_1364m.01
OG0002823	jgi|PseVKM4520_1|7873|transcript_KFZ07612	FUN_007174_T1_FUN_007174
OG0002909	jgi|PseVKM4520_1|57|transcript_KFZ22849	GTX0494b19_005790-T1
OG0002965	jgi|PseVKM4520_1|9075|transcript_KFZ03654	GTX0466b15_002243-T1
OG0003044	jgi|PseVKM4520_1|5317|transcript_KFZ11750	coassemb378_010570-T1
OG0003044	jgi|PseVKM4520_1|5317|transcript_KFZ11750	jgi|Grascr1|480|GST1_006119-RA
OG0003044	jgi|PseVKM4520_1|5317|transcript_KFZ11750	KAI9826052.1
OG0003044	jgi|PseVKM4520_1|5317|transcript_KFZ11750	KAI9757967.1
OG0003044	jgi|PseVKM4520_1|5317|transcript_KFZ11750	KAI9836353.1
OG0003044	jgi|PseVKM4520_1|5317|transcript_KFZ11750	KAI9705426.1
OG0003044	jgi|PseVKM4520_1|5317|transcript_KFZ11750	KAI9723944.1
OG0003044	jgi|PseVKM4520_1|5317|transcript_KFZ11750	GTX0486b100_000181-T1
OG0003044	jgi|PseVKM4520_1|5317|transcript_KFZ11750	jgi|Umbpus1|104229|LPUS_10953T0
OG0003044	jgi|PseVKM4520_1|5317|transcript_KFZ11750	jgi|Acastr1|124679|AST1_006687-RA
OG0003044	jgi|PseVKM4520_1|5317|transcript_KFZ11750	jgi|Dibbae1|2038|DIBA_006648-RA
OG0003044	jgi|PseVKM4520_1|5317|transcript_KFZ11750	jgi|Clagr3|3276|CLAGR_003096-RA
OG0003044	jgi|PseVKM4520_1|5317|transcript_KFZ11750	CAF9910708.1
OG0003044	jgi|PseVKM4520_1|5317|transcript_KFZ11750	KAI4231209.1
OG0003044	jgi|PseVKM4520_1|5317|transcript_KFZ11750	GTX0494b19_002865-T1
OG0003044	jgi|PseVKM4520_1|5317|transcript_KFZ11750	FUN_004340_T1_FUN_004340
OG0003044	jgi|PseVKM4520_1|5317|transcript_KFZ11750	KAI4103358.1
OG0003044	jgi|PseVKM4520_1|5317|transcript_KFZ11750	KAI4229549.1
OG0003044	jgi|PseVKM4520_1|5317|transcript_KFZ11750	KAI4280374.1
OG0003044	jgi|PseVKM4520_1|5317|transcript_KFZ11750	KAI4108832.1
OG0003044	jgi|PseVKM4520_1|5317|transcript_KFZ11750	coassemb376_000245-T1
OG0003155	jgi|PseVKM4520_1|867|transcript_KFZ20038	jgi|Grascr1|80|GST1_000080-RA
OG0003255	jgi|PseVKM4520_1|1056|transcript_KFZ19580	coassemb76_009234-T1
OG0003358	jgi|PseVKM4520_1|1862|transcript_KFZ18137	jgi|Acastr1|123626|AST1_006950-RA
OG0003358	jgi|PseVKM4520_1|1862|transcript_KFZ18137	KAI9816652.1
OG0003393	jgi|PseVKM4520_1|1486|transcript_KFZ18810	coassemb376_007251-T1
OG0003402	jgi|PseVKM4520_1|5244|transcript_KFZ11862	coassemb376_001305-T1
OG0003437	jgi|PseVKM4520_1|2893|transcript_KFZ16192	coassemb378_011328-T1
OG0003482	jgi|PseVKM4520_1|9727|transcript_KFZ02906	coassemb76_009858-T1
OG0003527	jgi|PseVKM4520_1|5796|transcript_KFZ24760	KAI4268025.1
OG0003617	jgi|PseVKM4520_1|5071|transcript_KFZ12240, jgi|PseVKM4520_1|6189|transcript_KFZ10184	jgi|Fonmu1|6707|Z520_01917T0
OG0003617	jgi|PseVKM4520_1|5071|transcript_KFZ12240, jgi|PseVKM4520_1|6189|transcript_KFZ10184	jgi|EndpusZ1|4099|EPUS_09402T0
OG0003617	jgi|PseVKM4520_1|5071|transcript_KFZ12240, jgi|PseVKM4520_1|6189|transcript_KFZ10184	CAF9906519.1
OG0003687	jgi|PseVKM4520_1|11540|transcript_KFZ22899	jgi|Monha1|4450|H072_4545m.01
OG0003687	jgi|PseVKM4520_1|11540|transcript_KFZ22899	jgi|Artol1|10612|AOL_s00215g59m.01
OG0003687	jgi|PseVKM4520_1|11540|transcript_KFZ22899	jgi|Ascim1|112681|CE112680_8260
OG0003687	jgi|PseVKM4520_1|11540|transcript_KFZ22899	jgi|Aurpu_var_mel1|9578|gw1.2.80.1
OG0003689	jgi|PseVKM4520_1|10102|transcript_KFZ24234	jgi|Clagr3|7431|CLAGR_007028-RA
OG0003709	jgi|PseVKM4520_1|863|transcript_KFZ20034	coassemb376_002099-T1
OG0003709	jgi|PseVKM4520_1|863|transcript_KFZ20034	jgi|Acastr1|119440|AST1_007522-RA
OG0003739	jgi|PseVKM4520_1|9436|transcript_KFZ03227	KAI4289387.1
OG0003770	jgi|PseVKM4520_1|2989|transcript_KFZ15973	GTX0486b100_007696-T1
OG0003770	jgi|PseVKM4520_1|2989|transcript_KFZ15973	CAF9925423.1
OG0003794	jgi|PseVKM4520_1|7660|transcript_KFZ07938	KAI9817910.1
OG0003802	jgi|PseVKM4520_1|8041|transcript_KFZ05690	jgi|Claba1|130454|Z519_08761T0
OG0003829	jgi|PseVKM4520_1|3185|transcript_KFZ15647	coassemb378_009065-T1
OG0003840	jgi|PseVKM4520_1|5337|transcript_KFZ11703	jgi|Claba1|137073|Z519_12810T0
OG0003840	jgi|PseVKM4520_1|5337|transcript_KFZ11703	XP_008710554.1, XP_008721554.1
OG0003858	jgi|PseVKM4520_1|2886|transcript_KFZ16211	GTX0486b100_004435-T1
OG0003880	jgi|PseVKM4520_1|701|transcript_KFZ20344	jgi|Umbpus1|105574|LPUS_12582T0
OG0003964	jgi|PseVKM4520_1|3221|transcript_KFZ15586	GTX0466b15_001705-T1
OG0003966	jgi|PseVKM4520_1|5605|transcript_KFZ11153	jgi|Claba1|138771|Z519_05302T0
OG0003980	jgi|PseVKM4520_1|2637|transcript_KFZ25022, jgi|PseVKM4520_1|5718|transcript_KFZ10971	coassemb76_006176-T1
OG0004186	jgi|PseVKM4520_1|9794|transcript_KFZ02834	KAI9839543.1
OG0004200	jgi|PseVKM4520_1|5544|transcript_KFZ11243	jgi|Fonmu1|9323|Z520_11729T0
OG0004250	jgi|PseVKM4520_1|7343|transcript_KFZ08458	jgi|Claba1|128932|Z519_07232T0
OG0004250	jgi|PseVKM4520_1|7343|transcript_KFZ08458	jgi|Monha1|1644|H072_1644m.01
OG0004251	jgi|PseVKM4520_1|581|transcript_KFZ20612, jgi|PseVKM4520_1|7932|transcript_KFZ24659	jgi|Clagr3|1524|CLAGR_002318-RA
OG0004251	jgi|PseVKM4520_1|581|transcript_KFZ20612, jgi|PseVKM4520_1|7932|transcript_KFZ24659	jgi|Exoaq1|6274|A1O9_12075T0
OG0004318	jgi|PseVKM4520_1|3541|transcript_KFZ14981	XP_008712834.1
OG0004318	jgi|PseVKM4520_1|3541|transcript_KFZ14981	GTX0466b15_006134-T1
OG0004318	jgi|PseVKM4520_1|3541|transcript_KFZ14981	coassemb76_002774-T1
OG0004318	jgi|PseVKM4520_1|3541|transcript_KFZ14981	jgi|Fonmu1|5781|Z520_09594T0
OG0004318	jgi|PseVKM4520_1|3541|transcript_KFZ14981	jgi|Claba1|139758|Z519_06290T0
OG0004318	jgi|PseVKM4520_1|3541|transcript_KFZ14981	jgi|Capcor1|99638|A1O1_06811T0
OG0004318	jgi|PseVKM4520_1|3541|transcript_KFZ14981	KAJ9651900.1
OG0004318	jgi|PseVKM4520_1|3541|transcript_KFZ14981	jgi|Exoaq1|8937|A1O9_05361T0
OG0004318	jgi|PseVKM4520_1|3541|transcript_KFZ14981	jgi|EndpusZ1|3932|EPUS_02660T0
OG0004318	jgi|PseVKM4520_1|3541|transcript_KFZ14981	jgi|Clagr3|6334|CLAGR_005970-RA, jgi|Clagr3|9999|CLAGR_009189-RA
OG0004318	jgi|PseVKM4520_1|3541|transcript_KFZ14981	coassemb378_002474-T1
OG0004318	jgi|PseVKM4520_1|3541|transcript_KFZ14981	jgi|Grascr1|4178|GST1_001162-RA
OG0004318	jgi|PseVKM4520_1|3541|transcript_KFZ14981	GTX0486b100_001497-T1
OG0004318	jgi|PseVKM4520_1|3541|transcript_KFZ14981	KAI9718198.1
OG0004318	jgi|PseVKM4520_1|3541|transcript_KFZ14981	KAI9697272.1
OG0004318	jgi|PseVKM4520_1|3541|transcript_KFZ14981	CAF9919624.1
OG0004318	jgi|PseVKM4520_1|3541|transcript_KFZ14981	coassemb376_001283-T1
OG0004318	jgi|PseVKM4520_1|3541|transcript_KFZ14981	KAI4102445.1
OG0004318	jgi|PseVKM4520_1|3541|transcript_KFZ14981	KAI4220564.1
OG0004318	jgi|PseVKM4520_1|3541|transcript_KFZ14981	GTX0494b19_000375-T1
OG0004318	jgi|PseVKM4520_1|3541|transcript_KFZ14981	FUN_006072_T1_FUN_006072
OG0004318	jgi|PseVKM4520_1|3541|transcript_KFZ14981	KAI4235278.1
OG0004318	jgi|PseVKM4520_1|3541|transcript_KFZ14981	KAI4102901.1
OG0004318	jgi|PseVKM4520_1|3541|transcript_KFZ14981	KAI4290522.1
OG0004318	jgi|PseVKM4520_1|3541|transcript_KFZ14981	jgi|Acastr1|119428|AST1_002714-RA
OG0004318	jgi|PseVKM4520_1|3541|transcript_KFZ14981	jgi|Cocpo1_1|2628|XM_003067581.1
OG0004318	jgi|PseVKM4520_1|3541|transcript_KFZ14981	jgi|Aspni_DSM_1|156919|An02g03960m.01
OG0004318	jgi|PseVKM4520_1|3541|transcript_KFZ14981	jgi|Penexp1|5788|PEXP_010970T0
OG0004318	jgi|PseVKM4520_1|3541|transcript_KFZ14981	KAI9754928.1
OG0004318	jgi|PseVKM4520_1|3541|transcript_KFZ14981	jgi|Aurpu_var_mel1|54010|e_gw1.19.344.1
OG0004318	jgi|PseVKM4520_1|3541|transcript_KFZ14981	KAI9817059.1
OG0004318	jgi|PseVKM4520_1|3541|transcript_KFZ14981	jgi|Altal1|1024887|fgenesh1_kg.25_#_104_#_Locus671v1rpkm230.62
OG0004318	jgi|PseVKM4520_1|3541|transcript_KFZ14981	jgi|Dibbae1|424|DIBA_004938-RA
OG0004318	jgi|PseVKM4520_1|3541|transcript_KFZ14981	KAI9725994.1
OG0004318	jgi|PseVKM4520_1|3541|transcript_KFZ14981	KAI9653203.1
OG0004435	jgi|PseVKM4520_1|7363|transcript_KFZ08423	coassemb378_004319-T1
OG0004589	jgi|PseVKM4520_1|4308|transcript_KFZ13665	KAJ9650549.1
OG0004592	jgi|PseVKM4520_1|8017|transcript_KFZ24611	jgi|Grascr1|11486|GST1_005050-RA
OG0004592	jgi|PseVKM4520_1|8017|transcript_KFZ24611	jgi|Dibbae1|745|DIBA_007781-RA
OG0004592	jgi|PseVKM4520_1|8017|transcript_KFZ24611	jgi|Neucr_trp3_1|6044|Neucr2.NCU04466T0
OG0004592	jgi|PseVKM4520_1|8017|transcript_KFZ24611	jgi|Monha1|6870|H072_7089m.01
OG0004592	jgi|PseVKM4520_1|8017|transcript_KFZ24611	jgi|Fusgr1|12519|FGSG_11132T0, jgi|Fusgr1|10108|FGSG_08194T0
OG0004592	jgi|PseVKM4520_1|8017|transcript_KFZ24611	jgi|Aspni_DSM_1|164130|An11g09230m.01, jgi|Aspni_DSM_1|165548|An13g01590m.01
OG0004754	jgi|PseVKM4520_1|6930|transcript_KFZ09060	jgi|Exoaq1|2790|A1O9_13179T0
OG0004966	jgi|PseVKM4520_1|3467|transcript_KFZ15187	coassemb378_011168-T1
OG0005177	jgi|PseVKM4520_1|10875|transcript_KFZ23516	jgi|Grascr1|8130|GST1_003831-RA
OG0005352	jgi|PseVKM4520_1|1277|transcript_KFZ19256	KAJ9650446.1
OG0005366	jgi|PseVKM4520_1|6647|transcript_KFZ09521	KAI4231955.1
OG0005369	jgi|PseVKM4520_1|9247|transcript_KFZ03452	KAI9710391.1
OG0005404	jgi|PseVKM4520_1|6621|transcript_KFZ09553	GTX0486b100_003784-T1
OG0005404	jgi|PseVKM4520_1|6621|transcript_KFZ09553	FUN_003800_T1_FUN_003800
OG0005425	jgi|PseVKM4520_1|2162|transcript_KFZ25052	jgi|EndpusZ1|255|EPUS_04141T0
OG0005435	jgi|PseVKM4520_1|4574|transcript_KFZ13184	KAI4101058.1
OG0005435	jgi|PseVKM4520_1|4574|transcript_KFZ13184	jgi|Acastr1|121105|AST1_006607-RA
OG0005443	jgi|PseVKM4520_1|4053|transcript_KFZ14103	GTX0494b19_004755-T1
OG0005563	jgi|PseVKM4520_1|3869|transcript_KFZ14400	jgi|Aurpu_var_mel1|77219|fgenesh1_pm.19_#_28
OG0005563	jgi|PseVKM4520_1|3869|transcript_KFZ14400	jgi|Artol1|1143|AOL_s00006g483m.01
OG0005563	jgi|PseVKM4520_1|3869|transcript_KFZ14400	KAI9706645.1
OG0005590	jgi|PseVKM4520_1|11292|transcript_KFZ23127	jgi|Dibbae1|7904|DIBA_000367-RA
OG0005622	jgi|PseVKM4520_1|2837|transcript_KFZ16317	KAI4101797.1
OG0005622	jgi|PseVKM4520_1|2837|transcript_KFZ16317	jgi|Clagr3|6488|CLAGR_006593-RA
OG0005624	jgi|PseVKM4520_1|8323|transcript_KFZ04459, jgi|PseVKM4520_1|3279|transcript_KFZ15525	jgi|Fonmu1|10465|Z520_12332T0
OG0005642	jgi|PseVKM4520_1|4174|transcript_KFZ13918	jgi|Grascr1|5566|GST1_001888-RA
OG0005718	jgi|PseVKM4520_1|9161|transcript_KFZ03546	GTX0466b15_006999-T1, GTX0466b15_009230-T1
OG0005825	jgi|PseVKM4520_1|3823|transcript_KFZ14441	KAI9705914.1
OG0005868	jgi|PseVKM4520_1|5850|transcript_KFZ10766	jgi|Clagr3|2959|CLAGR_002623-RA
OG0005877	jgi|PseVKM4520_1|4243|transcript_KFZ13794	jgi|Ascim1|228103|estExt_Genewise1.C_640086
OG0005877	jgi|PseVKM4520_1|4243|transcript_KFZ13794	jgi|Clagr3|8255|CLAGR_007328-RA
OG0005877	jgi|PseVKM4520_1|4243|transcript_KFZ13794	jgi|Dibbae1|10416|DIBA_011541-RA
OG0005877	jgi|PseVKM4520_1|4243|transcript_KFZ13794	KAJ9649971.1, KAJ9649972.1
OG0005877	jgi|PseVKM4520_1|4243|transcript_KFZ13794	jgi|Aspni_DSM_1|165734|An13g03490m.01
OG0005898	jgi|PseVKM4520_1|10718|transcript_KFZ23676	KAI9723592.1
OG0005904	jgi|PseVKM4520_1|5407|transcript_KFZ11491	jgi|Aspni_DSM_1|155679|An01g06360m.01
OG0005904	jgi|PseVKM4520_1|5407|transcript_KFZ11491	jgi|Penexp1|2371|PEXP_052260T0
OG0005904	jgi|PseVKM4520_1|5407|transcript_KFZ11491	jgi|Claba1|132653|Z519_01131T0
OG0005904	jgi|PseVKM4520_1|5407|transcript_KFZ11491	jgi|Fonmu1|208|Z520_00209T0, jgi|Fonmu1|71|Z520_00072T0
OG0005904	jgi|PseVKM4520_1|5407|transcript_KFZ11491	jgi|Exoaq1|4421|A1O9_01939T0, jgi|Exoaq1|297|A1O9_00297T0
OG0005904	jgi|PseVKM4520_1|5407|transcript_KFZ11491	XP_008712104.1
OG0005931	jgi|PseVKM4520_1|5116|transcript_KFZ12166, jgi|PseVKM4520_1|11080|transcript_KFZ23327	KAI9722562.1
OG0005931	jgi|PseVKM4520_1|5116|transcript_KFZ12166, jgi|PseVKM4520_1|11080|transcript_KFZ23327	jgi|Aurpu_var_mel1|81636|gm1.2032_g
OG0005931	jgi|PseVKM4520_1|5116|transcript_KFZ12166, jgi|PseVKM4520_1|11080|transcript_KFZ23327	jgi|Grascr1|1317|GST1_006634-RA
OG0005931	jgi|PseVKM4520_1|5116|transcript_KFZ12166, jgi|PseVKM4520_1|11080|transcript_KFZ23327	KAI4111835.1
OG0005931	jgi|PseVKM4520_1|5116|transcript_KFZ12166, jgi|PseVKM4520_1|11080|transcript_KFZ23327	GTX0494b19_000479-T1
OG0005931	jgi|PseVKM4520_1|5116|transcript_KFZ12166, jgi|PseVKM4520_1|11080|transcript_KFZ23327	KAI4239197.1
OG0005931	jgi|PseVKM4520_1|5116|transcript_KFZ12166, jgi|PseVKM4520_1|11080|transcript_KFZ23327	FUN_000798_T1_FUN_000798
OG0005931	jgi|PseVKM4520_1|5116|transcript_KFZ12166, jgi|PseVKM4520_1|11080|transcript_KFZ23327	KAI4229809.1
OG0005931	jgi|PseVKM4520_1|5116|transcript_KFZ12166, jgi|PseVKM4520_1|11080|transcript_KFZ23327	coassemb376_002995-T1
OG0005931	jgi|PseVKM4520_1|5116|transcript_KFZ12166, jgi|PseVKM4520_1|11080|transcript_KFZ23327	jgi|Umbpus1|104550|LPUS_11344T0
OG0005931	jgi|PseVKM4520_1|5116|transcript_KFZ12166, jgi|PseVKM4520_1|11080|transcript_KFZ23327	jgi|Clagr3|2651|CLAGR_002922-RA
OG0005931	jgi|PseVKM4520_1|5116|transcript_KFZ12166, jgi|PseVKM4520_1|11080|transcript_KFZ23327	KAI9823469.1
OG0005931	jgi|PseVKM4520_1|5116|transcript_KFZ12166, jgi|PseVKM4520_1|11080|transcript_KFZ23327	jgi|Ascim1|240047|estExt_Genewise1Plus.C_460027
OG0005931	jgi|PseVKM4520_1|5116|transcript_KFZ12166, jgi|PseVKM4520_1|11080|transcript_KFZ23327	KAI9716776.1
OG0005931	jgi|PseVKM4520_1|5116|transcript_KFZ12166, jgi|PseVKM4520_1|11080|transcript_KFZ23327	jgi|Acastr1|123749|AST1_003214-RA
OG0005931	jgi|PseVKM4520_1|5116|transcript_KFZ12166, jgi|PseVKM4520_1|11080|transcript_KFZ23327	KAI4105265.1
OG0005957	jgi|PseVKM4520_1|11359|transcript_KFZ23040	jgi|Artol1|7872|AOL_s00109g40m.01
OG0006003	jgi|PseVKM4520_1|8689|transcript_KFZ04096	XP_008717735.1
OG0006012	jgi|PseVKM4520_1|6034|transcript_KFZ10437	jgi|Acastr1|122148|AST1_007380-RA
OG0006025	jgi|PseVKM4520_1|2900|transcript_KFZ16183	jgi|Penexp1|9708|PEXP_100150T0
OG0006059	jgi|PseVKM4520_1|3328|transcript_KFZ15416	KAI4239100.1
OG0006113	jgi|PseVKM4520_1|3481|transcript_KFZ15140	jgi|Penexp1|2031|PEXP_024430T0
OG0006269	jgi|PseVKM4520_1|5455|transcript_KFZ11391	jgi|Podan3|208703|mRNA_7531
OG0006297	jgi|PseVKM4520_1|5013|transcript_KFZ12336, jgi|PseVKM4520_1|9409|transcript_KFZ03270	KAJ9661893.1
OG0006309	jgi|PseVKM4520_1|8266|transcript_KFZ04519	coassemb378_008913-T1
OG0006312	jgi|PseVKM4520_1|5546|transcript_KFZ11233	coassemb378_011409-T1
OG0006351	jgi|PseVKM4520_1|10467|transcript_KFZ23897	coassemb378_008669-T1, coassemb378_003689-T1
OG0006375	jgi|PseVKM4520_1|922|transcript_KFZ19934	coassemb76_006523-T1
OG0006375	jgi|PseVKM4520_1|922|transcript_KFZ19934	XP_008719663.1
OG0006476	jgi|PseVKM4520_1|4864|transcript_KFZ12621	GTX0486b100_007663-T1
OG0006505	jgi|PseVKM4520_1|5576|transcript_KFZ11207	jgi|Aurpu_var_mel1|70279|fgenesh1_pg.37_#_31
OG0006512	jgi|PseVKM4520_1|4471|transcript_KFZ13388	jgi|Clagr3|2202|CLAGR_002188-RA
OG0006512	jgi|PseVKM4520_1|4471|transcript_KFZ13388	KAI4098140.1
OG0006512	jgi|PseVKM4520_1|4471|transcript_KFZ13388	GTX0494b19_006624-T1
OG0006512	jgi|PseVKM4520_1|4471|transcript_KFZ13388	FUN_005043_T1_FUN_005043
OG0006512	jgi|PseVKM4520_1|4471|transcript_KFZ13388	KAI4238274.1
OG0006512	jgi|PseVKM4520_1|4471|transcript_KFZ13388	KAI4093311.1
OG0006512	jgi|PseVKM4520_1|4471|transcript_KFZ13388	KAI4228042.1
OG0006512	jgi|PseVKM4520_1|4471|transcript_KFZ13388	KAI9753036.1
OG0006532	jgi|PseVKM4520_1|4317|transcript_KFZ24843	jgi|Claba1|130129|Z519_08436T0
OG0006584	jgi|PseVKM4520_1|9673|transcript_KFZ02982	jgi|Exoaq1|9369|A1O9_05797T0
OG0006606	jgi|PseVKM4520_1|5871|transcript_KFZ10742	jgi|Monha1|1924|H072_1925m.01
OG0006638	jgi|PseVKM4520_1|5806|transcript_KFZ10838	jgi|Dibbae1|8770|DIBA_002263-RA
OG0006638	jgi|PseVKM4520_1|5806|transcript_KFZ10838	jgi|Clagr3|6591|CLAGR_006304-RA
OG0006638	jgi|PseVKM4520_1|5806|transcript_KFZ10838	jgi|Artol1|6195|AOL_s00081g25m.01
OG0006706	jgi|PseVKM4520_1|7958|transcript_KFZ24649	coassemb64_003206-T1
OG0006706	jgi|PseVKM4520_1|7958|transcript_KFZ24649	jgi|Fonmu1|10545|Z520_03746T0
OG0006766	jgi|PseVKM4520_1|9574|transcript_KFZ03072	jgi|Exoaq1|2630|A1O9_10154T0
OG0006806	jgi|PseVKM4520_1|6264|transcript_KFZ24724	coassemb378_001580-T1
OG0006835	jgi|PseVKM4520_1|1722|transcript_KFZ18286	coassemb378_003079-T1
OG0006841	jgi|PseVKM4520_1|5957|transcript_KFZ10573	jgi|Exoaq1|10150|A1O9_06583T0, jgi|Exoaq1|6236|A1O9_12037T0
OG0006842	jgi|PseVKM4520_1|10088|transcript_KFZ24220	jgi|EndpusZ1|2241|EPUS_06577T0
OG0006860	jgi|PseVKM4520_1|9144|transcript_KFZ03566	jgi|Penexp1|61|PEXP_021520T0
OG0006920	jgi|PseVKM4520_1|10772|transcript_KFZ23602	coassemb378_010756-T1
OG0006950	jgi|PseVKM4520_1|6849|transcript_KFZ09182	jgi|Claba1|130050|Z519_08357T0, jgi|Claba1|136877|Z519_03411T0
OG0006954	jgi|PseVKM4520_1|986|transcript_KFZ19741	jgi|Fonmu1|10251|Z520_03649T0
OG0006958	jgi|PseVKM4520_1|10221|transcript_KFZ24104	jgi|Exoaq1|2779|A1O9_10304T0
OG0007038	jgi|PseVKM4520_1|7800|transcript_KFZ07760	KAI9717207.1
OG0007038	jgi|PseVKM4520_1|7800|transcript_KFZ07760	KAJ9659347.1
OG0007133	jgi|PseVKM4520_1|8850|transcript_KFZ03910	coassemb64_006249-T1
OG0007290	jgi|PseVKM4520_1|1308|transcript_KFZ19197	jgi|Aspni_DSM_1|155456|An01g04100m.01
OG0007290	jgi|PseVKM4520_1|1308|transcript_KFZ19197	jgi|Cocpo1_1|6445|XM_003071398.1
OG0007290	jgi|PseVKM4520_1|1308|transcript_KFZ19197	jgi|Phach1|2294|rna2293
OG0007290	jgi|PseVKM4520_1|1308|transcript_KFZ19197	GTX0466b15_008686-T1
OG0007290	jgi|PseVKM4520_1|1308|transcript_KFZ19197	coassemb76_002513-T1
OG0007290	jgi|PseVKM4520_1|1308|transcript_KFZ19197	XP_008718954.1
OG0007290	jgi|PseVKM4520_1|1308|transcript_KFZ19197	coassemb64_003996-T1
OG0007290	jgi|PseVKM4520_1|1308|transcript_KFZ19197	jgi|Exoaq1|7675|A1O9_04206T0
OG0007290	jgi|PseVKM4520_1|1308|transcript_KFZ19197	jgi|Fonmu1|10320|Z520_03718T0
OG0007290	jgi|PseVKM4520_1|1308|transcript_KFZ19197	jgi|Claba1|137656|Z519_04183T0
OG0007290	jgi|PseVKM4520_1|1308|transcript_KFZ19197	jgi|Capcor1|96451|A1O1_03600T0
OG0007306	jgi|PseVKM4520_1|11144|transcript_KFZ23267	jgi|Exoaq1|11608|A1O9_07944T0
OG0007306	jgi|PseVKM4520_1|11144|transcript_KFZ23267	jgi|Aspni_DSM_1|160209|An06g02420m.01
OG0007306	jgi|PseVKM4520_1|11144|transcript_KFZ23267	jgi|Claba1|129356|Z519_07659T0
OG0007306	jgi|PseVKM4520_1|11144|transcript_KFZ23267	KAJ9659601.1
OG0007357	jgi|PseVKM4520_1|3600|transcript_KFZ24917, jgi|PseVKM4520_1|7986|transcript_KFZ24623, jgi|PseVKM4520_1|6937|transcript_KFZ09054, jgi|PseVKM4520_1|7796|transcript_KFZ07756, jgi|PseVKM4520_1|10681|transcript_KFZ23695	jgi|Morco1|515957|estExt_Genewise1Plus.C_3_t10073
OG0007420	jgi|PseVKM4520_1|6948|transcript_KFZ09051	jgi|Podan3|207921|mRNA_6749
OG0007420	jgi|PseVKM4520_1|6948|transcript_KFZ09051	KAJ9650115.1
OG0007420	jgi|PseVKM4520_1|6948|transcript_KFZ09051	coassemb64_006384-T1
OG0007420	jgi|PseVKM4520_1|6948|transcript_KFZ09051	jgi|Exoaq1|7817|A1O9_04348T0
OG0007449	jgi|PseVKM4520_1|4625|transcript_KFZ24816	coassemb64_005957-T1
OG0007714	jgi|PseVKM4520_1|7377|transcript_KFZ08414	jgi|Podan3|207866|mRNA_6694
OG0007775	jgi|PseVKM4520_1|1994|transcript_KFZ17766	jgi|Monha1|4266|H072_4346m.01
OG0007804	jgi|PseVKM4520_1|5356|transcript_KFZ11650	jgi|Artol1|521|AOL_s00004g521m.01
OG0008446	jgi|PseVKM4520_1|3938|transcript_KFZ14307	jgi|Fonmu1|4270|Z520_01255T0
OG0008650	jgi|PseVKM4520_1|5121|transcript_KFZ12162	jgi|Exoaq1|2331|A1O9_09857T0
