Orthogroup	SacceM3707_1_GeneCatalog_proteins_20120712.aa	Other
OG0001085	jgi|SacceM3707_1|30608|fgenesh1_kg.1_#_470_#_NP_010362.1	jgi|Erypu1|5735|transcript_POS88363
OG0001085	jgi|SacceM3707_1|38397|fgenesh1_kg.22_#_18_#_NP_011077.1	jgi|Fusgr1|7214|FGSG_06229T0
OG0001337	jgi|SacceM3707_1|30508|fgenesh1_kg.1_#_370_#_NP_010290.1	coassemb376_004510-T1
OG0002382	jgi|SacceM3707_1|32424|fgenesh1_kg.4_#_21_#_NP_015505.1	XP_008713042.1
OG0005405	jgi|SacceM3707_1|34711|fgenesh1_kg.7_#_388_#_NP_014213.2	jgi|Grascr1|6813|GST1_002047-RA
