Orthogroup	Sclsc1_GeneCatalog_proteins_20110903.aa	Other
OG0000004	jgi|Sclsc1|14335|SS1G_07364T0	KAI4106465.1
OG0000004	jgi|Sclsc1|3699|SS1G_10155T0	jgi|Exoaq1|11121|A1O9_07456T0
OG0000005	jgi|Sclsc1|9577|SS1G_02992T0	jgi|Claba1|138818|Z519_05350T0
OG0000005	jgi|Sclsc1|12799|SS1G_05828T0, jgi|Sclsc1|4223|SS1G_10679T0	jgi|Phach1|6389|rna6388
OG0000010	jgi|Sclsc1|14098|SS1G_07127T0	CAF9932876.1
OG0000011	jgi|Sclsc1|492|SS1G_00492T0	jgi|EndpusZ1|5497|EPUS_00653T0
OG0000015	jgi|Sclsc1|12461|SS1G_05490T0, jgi|Sclsc1|8948|SS1G_02363T0, jgi|Sclsc1|10407|SS1G_03436T0	jgi|Penexp1|3668|PEXP_085500T0
OG0000015	jgi|Sclsc1|12461|SS1G_05490T0, jgi|Sclsc1|8948|SS1G_02363T0, jgi|Sclsc1|10407|SS1G_03436T0	jgi|Aspni_DSM_1|159833|An05g01120m.01, jgi|Aspni_DSM_1|163216|An10g00660m.01, jgi|Aspni_DSM_1|162661|An09g02000m.01
OG0000015	jgi|Sclsc1|12461|SS1G_05490T0, jgi|Sclsc1|8948|SS1G_02363T0, jgi|Sclsc1|10407|SS1G_03436T0	jgi|Cocpo1_1|2685|XM_003067638.1
OG0000015	jgi|Sclsc1|1020|SS1G_01020T0	jgi|Monha1|7534|H072_7784m.01
OG0000015	jgi|Sclsc1|4254|SS1G_10710T0	KAI4286931.1
OG0000021	jgi|Sclsc1|10725|SS1G_03754T0	coassemb76_007353-T1
OG0000025	jgi|Sclsc1|3180|SS1G_09636T0	jgi|Fonmu1|9583|Z520_11990T0
OG0000025	jgi|Sclsc1|3180|SS1G_09636T0	jgi|Claba1|132263|Z519_10582T0
OG0000028	jgi|Sclsc1|14140|SS1G_07169T0	FUN_010538_T1_FUN_010538
OG0000029	jgi|Sclsc1|13103|SS1G_06132T0	coassemb64_007229-T1
OG0000034	jgi|Sclsc1|11221|SS1G_04250T0	jgi|Exoaq1|10859|A1O9_07228T0
OG0000037	jgi|Sclsc1|6542|SS1G_02042T0	jgi|Aspni_DSM_1|161592|An08g03300m.01
OG0000037	jgi|Sclsc1|8076|SS1G_13499T0	jgi|Aspni_DSM_1|162551|An09g00850m.01
OG0000038	jgi|Sclsc1|14067|SS1G_07096T0	jgi|Aspni_DSM_1|168541|An18g00910m.01
OG0000052	jgi|Sclsc1|859|SS1G_00859T0	jgi|Grascr1|1647|GST1_007228-RA
OG0000055	jgi|Sclsc1|14274|SS1G_07303T0	jgi|Clagr3|2322|CLAGR_001720-RA
OG0000056	jgi|Sclsc1|366|SS1G_00366T0	coassemb376_001664-T1
OG0000056	jgi|Sclsc1|366|SS1G_00366T0	coassemb378_000040-T1
OG0000056	jgi|Sclsc1|366|SS1G_00366T0	jgi|Exoaq1|2945|A1O9_10467T0
OG0000056	jgi|Sclsc1|366|SS1G_00366T0	FUN_008932_T1_FUN_008932
OG0000056	jgi|Sclsc1|366|SS1G_00366T0	jgi|Capcor1|96387|A1O1_03534T0
OG0000056	jgi|Sclsc1|366|SS1G_00366T0	jgi|Aspni_DSM_1|159920|An05g02070m.01
OG0000056	jgi|Sclsc1|366|SS1G_00366T0	jgi|Aspni_DSM_1|159920|An05g02070m.01
OG0000057	jgi|Sclsc1|3304|SS1G_09760T0	jgi|Exoaq1|5750|A1O9_03277T0
OG0000057	jgi|Sclsc1|8723|SS1G_02138T0	jgi|Podan3|204746|mRNA_3574
OG0000057	jgi|Sclsc1|8723|SS1G_02138T0	jgi|Fusgr1|4571|FGSG_03551T0
OG0000063	jgi|Sclsc1|2495|SS1G_08951T0	jgi|Phach1|2642|rna2641
OG0000066	jgi|Sclsc1|7957|SS1G_13380T0	jgi|Phach1|1394|rna1393
OG0000067	jgi|Sclsc1|9867|SS1G_14292T0	jgi|Podan3|206798|mRNA_5626
OG0000069	jgi|Sclsc1|10329|SS1G_03358T0	jgi|Grascr1|1601|GST1_007646-RA
OG0000081	jgi|Sclsc1|1131|SS1G_07587T0, jgi|Sclsc1|485|SS1G_00485T0	jgi|Claba1|134768|Z519_12174T0
OG0000087	jgi|Sclsc1|4783|SS1G_11239T0	jgi|Grascr1|5981|GST1_011598-RA
OG0000091	jgi|Sclsc1|1824|SS1G_08280T0	coassemb76_008068-T1
OG0000097	jgi|Sclsc1|1190|SS1G_07646T0	KAI4264560.1
OG0000098	jgi|Sclsc1|11223|SS1G_04252T0	jgi|Exoaq1|44|A1O9_00044T0
OG0000098	jgi|Sclsc1|11223|SS1G_04252T0	jgi|Penexp1|3045|PEXP_104880T0
OG0000098	jgi|Sclsc1|11223|SS1G_04252T0	jgi|Exoaq1|10862|A1O9_07231T0
OG0000101	jgi|Sclsc1|8921|SS1G_02336T0	jgi|Aspni_DSM_1|165047|An12g07490m.01
OG0000101	jgi|Sclsc1|8921|SS1G_02336T0	KAI9659590.1
OG0000104	jgi|Sclsc1|3954|SS1G_10410T0	CAF9921432.1
OG0000112	jgi|Sclsc1|14166|SS1G_07195T0	jgi|Exoaq1|6159|A1O9_11960T0
OG0000112	jgi|Sclsc1|6418|SS1G_01918T0	jgi|Dibbae1|10710|DIBA_004515-RA
OG0000115	jgi|Sclsc1|5119|SS1G_11575T0	jgi|EndpusZ1|5818|EPUS_06007T0
OG0000119	jgi|Sclsc1|11494|SS1G_04523T0	jgi|Acastr1|126338|AST1_002427-RA
OG0000122	jgi|Sclsc1|7854|SS1G_13277T0	jgi|Morco1|522045|estExt_Genewise1Plus.C_200116
OG0000124	jgi|Sclsc1|8251|SS1G_13674T0	jgi|Clagr3|3224|CLAGR_003045-RA
OG0000126	jgi|Sclsc1|686|SS1G_00686T0	jgi|Aspni_DSM_1|163598|An11g03500m.01
OG0000146	jgi|Sclsc1|8711|SS1G_02126T0, jgi|Sclsc1|7042|SS1G_12465T0	jgi|Grascr1|714|GST1_007014-RA
OG0000146	jgi|Sclsc1|7042|SS1G_12465T0	coassemb378_003750-T1
OG0000154	jgi|Sclsc1|6264|SS1G_01765T0	jgi|Dibbae1|7779|DIBA_003252-RA
OG0000160	jgi|Sclsc1|6847|SS1G_11944T0, jgi|Sclsc1|6848|SS1G_11945T0	jgi|EndpusZ1|1203|EPUS_00014T0
OG0000160	jgi|Sclsc1|6848|SS1G_11945T0	jgi|Fonmu1|8828|Z520_02903T0
OG0000160	jgi|Sclsc1|6848|SS1G_11945T0	jgi|Altal1|938129|e_gw1.13.798.1
OG0000169	jgi|Sclsc1|8114|SS1G_13537T0	jgi|Penexp1|9251|PEXP_065540T0
OG0000181	jgi|Sclsc1|3147|SS1G_09603T0	coassemb378_005990-T1
OG0000201	jgi|Sclsc1|5761|SS1G_01262T0, jgi|Sclsc1|7494|SS1G_12917T0	coassemb378_001789-T1
OG0000206	jgi|Sclsc1|4600|SS1G_11056T0	jgi|Penexp1|3673|PEXP_041520T0
OG0000207	jgi|Sclsc1|1637|SS1G_08093T0	jgi|Clagr3|10122|CLAGR_009704-RA
OG0000209	jgi|Sclsc1|11394|SS1G_04423T0	jgi|Acastr1|123098|AST1_004223-RA
OG0000209	jgi|Sclsc1|11394|SS1G_04423T0	KAI9714216.1
OG0000214	jgi|Sclsc1|8297|SS1G_13720T0, jgi|Sclsc1|2731|SS1G_09187T0	jgi|Fusgr1|4397|FGSG_03711T0
OG0000220	jgi|Sclsc1|8736|SS1G_02151T0	jgi|Grascr1|1541|GST1_006149-RA
OG0000222	jgi|Sclsc1|884|SS1G_00884T0	coassemb64_007458-T1
OG0000222	jgi|Sclsc1|2679|SS1G_09135T0	jgi|Phach1|1327|rna1326
OG0000222	jgi|Sclsc1|2679|SS1G_09135T0	jgi|Claba1|133475|Z519_10873T0
OG0000222	jgi|Sclsc1|2679|SS1G_09135T0	jgi|Fonmu1|8081|Z520_11054T0
OG0000222	jgi|Sclsc1|2679|SS1G_09135T0	jgi|Capcor1|99225|A1O1_06396T0
OG0000222	jgi|Sclsc1|2679|SS1G_09135T0	KAJ9661901.1, KAJ9663884.1
OG0000222	jgi|Sclsc1|2679|SS1G_09135T0	coassemb76_005374-T1, coassemb76_001641-T1
OG0000222	jgi|Sclsc1|2679|SS1G_09135T0	coassemb64_004438-T1
OG0000222	jgi|Sclsc1|2679|SS1G_09135T0	jgi|Exoaq1|7793|A1O9_04324T0
OG0000222	jgi|Sclsc1|2679|SS1G_09135T0	GTX0466b15_002501-T1
OG0000225	jgi|Sclsc1|8302|SS1G_13725T0	KAI4288535.1
OG0000235	jgi|Sclsc1|6756|SS1G_11853T0	jgi|Exoaq1|1989|A1O9_09521T0
OG0000238	jgi|Sclsc1|5243|SS1G_11700T0, jgi|Sclsc1|1564|SS1G_08020T0	jgi|Altal1|2778|CE2777_3532
OG0000238	jgi|Sclsc1|1564|SS1G_08020T0	jgi|Artol1|7140|AOL_s00091g31m.01
OG0000238	jgi|Sclsc1|4848|SS1G_11304T0	jgi|Aurpu_var_mel1|49698|e_gw1.11.49.1
OG0000238	jgi|Sclsc1|4848|SS1G_11304T0	jgi|Altal1|1057710|gm1.1945_g
OG0000238	jgi|Sclsc1|4848|SS1G_11304T0	KAI4109259.1
OG0000253	jgi|Sclsc1|13104|SS1G_06133T0, jgi|Sclsc1|3871|SS1G_10327T0	GTX0466b15_004827-T1
OG0000253	jgi|Sclsc1|3871|SS1G_10327T0	XP_008717279.1
OG0000259	jgi|Sclsc1|3021|SS1G_09477T0	jgi|Exoaq1|9275|A1O9_05702T0
OG0000262	jgi|Sclsc1|14151|SS1G_07180T0	coassemb376_006722-T1
OG0000279	jgi|Sclsc1|8399|SS1G_13822T0	jgi|Neucr_trp3_1|6469|Neucr2.NCU06980T0
OG0000289	jgi|Sclsc1|4475|SS1G_10931T0	KAI9712607.1
OG0000289	jgi|Sclsc1|4475|SS1G_10931T0	KAI9697070.1
OG0000289	jgi|Sclsc1|4475|SS1G_10931T0	GTX0486b100_005376-T1
OG0000289	jgi|Sclsc1|4475|SS1G_10931T0	jgi|Altal1|1013246|fgenesh1_pg.26_#_70
OG0000289	jgi|Sclsc1|4475|SS1G_10931T0	coassemb378_008345-T1
OG0000289	jgi|Sclsc1|4475|SS1G_10931T0	jgi|Aurpu_var_mel1|50205|e_gw1.12.353.1
OG0000289	jgi|Sclsc1|4475|SS1G_10931T0	jgi|Grascr1|7603|GST1_002279-RA
OG0000289	jgi|Sclsc1|4475|SS1G_10931T0	jgi|Exoaq1|7604|A1O9_04135T0
OG0000289	jgi|Sclsc1|4475|SS1G_10931T0	jgi|Fusgr1|12878|FGSG_10816T0
OG0000294	jgi|Sclsc1|2343|SS1G_08799T0	jgi|Claba1|136555|Z519_03086T0
OG0000296	jgi|Sclsc1|13833|SS1G_06862T0	KAI4283092.1
OG0000299	jgi|Sclsc1|4745|SS1G_11201T0	jgi|Aurpu_var_mel1|15858|gw1.2.827.1
OG0000310	jgi|Sclsc1|398|SS1G_00398T0	GTX0486b100_008067-T1
OG0000315	jgi|Sclsc1|4690|SS1G_11146T0	jgi|Penexp1|2729|PEXP_108930T0
OG0000315	jgi|Sclsc1|4690|SS1G_11146T0	jgi|Cocpo1_1|4194|XM_003069147.1
OG0000317	jgi|Sclsc1|1845|SS1G_08301T0	KAI9824621.1
OG0000317	jgi|Sclsc1|1845|SS1G_08301T0	jgi|Umbpus1|107360|LPUS_05581T0
OG0000317	jgi|Sclsc1|1845|SS1G_08301T0	coassemb378_004245-T1
OG0000317	jgi|Sclsc1|1845|SS1G_08301T0	jgi|Grascr1|12725|GST1_006455-RA
OG0000317	jgi|Sclsc1|1845|SS1G_08301T0	jgi|Dibbae1|193|DIBA_001330-RA
OG0000317	jgi|Sclsc1|1845|SS1G_08301T0	KAI9665385.1
OG0000317	jgi|Sclsc1|1845|SS1G_08301T0	KAI9718857.1
OG0000317	jgi|Sclsc1|1845|SS1G_08301T0	jgi|Aurpu_var_mel1|37487|e_gw1.1.805.1
OG0000317	jgi|Sclsc1|1845|SS1G_08301T0	jgi|Altal1|801866|CE801865_25690
OG0000317	jgi|Sclsc1|1845|SS1G_08301T0	KAI9705907.1
OG0000317	jgi|Sclsc1|1845|SS1G_08301T0	KAI9719409.1
OG0000317	jgi|Sclsc1|1845|SS1G_08301T0	GTX0486b100_006785-T1
OG0000317	jgi|Sclsc1|1845|SS1G_08301T0	jgi|Acastr1|121896|AST1_000669-RA
OG0000317	jgi|Sclsc1|1845|SS1G_08301T0	KAI4231619.1
OG0000317	jgi|Sclsc1|1845|SS1G_08301T0	FUN_009096_T1_FUN_009096
OG0000317	jgi|Sclsc1|1845|SS1G_08301T0	GTX0494b19_002474-T1
OG0000317	jgi|Sclsc1|1845|SS1G_08301T0	KAI4222744.1
OG0000317	jgi|Sclsc1|1845|SS1G_08301T0	KAI4099761.1
OG0000317	jgi|Sclsc1|1845|SS1G_08301T0	KAI4289663.1
OG0000317	jgi|Sclsc1|1845|SS1G_08301T0	KAI4104916.1
OG0000317	jgi|Sclsc1|1845|SS1G_08301T0	jgi|Clagr3|6641|CLAGR_006353-RA
OG0000317	jgi|Sclsc1|1845|SS1G_08301T0	CAF9936339.1
OG0000317	jgi|Sclsc1|1845|SS1G_08301T0	coassemb376_002077-T1
OG0000317	jgi|Sclsc1|1845|SS1G_08301T0	jgi|EndpusZ1|1321|EPUS_00133T0
OG0000317	jgi|Sclsc1|1845|SS1G_08301T0	jgi|Phach1|6650|rna6649
OG0000317	jgi|Sclsc1|1845|SS1G_08301T0	KAJ9664672.1
OG0000317	jgi|Sclsc1|1845|SS1G_08301T0	jgi|Exoaq1|10923|A1O9_07292T0
OG0000317	jgi|Sclsc1|1845|SS1G_08301T0	coassemb64_002824-T1
OG0000317	jgi|Sclsc1|1845|SS1G_08301T0	jgi|Capcor1|100136|A1O1_07314T0
OG0000317	jgi|Sclsc1|1845|SS1G_08301T0	jgi|Fonmu1|5624|Z520_09437T0
OG0000317	jgi|Sclsc1|1845|SS1G_08301T0	jgi|Claba1|136051|Z519_12574T0
OG0000317	jgi|Sclsc1|1845|SS1G_08301T0	coassemb76_007953-T1, coassemb76_003438-T1
OG0000317	jgi|Sclsc1|1845|SS1G_08301T0	GTX0466b15_002457-T1
OG0000317	jgi|Sclsc1|1845|SS1G_08301T0	XP_008714629.1
OG0000317	jgi|Sclsc1|1845|SS1G_08301T0	GTX0486b100_006784-T1
OG0000317	jgi|Sclsc1|1845|SS1G_08301T0	GTX0486b100_006784-T1
OG0000331	jgi|Sclsc1|4813|SS1G_11269T0	jgi|Aspni_DSM_1|165381|An12g10850m.01
OG0000342	jgi|Sclsc1|2376|SS1G_08832T0	jgi|Ascim1|123924|CE123923_1326
OG0000345	jgi|Sclsc1|11932|SS1G_04961T0	jgi|Morco1|486361|e_gw1.19.285.1
OG0000356	jgi|Sclsc1|3120|SS1G_09576T0, jgi|Sclsc1|1516|SS1G_07972T0	KAI9830031.1, KAI9830942.1
OG0000360	jgi|Sclsc1|2914|SS1G_09370T0	jgi|Penexp1|5287|PEXP_046120T0
OG0000360	jgi|Sclsc1|10229|SS1G_03258T0	jgi|Dibbae1|7507|DIBA_010463-RA
OG0000360	jgi|Sclsc1|10229|SS1G_03258T0	coassemb376_005871-T1
OG0000361	jgi|Sclsc1|10700|SS1G_03729T0	jgi|EndpusZ1|3311|EPUS_07951T0
OG0000372	jgi|Sclsc1|11710|SS1G_04739T0	jgi|EndpusZ1|4056|EPUS_04249T0
OG0000372	jgi|Sclsc1|11710|SS1G_04739T0	jgi|Penexp1|2427|PEXP_052820T0
OG0000399	jgi|Sclsc1|3122|SS1G_09578T0	jgi|Cocpo1_1|2934|XM_003067887.1
OG0000399	jgi|Sclsc1|3122|SS1G_09578T0	jgi|Exoaq1|3000|A1O9_10522T0
OG0000412	jgi|Sclsc1|7256|SS1G_12679T0	jgi|Aspni_DSM_1|158967|An04g02770m.01
OG0000415	jgi|Sclsc1|3338|SS1G_09794T0	coassemb378_010623-T1
OG0000417	jgi|Sclsc1|8589|SS1G_14012T0	jgi|Podan3|207916|mRNA_6744, jgi|Podan3|203446|mRNA_2274
OG0000431	jgi|Sclsc1|1550|SS1G_08006T0, jgi|Sclsc1|10233|SS1G_03262T0	jgi|Dibbae1|456|DIBA_005890-RA
OG0000455	jgi|Sclsc1|480|SS1G_00480T0	jgi|Grascr1|12662|GST1_001956-RA
OG0000458	jgi|Sclsc1|10120|SS1G_03148T0	CAF9927989.1
OG0000458	jgi|Sclsc1|10120|SS1G_03148T0	jgi|Clagr3|609|CLAGR_000600-RA
OG0000462	jgi|Sclsc1|12647|SS1G_05676T0	coassemb76_005699-T1
OG0000466	jgi|Sclsc1|13856|SS1G_06885T0	jgi|Grascr1|11362|GST1_005242-RA
OG0000470	jgi|Sclsc1|6296|SS1G_01797T0	CAF9915761.1
OG0000470	jgi|Sclsc1|6296|SS1G_01797T0	jgi|Phach1|2717|rna2716
OG0000485	jgi|Sclsc1|8991|SS1G_02406T0	KAI9826477.1
OG0000488	jgi|Sclsc1|11001|SS1G_04030T0	XP_008721379.1
OG0000491	jgi|Sclsc1|727|SS1G_00727T0	KAI9700613.1
OG0000523	jgi|Sclsc1|12758|SS1G_05787T0	jgi|Claba1|132707|Z519_01185T0
OG0000525	jgi|Sclsc1|2301|SS1G_08757T0	jgi|Altal1|986667|estExt_Genewise1Plus.C_8_t10153
OG0000525	jgi|Sclsc1|9153|SS1G_02568T0	jgi|Fusgr1|4590|FGSG_03533T0
OG0000525	jgi|Sclsc1|9153|SS1G_02568T0	CAF9916816.1, CAF9917101.1
OG0000525	jgi|Sclsc1|9153|SS1G_02568T0	jgi|Altal1|986667|estExt_Genewise1Plus.C_8_t10153
OG0000525	jgi|Sclsc1|9153|SS1G_02568T0	jgi|Altal1|986667|estExt_Genewise1Plus.C_8_t10153
OG0000525	jgi|Sclsc1|9153|SS1G_02568T0	jgi|Monha1|2335|H072_2340m.01
OG0000525	jgi|Sclsc1|9153|SS1G_02568T0	jgi|Artol1|2146|AOL_s00043g309m.01
OG0000525	jgi|Sclsc1|2301|SS1G_08757T0	jgi|Penexp1|8547|PEXP_070070T0
OG0000556	jgi|Sclsc1|6317|SS1G_01818T0	jgi|Acastr1|125819|AST1_000507-RA
OG0000580	jgi|Sclsc1|11879|SS1G_04908T0	jgi|Capcor1|99769|A1O1_06944T0
OG0000599	jgi|Sclsc1|4365|SS1G_10821T0	jgi|Exoaq1|7285|A1O9_03815T0
OG0000599	jgi|Sclsc1|4365|SS1G_10821T0	jgi|Claba1|133694|Z519_11094T0
OG0000607	jgi|Sclsc1|1898|SS1G_08354T0	jgi|Fonmu1|11791|Z520_04996T0
OG0000609	jgi|Sclsc1|3944|SS1G_10400T0	jgi|Artol1|4636|AOL_s00078g22m.01
OG0000620	jgi|Sclsc1|1762|SS1G_08218T0	CAF9924105.1
OG0000620	jgi|Sclsc1|1762|SS1G_08218T0	coassemb376_002221-T1
OG0000621	jgi|Sclsc1|4554|SS1G_11010T0	jgi|Aspni_DSM_1|167922|An16g06350m.01
OG0000648	jgi|Sclsc1|5240|SS1G_11697T0	coassemb76_003566-T1
OG0000654	jgi|Sclsc1|3736|SS1G_10192T0	coassemb64_005016-T1
OG0000654	jgi|Sclsc1|3736|SS1G_10192T0	coassemb76_006623-T1
OG0000661	jgi|Sclsc1|4437|SS1G_10893T0, jgi|Sclsc1|3256|SS1G_09712T0	jgi|Penexp1|3400|PEXP_084810T0
OG0000682	jgi|Sclsc1|1510|SS1G_07966T0	KAI9714171.1
OG0000684	jgi|Sclsc1|10766|SS1G_03795T0	jgi|Amamu1|65006|e_gw1.1.1549.1
OG0000684	jgi|Sclsc1|10766|SS1G_03795T0	jgi|Aurpu_var_mel1|66570|fgenesh1_pg.12_#_67
OG0000684	jgi|Sclsc1|10766|SS1G_03795T0	jgi|Altal1|485981|CE485980_1441
OG0000684	jgi|Sclsc1|10766|SS1G_03795T0	coassemb64_000333-T1
OG0000684	jgi|Sclsc1|10766|SS1G_03795T0	jgi|Exoaq1|9267|A1O9_05694T0
OG0000684	jgi|Sclsc1|10766|SS1G_03795T0	jgi|Capcor1|93049|A1O1_00178T0
OG0000684	jgi|Sclsc1|10766|SS1G_03795T0	jgi|Fonmu1|10836|Z520_04037T0
OG0000684	jgi|Sclsc1|10766|SS1G_03795T0	jgi|Claba1|136802|Z519_03335T0
OG0000684	jgi|Sclsc1|10766|SS1G_03795T0	KAJ9651154.1
OG0000684	jgi|Sclsc1|10766|SS1G_03795T0	jgi|Grascr1|10447|GST1_003611-RA
OG0000684	jgi|Sclsc1|10766|SS1G_03795T0	XP_008719844.1
OG0000684	jgi|Sclsc1|10766|SS1G_03795T0	jgi|Phach1|1623|rna1622
OG0000684	jgi|Sclsc1|10766|SS1G_03795T0	GTX0466b15_007563-T1
OG0000684	jgi|Sclsc1|10766|SS1G_03795T0	coassemb378_003965-T1
OG0000688	jgi|Sclsc1|6662|SS1G_11759T0	KAJ9655021.1
OG0000688	jgi|Sclsc1|6662|SS1G_11759T0	jgi|Exoaq1|9555|A1O9_05985T0
OG0000688	jgi|Sclsc1|6662|SS1G_11759T0	jgi|EndpusZ1|9016|EPUS_05276T0
OG0000693	jgi|Sclsc1|1320|SS1G_07776T0, jgi|Sclsc1|11851|SS1G_04880T0	KAJ9663676.1, KAJ9657228.1
OG0000696	jgi|Sclsc1|810|SS1G_00810T0	jgi|Altal1|1019116|fgenesh1_kg.7_#_251_#_Locus2570v1rpkm58.59
OG0000738	jgi|Sclsc1|3254|SS1G_09710T0	jgi|Fusgr1|9627|FGSG_08611T0
OG0000752	jgi|Sclsc1|4734|SS1G_11190T0, jgi|Sclsc1|2799|SS1G_09255T0	jgi|Dibbae1|3999|DIBA_006726-RA
OG0000770	jgi|Sclsc1|8058|SS1G_13481T0	jgi|Aspni_DSM_1|156861|An02g03380m.01
OG0000780	jgi|Sclsc1|10226|SS1G_03255T0	coassemb378_005839-T1
OG0000793	jgi|Sclsc1|12930|SS1G_05959T0	coassemb378_010898-T1
OG0000821	jgi|Sclsc1|8817|SS1G_02232T0	jgi|Ascim1|41603|CE41602_3598
OG0000868	jgi|Sclsc1|6163|SS1G_01664T0	jgi|Capcor1|95944|A1O1_03087T0
OG0000882	jgi|Sclsc1|6071|SS1G_01572T0	jgi|Grascr1|1203|GST1_006173-RA
OG0000891	jgi|Sclsc1|12349|SS1G_05378T0	jgi|Exoaq1|4058|A1O9_11580T0
OG0000891	jgi|Sclsc1|12349|SS1G_05378T0	GTX0466b15_009377-T1, GTX0466b15_006137-T1
OG0000894	jgi|Sclsc1|11316|SS1G_04345T0	KAJ9662613.1, KAJ9658160.1, KAJ9654031.1
OG0000897	jgi|Sclsc1|13539|SS1G_06568T0	jgi|Fonmu1|6990|Z520_02200T0
OG0000897	jgi|Sclsc1|13539|SS1G_06568T0	GTX0486b100_000479-T1
OG0000929	jgi|Sclsc1|3721|SS1G_10177T0	coassemb378_009341-T1
OG0000929	jgi|Sclsc1|3721|SS1G_10177T0	jgi|Capcor1|100408|A1O1_07591T0, jgi|Capcor1|97949|A1O1_05112T0
OG0000929	jgi|Sclsc1|3721|SS1G_10177T0	KAI9726144.1
OG0000929	jgi|Sclsc1|3721|SS1G_10177T0	XP_008717985.1
OG0000929	jgi|Sclsc1|3721|SS1G_10177T0	jgi|Exoaq1|8850|A1O9_05274T0, jgi|Exoaq1|8851|A1O9_05275T0, jgi|Exoaq1|6884|A1O9_12686T0
OG0000929	jgi|Sclsc1|3721|SS1G_10177T0	KAJ9656983.1, KAJ9650467.1
OG0000929	jgi|Sclsc1|3721|SS1G_10177T0	jgi|Penexp1|5676|PEXP_009850T0, jgi|Penexp1|4902|PEXP_043030T0
OG0000929	jgi|Sclsc1|3721|SS1G_10177T0	jgi|Aspni_DSM_1|163362|An11g01060m.01, jgi|Aspni_DSM_1|159856|An05g01360m.01, jgi|Aspni_DSM_1|163616|An11g03690m.01, jgi|Aspni_DSM_1|167314|An16g00150m.01
OG0000929	jgi|Sclsc1|3721|SS1G_10177T0	coassemb64_003782-T1
OG0000929	jgi|Sclsc1|3721|SS1G_10177T0	jgi|Altal1|1052887|estExt_fgenesh1_pg.C_190285
OG0000929	jgi|Sclsc1|3721|SS1G_10177T0	GTX0466b15_003771-T1
OG0000929	jgi|Sclsc1|3721|SS1G_10177T0	jgi|Fusgr1|5566|FGSG_04782T0, jgi|Fusgr1|12527|FGSG_11124T0, jgi|Fusgr1|7534|FGSG_06516T0
OG0000929	jgi|Sclsc1|3721|SS1G_10177T0	jgi|Fusgr1|5566|FGSG_04782T0, jgi|Fusgr1|12527|FGSG_11124T0, jgi|Fusgr1|7534|FGSG_06516T0
OG0000938	jgi|Sclsc1|3331|SS1G_09787T0	GTX0486b100_008467-T1
OG0000944	jgi|Sclsc1|1|SS1G_00001T0	jgi|Exoaq1|8108|A1O9_04643T0
OG0000946	jgi|Sclsc1|7347|SS1G_12770T0	coassemb378_006682-T1
OG0000946	jgi|Sclsc1|7347|SS1G_12770T0	jgi|EndpusZ1|7377|EPUS_03685T0
OG0000946	jgi|Sclsc1|7347|SS1G_12770T0	coassemb376_007823-T1
OG0000946	jgi|Sclsc1|7347|SS1G_12770T0	jgi|Fusgr1|9079|FGSG_07845T0
OG0000946	jgi|Sclsc1|7347|SS1G_12770T0	jgi|Fusgr1|9079|FGSG_07845T0
OG0000946	jgi|Sclsc1|7347|SS1G_12770T0	jgi|Grascr1|2775|GST1_009204-RA
OG0000964	jgi|Sclsc1|4035|SS1G_10491T0	GTX0486b100_001433-T1
OG0000991	jgi|Sclsc1|11825|SS1G_04854T0	KAJ9652281.1
OG0001006	jgi|Sclsc1|2020|SS1G_08476T0	jgi|Monha1|9388|H072_9849m.01
OG0001008	jgi|Sclsc1|220|SS1G_00220T0	jgi|EndpusZ1|9085|EPUS_06916T0
OG0001014	jgi|Sclsc1|7928|SS1G_13351T0, jgi|Sclsc1|3608|SS1G_10064T0	jgi|Fonmu1|4494|Z520_01480T0
OG0001034	jgi|Sclsc1|7393|SS1G_12816T0	jgi|Acastr1|122575|AST1_008451-RA
OG0001034	jgi|Sclsc1|7393|SS1G_12816T0	KAI9754741.1
OG0001034	jgi|Sclsc1|7393|SS1G_12816T0	KAI9826786.1
OG0001034	jgi|Sclsc1|7393|SS1G_12816T0	jgi|Altal1|1015420|fgenesh1_kg.1_#_398_#_Locus12168v1rpkm0.86
OG0001060	jgi|Sclsc1|6774|SS1G_11871T0	jgi|Morco1|578177|gm1.8953_g, jgi|Morco1|578182|gm1.8958_g, jgi|Morco1|578180|gm1.8956_g, jgi|Morco1|493985|e_gw1.58.72.1
OG0001082	jgi|Sclsc1|603|SS1G_00603T0	jgi|Ascim1|202284|e_gw1.1.305.1
OG0001082	jgi|Sclsc1|603|SS1G_00603T0	jgi|Morco1|535134|fgenesh1_kg.19_#_140_#_Locus7466v1rpkm11.09
OG0001082	jgi|Sclsc1|603|SS1G_00603T0	CAF9943247.1
OG0001082	jgi|Sclsc1|603|SS1G_00603T0	coassemb376_004564-T1
OG0001082	jgi|Sclsc1|603|SS1G_00603T0	jgi|Clagr3|9459|CLAGR_009794-RA
OG0001082	jgi|Sclsc1|603|SS1G_00603T0	jgi|Podan3|203720|mRNA_2548
OG0001082	jgi|Sclsc1|603|SS1G_00603T0	jgi|Neucr_trp3_1|6701|Neucr2.NCU05230T0
OG0001082	jgi|Sclsc1|603|SS1G_00603T0	jgi|Altal1|1004433|fgenesh1_pg.1_#_729
OG0001082	jgi|Sclsc1|603|SS1G_00603T0	KAI9662718.1
OG0001082	jgi|Sclsc1|603|SS1G_00603T0	KAI9725238.1, KAI9719547.1
OG0001082	jgi|Sclsc1|603|SS1G_00603T0	jgi|Acastr1|122541|AST1_007018-RA
OG0001082	jgi|Sclsc1|603|SS1G_00603T0	jgi|Podan3|203720|mRNA_2548
OG0001082	jgi|Sclsc1|603|SS1G_00603T0	jgi|Neucr_trp3_1|6701|Neucr2.NCU05230T0
OG0001085	jgi|Sclsc1|3810|SS1G_10266T0	jgi|Erypu1|5735|transcript_POS88363
OG0001115	jgi|Sclsc1|9430|SS1G_02845T0	coassemb76_002847-T1, coassemb76_003966-T1
OG0001133	jgi|Sclsc1|3276|SS1G_09732T0	jgi|Exoaq1|7366|A1O9_03896T0
OG0001146	jgi|Sclsc1|10347|SS1G_03376T0	KAI4290470.1
OG0001146	jgi|Sclsc1|10347|SS1G_03376T0	GTX0494b19_001958-T1
OG0001146	jgi|Sclsc1|10347|SS1G_03376T0	FUN_000477_T1_FUN_000477
OG0001146	jgi|Sclsc1|10347|SS1G_03376T0	KAI4219193.1
OG0001146	jgi|Sclsc1|10347|SS1G_03376T0	KAI4112037.1
OG0001146	jgi|Sclsc1|10347|SS1G_03376T0	KAI4237710.1
OG0001146	jgi|Sclsc1|10347|SS1G_03376T0	KAI4101656.1
OG0001146	jgi|Sclsc1|10347|SS1G_03376T0	jgi|Clagr3|8027|CLAGR_007595-RA
OG0001146	jgi|Sclsc1|10347|SS1G_03376T0	CAF9934711.1
OG0001146	jgi|Sclsc1|10347|SS1G_03376T0	jgi|Umbpus1|101755|LPUS_08492T0
OG0001146	jgi|Sclsc1|10347|SS1G_03376T0	jgi|Dibbae1|7558|DIBA_011948-RA
OG0001146	jgi|Sclsc1|10347|SS1G_03376T0	coassemb378_001427-T1
OG0001146	jgi|Sclsc1|10347|SS1G_03376T0	jgi|Acastr1|124354|AST1_003754-RA
OG0001146	jgi|Sclsc1|10347|SS1G_03376T0	coassemb64_003601-T1
OG0001146	jgi|Sclsc1|10347|SS1G_03376T0	jgi|Grascr1|9274|GST1_012851-RA
OG0001147	jgi|Sclsc1|1871|SS1G_08327T0	CAF9919947.1
OG0001149	jgi|Sclsc1|8603|SS1G_14026T0	coassemb64_007578-T1
OG0001155	jgi|Sclsc1|4884|SS1G_11340T0	CAF9922875.1
OG0001159	jgi|Sclsc1|11022|SS1G_04051T0	KAI9753947.1
OG0001159	jgi|Sclsc1|11022|SS1G_04051T0	FUN_005528_T1_FUN_005528
OG0001159	jgi|Sclsc1|11022|SS1G_04051T0	KAI9715741.1
OG0001159	jgi|Sclsc1|11022|SS1G_04051T0	GTX0486b100_007755-T1
OG0001159	jgi|Sclsc1|11022|SS1G_04051T0	KAI9728950.1
OG0001159	jgi|Sclsc1|11022|SS1G_04051T0	KAI9663465.1
OG0001159	jgi|Sclsc1|11022|SS1G_04051T0	jgi|Capcor1|92500|A1O1_08924T0
OG0001159	jgi|Sclsc1|11022|SS1G_04051T0	jgi|Claba1|133714|Z519_11114T0
OG0001159	jgi|Sclsc1|11022|SS1G_04051T0	jgi|Fonmu1|2256|Z520_06889T0
OG0001159	jgi|Sclsc1|11022|SS1G_04051T0	jgi|Exoaq1|2665|A1O9_10189T0
OG0001159	jgi|Sclsc1|11022|SS1G_04051T0	GTX0466b15_001752-T1
OG0001159	jgi|Sclsc1|11022|SS1G_04051T0	coassemb76_002766-T1
OG0001159	jgi|Sclsc1|11022|SS1G_04051T0	XP_008719420.1
OG0001159	jgi|Sclsc1|11022|SS1G_04051T0	jgi|EndpusZ1|9168|EPUS_06429T0
OG0001159	jgi|Sclsc1|11022|SS1G_04051T0	KAJ9655197.1
OG0001159	jgi|Sclsc1|11022|SS1G_04051T0	coassemb64_005304-T1
OG0001159	jgi|Sclsc1|11022|SS1G_04051T0	jgi|Phach1|2774|rna2773
OG0001159	jgi|Sclsc1|11022|SS1G_04051T0	KAI9814859.1
OG0001159	jgi|Sclsc1|11022|SS1G_04051T0	jgi|Grascr1|2571|GST1_008756-RA
OG0001159	jgi|Sclsc1|11022|SS1G_04051T0	KAI9697653.1
OG0001159	jgi|Sclsc1|11022|SS1G_04051T0	GTX0494b19_007206-T1
OG0001159	jgi|Sclsc1|11022|SS1G_04051T0	KAI4226293.1
OG0001159	jgi|Sclsc1|11022|SS1G_04051T0	KAI4111298.1
OG0001159	jgi|Sclsc1|11022|SS1G_04051T0	KAI4233499.1
OG0001159	jgi|Sclsc1|11022|SS1G_04051T0	KAI4094819.1
OG0001159	jgi|Sclsc1|11022|SS1G_04051T0	jgi|Clagr3|8514|CLAGR_008746-RA
OG0001159	jgi|Sclsc1|11022|SS1G_04051T0	CAF9908572.1
OG0001159	jgi|Sclsc1|11022|SS1G_04051T0	jgi|Acastr1|120258|AST1_000065-RA
OG0001159	jgi|Sclsc1|11022|SS1G_04051T0	jgi|Dibbae1|935|DIBA_001037-RA
OG0001159	jgi|Sclsc1|11022|SS1G_04051T0	coassemb378_007205-T1
OG0001159	jgi|Sclsc1|11022|SS1G_04051T0	KAI9832400.1
OG0001161	jgi|Sclsc1|9439|SS1G_02854T0	coassemb378_003837-T1
OG0001161	jgi|Sclsc1|9439|SS1G_02854T0	jgi|Grascr1|10701|GST1_003867-RA
OG0001178	jgi|Sclsc1|6027|SS1G_01528T0	jgi|Cocpo1_1|6081|XM_003071034.1
OG0001184	jgi|Sclsc1|11196|SS1G_04225T0	jgi|Exoaq1|6235|A1O9_12036T0
OG0001191	jgi|Sclsc1|8127|SS1G_13550T0	jgi|Morco1|547704|fgenesh1_pg.43_#_83
OG0001196	jgi|Sclsc1|12342|SS1G_05371T0	jgi|Acastr1|124709|AST1_002374-RA
OG0001214	jgi|Sclsc1|9914|SS1G_14339T0, jgi|Sclsc1|9915|SS1G_14340T0	coassemb378_006048-T1
OG0001214	jgi|Sclsc1|9914|SS1G_14339T0, jgi|Sclsc1|9915|SS1G_14340T0	KAI9717070.1
OG0001227	jgi|Sclsc1|7879|SS1G_13302T0	jgi|Artol1|4183|AOL_s00076g279m.01
OG0001227	jgi|Sclsc1|7879|SS1G_13302T0	jgi|Aspni_DSM_1|158193|An03g01800m.01
OG0001270	jgi|Sclsc1|2142|SS1G_08599T0	jgi|Aurpu_var_mel1|55444|e_gw1.22.160.1
OG0001270	jgi|Sclsc1|2142|SS1G_08599T0	jgi|Altal1|1022702|fgenesh1_kg.17_#_92_#_Locus6927v1rpkm11.28
OG0001270	jgi|Sclsc1|2142|SS1G_08599T0	jgi|Phach1|3413|rna3412
OG0001270	jgi|Sclsc1|2142|SS1G_08599T0	XP_008716448.1
OG0001270	jgi|Sclsc1|2142|SS1G_08599T0	coassemb76_001029-T1
OG0001270	jgi|Sclsc1|2142|SS1G_08599T0	GTX0466b15_000409-T1
OG0001270	jgi|Sclsc1|2142|SS1G_08599T0	jgi|Claba1|132926|Z519_01404T0
OG0001270	jgi|Sclsc1|2142|SS1G_08599T0	jgi|Fonmu1|6678|Z520_01888T0
OG0001270	jgi|Sclsc1|2142|SS1G_08599T0	jgi|Capcor1|95588|A1O1_02728T0
OG0001270	jgi|Sclsc1|2142|SS1G_08599T0	jgi|Exoaq1|3274|A1O9_10790T0
OG0001270	jgi|Sclsc1|2142|SS1G_08599T0	coassemb64_003068-T1
OG0001270	jgi|Sclsc1|2142|SS1G_08599T0	KAJ9652976.1
OG0001270	jgi|Sclsc1|2142|SS1G_08599T0	jgi|EndpusZ1|5334|EPUS_00490T0
OG0001270	jgi|Sclsc1|2142|SS1G_08599T0	jgi|Aspni_DSM_1|162049|An08g07870m.01
OG0001270	jgi|Sclsc1|2142|SS1G_08599T0	jgi|Penexp1|5067|PEXP_044680T0
OG0001270	jgi|Sclsc1|2142|SS1G_08599T0	jgi|Cocpo1_1|1724|XM_003066676.1
OG0001270	jgi|Sclsc1|2142|SS1G_08599T0	jgi|Umbpus1|104298|LPUS_11023T0
OG0001270	jgi|Sclsc1|2142|SS1G_08599T0	jgi|Dibbae1|12693|DIBA_006691-RA
OG0001270	jgi|Sclsc1|2142|SS1G_08599T0	jgi|Grascr1|8350|GST1_012368-RA
OG0001270	jgi|Sclsc1|2142|SS1G_08599T0	coassemb378_004799-T1
OG0001270	jgi|Sclsc1|2142|SS1G_08599T0	jgi|Acastr1|123284|AST1_002333-RA
OG0001270	jgi|Sclsc1|2142|SS1G_08599T0	coassemb376_006770-T1
OG0001274	jgi|Sclsc1|733|SS1G_00733T0	CAF9937968.1
OG0001274	jgi|Sclsc1|733|SS1G_00733T0	KAI9700617.1
OG0001281	jgi|Sclsc1|3419|SS1G_09875T0	jgi|Artol1|5|AOL_s00004g4m.01
OG0001300	jgi|Sclsc1|7619|SS1G_13042T0	jgi|Artol1|5665|AOL_s00079g439m.01
OG0001428	jgi|Sclsc1|13543|SS1G_06572T0	jgi|Grascr1|4396|GST1_010145-RA
OG0001435	jgi|Sclsc1|6374|SS1G_01874T0	coassemb376_005892-T1
OG0001435	jgi|Sclsc1|6374|SS1G_01874T0	KAI4287589.1
OG0001497	jgi|Sclsc1|3190|SS1G_09646T0	jgi|Podan3|203377|mRNA_2205
OG0001497	jgi|Sclsc1|3190|SS1G_09646T0	jgi|Neucr_trp3_1|553|Neucr2.NCU01898T0
OG0001497	jgi|Sclsc1|3190|SS1G_09646T0	KAJ9657216.1
OG0001497	jgi|Sclsc1|3190|SS1G_09646T0	XP_008714891.1, XP_008714893.1
OG0001497	jgi|Sclsc1|3190|SS1G_09646T0	jgi|EndpusZ1|926|EPUS_01642T0
OG0001497	jgi|Sclsc1|3190|SS1G_09646T0	jgi|Penexp1|5158|PEXP_044830T0
OG0001497	jgi|Sclsc1|3190|SS1G_09646T0	jgi|Exoaq1|11788|A1O9_08104T0, jgi|Exoaq1|3225|A1O9_10743T0, jgi|Exoaq1|3224|A1O9_10742T0
OG0001497	jgi|Sclsc1|3190|SS1G_09646T0	jgi|Claba1|133460|Z519_10858T0, jgi|Claba1|133464|Z519_10862T0, jgi|Claba1|133462|Z519_10860T0
OG0001497	jgi|Sclsc1|3190|SS1G_09646T0	jgi|Fonmu1|8066|Z520_11039T0, jgi|Fonmu1|8070|Z520_11043T0, jgi|Fonmu1|8068|Z520_11041T0
OG0001497	jgi|Sclsc1|3190|SS1G_09646T0	coassemb64_002982-T1
OG0001497	jgi|Sclsc1|3190|SS1G_09646T0	jgi|Capcor1|97917|A1O1_05079T0, jgi|Capcor1|99464|A1O1_06636T0
OG0001497	jgi|Sclsc1|3190|SS1G_09646T0	coassemb76_004513-T1, coassemb76_004511-T1
OG0001497	jgi|Sclsc1|3190|SS1G_09646T0	GTX0466b15_006613-T1, GTX0466b15_006641-T1, GTX0466b15_006643-T1
OG0001497	jgi|Sclsc1|3190|SS1G_09646T0	jgi|Aspni_DSM_1|165170|An12g08700m.01
OG0001497	jgi|Sclsc1|3190|SS1G_09646T0	jgi|Dibbae1|9770|DIBA_012322-RA
OG0001497	jgi|Sclsc1|3190|SS1G_09646T0	jgi|Dibbae1|9770|DIBA_012322-RA
OG0001497	jgi|Sclsc1|3190|SS1G_09646T0	jgi|Phach1|5440|rna5439
OG0001497	jgi|Sclsc1|3190|SS1G_09646T0	CAF9905592.1
OG0001497	jgi|Sclsc1|3190|SS1G_09646T0	coassemb76_006836-T1
OG0001497	jgi|Sclsc1|3190|SS1G_09646T0	coassemb76_006836-T1
OG0001497	jgi|Sclsc1|3199|SS1G_09655T0	jgi|Podan3|205140|mRNA_3968
OG0001499	jgi|Sclsc1|350|SS1G_00350T0	jgi|EndpusZ1|2781|EPUS_05882T0
OG0001506	jgi|Sclsc1|9999|SS1G_14424T0	jgi|Exoaq1|6233|A1O9_12034T0
OG0001512	jgi|Sclsc1|6419|SS1G_01919T0	jgi|Grascr1|4899|GST1_009614-RA
OG0001512	jgi|Sclsc1|6419|SS1G_01919T0	jgi|EndpusZ1|4180|EPUS_07474T0
OG0001512	jgi|Sclsc1|6419|SS1G_01919T0	KAJ9658447.1
OG0001512	jgi|Sclsc1|6419|SS1G_01919T0	jgi|Capcor1|92531|A1O1_08955T0
OG0001512	jgi|Sclsc1|6419|SS1G_01919T0	jgi|Claba1|138925|Z519_05457T0
OG0001512	jgi|Sclsc1|6419|SS1G_01919T0	jgi|Fonmu1|6724|Z520_01934T0
OG0001512	jgi|Sclsc1|6419|SS1G_01919T0	coassemb64_004496-T1
OG0001512	jgi|Sclsc1|6419|SS1G_01919T0	jgi|Exoaq1|12023|A1O9_08339T0, jgi|Exoaq1|12226|A1O9_08543T0
OG0001512	jgi|Sclsc1|6419|SS1G_01919T0	XP_008716256.1
OG0001512	jgi|Sclsc1|6419|SS1G_01919T0	coassemb76_004310-T1
OG0001512	jgi|Sclsc1|6419|SS1G_01919T0	GTX0466b15_000106-T1
OG0001512	jgi|Sclsc1|6419|SS1G_01919T0	jgi|Phach1|3100|rna3099
OG0001512	jgi|Sclsc1|2040|SS1G_08496T0	coassemb76_005891-T1
OG0001518	jgi|Sclsc1|13566|SS1G_06595T0	jgi|Penexp1|8657|PEXP_013540T0
OG0001529	jgi|Sclsc1|9308|SS1G_02723T0	coassemb64_004123-T1
OG0001529	jgi|Sclsc1|9308|SS1G_02723T0	jgi|Aspni_DSM_1|168268|An17g00540m.01
OG0001580	jgi|Sclsc1|9497|SS1G_02912T0	KAI4287607.1
OG0001594	jgi|Sclsc1|8209|SS1G_13632T0	jgi|Morco1|567268|estExt_fgenesh1_pg.C_480063
OG0001594	jgi|Sclsc1|8209|SS1G_13632T0	jgi|Ascim1|416213|fgenesh1_RNNotator_kg.60_#_17_#_Locus2429v1rpkm67.34
OG0001594	jgi|Sclsc1|8209|SS1G_13632T0	jgi|Artol1|9279|AOL_s00173g186m.01
OG0001594	jgi|Sclsc1|8209|SS1G_13632T0	jgi|Monha1|9773|H072_10287m.01
OG0001604	jgi|Sclsc1|13312|SS1G_06341T0	jgi|Cocpo1_1|633|XM_003065585.1
OG0001623	jgi|Sclsc1|146|SS1G_00146T0	jgi|Aspni_DSM_1|168603|An18g01580m.01
OG0001624	jgi|Sclsc1|5173|SS1G_11629T0	coassemb64_001354-T1
OG0001624	jgi|Sclsc1|5173|SS1G_11629T0	jgi|Exoaq1|12952|A1O9_09237T0
OG0001624	jgi|Sclsc1|5173|SS1G_11629T0	jgi|Capcor1|95133|A1O1_02272T0
OG0001624	jgi|Sclsc1|5173|SS1G_11629T0	jgi|Claba1|139937|Z519_06469T0
OG0001624	jgi|Sclsc1|5173|SS1G_11629T0	jgi|Fonmu1|11894|Z520_05099T0
OG0001624	jgi|Sclsc1|5173|SS1G_11629T0	KAJ9656586.1
OG0001624	jgi|Sclsc1|5173|SS1G_11629T0	XP_008721522.1
OG0001624	jgi|Sclsc1|5173|SS1G_11629T0	GTX0466b15_003008-T1
OG0001624	jgi|Sclsc1|5173|SS1G_11629T0	jgi|EndpusZ1|1212|EPUS_00023T0
OG0001624	jgi|Sclsc1|5173|SS1G_11629T0	jgi|Cocpo1_1|3644|XM_003068597.1
OG0001624	jgi|Sclsc1|5173|SS1G_11629T0	jgi|Aspni_DSM_1|158346|An03g03530m.01
OG0001624	jgi|Sclsc1|5173|SS1G_11629T0	jgi|Aurpu_var_mel1|79401|fgenesh1_pm.40_#_22
OG0001624	jgi|Sclsc1|5173|SS1G_11629T0	jgi|Penexp1|4588|PEXP_047130T0, jgi|Penexp1|3047|PEXP_104900T0
OG0001624	jgi|Sclsc1|5173|SS1G_11629T0	jgi|PseVKM4520_1|7991|transcript_KFZ24628
OG0001624	jgi|Sclsc1|5173|SS1G_11629T0	jgi|PseVKM4520_1|7991|transcript_KFZ24628
OG0001640	jgi|Sclsc1|5841|SS1G_01342T0	KAI4086500.1
OG0001646	jgi|Sclsc1|12626|SS1G_05655T0	jgi|Altal1|1094038|estExt_Genemark1.C_80316
OG0001688	jgi|Sclsc1|1201|SS1G_07657T0	KAI4208429.1
OG0001748	jgi|Sclsc1|4375|SS1G_10831T0	jgi|Aurpu_var_mel1|61401|fgenesh1_pg.1_#_3
OG0001748	jgi|Sclsc1|4375|SS1G_10831T0	jgi|Monha1|5511|H072_5647m.01
OG0001767	jgi|Sclsc1|4958|SS1G_11414T0	FUN_009225_T2_FUN_009225, FUN_009225_T1_FUN_009225
OG0001767	jgi|Sclsc1|4958|SS1G_11414T0	KAI4104620.1
OG0001796	jgi|Sclsc1|8856|SS1G_02271T0	KAI9755857.1
OG0001796	jgi|Sclsc1|8856|SS1G_02271T0	jgi|PseVKM4520_1|2442|transcript_KFZ16962
OG0001800	jgi|Sclsc1|9467|SS1G_02882T0	coassemb76_009563-T1
OG0001800	jgi|Sclsc1|9467|SS1G_02882T0	jgi|Claba1|131384|Z519_09698T0
OG0001804	jgi|Sclsc1|1425|SS1G_07881T0	CAF9930485.1
OG0001830	jgi|Sclsc1|9372|SS1G_02787T0	coassemb76_007596-T1
OG0001830	jgi|Sclsc1|9372|SS1G_02787T0	jgi|Grascr1|11554|GST1_001776-RA
OG0001845	jgi|Sclsc1|12326|SS1G_05355T0	jgi|Claba1|131841|Z519_10158T0
OG0001845	jgi|Sclsc1|12326|SS1G_05355T0	coassemb76_008813-T1
OG0001914	jgi|Sclsc1|6381|SS1G_01881T0	coassemb378_009316-T1
OG0001931	jgi|Sclsc1|11661|SS1G_04690T0	jgi|Claba1|130937|Z519_09248T0
OG0001932	jgi|Sclsc1|13288|SS1G_06317T0	jgi|Neucr_trp3_1|5863|Neucr2.NCU06385T0
OG0001935	jgi|Sclsc1|2933|SS1G_09389T0	jgi|Morco1|203785|CE203784_1176
OG0001955	jgi|Sclsc1|4681|SS1G_11137T0	KAI9837859.1
OG0001991	jgi|Sclsc1|4953|SS1G_11409T0	KAI4091663.1
OG0002004	jgi|Sclsc1|3032|SS1G_09488T0	coassemb76_000425-T1
OG0002022	jgi|Sclsc1|12068|SS1G_05097T0	CAF9938633.1
OG0002081	jgi|Sclsc1|3801|SS1G_10257T0	coassemb64_004135-T1
OG0002136	jgi|Sclsc1|14160|SS1G_07189T0	jgi|Clagr3|2921|CLAGR_002585-RA
OG0002141	jgi|Sclsc1|12957|SS1G_05986T0	jgi|Aspni_DSM_1|156977|An02g04530m.01
OG0002154	jgi|Sclsc1|8089|SS1G_13512T0	jgi|Aurpu_var_mel1|16610|gw1.15.168.1
OG0002154	jgi|Sclsc1|8089|SS1G_13512T0	KAI9666943.1
OG0002154	jgi|Sclsc1|8089|SS1G_13512T0	KAI9717461.1
OG0002154	jgi|Sclsc1|8089|SS1G_13512T0	jgi|Altal1|438605|CE438604_14004
OG0002154	jgi|Sclsc1|8089|SS1G_13512T0	KAI9835940.1
OG0002154	jgi|Sclsc1|8089|SS1G_13512T0	KAI9718765.1
OG0002154	jgi|Sclsc1|8089|SS1G_13512T0	KAI9702887.1
OG0002154	jgi|Sclsc1|8089|SS1G_13512T0	GTX0486b100_002891-T1
OG0002154	jgi|Sclsc1|8089|SS1G_13512T0	coassemb76_006935-T1, coassemb76_008216-T1
OG0002154	jgi|Sclsc1|8089|SS1G_13512T0	GTX0466b15_006524-T1
OG0002154	jgi|Sclsc1|8089|SS1G_13512T0	XP_008718014.1
OG0002154	jgi|Sclsc1|8089|SS1G_13512T0	KAJ9652380.1
OG0002154	jgi|Sclsc1|8089|SS1G_13512T0	jgi|Fonmu1|1015|Z520_05645T0
OG0002154	jgi|Sclsc1|8089|SS1G_13512T0	jgi|Claba1|128395|Z519_00778T0
OG0002154	jgi|Sclsc1|8089|SS1G_13512T0	jgi|Capcor1|97356|A1O1_04514T0
OG0002154	jgi|Sclsc1|8089|SS1G_13512T0	jgi|Exoaq1|2080|A1O9_09613T0
OG0002154	jgi|Sclsc1|8089|SS1G_13512T0	coassemb64_006399-T1
OG0002154	jgi|Sclsc1|8089|SS1G_13512T0	jgi|EndpusZ1|2002|EPUS_00706T0
OG0002154	jgi|Sclsc1|8089|SS1G_13512T0	GTX0494b19_005861-T1
OG0002154	jgi|Sclsc1|8089|SS1G_13512T0	FUN_004576_T1_FUN_004576
OG0002154	jgi|Sclsc1|8089|SS1G_13512T0	KAI4109836.1
OG0002154	jgi|Sclsc1|8089|SS1G_13512T0	KAI4220900.1
OG0002154	jgi|Sclsc1|8089|SS1G_13512T0	KAI4228510.1
OG0002154	jgi|Sclsc1|8089|SS1G_13512T0	KAI4099089.1
OG0002154	jgi|Sclsc1|8089|SS1G_13512T0	KAI4289291.1
OG0002154	jgi|Sclsc1|8089|SS1G_13512T0	CAF9909673.1
OG0002154	jgi|Sclsc1|8089|SS1G_13512T0	jgi|Clagr3|1079|CLAGR_001066-RA
OG0002154	jgi|Sclsc1|8089|SS1G_13512T0	jgi|Fusgr1|9632|FGSG_08608T0
OG0002154	jgi|Sclsc1|8089|SS1G_13512T0	coassemb378_005423-T1, coassemb378_010809-T1
OG0002154	jgi|Sclsc1|8089|SS1G_13512T0	jgi|Grascr1|7024|GST1_002862-RA
OG0002154	jgi|Sclsc1|8089|SS1G_13512T0	jgi|Dibbae1|7983|DIBA_000446-RA
OG0002154	jgi|Sclsc1|8089|SS1G_13512T0	jgi|Umbpus1|101356|LPUS_02733T0
OG0002154	jgi|Sclsc1|8089|SS1G_13512T0	coassemb376_004889-T1
OG0002154	jgi|Sclsc1|8089|SS1G_13512T0	jgi|Acastr1|127621|AST1_004245-RA
OG0002154	jgi|Sclsc1|8089|SS1G_13512T0	jgi|Phach1|3146|rna3145
OG0002154	jgi|Sclsc1|8089|SS1G_13512T0	jgi|Neucr_trp3_1|1269615|fgenesh1_pg.7_#_80
OG0002154	jgi|Sclsc1|8089|SS1G_13512T0	jgi|Podan3|207156|mRNA_5984
OG0002211	jgi|Sclsc1|10276|SS1G_03305T0	jgi|Aspni_DSM_1|155098|An01g00340m.01
OG0002235	jgi|Sclsc1|7009|SS1G_12432T0	jgi|EndpusZ1|4631|EPUS_02121T0
OG0002283	jgi|Sclsc1|13646|SS1G_06675T0	jgi|Aspni_DSM_1|161335|An08g00720m.01
OG0002283	jgi|Sclsc1|13646|SS1G_06675T0	jgi|Penexp1|3581|PEXP_085710T0
OG0002283	jgi|Sclsc1|13646|SS1G_06675T0	jgi|Cocpo1_1|5291|XM_003070244.1
OG0002283	jgi|Sclsc1|13646|SS1G_06675T0	jgi|Phach1|1493|rna1492
OG0002283	jgi|Sclsc1|13646|SS1G_06675T0	jgi|EndpusZ1|6299|EPUS_02471T0
OG0002283	jgi|Sclsc1|13646|SS1G_06675T0	KAJ9652645.1
OG0002283	jgi|Sclsc1|13646|SS1G_06675T0	XP_008711004.1
OG0002283	jgi|Sclsc1|13646|SS1G_06675T0	GTX0466b15_002552-T1
OG0002283	jgi|Sclsc1|13646|SS1G_06675T0	coassemb76_005723-T1
OG0002283	jgi|Sclsc1|13646|SS1G_06675T0	jgi|Exoaq1|9535|A1O9_05965T0
OG0002283	jgi|Sclsc1|13646|SS1G_06675T0	jgi|Fonmu1|3826|Z520_08463T0
OG0002283	jgi|Sclsc1|13646|SS1G_06675T0	jgi|Claba1|136390|Z519_02919T0
OG0002283	jgi|Sclsc1|13646|SS1G_06675T0	jgi|Capcor1|98636|A1O1_05802T0
OG0002283	jgi|Sclsc1|13646|SS1G_06675T0	coassemb64_003290-T1
OG0002300	jgi|Sclsc1|13575|SS1G_06604T0	KAI4290298.1
OG0002345	jgi|Sclsc1|13716|SS1G_06745T0	coassemb378_002074-T1
OG0002349	jgi|Sclsc1|6746|SS1G_11843T0, jgi|Sclsc1|14463|SS1G_07492T0	jgi|Acastr1|122567|AST1_006589-RA
OG0002349	jgi|Sclsc1|14463|SS1G_07492T0	jgi|Grascr1|958|GST1_006961-RA
OG0002373	jgi|Sclsc1|3915|SS1G_10371T0	FUN_005923_T1_FUN_005923
OG0002392	jgi|Sclsc1|11983|SS1G_05012T0	jgi|Grascr1|10547|GST1_004508-RA
OG0002392	jgi|Sclsc1|11983|SS1G_05012T0	coassemb378_005477-T1
OG0002392	jgi|Sclsc1|11983|SS1G_05012T0	jgi|Umbpus1|106244|LPUS_04353T0
OG0002392	jgi|Sclsc1|11983|SS1G_05012T0	jgi|Dibbae1|10269|DIBA_003398-RA
OG0002392	jgi|Sclsc1|11983|SS1G_05012T0	GTX0486b100_005421-T1
OG0002392	jgi|Sclsc1|11983|SS1G_05012T0	KAI9707503.1
OG0002392	jgi|Sclsc1|11983|SS1G_05012T0	KAI9724908.1
OG0002392	jgi|Sclsc1|11983|SS1G_05012T0	KAI9725388.1
OG0002392	jgi|Sclsc1|11983|SS1G_05012T0	KAI9836807.1
OG0002392	jgi|Sclsc1|11983|SS1G_05012T0	KAI9820448.1
OG0002392	jgi|Sclsc1|11983|SS1G_05012T0	KAI9751780.1
OG0002392	jgi|Sclsc1|11983|SS1G_05012T0	KAI9669718.1
OG0002392	jgi|Sclsc1|11983|SS1G_05012T0	jgi|Altal1|1026742|fgenesh1_kg.46_#_14_#_Locus2350v1rpkm65.13
OG0002392	jgi|Sclsc1|11983|SS1G_05012T0	jgi|Acastr1|126244|AST1_004942-RA
OG0002396	jgi|Sclsc1|6473|SS1G_01973T0	jgi|Acastr1|125592|AST1_007869-RA
OG0002458	jgi|Sclsc1|6678|SS1G_11775T0	CAF9922504.1
OG0002473	jgi|Sclsc1|1148|SS1G_07604T0	coassemb76_009557-T1
OG0002575	jgi|Sclsc1|599|SS1G_00599T0	GTX0486b100_008436-T1
OG0002575	jgi|Sclsc1|599|SS1G_00599T0	GTX0494b19_000543-T1
OG0002624	jgi|Sclsc1|5782|SS1G_01283T0	coassemb76_009612-T1
OG0002624	jgi|Sclsc1|5782|SS1G_01283T0	KAJ9649871.1
OG0002704	jgi|Sclsc1|12325|SS1G_05354T0	coassemb76_008812-T1
OG0002718	jgi|Sclsc1|5458|SS1G_12241T0	coassemb64_002777-T1
OG0002738	jgi|Sclsc1|3553|SS1G_10009T0	jgi|Monha1|1364|H072_1364m.01
OG0002738	jgi|Sclsc1|3554|SS1G_10010T0	coassemb376_004658-T1
OG0002738	jgi|Sclsc1|3554|SS1G_10010T0	KAI4289849.1
OG0002738	jgi|Sclsc1|3554|SS1G_10010T0	KAI4228122.1
OG0002738	jgi|Sclsc1|3554|SS1G_10010T0	GTX0494b19_007026-T1
OG0002738	jgi|Sclsc1|3554|SS1G_10010T0	FUN_001131_T1_FUN_001131
OG0002738	jgi|Sclsc1|3554|SS1G_10010T0	KAI4222881.1
OG0002738	jgi|Sclsc1|3554|SS1G_10010T0	KAI4098945.1
OG0002738	jgi|Sclsc1|3554|SS1G_10010T0	jgi|Dibbae1|5554|DIBA_002578-RA
OG0002738	jgi|Sclsc1|3554|SS1G_10010T0	jgi|Clagr3|816|CLAGR_000806-RA
OG0002738	jgi|Sclsc1|3554|SS1G_10010T0	CAF9915279.1
OG0002738	jgi|Sclsc1|3554|SS1G_10010T0	jgi|Acastr1|127560|AST1_006144-RA
OG0002738	jgi|Sclsc1|3554|SS1G_10010T0	GTX0486b100_004537-T1
OG0002738	jgi|Sclsc1|3554|SS1G_10010T0	KAI9720073.1
OG0002738	jgi|Sclsc1|3554|SS1G_10010T0	KAI9698374.1
OG0002738	jgi|Sclsc1|3554|SS1G_10010T0	KAI9834750.1
OG0002738	jgi|Sclsc1|3554|SS1G_10010T0	KAI9828678.1
OG0002738	jgi|Sclsc1|3554|SS1G_10010T0	jgi|Aurpu_var_mel1|42318|e_gw1.4.508.1
OG0002738	jgi|Sclsc1|3554|SS1G_10010T0	jgi|Altal1|418729|CE418728_9031
OG0002738	jgi|Sclsc1|3554|SS1G_10010T0	coassemb378_000842-T1
OG0002738	jgi|Sclsc1|3554|SS1G_10010T0	jgi|Grascr1|1365|GST1_007134-RA
OG0002738	jgi|Sclsc1|3554|SS1G_10010T0	XP_008720871.1
OG0002738	jgi|Sclsc1|3554|SS1G_10010T0	coassemb76_003367-T1
OG0002738	jgi|Sclsc1|3554|SS1G_10010T0	GTX0466b15_007702-T1
OG0002738	jgi|Sclsc1|3554|SS1G_10010T0	jgi|Fonmu1|12006|Z520_05212T0
OG0002738	jgi|Sclsc1|3554|SS1G_10010T0	jgi|Claba1|128701|Z519_06999T0
OG0002738	jgi|Sclsc1|3554|SS1G_10010T0	jgi|Exoaq1|8358|A1O9_04895T0
OG0002738	jgi|Sclsc1|3554|SS1G_10010T0	jgi|Capcor1|98073|A1O1_05237T0
OG0002738	jgi|Sclsc1|3554|SS1G_10010T0	KAJ9661823.1
OG0002738	jgi|Sclsc1|3554|SS1G_10010T0	jgi|EndpusZ1|8412|EPUS_07233T0
OG0002738	jgi|Sclsc1|3554|SS1G_10010T0	jgi|Phach1|475|rna474
OG0002738	jgi|Sclsc1|3554|SS1G_10010T0	jgi|Monha1|1364|H072_1364m.01
OG0002738	jgi|Sclsc1|3554|SS1G_10010T0	jgi|Monha1|1364|H072_1364m.01
OG0003013	jgi|Sclsc1|8112|SS1G_13535T0	jgi|Erypu1|4050|transcript_POS86224
OG0003013	jgi|Sclsc1|8112|SS1G_13535T0	XP_008715674.1
OG0003013	jgi|Sclsc1|8112|SS1G_13535T0	coassemb76_001103-T1
OG0003013	jgi|Sclsc1|8112|SS1G_13535T0	GTX0466b15_003787-T1
OG0003013	jgi|Sclsc1|8112|SS1G_13535T0	jgi|Fonmu1|11220|Z520_04422T0
OG0003013	jgi|Sclsc1|8112|SS1G_13535T0	jgi|Claba1|138650|Z519_05181T0
OG0003013	jgi|Sclsc1|8112|SS1G_13535T0	jgi|Capcor1|97663|A1O1_04824T0
OG0003013	jgi|Sclsc1|8112|SS1G_13535T0	jgi|Exoaq1|4863|A1O9_02383T0
OG0003013	jgi|Sclsc1|8112|SS1G_13535T0	KAJ9659315.1
OG0003013	jgi|Sclsc1|8112|SS1G_13535T0	KAI4221834.1
OG0003013	jgi|Sclsc1|8112|SS1G_13535T0	KAI4221834.1
OG0003155	jgi|Sclsc1|8870|SS1G_02285T0	jgi|Grascr1|80|GST1_000080-RA
OG0003192	jgi|Sclsc1|11373|SS1G_04402T0	jgi|Acastr1|123922|AST1_000544-RA
OG0003255	jgi|Sclsc1|6637|SS1G_11734T0	coassemb76_009234-T1
OG0003358	jgi|Sclsc1|13983|SS1G_07012T0	jgi|Acastr1|123626|AST1_006950-RA
OG0003358	jgi|Sclsc1|13983|SS1G_07012T0	KAI9816652.1
OG0003393	jgi|Sclsc1|11498|SS1G_04527T0	coassemb376_007251-T1
OG0003398	jgi|Sclsc1|11744|SS1G_04773T0	coassemb64_005159-T1
OG0003398	jgi|Sclsc1|11744|SS1G_04773T0	jgi|Podan3|207063|mRNA_5891
OG0003402	jgi|Sclsc1|7522|SS1G_12945T0	coassemb376_001305-T1
OG0003437	jgi|Sclsc1|7617|SS1G_13040T0	coassemb378_011328-T1
OG0003482	jgi|Sclsc1|9625|SS1G_03040T0	coassemb76_009858-T1
OG0003617	jgi|Sclsc1|4952|SS1G_11408T0	CAF9906519.1
OG0003680	jgi|Sclsc1|2481|SS1G_08937T0	jgi|Morco1|577490|gm1.8266_g
OG0003689	jgi|Sclsc1|504|SS1G_00504T0, jgi|Sclsc1|12048|SS1G_05077T0	jgi|Clagr3|7431|CLAGR_007028-RA
OG0003709	jgi|Sclsc1|8854|SS1G_02269T0	coassemb376_002099-T1
OG0003709	jgi|Sclsc1|8854|SS1G_02269T0	jgi|Acastr1|119440|AST1_007522-RA
OG0003739	jgi|Sclsc1|7683|SS1G_13106T0	KAI4289387.1
OG0003794	jgi|Sclsc1|9795|SS1G_14220T0	KAI9817910.1
OG0003802	jgi|Sclsc1|1324|SS1G_07780T0	jgi|Claba1|130454|Z519_08761T0
OG0003840	jgi|Sclsc1|9084|SS1G_02499T0	jgi|Claba1|137073|Z519_12810T0
OG0003840	jgi|Sclsc1|9084|SS1G_02499T0	XP_008710554.1, XP_008721554.1
OG0003880	jgi|Sclsc1|13500|SS1G_06529T0	jgi|Umbpus1|105574|LPUS_12582T0
OG0003964	jgi|Sclsc1|13939|SS1G_06968T0	GTX0466b15_001705-T1
OG0003966	jgi|Sclsc1|1104|SS1G_07560T0	jgi|Claba1|138771|Z519_05302T0
OG0003978	jgi|Sclsc1|1814|SS1G_08270T0	CAF9943228.1
OG0003980	jgi|Sclsc1|3309|SS1G_09765T0	coassemb76_006176-T1
OG0004024	jgi|Sclsc1|5671|SS1G_01172T0	FUN_008171_T1_FUN_008171
OG0004024	jgi|Sclsc1|5671|SS1G_01172T0	jgi|Fonmu1|6334|Z520_10147T0
OG0004123	jgi|Sclsc1|10515|SS1G_03544T0	jgi|Aspni_DSM_1|158129|An03g01160m.01
OG0004184	jgi|Sclsc1|888|SS1G_00888T0	FUN_008494_T1_FUN_008494
OG0004186	jgi|Sclsc1|4252|SS1G_10708T0	KAI9839543.1
OG0004200	jgi|Sclsc1|11293|SS1G_04322T0	jgi|Fonmu1|9323|Z520_11729T0
OG0004250	jgi|Sclsc1|3955|SS1G_10411T0	jgi|Claba1|128932|Z519_07232T0
OG0004250	jgi|Sclsc1|3955|SS1G_10411T0	jgi|Monha1|1644|H072_1644m.01
OG0004308	jgi|Sclsc1|64|SS1G_00064T0	jgi|Umbpus1|106673|LPUS_04869T0
OG0004308	jgi|Sclsc1|64|SS1G_00064T0	jgi|Acastr1|126392|AST1_006566-RA
OG0004308	jgi|Sclsc1|64|SS1G_00064T0	KAI9824154.1
OG0004308	jgi|Sclsc1|64|SS1G_00064T0	GTX0486b100_001039-T1
OG0004308	jgi|Sclsc1|64|SS1G_00064T0	KAI9703642.1
OG0004308	jgi|Sclsc1|64|SS1G_00064T0	coassemb376_006519-T1
OG0004308	jgi|Sclsc1|64|SS1G_00064T0	coassemb378_008157-T1
OG0004308	jgi|Sclsc1|64|SS1G_00064T0	KAI9811386.1
OG0004308	jgi|Sclsc1|64|SS1G_00064T0	jgi|Dibbae1|4487|DIBA_007635-RA
OG0004308	jgi|Sclsc1|64|SS1G_00064T0	jgi|Penexp1|462|PEXP_057820T0
OG0004308	jgi|Sclsc1|64|SS1G_00064T0	jgi|Aspni_DSM_1|168886|An18g04410m.01
OG0004308	jgi|Sclsc1|64|SS1G_00064T0	jgi|Cocpo1_1|3410|XM_003068363.1
OG0004308	jgi|Sclsc1|64|SS1G_00064T0	KAI9672833.1
OG0004308	jgi|Sclsc1|64|SS1G_00064T0	KAI9724647.1
OG0004308	jgi|Sclsc1|4829|SS1G_11285T0	jgi|Aspni_DSM_1|159406|An04g07230m.01
OG0004308	jgi|Sclsc1|4829|SS1G_11285T0	jgi|Penexp1|3549|PEXP_086730T0
OG0004308	jgi|Sclsc1|4829|SS1G_11285T0	jgi|Fusgr1|12415|FGSG_13829T0
OG0004527	jgi|Sclsc1|13501|SS1G_06530T0	KAI9652523.1
OG0004596	jgi|Sclsc1|10239|SS1G_03268T0	jgi|Podan3|203261|mRNA_2089
OG0004754	jgi|Sclsc1|8359|SS1G_13782T0	jgi|Exoaq1|2790|A1O9_13179T0
OG0004795	jgi|Sclsc1|5501|SS1G_12284T0	jgi|Claba1|139160|Z519_05692T0
OG0004821	jgi|Sclsc1|4015|SS1G_10471T0, jgi|Sclsc1|4016|SS1G_10472T0	jgi|Acastr1|125605|AST1_005124-RA
OG0004821	jgi|Sclsc1|4015|SS1G_10471T0, jgi|Sclsc1|4016|SS1G_10472T0	jgi|Aspni_DSM_1|168677|An18g02320m.01
OG0004966	jgi|Sclsc1|12966|SS1G_05995T0	coassemb378_011168-T1
OG0005015	jgi|Sclsc1|11139|SS1G_04168T0	GTX0466b15_000133-T1
OG0005152	jgi|Sclsc1|12668|SS1G_05697T0	jgi|Podan3|206814|mRNA_5642
OG0005152	jgi|Sclsc1|12668|SS1G_05697T0	XP_008716112.1
OG0005212	jgi|Sclsc1|572|SS1G_00572T0	coassemb76_007706-T1
OG0005212	jgi|Sclsc1|572|SS1G_00572T0	jgi|Fonmu1|2724|Z520_07359T0
OG0005212	jgi|Sclsc1|572|SS1G_00572T0	jgi|Aspni_DSM_1|165627|An13g02390m.01
OG0005212	jgi|Sclsc1|572|SS1G_00572T0	coassemb378_004751-T1
OG0005228	jgi|Sclsc1|6116|SS1G_01617T0	jgi|Monha1|8323|H072_8618m.01
OG0005243	jgi|Sclsc1|11312|SS1G_04341T0	GTX0466b15_004710-T1
OG0005288	jgi|Sclsc1|3090|SS1G_09546T0	KAJ9656546.1
OG0005311	jgi|Sclsc1|246|SS1G_00246T0, jgi|Sclsc1|247|SS1G_00247T0	coassemb376_007649-T1
OG0005391	jgi|Sclsc1|10683|SS1G_03712T0	jgi|Fonmu1|10502|Z520_12369T0
OG0005404	jgi|Sclsc1|4560|SS1G_11016T0	GTX0486b100_003784-T1
OG0005404	jgi|Sclsc1|4560|SS1G_11016T0	FUN_003800_T1_FUN_003800
OG0005425	jgi|Sclsc1|6585|SS1G_02085T0	jgi|EndpusZ1|255|EPUS_04141T0
OG0005443	jgi|Sclsc1|5185|SS1G_11642T0	GTX0494b19_004755-T1
OG0005539	jgi|Sclsc1|14030|SS1G_07059T0	XP_008712375.1
OG0005590	jgi|Sclsc1|9551|SS1G_02966T0	jgi|Dibbae1|7904|DIBA_000367-RA
OG0005605	jgi|Sclsc1|7478|SS1G_12901T0	coassemb64_003773-T1
OG0005605	jgi|Sclsc1|7478|SS1G_12901T0	GTX0486b100_008523-T1
OG0005642	jgi|Sclsc1|4850|SS1G_11306T0	jgi|Grascr1|5566|GST1_001888-RA
OG0005825	jgi|Sclsc1|12873|SS1G_05902T0	KAI9705914.1
OG0005834	jgi|Sclsc1|5367|SS1G_12150T0	XP_008716065.1
OG0005885	jgi|Sclsc1|13872|SS1G_06901T0	CAF9917154.1, CAF9905518.1, CAF9927105.1
OG0005898	jgi|Sclsc1|6796|SS1G_11893T0	KAI9723592.1
OG0005915	jgi|Sclsc1|5551|SS1G_12334T0	jgi|Altal1|932956|e_gw1.8.890.1
OG0005978	jgi|Sclsc1|5530|SS1G_12313T0	coassemb376_005815-T1
OG0006003	jgi|Sclsc1|3722|SS1G_10178T0	XP_008717735.1
OG0006012	jgi|Sclsc1|1335|SS1G_07791T0	jgi|Acastr1|122148|AST1_007380-RA
OG0006025	jgi|Sclsc1|6784|SS1G_11881T0	jgi|Penexp1|9708|PEXP_100150T0
OG0006059	jgi|Sclsc1|11063|SS1G_04092T0	KAI4239100.1
OG0006092	jgi|Sclsc1|5873|SS1G_01374T0	XP_008720544.1
OG0006113	jgi|Sclsc1|7632|SS1G_13055T0	jgi|Penexp1|2031|PEXP_024430T0
OG0006178	jgi|Sclsc1|3085|SS1G_09541T0	jgi|Grascr1|8723|GST1_011775-RA
OG0006178	jgi|Sclsc1|3085|SS1G_09541T0	jgi|Acastr1|127717|AST1_006475-RA
OG0006180	jgi|Sclsc1|6078|SS1G_01579T0	jgi|Artol1|335|AOL_s00004g334m.01
OG0006180	jgi|Sclsc1|6078|SS1G_01579T0	KAI9658845.1
OG0006224	jgi|Sclsc1|5984|SS1G_01485T0	XP_008712127.1
OG0006351	jgi|Sclsc1|8318|SS1G_13741T0	coassemb378_008669-T1, coassemb378_003689-T1
OG0006463	jgi|Sclsc1|2655|SS1G_09111T0	jgi|Penexp1|10962|PEXP_021960T0
OG0006530	jgi|Sclsc1|14406|SS1G_07435T0	jgi|Altal1|1017390|fgenesh1_kg.4_#_190_#_Locus2228v1rpkm69.13
OG0006638	jgi|Sclsc1|872|SS1G_00872T0	jgi|Dibbae1|8770|DIBA_002263-RA
OG0006638	jgi|Sclsc1|872|SS1G_00872T0	jgi|Clagr3|6591|CLAGR_006304-RA
OG0006638	jgi|Sclsc1|872|SS1G_00872T0	jgi|Artol1|6195|AOL_s00081g25m.01
OG0006654	jgi|Sclsc1|13786|SS1G_06815T0	jgi|Dibbae1|6525|DIBA_002660-RA
OG0006766	jgi|Sclsc1|9282|SS1G_02697T0	jgi|Exoaq1|2630|A1O9_10154T0
OG0006768	jgi|Sclsc1|2379|SS1G_08835T0, jgi|Sclsc1|12791|SS1G_05820T0	jgi|Fonmu1|6741|Z520_01951T0
OG0006828	jgi|Sclsc1|12719|SS1G_05748T0	KAJ9651555.1
OG0006828	jgi|Sclsc1|12719|SS1G_05748T0	coassemb76_004075-T1
OG0006841	jgi|Sclsc1|8175|SS1G_13598T0	jgi|Exoaq1|10150|A1O9_06583T0, jgi|Exoaq1|6236|A1O9_12037T0
OG0006842	jgi|Sclsc1|3274|SS1G_09730T0	jgi|EndpusZ1|2241|EPUS_06577T0
OG0006886	jgi|Sclsc1|13781|SS1G_06810T0	CAF9936313.1
OG0006958	jgi|Sclsc1|11861|SS1G_04890T0	jgi|Exoaq1|2779|A1O9_10304T0
OG0007038	jgi|Sclsc1|2086|SS1G_08542T0	KAJ9659347.1
OG0007038	jgi|Sclsc1|2086|SS1G_08542T0	KAI9717207.1
OG0007057	jgi|Sclsc1|5043|SS1G_11499T0	jgi|Neucr_trp3_1|1310622|fgenesh1_pm.88_#_4
OG0007327	jgi|Sclsc1|9134|SS1G_02549T0	jgi|Phach1|2216|rna2215
OG0007413	jgi|Sclsc1|12514|SS1G_05543T0	GTX0486b100_007795-T1
