Orthogroup	Umbpus1_GeneCatalog_proteins_20180130.aa	Other
OG0000003	jgi|Umbpus1|105053|LPUS_11909T0	jgi|Penexp1|7088|PEXP_076240T0
OG0000003	jgi|Umbpus1|104131|LPUS_10830T0	jgi|Podan3|201333|mRNA_161
OG0000004	jgi|Umbpus1|101421|LPUS_02785T0	jgi|Exoaq1|11121|A1O9_07456T0
OG0000009	jgi|Umbpus1|107088|LPUS_05333T0	coassemb64_001666-T1
OG0000013	jgi|Umbpus1|103344|LPUS_09925T0	XP_008713341.1
OG0000013	jgi|Umbpus1|103344|LPUS_09925T0	jgi|Cocpo1_1|4504|XM_003069457.1
OG0000013	jgi|Umbpus1|103344|LPUS_09925T0	XP_008713341.1
OG0000013	jgi|Umbpus1|103344|LPUS_09925T0	KAI9834921.1
OG0000013	jgi|Umbpus1|103344|LPUS_09925T0	jgi|Exoaq1|1848|A1O9_01854T0
OG0000013	jgi|Umbpus1|103344|LPUS_09925T0	KAJ9655409.1
OG0000013	jgi|Umbpus1|103344|LPUS_09925T0	jgi|Altal1|953707|estExt_Genewise1.C_2_t10024
OG0000013	jgi|Umbpus1|103344|LPUS_09925T0	KAI9720911.1
OG0000013	jgi|Umbpus1|103344|LPUS_09925T0	KAI9663511.1
OG0000015	jgi|Umbpus1|101628|LPUS_08356T0	jgi|Penexp1|3668|PEXP_085500T0
OG0000015	jgi|Umbpus1|101628|LPUS_08356T0	jgi|Aspni_DSM_1|159833|An05g01120m.01, jgi|Aspni_DSM_1|163216|An10g00660m.01, jgi|Aspni_DSM_1|162661|An09g02000m.01
OG0000015	jgi|Umbpus1|101628|LPUS_08356T0	jgi|Cocpo1_1|2685|XM_003067638.1
OG0000015	jgi|Umbpus1|99289|LPUS_05847T0	jgi|Monha1|7534|H072_7784m.01
OG0000016	jgi|Umbpus1|106437|LPUS_04566T0	KAI9716702.1
OG0000016	jgi|Umbpus1|106437|LPUS_04566T0	GTX0486b100_001164-T1, GTX0486b100_000790-T1, GTX0486b100_001165-T1
OG0000038	jgi|Umbpus1|102174|LPUS_02977T0	jgi|Dibbae1|6222|DIBA_009290-RA
OG0000053	jgi|Umbpus1|99343|LPUS_05910T0	jgi|Podan3|203414|mRNA_2242
OG0000057	jgi|Umbpus1|103350|LPUS_09932T0	jgi|Exoaq1|5750|A1O9_03277T0
OG0000063	jgi|Umbpus1|99717|LPUS_02360T0	KAI9832300.1
OG0000063	jgi|Umbpus1|99717|LPUS_02360T0	jgi|Podan3|205967|mRNA_4795, jgi|Podan3|209103|mRNA_7931
OG0000063	jgi|Umbpus1|99717|LPUS_02360T0	KAI9665381.1
OG0000063	jgi|Umbpus1|99717|LPUS_02360T0	jgi|Monha1|4578|H072_4673m.01, jgi|Monha1|8470|H072_8777m.01
OG0000063	jgi|Umbpus1|99717|LPUS_02360T0	jgi|Artol1|9300|AOL_s00173g207m.01
OG0000063	jgi|Umbpus1|99717|LPUS_02360T0	jgi|Altal1|1031068|fgenesh1_pm.10_#_93
OG0000063	jgi|Umbpus1|99717|LPUS_02360T0	jgi|Penexp1|180|PEXP_021350T0
OG0000063	jgi|Umbpus1|99717|LPUS_02360T0	jgi|Cocpo1_1|1958|XM_003066910.1, jgi|Cocpo1_1|3617|XM_003068570.1
OG0000063	jgi|Umbpus1|99717|LPUS_02360T0	jgi|Fusgr1|12329|FGSG_13806T0
OG0000063	jgi|Umbpus1|99717|LPUS_02360T0	jgi|PseVKM4520_1|2207|transcript_KFZ25047
OG0000066	jgi|Umbpus1|99453|LPUS_06046T0	jgi|Phach1|1394|rna1393
OG0000069	jgi|Umbpus1|101558|LPUS_08276T0	jgi|Grascr1|1601|GST1_007646-RA
OG0000075	jgi|Umbpus1|106980|LPUS_05205T0	jgi|Dibbae1|130|DIBA_001267-RA
OG0000080	jgi|Umbpus1|105253|LPUS_12147T0	XP_008714722.1
OG0000080	jgi|Umbpus1|103871|LPUS_10535T0	CAF9935426.1
OG0000088	jgi|Umbpus1|101527|LPUS_08241T0	KAI4287751.1
OG0000093	jgi|Umbpus1|105764|LPUS_03796T0, jgi|Umbpus1|104983|LPUS_11820T0	jgi|Dibbae1|3763|DIBA_009047-RA
OG0000097	jgi|Umbpus1|102740|LPUS_09336T0	jgi|Exoaq1|8669|A1O9_12924T0
OG0000101	jgi|Umbpus1|106511|LPUS_04673T0	jgi|Aspni_DSM_1|165047|An12g07490m.01
OG0000101	jgi|Umbpus1|106511|LPUS_04673T0	KAI9659590.1
OG0000102	jgi|Umbpus1|101433|LPUS_08153T0	jgi|Dibbae1|8713|DIBA_011037-RA, jgi|Dibbae1|8716|DIBA_011040-RA, jgi|Dibbae1|6761|DIBA_002648-RA, jgi|Dibbae1|8789|DIBA_002282-RA
OG0000112	jgi|Umbpus1|106190|LPUS_04258T0	jgi|Exoaq1|6159|A1O9_11960T0
OG0000119	jgi|Umbpus1|104012|LPUS_10703T0	jgi|Acastr1|126338|AST1_002427-RA
OG0000124	jgi|Umbpus1|100439|LPUS_07049T0, jgi|Umbpus1|99611|LPUS_06203T0	jgi|Clagr3|3224|CLAGR_003045-RA
OG0000126	jgi|Umbpus1|102103|LPUS_08864T0	coassemb76_010089-T1
OG0000146	jgi|Umbpus1|101102|LPUS_07863T0	jgi|Grascr1|714|GST1_007014-RA
OG0000146	jgi|Umbpus1|101102|LPUS_07863T0	coassemb378_003750-T1
OG0000151	jgi|Umbpus1|101222|LPUS_07944T0	jgi|PseVKM4520_1|10168|transcript_KFZ24155
OG0000151	jgi|Umbpus1|101222|LPUS_07944T0	KAI9719401.1
OG0000165	jgi|Umbpus1|100539|LPUS_07199T0	KAI9708569.1
OG0000173	jgi|Umbpus1|101783|LPUS_08524T0	coassemb64_001760-T1
OG0000173	jgi|Umbpus1|101783|LPUS_08524T0	jgi|EndpusZ1|766|EPUS_01327T0, jgi|EndpusZ1|6019|EPUS_06714T0, jgi|EndpusZ1|1022|EPUS_04600T0
OG0000177	jgi|Umbpus1|101482|LPUS_02818T0	jgi|Aurpu_var_mel1|88715|gm1.9111_g
OG0000181	jgi|Umbpus1|106325|LPUS_04468T0	coassemb378_005990-T1
OG0000200	jgi|Umbpus1|104280|LPUS_11004T0	jgi|Fusgr1|3068|FGSG_02688T0, jgi|Fusgr1|4515|FGSG_12409T0
OG0000201	jgi|Umbpus1|107169|LPUS_05423T0, jgi|Umbpus1|104190|LPUS_10930T0, jgi|Umbpus1|99409|LPUS_05992T0	coassemb378_001789-T1
OG0000210	jgi|Umbpus1|100242|LPUS_06822T0	KAI9837751.1
OG0000238	jgi|Umbpus1|100264|LPUS_06846T0	jgi|Aurpu_var_mel1|49698|e_gw1.11.49.1
OG0000238	jgi|Umbpus1|100264|LPUS_06846T0	jgi|Altal1|1057710|gm1.1945_g
OG0000239	jgi|Umbpus1|100545|LPUS_07205T0	jgi|Capcor1|94518|A1O1_01656T0
OG0000262	jgi|Umbpus1|100984|LPUS_07717T0, jgi|Umbpus1|102735|LPUS_09330T0	coassemb64_006437-T1
OG0000264	jgi|Umbpus1|100614|LPUS_02523T0	CAF9915243.1
OG0000279	jgi|Umbpus1|106668|LPUS_04863T0	jgi|Neucr_trp3_1|6469|Neucr2.NCU06980T0
OG0000286	jgi|Umbpus1|106146|LPUS_04215T0	jgi|Fonmu1|5538|Z520_09351T0
OG0000294	jgi|Umbpus1|106124|LPUS_04177T0	jgi|Claba1|136555|Z519_03086T0
OG0000296	jgi|Umbpus1|101676|LPUS_08413T0	KAI4283092.1
OG0000307	jgi|Umbpus1|102294|LPUS_09009T0	jgi|Dibbae1|10153|DIBA_003107-RA
OG0000313	jgi|Umbpus1|104881|LPUS_11710T0	coassemb76_010026-T1
OG0000315	jgi|Umbpus1|100240|LPUS_06820T0	jgi|Penexp1|2729|PEXP_108930T0
OG0000315	jgi|Umbpus1|100240|LPUS_06820T0	jgi|Cocpo1_1|4194|XM_003069147.1
OG0000317	jgi|Umbpus1|107360|LPUS_05581T0	jgi|Sclsc1|1845|SS1G_08301T0
OG0000342	jgi|Umbpus1|103317|LPUS_09897T0	jgi|Ascim1|123924|CE123923_1326
OG0000356	jgi|Umbpus1|101321|LPUS_08052T0	KAI9830031.1, KAI9830942.1
OG0000360	jgi|Umbpus1|100895|LPUS_07601T0	jgi|Dibbae1|7507|DIBA_010463-RA
OG0000401	jgi|Umbpus1|104706|LPUS_11521T0	jgi|Monha1|4268|H072_4348m.01
OG0000412	jgi|Umbpus1|100436|LPUS_07046T0	jgi|Aspni_DSM_1|158967|An04g02770m.01
OG0000415	jgi|Umbpus1|103162|LPUS_09708T0	coassemb378_010623-T1
OG0000416	jgi|Umbpus1|100689|LPUS_07353T0	coassemb64_004696-T1
OG0000449	jgi|Umbpus1|105669|LPUS_03682T0	CAF9903795.1
OG0000463	jgi|Umbpus1|101495|LPUS_08196T0	GTX0466b15_001346-T1
OG0000466	jgi|Umbpus1|106490|LPUS_04647T0	jgi|Grascr1|11362|GST1_005242-RA
OG0000470	jgi|Umbpus1|99506|LPUS_01778T0	jgi|Phach1|2717|rna2716
OG0000470	jgi|Umbpus1|99506|LPUS_01778T0	CAF9915761.1
OG0000485	jgi|Umbpus1|105091|LPUS_11964T0	jgi|Penexp1|3620|PEXP_086100T0
OG0000488	jgi|Umbpus1|105158|LPUS_12052T0	XP_008721379.1
OG0000523	jgi|Umbpus1|102584|LPUS_09154T0	jgi|Claba1|132707|Z519_01185T0
OG0000580	jgi|Umbpus1|101863|LPUS_08616T0	jgi|Aspni_DSM_1|158126|An03g01130m.01
OG0000580	jgi|Umbpus1|101863|LPUS_08616T0	coassemb378_009052-T1
OG0000599	jgi|Umbpus1|106380|LPUS_02095T0	jgi|Exoaq1|7285|A1O9_03815T0
OG0000599	jgi|Umbpus1|106380|LPUS_02095T0	jgi|Claba1|133694|Z519_11094T0
OG0000615	jgi|Umbpus1|103469|LPUS_10081T0	CAF9926602.1
OG0000636	jgi|Umbpus1|105222|LPUS_12114T0	jgi|Clagr3|6601|CLAGR_006314-RA
OG0000654	jgi|Umbpus1|106300|LPUS_04434T0	coassemb64_005016-T1
OG0000654	jgi|Umbpus1|106300|LPUS_04434T0	coassemb76_006623-T1
OG0000654	jgi|Umbpus1|106300|LPUS_04434T0	jgi|Exoaq1|12309|A1O9_08604T0, jgi|Exoaq1|12818|A1O9_09103T0
OG0000664	jgi|Umbpus1|99446|LPUS_06039T0	coassemb376_007369-T1
OG0000691	jgi|Umbpus1|102729|LPUS_09319T0	coassemb378_007181-T1
OG0000696	jgi|Umbpus1|106647|LPUS_04842T0	jgi|Altal1|1019116|fgenesh1_kg.7_#_251_#_Locus2570v1rpkm58.59
OG0000716	jgi|Umbpus1|103584|LPUS_10225T0	coassemb378_005324-T1
OG0000721	jgi|Umbpus1|105130|LPUS_12014T0	jgi|Penexp1|937|PEXP_095670T0
OG0000772	jgi|Umbpus1|100824|LPUS_07529T0	jgi|Exoaq1|7458|A1O9_03989T0
OG0000775	jgi|Umbpus1|104014|LPUS_10705T0	jgi|Aspni_DSM_1|166516|An14g07350m.01
OG0000780	jgi|Umbpus1|103202|LPUS_09765T0	coassemb64_008147-T1
OG0000791	jgi|Umbpus1|106966|LPUS_05191T0	GTX0466b15_004002-T1
OG0000791	jgi|Umbpus1|102133|LPUS_08897T0	KAJ9651135.1
OG0000793	jgi|Umbpus1|104013|LPUS_10704T0	coassemb378_010898-T1
OG0000814	jgi|Umbpus1|107364|LPUS_05585T0	CAF9935020.1
OG0000823	jgi|Umbpus1|103119|LPUS_03422T0	coassemb76_009583-T1
OG0000900	jgi|Umbpus1|106859|LPUS_05071T0	jgi|Fusgr1|3783|FGSG_04250T0
OG0000902	jgi|Umbpus1|99279|LPUS_05835T0, jgi|Umbpus1|99960|LPUS_06571T0	FUN_000975_T1_FUN_000975
OG0000906	jgi|Umbpus1|100777|LPUS_07466T0	CAF9930826.1
OG0000909	jgi|Umbpus1|104382|LPUS_11121T0	jgi|Penexp1|7694|PEXP_006740T0
OG0000928	jgi|Umbpus1|107397|LPUS_05639T0	KAJ9654449.1
OG0000931	jgi|Umbpus1|104101|LPUS_10799T0	jgi|Penexp1|7856|PEXP_008370T0
OG0000964	jgi|Umbpus1|107065|LPUS_05293T0	GTX0486b100_001433-T1
OG0000976	jgi|Umbpus1|102857|LPUS_09452T0	FUN_000406_T1_FUN_000406
OG0000976	jgi|Umbpus1|102857|LPUS_09452T0	CAF9943318.1
OG0000978	jgi|Umbpus1|100516|LPUS_07168T0	KAJ9663328.1
OG0000978	jgi|Umbpus1|100516|LPUS_07168T0	GTX0486b100_008487-T1
OG0000979	jgi|Umbpus1|105675|LPUS_03688T0	coassemb76_008435-T1
OG0000991	jgi|Umbpus1|100039|LPUS_02464T0	KAI9698579.1
OG0001008	jgi|Umbpus1|102845|LPUS_09439T0	jgi|EndpusZ1|9085|EPUS_06916T0
OG0001008	jgi|Umbpus1|102845|LPUS_09439T0	jgi|Podan3|204627|mRNA_3455
OG0001038	jgi|Umbpus1|102616|LPUS_09188T0	GTX0466b15_000493-T1
OG0001038	jgi|Umbpus1|102616|LPUS_09188T0	jgi|Penexp1|2724|PEXP_108880T0
OG0001045	jgi|Umbpus1|106621|LPUS_04814T0, jgi|Umbpus1|100512|LPUS_07164T0	jgi|Aspni_DSM_1|160439|An07g02080m.01
OG0001045	jgi|Umbpus1|102935|LPUS_09526T0	KAI9712151.1
OG0001045	jgi|Umbpus1|102935|LPUS_09526T0	GTX0486b100_005830-T1
OG0001045	jgi|Umbpus1|102935|LPUS_09526T0	KAI9706656.1
OG0001045	jgi|Umbpus1|102935|LPUS_09526T0	KAI9825862.1
OG0001045	jgi|Umbpus1|102935|LPUS_09526T0	KAI9725482.1
OG0001045	jgi|Umbpus1|102935|LPUS_09526T0	jgi|Aspni_DSM_1|160439|An07g02080m.01
OG0001045	jgi|Umbpus1|102935|LPUS_09526T0	jgi|Aspni_DSM_1|160439|An07g02080m.01
OG0001045	jgi|Umbpus1|102935|LPUS_09526T0	jgi|Acastr1|119532|AST1_006786-RA
OG0001045	jgi|Umbpus1|102935|LPUS_09526T0	jgi|PseVKM4520_1|8015|transcript_KFZ06103
OG0001077	jgi|Umbpus1|101293|LPUS_02695T0	KAI4105648.1
OG0001077	jgi|Umbpus1|101293|LPUS_02695T0	KAI4286386.1
OG0001080	jgi|Umbpus1|104513|LPUS_11305T0	jgi|Grascr1|8725|GST1_011777-RA
OG0001087	jgi|Umbpus1|106918|LPUS_00437T0	jgi|Morco1|500789|estExt_Genewise1.C_60143
OG0001087	jgi|Umbpus1|106918|LPUS_00437T0	jgi|Altal1|1021078|fgenesh1_kg.12_#_109_#_Locus2403v2rpkm22.26
OG0001087	jgi|Umbpus1|106918|LPUS_00437T0	jgi|Aurpu_var_mel1|72183|fgenesh1_pm.2_#_394
OG0001087	jgi|Umbpus1|106918|LPUS_00437T0	KAI9661978.1
OG0001087	jgi|Umbpus1|106918|LPUS_00437T0	coassemb376_002274-T1
OG0001087	jgi|Umbpus1|106918|LPUS_00437T0	coassemb376_002274-T1
OG0001087	jgi|Umbpus1|106918|LPUS_00437T0	jgi|Artol1|4196|AOL_s00076g292m.01
OG0001093	jgi|Umbpus1|104221|LPUS_10941T0	jgi|Monha1|10095|H072_10639m.01
OG0001093	jgi|Umbpus1|101826|LPUS_02881T0	jgi|Monha1|10095|H072_10639m.01
OG0001093	jgi|Umbpus1|101826|LPUS_02881T0	jgi|Aurpu_var_mel1|72668|fgenesh1_pm.3_#_224, jgi|Aurpu_var_mel1|39014|e_gw1.2.1474.1
OG0001093	jgi|Umbpus1|101826|LPUS_02881T0	jgi|Monha1|10095|H072_10639m.01
OG0001093	jgi|Umbpus1|101826|LPUS_02881T0	jgi|Phach1|2291|rna2290
OG0001115	jgi|Umbpus1|100787|LPUS_07478T0	coassemb76_002847-T1, coassemb76_003966-T1
OG0001115	jgi|Umbpus1|100787|LPUS_07478T0	jgi|Dibbae1|6852|DIBA_009240-RA
OG0001116	jgi|Umbpus1|102567|LPUS_03250T0	jgi|PseVKM4520_1|8715|transcript_KFZ04061
OG0001129	jgi|Umbpus1|107403|LPUS_05650T0	jgi|Grascr1|3461|GST1_008067-RA
OG0001129	jgi|Umbpus1|107403|LPUS_05650T0	coassemb64_000930-T1
OG0001133	jgi|Umbpus1|107212|LPUS_02201T0	jgi|Exoaq1|7366|A1O9_03896T0
OG0001135	jgi|Umbpus1|100341|LPUS_06924T0	jgi|Artol1|3669|AOL_s00075g7m.01
OG0001137	jgi|Umbpus1|101255|LPUS_07978T0	CAF9909033.1
OG0001137	jgi|Umbpus1|101255|LPUS_07978T0	jgi|Acastr1|119772|AST1_003546-RA
OG0001137	jgi|Umbpus1|101255|LPUS_07978T0	KAI4095671.1
OG0001137	jgi|Umbpus1|101255|LPUS_07978T0	coassemb64_008430-T1
OG0001137	jgi|Umbpus1|101255|LPUS_07978T0	jgi|Grascr1|8805|GST1_003108-RA
OG0001137	jgi|Umbpus1|101255|LPUS_07978T0	jgi|Altal1|948356|e_gw1.30.39.1
OG0001137	jgi|Umbpus1|101255|LPUS_07978T0	jgi|Amamu1|19516|gm1.13526_g
OG0001144	jgi|Umbpus1|99253|LPUS_05793T0	coassemb378_005320-T1, coassemb378_011564-T1
OG0001146	jgi|Umbpus1|101755|LPUS_08492T0	jgi|Sclsc1|10347|SS1G_03376T0
OG0001151	jgi|Umbpus1|102653|LPUS_09235T0	coassemb64_003162-T1
OG0001177	jgi|Umbpus1|105367|LPUS_12286T0	coassemb76_009379-T1
OG0001182	jgi|Umbpus1|105524|LPUS_12508T0	jgi|Fonmu1|10688|Z520_03889T0
OG0001184	jgi|Umbpus1|105221|LPUS_12113T0	jgi|Exoaq1|6235|A1O9_12036T0
OG0001191	jgi|Umbpus1|100694|LPUS_07358T0	jgi|Morco1|547704|fgenesh1_pg.43_#_83
OG0001203	jgi|Umbpus1|105151|LPUS_12043T0, jgi|Umbpus1|99968|LPUS_06579T0	jgi|Clagr3|9146|CLAGR_009773-RA
OG0001206	jgi|Umbpus1|100835|LPUS_07542T0	KAI9702425.1
OG0001227	jgi|Umbpus1|107225|LPUS_02216T0	jgi|Artol1|4183|AOL_s00076g279m.01
OG0001227	jgi|Umbpus1|107225|LPUS_02216T0	jgi|Aspni_DSM_1|158193|An03g01800m.01
OG0001235	jgi|Umbpus1|101562|LPUS_08281T0	coassemb76_007875-T1
OG0001250	jgi|Umbpus1|100259|LPUS_06841T0	GTX0466b15_001962-T1
OG0001270	jgi|Umbpus1|104298|LPUS_11023T0	jgi|Sclsc1|2142|SS1G_08599T0
OG0001281	jgi|Umbpus1|107158|LPUS_05411T0	jgi|Artol1|5|AOL_s00004g4m.01
OG0001281	jgi|Umbpus1|107158|LPUS_05411T0	jgi|Fusgr1|13314|FGSG_11241T0, jgi|Fusgr1|10669|FGSG_09212T0
OG0001300	jgi|Umbpus1|101079|LPUS_07837T0	jgi|Artol1|5665|AOL_s00079g439m.01, jgi|Artol1|5666|AOL_s00079g440m.01
OG0001301	jgi|Umbpus1|106832|LPUS_05041T0, jgi|Umbpus1|106780|LPUS_04978T0, jgi|Umbpus1|107108|LPUS_05356T0, jgi|Umbpus1|100324|LPUS_06907T0	jgi|Fonmu1|10383|Z520_12249T0, jgi|Fonmu1|9777|Z520_12184T0
OG0001301	jgi|Umbpus1|107108|LPUS_05356T0, jgi|Umbpus1|100324|LPUS_06907T0	KAJ9661327.1
OG0001305	jgi|Umbpus1|100028|LPUS_02450T0	CAF9922516.1
OG0001337	jgi|Umbpus1|107265|LPUS_05478T0	coassemb376_004510-T1
OG0001369	jgi|Umbpus1|102816|LPUS_09410T0	coassemb76_001977-T1
OG0001394	jgi|Umbpus1|105459|LPUS_12395T0	jgi|Aspni_DSM_1|156376|An01g13570m.01
OG0001406	jgi|Umbpus1|104769|LPUS_11588T0	coassemb76_009080-T1
OG0001435	jgi|Umbpus1|105787|LPUS_03821T0	KAI4287589.1
OG0001435	jgi|Umbpus1|105787|LPUS_03821T0	coassemb376_005892-T1
OG0001473	jgi|Umbpus1|107460|LPUS_05721T0	jgi|Fusgr1|2642|FGSG_02304T0
OG0001487	jgi|Umbpus1|99932|LPUS_06530T0	coassemb76_009690-T1
OG0001489	jgi|Umbpus1|106583|LPUS_04772T0	coassemb378_010712-T1
OG0001489	jgi|Umbpus1|106583|LPUS_04772T0	coassemb376_006328-T1
OG0001499	jgi|Umbpus1|107126|LPUS_05374T0	jgi|EndpusZ1|2781|EPUS_05882T0
OG0001512	jgi|Umbpus1|99472|LPUS_06064T0	coassemb76_005891-T1
OG0001518	jgi|Umbpus1|100583|LPUS_07250T0	jgi|Penexp1|8657|PEXP_013540T0
OG0001529	jgi|Umbpus1|101487|LPUS_02829T0	jgi|Aspni_DSM_1|168268|An17g00540m.01
OG0001529	jgi|Umbpus1|101487|LPUS_02829T0	coassemb64_004123-T1
OG0001536	jgi|Umbpus1|101033|LPUS_07772T0	jgi|Podan3|211277|mRNA_10105
OG0001567	jgi|Umbpus1|103936|LPUS_10612T0	coassemb76_007635-T1
OG0001580	jgi|Umbpus1|102963|LPUS_03362T0	KAI4287607.1
OG0001581	jgi|Umbpus1|106797|LPUS_05006T0	KAI9825660.1
OG0001627	jgi|Umbpus1|101012|LPUS_07748T0	coassemb376_004123-T1
OG0001635	jgi|Umbpus1|104640|LPUS_11449T0	coassemb76_009868-T1
OG0001640	jgi|Umbpus1|104183|LPUS_10915T0	KAI4086500.1
OG0001688	jgi|Umbpus1|107001|LPUS_02189T0	KAI4208429.1
OG0001696	jgi|Umbpus1|103697|LPUS_10350T0	jgi|Dibbae1|4325|DIBA_001953-RA
OG0001702	jgi|Umbpus1|104195|LPUS_03512T0	GTX0486b100_005054-T1
OG0001702	jgi|Umbpus1|104195|LPUS_03512T0	KAI9839547.1
OG0001707	jgi|Umbpus1|102129|LPUS_08892T0	CAF9932627.1
OG0001708	jgi|Umbpus1|100994|LPUS_07728T0	jgi|Clagr3|3759|CLAGR_003461-RA
OG0001708	jgi|Umbpus1|100994|LPUS_07728T0	jgi|Grascr1|10596|GST1_012689-RA
OG0001711	jgi|Umbpus1|105436|LPUS_12371T0	coassemb76_010120-T1, coassemb76_007893-T1
OG0001744	jgi|Umbpus1|107368|LPUS_05591T0	coassemb378_008974-T1
OG0001744	jgi|Umbpus1|99583|LPUS_06157T0	jgi|Phach1|1504|rna1503
OG0001744	jgi|Umbpus1|99583|LPUS_06157T0	jgi|EndpusZ1|185|EPUS_06953T0
OG0001744	jgi|Umbpus1|99583|LPUS_06157T0	coassemb76_002900-T1
OG0001744	jgi|Umbpus1|99583|LPUS_06157T0	GTX0466b15_008968-T1
OG0001744	jgi|Umbpus1|99583|LPUS_06157T0	XP_008715537.1
OG0001744	jgi|Umbpus1|99583|LPUS_06157T0	KAJ9659303.1
OG0001744	jgi|Umbpus1|99583|LPUS_06157T0	jgi|Claba1|138473|Z519_05003T0
OG0001744	jgi|Umbpus1|99583|LPUS_06157T0	jgi|Fonmu1|11118|Z520_04319T0
OG0001744	jgi|Umbpus1|99583|LPUS_06157T0	jgi|Capcor1|97800|A1O1_04961T0
OG0001744	jgi|Umbpus1|99583|LPUS_06157T0	jgi|Exoaq1|5424|A1O9_02948T0
OG0001744	jgi|Umbpus1|99583|LPUS_06157T0	coassemb64_008364-T1
OG0001746	jgi|Umbpus1|101057|LPUS_07809T0	coassemb378_003258-T1
OG0001754	jgi|Umbpus1|99262|LPUS_05802T0	jgi|Erypu1|6183|transcript_POS81775
OG0001757	jgi|Umbpus1|101756|LPUS_08494T0	CAF9931211.1
OG0001761	jgi|Umbpus1|100022|LPUS_02443T0	jgi|Fonmu1|1328|Z520_05958T0
OG0001767	jgi|Umbpus1|105721|LPUS_03748T0	FUN_009225_T2_FUN_009225, FUN_009225_T1_FUN_009225
OG0001767	jgi|Umbpus1|105721|LPUS_03748T0	KAI4104620.1
OG0001770	jgi|Umbpus1|106921|LPUS_05132T0	jgi|Fusgr1|9933|FGSG_08344T0
OG0001782	jgi|Umbpus1|106910|LPUS_05122T0	FUN_008736_T1_FUN_008736
OG0001796	jgi|Umbpus1|103753|LPUS_10420T0	jgi|PseVKM4520_1|2442|transcript_KFZ16962
OG0001800	jgi|Umbpus1|103947|LPUS_10623T0	jgi|Claba1|131384|Z519_09698T0
OG0001800	jgi|Umbpus1|103947|LPUS_10623T0	coassemb76_009563-T1
OG0001827	jgi|Umbpus1|107348|LPUS_05566T0, jgi|Umbpus1|100625|LPUS_07277T0, jgi|Umbpus1|100335|LPUS_06918T0	jgi|Erypu1|6487|transcript_POS81721
OG0001830	jgi|Umbpus1|99718|LPUS_02363T0	coassemb76_007596-T1
OG0001845	jgi|Umbpus1|107041|LPUS_05267T0	jgi|Claba1|131841|Z519_10158T0
OG0001845	jgi|Umbpus1|107041|LPUS_05267T0	coassemb76_008813-T1
OG0001846	jgi|Umbpus1|103800|LPUS_10471T0	coassemb76_009430-T1
OG0001849	jgi|Umbpus1|103073|LPUS_09634T0	KAI9726210.1
OG0001860	jgi|Umbpus1|102467|LPUS_03188T0	jgi|Aurpu_var_mel1|70521|fgenesh1_pg.47_#_5
OG0001892	jgi|Umbpus1|103018|LPUS_03373T0	KAI9720200.1
OG0001907	jgi|Umbpus1|104973|LPUS_11807T0	jgi|Fusgr1|4937|FGSG_12482T0
OG0001924	jgi|Umbpus1|105380|LPUS_03597T0	KAI9671338.1
OG0001932	jgi|Umbpus1|107330|LPUS_05547T0	jgi|Neucr_trp3_1|5863|Neucr2.NCU06385T0
OG0001935	jgi|Umbpus1|107013|LPUS_05231T0	jgi|Morco1|203785|CE203784_1176
OG0001950	jgi|Umbpus1|103816|LPUS_03461T0	jgi|Erypu1|5784|transcript_POS81829
OG0002008	jgi|Umbpus1|102349|LPUS_03065T0	coassemb376_004075-T1
OG0002021	jgi|Umbpus1|102516|LPUS_09074T0	jgi|Aspni_DSM_1|167660|An16g03630m.01
OG0002021	jgi|Umbpus1|102516|LPUS_09074T0	jgi|Penexp1|2309|PEXP_051630T0
OG0002021	jgi|Umbpus1|102516|LPUS_09074T0	jgi|Cocpo1_1|349|XM_003065300.1
OG0002021	jgi|Umbpus1|102516|LPUS_09074T0	jgi|EndpusZ1|7206|EPUS_07028T0
OG0002021	jgi|Umbpus1|102516|LPUS_09074T0	GTX0466b15_003184-T1
OG0002021	jgi|Umbpus1|102516|LPUS_09074T0	coassemb76_005462-T1
OG0002021	jgi|Umbpus1|102516|LPUS_09074T0	KAJ9649219.1
OG0002021	jgi|Umbpus1|102516|LPUS_09074T0	jgi|Capcor1|98900|A1O1_06070T0
OG0002021	jgi|Umbpus1|102516|LPUS_09074T0	jgi|Exoaq1|405|A1O9_00405T0
OG0002021	jgi|Umbpus1|102516|LPUS_09074T0	coassemb64_000557-T1
OG0002021	jgi|Umbpus1|102516|LPUS_09074T0	jgi|Fonmu1|9603|Z520_12010T0
OG0002021	jgi|Umbpus1|102516|LPUS_09074T0	jgi|Claba1|132246|Z519_10565T0
OG0002021	jgi|Umbpus1|102516|LPUS_09074T0	XP_008714085.1
OG0002021	jgi|Umbpus1|102516|LPUS_09074T0	KAI9653447.1
OG0002081	jgi|Umbpus1|101653|LPUS_08388T0	coassemb64_004135-T1
OG0002082	jgi|Umbpus1|103411|LPUS_10009T0	jgi|Neucr_trp3_1|8808|Neucr2.NCU04822T0
OG0002117	jgi|Umbpus1|106055|LPUS_02013T0	jgi|EndpusZ1|7258|EPUS_07577T0
OG0002117	jgi|Umbpus1|106055|LPUS_02013T0	jgi|Acastr1|122363|AST1_001383-RA
OG0002117	jgi|Umbpus1|106055|LPUS_02013T0	KAI9747351.1
OG0002117	jgi|Umbpus1|106055|LPUS_02013T0	jgi|Phach1|6087|rna6086
OG0002154	jgi|Umbpus1|101356|LPUS_02733T0	jgi|Sclsc1|8089|SS1G_13512T0
OG0002154	jgi|Umbpus1|101356|LPUS_02733T0	coassemb76_008216-T1
OG0002154	jgi|Umbpus1|101356|LPUS_02733T0	coassemb378_005423-T1
OG0002184	jgi|Umbpus1|106645|LPUS_04840T0	coassemb76_009965-T1
OG0002203	jgi|Umbpus1|100362|LPUS_06947T0	jgi|Grascr1|5814|GST1_003548-RA
OG0002221	jgi|Umbpus1|106163|LPUS_04227T0	jgi|EndpusZ1|176|EPUS_09319T0
OG0002235	jgi|Umbpus1|102441|LPUS_03160T0	jgi|EndpusZ1|4631|EPUS_02121T0
OG0002293	jgi|Umbpus1|101888|LPUS_08647T0	GTX0486b100_003252-T1
OG0002326	jgi|Umbpus1|102273|LPUS_03019T0	jgi|Grascr1|5606|GST1_009829-RA
OG0002342	jgi|Umbpus1|100263|LPUS_06845T0	coassemb76_009114-T1
OG0002345	jgi|Umbpus1|101590|LPUS_08311T0	coassemb378_002074-T1
OG0002349	jgi|Umbpus1|100165|LPUS_06740T0	jgi|Grascr1|958|GST1_006961-RA
OG0002349	jgi|Umbpus1|100165|LPUS_06740T0	jgi|Acastr1|122567|AST1_006589-RA
OG0002373	jgi|Umbpus1|102984|LPUS_01866T0	FUN_005923_T1_FUN_005923
OG0002392	jgi|Umbpus1|106244|LPUS_04353T0	jgi|Sclsc1|11983|SS1G_05012T0
OG0002468	jgi|Umbpus1|103571|LPUS_10208T0	coassemb64_002119-T1
OG0002473	jgi|Umbpus1|103164|LPUS_09710T0	coassemb76_009557-T1
OG0002624	jgi|Umbpus1|106239|LPUS_04343T0	coassemb76_009612-T1
OG0002624	jgi|Umbpus1|106239|LPUS_04343T0	KAJ9649871.1
OG0002631	jgi|Umbpus1|103111|LPUS_03414T0	coassemb378_011664-T1
OG0002650	jgi|Umbpus1|101273|LPUS_08012T0	coassemb76_006781-T1
OG0002656	jgi|Umbpus1|101171|LPUS_02633T0	jgi|Erypu1|138|transcript_POS81639
OG0002676	jgi|Umbpus1|99719|LPUS_02364T0	coassemb76_007595-T1
OG0002704	jgi|Umbpus1|107040|LPUS_05266T0	coassemb76_008812-T1
OG0002716	jgi|Umbpus1|104105|LPUS_10803T0	coassemb378_006947-T1
OG0002718	jgi|Umbpus1|104145|LPUS_10843T0	coassemb64_002777-T1
OG0002760	jgi|Umbpus1|107471|LPUS_02281T0	jgi|Monha1|5677|H072_5862m.01
OG0002761	jgi|Umbpus1|101591|LPUS_08313T0	jgi|Aspni_DSM_1|155792|An01g07490m.01
OG0002761	jgi|Umbpus1|101591|LPUS_08313T0	coassemb376_004577-T1
OG0002764	jgi|Umbpus1|104742|LPUS_11559T0	jgi|Ascim1|377009|estExt_fgenesh1_pg.C_420059
OG0002884	jgi|Umbpus1|99828|LPUS_06401T0	jgi|Phach1|3422|rna3421
OG0002884	jgi|Umbpus1|99828|LPUS_06401T0	jgi|EndpusZ1|8912|EPUS_02751T0
OG0002884	jgi|Umbpus1|99828|LPUS_06401T0	KAJ9654552.1
OG0002884	jgi|Umbpus1|99828|LPUS_06401T0	XP_008712735.1
OG0002884	jgi|Umbpus1|99828|LPUS_06401T0	jgi|Exoaq1|12058|A1O9_08374T0
OG0002884	jgi|Umbpus1|99828|LPUS_06401T0	jgi|Capcor1|92536|A1O1_08960T0
OG0002884	jgi|Umbpus1|99828|LPUS_06401T0	jgi|Claba1|138919|Z519_05451T0
OG0002884	jgi|Umbpus1|99828|LPUS_06401T0	jgi|Fonmu1|6718|Z520_01928T0
OG0002884	jgi|Umbpus1|99828|LPUS_06401T0	GTX0466b15_009495-T1
OG0002884	jgi|Umbpus1|99828|LPUS_06401T0	coassemb76_004564-T1
OG0002884	jgi|Umbpus1|99828|LPUS_06401T0	coassemb64_008411-T1
OG0002915	jgi|Umbpus1|103308|LPUS_09888T0	jgi|Podan3|210066|mRNA_8894
OG0002915	jgi|Umbpus1|103308|LPUS_09888T0	KAJ9653342.1
OG0002940	jgi|Umbpus1|104798|LPUS_11623T0	coassemb64_002535-T1
OG0002940	jgi|Umbpus1|104798|LPUS_11623T0	jgi|Acastr1|122943|AST1_008079-RA
OG0002973	jgi|Umbpus1|105552|LPUS_12552T0	coassemb378_010763-T1
OG0003022	jgi|Umbpus1|102429|LPUS_03149T0	coassemb378_004555-T1
OG0003031	jgi|Umbpus1|104267|LPUS_10990T0	jgi|Exoaq1|5208|A1O9_02731T0
OG0003033	jgi|Umbpus1|106211|LPUS_04293T0	CAF9937230.1
OG0003033	jgi|Umbpus1|106211|LPUS_04293T0	coassemb376_000483-T1
OG0003044	jgi|Umbpus1|104229|LPUS_10953T0	jgi|PseVKM4520_1|5317|transcript_KFZ11750
OG0003046	jgi|Umbpus1|106843|LPUS_05054T0	jgi|Exoaq1|3401|A1O9_10920T0
OG0003046	jgi|Umbpus1|106843|LPUS_05054T0	jgi|Claba1|133296|Z519_01774T0
OG0003046	jgi|Umbpus1|106843|LPUS_05054T0	jgi|Fonmu1|8711|Z520_02786T0
OG0003046	jgi|Umbpus1|106843|LPUS_05054T0	jgi|Capcor1|95637|A1O1_02777T0
OG0003046	jgi|Umbpus1|106843|LPUS_05054T0	coassemb76_004360-T1
OG0003046	jgi|Umbpus1|106843|LPUS_05054T0	GTX0466b15_000176-T1
OG0003046	jgi|Umbpus1|106843|LPUS_05054T0	XP_008716491.1
OG0003046	jgi|Umbpus1|106843|LPUS_05054T0	KAJ9658427.1
OG0003046	jgi|Umbpus1|106843|LPUS_05054T0	coassemb64_000147-T1
OG0003143	jgi|Umbpus1|107139|LPUS_05391T0	jgi|Aspni_DSM_1|163709|An11g04690m.01
OG0003218	jgi|Umbpus1|101609|LPUS_08336T0	KAI9663551.1
OG0003218	jgi|Umbpus1|101609|LPUS_08336T0	KAI9728943.1
OG0003218	jgi|Umbpus1|101609|LPUS_08336T0	jgi|Amamu1|190332|estExt_fgenesh1_pm.C_40385
OG0003218	jgi|Umbpus1|101609|LPUS_08336T0	jgi|Altal1|1060658|gm1.4893_g
OG0003218	jgi|Umbpus1|101609|LPUS_08336T0	jgi|Aurpu_var_mel1|74138|fgenesh1_pm.6_#_236
OG0003218	jgi|Umbpus1|101609|LPUS_08336T0	jgi|Phach1|4958|rna4957
OG0003218	jgi|Umbpus1|101609|LPUS_08336T0	coassemb64_001940-T1
OG0003218	jgi|Umbpus1|101609|LPUS_08336T0	jgi|Exoaq1|2556|A1O9_10079T0
OG0003218	jgi|Umbpus1|101609|LPUS_08336T0	jgi|Capcor1|94407|A1O1_01544T0
OG0003218	jgi|Umbpus1|101609|LPUS_08336T0	jgi|Fonmu1|1964|Z520_06597T0
OG0003218	jgi|Umbpus1|101609|LPUS_08336T0	jgi|Claba1|137866|Z519_04392T0
OG0003218	jgi|Umbpus1|101609|LPUS_08336T0	jgi|EndpusZ1|9204|EPUS_05835T0
OG0003218	jgi|Umbpus1|101609|LPUS_08336T0	GTX0466b15_001668-T1
OG0003218	jgi|Umbpus1|101609|LPUS_08336T0	XP_008719286.1
OG0003236	jgi|Umbpus1|99689|LPUS_06290T0	jgi|Phach1|5595|rna5594
OG0003236	jgi|Umbpus1|99689|LPUS_06290T0	jgi|EndpusZ1|895|EPUS_01611T0
OG0003236	jgi|Umbpus1|99689|LPUS_06290T0	jgi|Claba1|133751|Z519_11151T0
OG0003236	jgi|Umbpus1|99689|LPUS_06290T0	jgi|Fonmu1|2295|Z520_06928T0
OG0003236	jgi|Umbpus1|99689|LPUS_06290T0	jgi|Exoaq1|9198|A1O9_05623T0
OG0003236	jgi|Umbpus1|99689|LPUS_06290T0	jgi|Capcor1|92408|A1O1_08831T0
OG0003236	jgi|Umbpus1|99689|LPUS_06290T0	XP_008719805.1
OG0003236	jgi|Umbpus1|99689|LPUS_06290T0	KAJ9660097.1
OG0003236	jgi|Umbpus1|99689|LPUS_06290T0	GTX0466b15_008161-T1
OG0003236	jgi|Umbpus1|99689|LPUS_06290T0	coassemb76_006554-T1
OG0003255	jgi|Umbpus1|99297|LPUS_05855T0	coassemb76_009234-T1
OG0003275	jgi|Umbpus1|102463|LPUS_03184T0	coassemb76_010196-T1
OG0003368	jgi|Umbpus1|100922|LPUS_07632T0	jgi|Phach1|6433|rna6432
OG0003368	jgi|Umbpus1|100922|LPUS_07632T0	jgi|EndpusZ1|2725|EPUS_05348T0
OG0003368	jgi|Umbpus1|100922|LPUS_07632T0	KAJ9654116.1
OG0003368	jgi|Umbpus1|100922|LPUS_07632T0	jgi|Claba1|137025|Z519_03559T0
OG0003368	jgi|Umbpus1|100922|LPUS_07632T0	jgi|Fonmu1|10590|Z520_03791T0
OG0003368	jgi|Umbpus1|100922|LPUS_07632T0	jgi|Capcor1|92958|A1O1_00087T0
OG0003368	jgi|Umbpus1|100922|LPUS_07632T0	jgi|Exoaq1|10062|A1O9_06495T0
OG0003368	jgi|Umbpus1|100922|LPUS_07632T0	GTX0466b15_007221-T1
OG0003368	jgi|Umbpus1|100922|LPUS_07632T0	XP_008711206.1
OG0003368	jgi|Umbpus1|100922|LPUS_07632T0	coassemb76_008792-T1
OG0003398	jgi|Umbpus1|104584|LPUS_11384T0	jgi|Cocpo1_1|5470|XM_003070423.1
OG0003433	jgi|Umbpus1|104429|LPUS_11198T0	jgi|Exoaq1|11004|A1O9_07373T0
OG0003433	jgi|Umbpus1|104429|LPUS_11198T0	XP_008712402.1
OG0003472	jgi|Umbpus1|101070|LPUS_07827T0	coassemb76_009613-T1
OG0003482	jgi|Umbpus1|103778|LPUS_10447T0	jgi|Altal1|283663|CE283662_23
OG0003482	jgi|Umbpus1|103778|LPUS_10447T0	coassemb76_009858-T1
OG0003488	jgi|Umbpus1|100685|LPUS_07349T0	jgi|Neucr_trp3_1|1223006|e_gw1.223.19.1
OG0003709	jgi|Umbpus1|100098|LPUS_06670T0	coassemb376_002099-T1
OG0003750	jgi|Umbpus1|101693|LPUS_08431T0	jgi|Phach1|5952|rna5951
OG0003750	jgi|Umbpus1|101693|LPUS_08431T0	jgi|EndpusZ1|9228|EPUS_05859T0
OG0003750	jgi|Umbpus1|101693|LPUS_08431T0	jgi|Fonmu1|1824|Z520_06457T0
OG0003750	jgi|Umbpus1|101693|LPUS_08431T0	jgi|Claba1|138188|Z519_04715T0
OG0003750	jgi|Umbpus1|101693|LPUS_08431T0	jgi|Capcor1|92634|A1O1_09058T0
OG0003750	jgi|Umbpus1|101693|LPUS_08431T0	coassemb64_005232-T1
OG0003750	jgi|Umbpus1|101693|LPUS_08431T0	jgi|Exoaq1|6738|A1O9_12540T0
OG0003750	jgi|Umbpus1|101693|LPUS_08431T0	GTX0466b15_001594-T1
OG0003750	jgi|Umbpus1|101693|LPUS_08431T0	coassemb76_000763-T1
OG0003750	jgi|Umbpus1|101693|LPUS_08431T0	XP_008719240.1
OG0003750	jgi|Umbpus1|101693|LPUS_08431T0	KAJ9654629.1
OG0003752	jgi|Umbpus1|101274|LPUS_08013T0	jgi|Aspni_DSM_1|165400|An13g00080m.01
OG0003752	jgi|Umbpus1|101274|LPUS_08013T0	jgi|Penexp1|10249|PEXP_019730T0
OG0003752	jgi|Umbpus1|101274|LPUS_08013T0	jgi|Cocpo1_1|3144|XM_003068097.1
OG0003752	jgi|Umbpus1|101274|LPUS_08013T0	GTX0466b15_007601-T1
OG0003752	jgi|Umbpus1|101274|LPUS_08013T0	coassemb76_002612-T1
OG0003752	jgi|Umbpus1|101274|LPUS_08013T0	XP_008719272.1
OG0003752	jgi|Umbpus1|101274|LPUS_08013T0	jgi|Claba1|128153|Z519_00536T0
OG0003752	jgi|Umbpus1|101274|LPUS_08013T0	jgi|Fonmu1|7545|Z520_10517T0
OG0003752	jgi|Umbpus1|101274|LPUS_08013T0	jgi|Capcor1|93981|A1O1_01118T0
OG0003752	jgi|Umbpus1|101274|LPUS_08013T0	coassemb64_006050-T1
OG0003752	jgi|Umbpus1|101274|LPUS_08013T0	jgi|Exoaq1|1045|A1O9_01049T0
OG0003752	jgi|Umbpus1|101274|LPUS_08013T0	KAJ9662282.1
OG0003752	jgi|Umbpus1|101274|LPUS_08013T0	jgi|Phach1|4985|rna4984
OG0003752	jgi|Umbpus1|101274|LPUS_08013T0	jgi|EndpusZ1|5628|EPUS_03456T0
OG0003775	jgi|Umbpus1|102243|LPUS_08996T0	KAJ9651003.1
OG0003775	jgi|Umbpus1|102243|LPUS_08996T0	jgi|Claba1|130607|Z519_08915T0
OG0003775	jgi|Umbpus1|102243|LPUS_08996T0	jgi|Fonmu1|2613|Z520_07247T0
OG0003775	jgi|Umbpus1|102243|LPUS_08996T0	jgi|Exoaq1|9784|A1O9_06217T0
OG0003775	jgi|Umbpus1|102243|LPUS_08996T0	coassemb64_003441-T1
OG0003775	jgi|Umbpus1|102243|LPUS_08996T0	jgi|Capcor1|98843|A1O1_06011T0
OG0003775	jgi|Umbpus1|102243|LPUS_08996T0	coassemb76_004380-T1
OG0003775	jgi|Umbpus1|102243|LPUS_08996T0	GTX0466b15_006274-T1
OG0003775	jgi|Umbpus1|102243|LPUS_08996T0	XP_008719867.1
OG0003782	jgi|Umbpus1|104187|LPUS_10920T0	coassemb76_001444-T1
OG0003783	jgi|Umbpus1|101691|LPUS_08429T0	jgi|Phach1|3557|rna3556
OG0003783	jgi|Umbpus1|101691|LPUS_08429T0	jgi|EndpusZ1|3801|EPUS_05039T0
OG0003783	jgi|Umbpus1|101691|LPUS_08429T0	jgi|Claba1|132169|Z519_10488T0
OG0003783	jgi|Umbpus1|101691|LPUS_08429T0	jgi|Fonmu1|4045|Z520_01030T0
OG0003783	jgi|Umbpus1|101691|LPUS_08429T0	jgi|Capcor1|98981|A1O1_06151T0
OG0003783	jgi|Umbpus1|101691|LPUS_08429T0	jgi|Exoaq1|255|A1O9_00255T0
OG0003783	jgi|Umbpus1|101691|LPUS_08429T0	KAJ9659423.1
OG0003783	jgi|Umbpus1|101691|LPUS_08429T0	GTX0466b15_008541-T1
OG0003783	jgi|Umbpus1|101691|LPUS_08429T0	coassemb76_001054-T1
OG0003783	jgi|Umbpus1|101691|LPUS_08429T0	XP_008720020.1
OG0003794	jgi|Umbpus1|102397|LPUS_03116T0	KAI9817910.1
OG0003802	jgi|Umbpus1|104738|LPUS_11554T0	jgi|Claba1|130454|Z519_08761T0
OG0003840	jgi|Umbpus1|106331|LPUS_04473T0	jgi|Claba1|137073|Z519_12810T0
OG0003840	jgi|Umbpus1|106331|LPUS_04473T0	XP_008710554.1, XP_008721554.1
OG0003880	jgi|Umbpus1|105574|LPUS_12582T0	jgi|Penexp1|9340|PEXP_066440T0
OG0003880	jgi|Umbpus1|105574|LPUS_12582T0	jgi|Grascr1|10457|GST1_003621-RA
OG0003880	jgi|Umbpus1|105574|LPUS_12582T0	jgi|Aspni_DSM_1|167741|An16g04450m.01
OG0003880	jgi|Umbpus1|105574|LPUS_12582T0	KAI9725273.1
OG0003880	jgi|Umbpus1|105574|LPUS_12582T0	KAI9653807.1
OG0003880	jgi|Umbpus1|105574|LPUS_12582T0	jgi|Aurpu_var_mel1|83089|gm1.3485_g
OG0003880	jgi|Umbpus1|105574|LPUS_12582T0	jgi|Sclsc1|13500|SS1G_06529T0
OG0003880	jgi|Umbpus1|105574|LPUS_12582T0	jgi|Altal1|1060049|gm1.4284_g
OG0003880	jgi|Umbpus1|105574|LPUS_12582T0	jgi|Fusgr1|4014|FGSG_04052T0
OG0003880	jgi|Umbpus1|105574|LPUS_12582T0	jgi|Neucr_trp3_1|5437|Neucr2.NCU07972T0
OG0003880	jgi|Umbpus1|105574|LPUS_12582T0	jgi|Podan3|205536|mRNA_4364
OG0003880	jgi|Umbpus1|105574|LPUS_12582T0	jgi|PseVKM4520_1|701|transcript_KFZ20344
OG0003880	jgi|Umbpus1|105574|LPUS_12582T0	KAI9831590.1
OG0003880	jgi|Umbpus1|105574|LPUS_12582T0	KAJ9659244.1
OG0003880	jgi|Umbpus1|105574|LPUS_12582T0	KAI9755489.1
OG0003880	jgi|Umbpus1|105574|LPUS_12582T0	XP_008711420.1
OG0003880	jgi|Umbpus1|105574|LPUS_12582T0	coassemb76_003402-T1
OG0003880	jgi|Umbpus1|105574|LPUS_12582T0	GTX0466b15_007305-T1
OG0003880	jgi|Umbpus1|105574|LPUS_12582T0	jgi|Capcor1|97555|A1O1_04716T0
OG0003880	jgi|Umbpus1|105574|LPUS_12582T0	jgi|Exoaq1|5483|A1O9_03007T0
OG0003880	jgi|Umbpus1|105574|LPUS_12582T0	coassemb64_000022-T1
OG0003880	jgi|Umbpus1|105574|LPUS_12582T0	jgi|Fonmu1|125|Z520_00126T0
OG0003987	jgi|Umbpus1|106275|LPUS_04384T0	jgi|Dibbae1|11444|DIBA_003947-RA
OG0004024	jgi|Umbpus1|101833|LPUS_02890T0, jgi|Umbpus1|106451|LPUS_04590T0	FUN_008171_T1_FUN_008171
OG0004024	jgi|Umbpus1|106451|LPUS_04590T0	jgi|Fonmu1|6334|Z520_10147T0
OG0004032	jgi|Umbpus1|101987|LPUS_08764T0	jgi|EndpusZ1|857|EPUS_01573T0
OG0004032	jgi|Umbpus1|101987|LPUS_08764T0	jgi|Capcor1|100576|A1O1_07760T0
OG0004032	jgi|Umbpus1|101987|LPUS_08764T0	jgi|Fonmu1|3381|Z520_08017T0
OG0004032	jgi|Umbpus1|101987|LPUS_08764T0	jgi|Claba1|139576|Z519_06108T0
OG0004032	jgi|Umbpus1|101987|LPUS_08764T0	jgi|Exoaq1|12527|A1O9_08824T0
OG0004032	jgi|Umbpus1|101987|LPUS_08764T0	coassemb76_008430-T1
OG0004032	jgi|Umbpus1|101987|LPUS_08764T0	GTX0466b15_006366-T1
OG0004032	jgi|Umbpus1|101987|LPUS_08764T0	XP_008715382.1
OG0004032	jgi|Umbpus1|101987|LPUS_08764T0	KAJ9659863.1
OG0004184	jgi|Umbpus1|106805|LPUS_05015T0	FUN_008494_T1_FUN_008494
OG0004250	jgi|Umbpus1|101221|LPUS_07943T0	jgi|Claba1|128932|Z519_07232T0
OG0004250	jgi|Umbpus1|101221|LPUS_07943T0	jgi|Monha1|1644|H072_1644m.01
OG0004308	jgi|Umbpus1|106673|LPUS_04869T0	jgi|Fusgr1|12415|FGSG_13829T0
OG0004308	jgi|Umbpus1|106673|LPUS_04869T0	jgi|Sclsc1|64|SS1G_00064T0
OG0004500	jgi|Umbpus1|99363|LPUS_05933T0	jgi|Phach1|2697|rna2696
OG0004500	jgi|Umbpus1|99363|LPUS_05933T0	jgi|EndpusZ1|39|EPUS_05814T0
OG0004500	jgi|Umbpus1|99363|LPUS_05933T0	jgi|Fonmu1|1038|Z520_05668T0
OG0004500	jgi|Umbpus1|99363|LPUS_05933T0	jgi|Claba1|128420|Z519_00803T0
OG0004500	jgi|Umbpus1|99363|LPUS_05933T0	jgi|Capcor1|96883|A1O1_04035T0
OG0004500	jgi|Umbpus1|99363|LPUS_05933T0	jgi|Exoaq1|3819|A1O9_11340T0
OG0004500	jgi|Umbpus1|99363|LPUS_05933T0	XP_008718358.1
OG0004500	jgi|Umbpus1|99363|LPUS_05933T0	GTX0466b15_004636-T1
OG0004500	jgi|Umbpus1|99363|LPUS_05933T0	coassemb76_005297-T1
OG0004527	jgi|Umbpus1|105507|LPUS_12488T0	KAI9652523.1
OG0004589	jgi|Umbpus1|103637|LPUS_01250T0, jgi|Umbpus1|103270|LPUS_09848T0	KAJ9650549.1
OG0004609	jgi|Umbpus1|103154|LPUS_09700T0	jgi|Clagr3|2100|CLAGR_002088-RA
OG0004622	jgi|Umbpus1|105307|LPUS_12213T0	jgi|Clagr3|2324|CLAGR_001722-RA
OG0004683	jgi|Umbpus1|102341|LPUS_03056T0	jgi|Podan3|206003|mRNA_4831
OG0004739	jgi|Umbpus1|101492|LPUS_08193T0	jgi|Cocpo1_1|2758|XM_003067711.1
OG0004739	jgi|Umbpus1|101492|LPUS_08193T0	jgi|Penexp1|7419|PEXP_001480T0
OG0004739	jgi|Umbpus1|101492|LPUS_08193T0	jgi|Aspni_DSM_1|160803|An07g05790m.01
OG0004739	jgi|Umbpus1|101492|LPUS_08193T0	KAI9653450.1
OG0004739	jgi|Umbpus1|101492|LPUS_08193T0	KAI9722863.1
OG0004739	jgi|Umbpus1|101492|LPUS_08193T0	jgi|Phach1|6252|rna6251
OG0004739	jgi|Umbpus1|101492|LPUS_08193T0	coassemb76_008822-T1
OG0004739	jgi|Umbpus1|101492|LPUS_08193T0	GTX0466b15_004687-T1
OG0004739	jgi|Umbpus1|101492|LPUS_08193T0	XP_008716032.1
OG0004739	jgi|Umbpus1|101492|LPUS_08193T0	jgi|Fonmu1|4175|Z520_01160T0
OG0004739	jgi|Umbpus1|101492|LPUS_08193T0	jgi|Claba1|131992|Z519_10310T0
OG0004739	jgi|Umbpus1|101492|LPUS_08193T0	jgi|Capcor1|98855|A1O1_06023T0
OG0004739	jgi|Umbpus1|101492|LPUS_08193T0	coassemb64_004055-T1
OG0004739	jgi|Umbpus1|101492|LPUS_08193T0	jgi|Exoaq1|3884|A1O9_11406T0
OG0004760	jgi|Umbpus1|99385|LPUS_05966T0	jgi|Capcor1|95013|A1O1_02152T0
OG0004760	jgi|Umbpus1|99385|LPUS_05966T0	jgi|Artol1|5540|AOL_s00079g314m.01
OG0004766	jgi|Umbpus1|104552|LPUS_11346T0	jgi|Erypu1|6691|transcript_POS81688
OG0004811	jgi|Umbpus1|103055|LPUS_09612T0	jgi|Grascr1|8519|GST1_003040-RA
OG0004883	jgi|Umbpus1|100491|LPUS_07141T0, jgi|Umbpus1|105761|LPUS_00196T0	coassemb64_000259-T1
OG0004907	jgi|Umbpus1|102915|LPUS_09505T0	jgi|Phach1|4188|rna4187
OG0004907	jgi|Umbpus1|102915|LPUS_09505T0	jgi|EndpusZ1|2832|EPUS_05505T0
OG0004907	jgi|Umbpus1|102915|LPUS_09505T0	XP_008712341.1
OG0004907	jgi|Umbpus1|102915|LPUS_09505T0	GTX0466b15_007957-T1
OG0004907	jgi|Umbpus1|102915|LPUS_09505T0	coassemb76_006714-T1
OG0004907	jgi|Umbpus1|102915|LPUS_09505T0	KAJ9664010.1
OG0004907	jgi|Umbpus1|102915|LPUS_09505T0	jgi|Fonmu1|8950|Z520_03025T0
OG0004907	jgi|Umbpus1|102915|LPUS_09505T0	jgi|Claba1|132390|Z519_10709T0
OG0004907	jgi|Umbpus1|102915|LPUS_09505T0	jgi|Capcor1|98737|A1O1_05903T0
OG0004907	jgi|Umbpus1|102915|LPUS_09505T0	coassemb64_005021-T1
OG0004907	jgi|Umbpus1|102915|LPUS_09505T0	jgi|Exoaq1|9570|A1O9_06000T0
OG0004946	jgi|Umbpus1|99925|LPUS_06523T0	jgi|Fonmu1|9138|Z520_11544T0
OG0004993	jgi|Umbpus1|102874|LPUS_09470T0	jgi|Aspni_DSM_1|160798|An07g05740m.01
OG0005177	jgi|Umbpus1|102826|LPUS_09421T0	jgi|Grascr1|8130|GST1_003831-RA
OG0005228	jgi|Umbpus1|106028|LPUS_04032T0	jgi|Monha1|8323|H072_8618m.01
OG0005243	jgi|Umbpus1|101866|LPUS_08619T0	GTX0466b15_004710-T1
OG0005256	jgi|Umbpus1|102104|LPUS_08865T0	coassemb76_010088-T1
OG0005288	jgi|Umbpus1|106575|LPUS_04764T0	jgi|Penexp1|936|PEXP_095660T0
OG0005351	jgi|Umbpus1|102456|LPUS_03177T0	KAJ9653021.1
OG0005366	jgi|Umbpus1|106988|LPUS_05213T0	KAI4231955.1
OG0005391	jgi|Umbpus1|104965|LPUS_11799T0	jgi|Fonmu1|10502|Z520_12369T0
OG0005425	jgi|Umbpus1|103600|LPUS_10241T0	jgi|EndpusZ1|255|EPUS_04141T0
OG0005435	jgi|Umbpus1|102914|LPUS_01856T0	jgi|Acastr1|121105|AST1_006607-RA
OG0005575	jgi|Umbpus1|105287|LPUS_12188T0	jgi|Aspni_DSM_1|161719|An08g04560m.01
OG0005605	jgi|Umbpus1|105843|LPUS_01983T0	GTX0486b100_008523-T1
OG0005605	jgi|Umbpus1|105843|LPUS_01983T0	coassemb64_003773-T1
OG0005662	jgi|Umbpus1|106572|LPUS_04761T0	KAI9719829.1
OG0005662	jgi|Umbpus1|106572|LPUS_04761T0	jgi|Grascr1|2591|GST1_006896-RA
OG0005662	jgi|Umbpus1|106572|LPUS_04761T0	CAF9941370.1
OG0005682	jgi|Umbpus1|99520|LPUS_01792T0	coassemb76_009415-T1
OG0005703	jgi|Umbpus1|103770|LPUS_10440T0	jgi|Neucr_trp3_1|5771|Neucr2.NCU07660T0
OG0005703	jgi|Umbpus1|103770|LPUS_10440T0	jgi|Penexp1|5410|PEXP_058710T0
OG0005718	jgi|Umbpus1|101967|LPUS_08742T0	GTX0466b15_009230-T1
OG0005747	jgi|Umbpus1|101281|LPUS_02681T0	jgi|EndpusZ1|3287|EPUS_08556T0, jgi|EndpusZ1|3288|EPUS_08557T0
OG0005898	jgi|Umbpus1|100217|LPUS_06796T0	KAI9723592.1
OG0005912	jgi|Umbpus1|100744|LPUS_07429T0	KAI4101141.1
OG0005921	jgi|Umbpus1|103385|LPUS_09972T0, jgi|Umbpus1|99225|LPUS_00566T0	jgi|Monha1|9690|H072_10193m.01
OG0005921	jgi|Umbpus1|103385|LPUS_09972T0, jgi|Umbpus1|99225|LPUS_00566T0	jgi|Grascr1|2195|GST1_001314-RA
OG0005931	jgi|Umbpus1|104550|LPUS_11344T0	jgi|PseVKM4520_1|5116|transcript_KFZ12166, jgi|PseVKM4520_1|11080|transcript_KFZ23327
OG0005957	jgi|Umbpus1|106670|LPUS_04866T0	jgi|Artol1|7872|AOL_s00109g40m.01
OG0006063	jgi|Umbpus1|100783|LPUS_07473T0, jgi|Umbpus1|100322|LPUS_00725T0	GTX0494b19_005822-T1
OG0006063	jgi|Umbpus1|100783|LPUS_07473T0, jgi|Umbpus1|100322|LPUS_00725T0	FUN_010158_T1_FUN_010158
OG0006063	jgi|Umbpus1|100783|LPUS_07473T0, jgi|Umbpus1|100322|LPUS_00725T0	KAI4096360.1
OG0006063	jgi|Umbpus1|100783|LPUS_07473T0, jgi|Umbpus1|100322|LPUS_00725T0	KAI4236919.1
OG0006063	jgi|Umbpus1|100783|LPUS_07473T0, jgi|Umbpus1|100322|LPUS_00725T0	KAI4227582.1
OG0006063	jgi|Umbpus1|100783|LPUS_07473T0, jgi|Umbpus1|100322|LPUS_00725T0	KAI4100546.1
OG0006063	jgi|Umbpus1|100783|LPUS_07473T0, jgi|Umbpus1|100322|LPUS_00725T0	KAI4288017.1
OG0006063	jgi|Umbpus1|100783|LPUS_07473T0, jgi|Umbpus1|100322|LPUS_00725T0	coassemb376_004970-T1
OG0006063	jgi|Umbpus1|100783|LPUS_07473T0, jgi|Umbpus1|100322|LPUS_00725T0	KAI9699146.1
OG0006063	jgi|Umbpus1|100783|LPUS_07473T0, jgi|Umbpus1|100322|LPUS_00725T0	GTX0486b100_007533-T1
OG0006292	jgi|Umbpus1|101465|LPUS_02797T0	KAI4228881.1
OG0006297	jgi|Umbpus1|103113|LPUS_03416T0	KAJ9661893.1
OG0006297	jgi|Umbpus1|103113|LPUS_03416T0	jgi|Exoaq1|3232|A1O9_10750T0
OG0006372	jgi|Umbpus1|100750|LPUS_01359T0	KAI4233084.1
OG0006476	jgi|Umbpus1|101862|LPUS_08615T0	GTX0486b100_007663-T1
OG0006638	jgi|Umbpus1|101130|LPUS_07892T0	jgi|Dibbae1|8770|DIBA_002263-RA
OG0006638	jgi|Umbpus1|101130|LPUS_07892T0	jgi|Clagr3|6591|CLAGR_006304-RA
OG0006638	jgi|Umbpus1|101130|LPUS_07892T0	jgi|Artol1|6195|AOL_s00081g25m.01
OG0006654	jgi|Umbpus1|101542|LPUS_08257T0	jgi|Dibbae1|6525|DIBA_002660-RA
OG0006716	jgi|Umbpus1|101560|LPUS_08278T0	jgi|Morco1|558143|estExt_fgenesh1_pm.C_170001
OG0006938	jgi|Umbpus1|103476|LPUS_10088T0	CAF9913956.1
OG0007133	jgi|Umbpus1|107110|LPUS_05358T0	coassemb64_006249-T1
OG0007215	jgi|Umbpus1|104276|LPUS_01366T0	jgi|Aspni_DSM_1|162669|An09g02090m.01
OG0007331	jgi|Umbpus1|99812|LPUS_06386T0	KAJ9664404.1
OG0007331	jgi|Umbpus1|99812|LPUS_06386T0	jgi|Clagr3|2512|CLAGR_002483-RA
OG0007331	jgi|Umbpus1|99812|LPUS_06386T0	jgi|Fonmu1|413|Z520_00414T0
OG0007331	jgi|Umbpus1|99812|LPUS_06386T0	jgi|Claba1|131296|Z519_09610T0
OG0007618	jgi|Umbpus1|101100|LPUS_07862T0	jgi|Claba1|135516|Z519_02378T0
