Orthogroup	Xanthoria_parietina_GTX0501.proteins	Other
OG0000003	FUN_001190_T1_FUN_001190	jgi|Podan3|201333|mRNA_161
OG0000004	FUN_008674_T2_FUN_008674, FUN_008674_T1_FUN_008674	KAI4106465.1
OG0000004	FUN_007599_T1_FUN_007599	jgi|Exoaq1|11121|A1O9_07456T0
OG0000004	FUN_009071_T1_FUN_009071	jgi|Claba1|133761|Z519_11161T0
OG0000009	FUN_005123_T1_FUN_005123	jgi|Claba1|128724|Z519_07022T0
OG0000009	FUN_005123_T1_FUN_005123	KAJ9663857.1, KAJ9652153.1
OG0000009	FUN_005123_T1_FUN_005123	jgi|Exoaq1|5525|A1O9_03049T0
OG0000015	FUN_003841_T1_FUN_003841	jgi|Monha1|7534|H072_7784m.01
OG0000016	FUN_004617_T1_FUN_004617	KAI9716702.1
OG0000016	FUN_004617_T1_FUN_004617	GTX0486b100_001164-T1, GTX0486b100_000790-T1, GTX0486b100_001165-T1
OG0000020	FUN_003877_T1_FUN_003877	jgi|Aspni_DSM_1|162084|An08g08250m.01
OG0000021	FUN_006281_T1_FUN_006281, FUN_010725_T1_FUN_010725	jgi|Claba1|129751|Z519_08057T0
OG0000023	FUN_004813_T1_FUN_004813	KAI9823564.1
OG0000028	FUN_009752_T1_FUN_009752	jgi|Clagr3|2180|CLAGR_002167-RA
OG0000028	FUN_010538_T1_FUN_010538	jgi|Clagr3|4519|CLAGR_005031-RA
OG0000028	FUN_010538_T1_FUN_010538	jgi|Claba1|137697|Z519_04224T0
OG0000028	FUN_010538_T1_FUN_010538	jgi|Sclsc1|14140|SS1G_07169T0
OG0000028	FUN_010538_T1_FUN_010538	jgi|Podan3|210267|mRNA_9095
OG0000028	FUN_010538_T1_FUN_010538	jgi|Grascr1|347|GST1_005797-RA, jgi|Grascr1|7160|GST1_012779-RA
OG0000028	FUN_010538_T1_FUN_010538	KAI9715644.1
OG0000028	FUN_010538_T1_FUN_010538	coassemb378_011135-T1
OG0000029	FUN_008314_T1_FUN_008314	coassemb64_007229-T1
OG0000033	FUN_007987_T1_FUN_007987	jgi|Grascr1|7426|GST1_012003-RA
OG0000034	FUN_006835_T1_FUN_006835	KAI9701812.1
OG0000038	FUN_009706_T1_FUN_009706	jgi|Aspni_DSM_1|168541|An18g00910m.01
OG0000039	FUN_001686_T1_FUN_001686	jgi|Exoaq1|12011|A1O9_08327T0
OG0000056	FUN_008932_T1_FUN_008932	jgi|Sclsc1|366|SS1G_00366T0
OG0000056	FUN_008932_T1_FUN_008932	jgi|Aspni_DSM_1|159920|An05g02070m.01
OG0000057	FUN_005600_T1_FUN_005600	KAI9749727.1
OG0000057	FUN_005600_T1_FUN_005600	jgi|Acastr1|120756|AST1_005982-RA
OG0000057	FUN_005600_T1_FUN_005600	jgi|Penexp1|4503|PEXP_032230T0
OG0000057	FUN_005600_T1_FUN_005600	KAI9725373.1
OG0000057	FUN_005600_T1_FUN_005600	jgi|PseVKM4520_1|9968|transcript_KFZ24337
OG0000057	FUN_005600_T1_FUN_005600	GTX0486b100_005609-T1
OG0000057	FUN_005600_T1_FUN_005600	KAI4105630.1
OG0000057	FUN_005600_T1_FUN_005600	jgi|Dibbae1|8837|DIBA_011841-RA
OG0000057	FUN_005600_T1_FUN_005600	coassemb376_001135-T1
OG0000057	FUN_005600_T1_FUN_005600	jgi|Fusgr1|2767|FGSG_12134T0, jgi|Fusgr1|3417|FGSG_04581T0
OG0000057	FUN_005600_T1_FUN_005600	jgi|Fusgr1|2767|FGSG_12134T0, jgi|Fusgr1|3417|FGSG_04581T0
OG0000057	FUN_005600_T1_FUN_005600	jgi|Monha1|9665|H072_10163m.01
OG0000061	FUN_000931_T1_FUN_000931	jgi|Penexp1|1729|PEXP_074030T0
OG0000066	FUN_004396_T1_FUN_004396	jgi|Phach1|1394|rna1393
OG0000067	FUN_005105_T1_FUN_005105	jgi|Podan3|206798|mRNA_5626
OG0000080	FUN_009301_T1_FUN_009301	XP_008714722.1
OG0000091	FUN_004685_T1_FUN_004685, FUN_003112_T1_FUN_003112	coassemb76_008068-T1
OG0000092	FUN_003079_T1_FUN_003079	jgi|Podan3|203432|mRNA_2260
OG0000096	FUN_000957_T1_FUN_000957, FUN_010731_T1_FUN_010731	jgi|EndpusZ1|6610|EPUS_05226T0
OG0000100	FUN_002775_T1_FUN_002775	jgi|Podan3|208008|mRNA_6836
OG0000102	FUN_000638_T1_FUN_000638, FUN_002655_T1_FUN_002655	jgi|Dibbae1|8713|DIBA_011037-RA, jgi|Dibbae1|8716|DIBA_011040-RA, jgi|Dibbae1|6761|DIBA_002648-RA, jgi|Dibbae1|8789|DIBA_002282-RA
OG0000112	FUN_000634_T1_FUN_000634	jgi|Exoaq1|6159|A1O9_11960T0
OG0000115	FUN_001522_T1_FUN_001522, FUN_001523_T1_FUN_001523	jgi|EndpusZ1|5818|EPUS_06007T0
OG0000118	FUN_001150_T1_FUN_001150	jgi|EndpusZ1|1884|EPUS_03253T0
OG0000119	FUN_000540_T1_FUN_000540	jgi|Acastr1|126338|AST1_002427-RA
OG0000126	FUN_007107_T1_FUN_007107	coassemb76_010089-T1
OG0000126	FUN_007107_T1_FUN_007107	jgi|Grascr1|3178|GST1_002108-RA
OG0000126	FUN_008160_T1_FUN_008160	jgi|Penexp1|7858|PEXP_008390T0
OG0000131	FUN_002144_T1_FUN_002144	KAI9653286.1
OG0000131	FUN_002144_T1_FUN_002144	jgi|Aurpu_var_mel1|63718|fgenesh1_pg.4_#_55, jgi|Aurpu_var_mel1|56530|e_gw1.24.372.1
OG0000136	FUN_006319_T1_FUN_006319	jgi|Aspni_DSM_1|158536|An03g05440m.01
OG0000146	FUN_000685_T1_FUN_000685	jgi|Grascr1|714|GST1_007014-RA
OG0000146	FUN_000685_T1_FUN_000685	coassemb378_003750-T1
OG0000151	FUN_010106_T1_FUN_010106	jgi|PseVKM4520_1|10168|transcript_KFZ24155
OG0000151	FUN_010106_T1_FUN_010106	KAI9719401.1
OG0000160	FUN_005774_T1_FUN_005774	jgi|EndpusZ1|1203|EPUS_00014T0
OG0000160	FUN_005774_T1_FUN_005774	jgi|Fonmu1|8828|Z520_02903T0
OG0000160	FUN_005774_T1_FUN_005774	jgi|Altal1|938129|e_gw1.13.798.1
OG0000164	FUN_009849_T1_FUN_009849	jgi|Podan3|206414|mRNA_5242
OG0000165	FUN_007641_T1_FUN_007641	KAI9708569.1
OG0000171	FUN_001975_T1_FUN_001975	jgi|Exoaq1|8178|A1O9_04713T0
OG0000171	FUN_001975_T1_FUN_001975	coassemb76_007072-T1
OG0000173	FUN_010187_T1_FUN_010187, FUN_010188_T1_FUN_010188	jgi|Clagr3|3318|CLAGR_003137-RA
OG0000177	FUN_009264_T1_FUN_009264	jgi|Aurpu_var_mel1|88715|gm1.9111_g
OG0000181	FUN_008621_T3_FUN_008621, FUN_008621_T2_FUN_008621, FUN_008621_T1_FUN_008621	CAF9937712.1
OG0000181	FUN_008621_T3_FUN_008621, FUN_008621_T2_FUN_008621, FUN_008621_T1_FUN_008621	jgi|Fonmu1|11781|Z520_04986T0
OG0000201	FUN_004823_T1_FUN_004823, FUN_005416_T1_FUN_005416, FUN_001127_T1_FUN_001127	coassemb378_001789-T1
OG0000206	FUN_001025_T1_FUN_001025	jgi|Penexp1|3673|PEXP_041520T0
OG0000235	FUN_003746_T1_FUN_003746	jgi|Penexp1|8163|PEXP_075040T0
OG0000238	FUN_003607_T1_FUN_003607	jgi|Aurpu_var_mel1|49698|e_gw1.11.49.1
OG0000238	FUN_003607_T1_FUN_003607	jgi|Altal1|1057710|gm1.1945_g
OG0000239	FUN_007612_T1_FUN_007612	jgi|Capcor1|94518|A1O1_01656T0
OG0000250	FUN_002617_T1_FUN_002617	KAI9712898.1
OG0000253	FUN_001682_T1_FUN_001682	coassemb64_000923-T1
OG0000258	FUN_009404_T1_FUN_009404	jgi|Aspni_DSM_1|160399|An07g01670m.01, jgi|Aspni_DSM_1|166512|An14g07310m.01, jgi|Aspni_DSM_1|168482|An18g00280m.01, jgi|Aspni_DSM_1|160266|An07g00280m.01, jgi|Aspni_DSM_1|155805|An01g07630m.01
OG0000262	FUN_003188_T1_FUN_003188	coassemb64_006437-T1
OG0000271	FUN_009876_T1_FUN_009876	jgi|Aspni_DSM_1|162693|An09g02330m.01
OG0000279	FUN_005392_T1_FUN_005392, FUN_005391_T1_FUN_005391	jgi|Neucr_trp3_1|6469|Neucr2.NCU06980T0
OG0000293	FUN_007609_T1_FUN_007609	coassemb378_002291-T1
OG0000293	FUN_001955_T1_FUN_001955	jgi|Aspni_DSM_1|161268|An08g00030m.01
OG0000293	FUN_001955_T1_FUN_001955	KAJ9659520.1
OG0000295	FUN_000130_T1_FUN_000130	jgi|Monha1|99|H072_99m.01, jgi|Monha1|8731|H072_9064m.01
OG0000295	FUN_000130_T1_FUN_000130	jgi|Morco1|606068|estExt_Genemark1.C_280061
OG0000298	FUN_002737_T1_FUN_002737, FUN_002736_T1_FUN_002736	jgi|EndpusZ1|8555|EPUS_08720T0
OG0000308	FUN_010386_T1_FUN_010386	jgi|Capcor1|93137|A1O1_00267T0
OG0000311	FUN_010331_T1_FUN_010331	jgi|Penexp1|9779|PEXP_098470T0
OG0000313	FUN_008136_T1_FUN_008136	coassemb76_010026-T1
OG0000314	FUN_009258_T1_FUN_009258	jgi|Exoaq1|12012|A1O9_08328T0
OG0000315	FUN_003660_T1_FUN_003660	jgi|Penexp1|2729|PEXP_108930T0
OG0000315	FUN_003660_T1_FUN_003660	jgi|Cocpo1_1|4194|XM_003069147.1
OG0000317	FUN_009096_T1_FUN_009096	jgi|Sclsc1|1845|SS1G_08301T0
OG0000317	FUN_009096_T1_FUN_009096	GTX0486b100_006784-T1
OG0000318	FUN_001516_T1_FUN_001516	jgi|Aspni_DSM_1|157513|An02g09980m.01, jgi|Aspni_DSM_1|156449|An01g14410m.01
OG0000325	FUN_007353_T1_FUN_007353	coassemb76_006608-T1
OG0000337	FUN_009986_T1_FUN_009986	coassemb64_001600-T1
OG0000337	FUN_009986_T1_FUN_009986	jgi|Capcor1|101114|A1O1_08302T0
OG0000342	FUN_006779_T1_FUN_006779	jgi|Ascim1|123924|CE123923_1326
OG0000358	FUN_002973_T1_FUN_002973	CAF9942250.1
OG0000381	FUN_000190_T1_FUN_000190	jgi|EndpusZ1|8358|EPUS_06229T0
OG0000381	FUN_000190_T1_FUN_000190	jgi|Phach1|5747|rna5746
OG0000381	FUN_000190_T1_FUN_000190	jgi|Capcor1|93061|A1O1_00190T0
OG0000381	FUN_000190_T1_FUN_000190	jgi|Exoaq1|10665|A1O9_07034T0
OG0000381	FUN_000190_T1_FUN_000190	jgi|Fonmu1|7406|Z520_02617T0
OG0000381	FUN_000190_T1_FUN_000190	jgi|Claba1|133899|Z519_11300T0
OG0000381	FUN_000190_T1_FUN_000190	XP_008711590.1
OG0000381	FUN_000190_T1_FUN_000190	GTX0466b15_002661-T1
OG0000381	FUN_000190_T1_FUN_000190	coassemb76_007968-T1
OG0000381	FUN_000190_T1_FUN_000190	KAJ9664707.1
OG0000381	FUN_000190_T1_FUN_000190	coassemb64_005597-T1
OG0000391	FUN_010355_T1_FUN_010355, FUN_010354_T1_FUN_010354	jgi|Grascr1|5827|GST1_011412-RA
OG0000395	FUN_001769_T1_FUN_001769	jgi|EndpusZ1|4681|EPUS_02171T0
OG0000399	FUN_000801_T1_FUN_000801	jgi|Morco1|470072|gw1.20.229.1
OG0000401	FUN_008424_T1_FUN_008424	jgi|Monha1|4268|H072_4348m.01
OG0000449	FUN_002310_T1_FUN_002310	CAF9903795.1
OG0000462	FUN_000495_T1_FUN_000495	jgi|PseVKM4520_1|9164|transcript_KFZ03549
OG0000466	FUN_010147_T1_FUN_010147	jgi|Grascr1|11362|GST1_005242-RA
OG0000470	FUN_005055_T1_FUN_005055	jgi|Phach1|2717|rna2716
OG0000470	FUN_005055_T1_FUN_005055	CAF9915761.1
OG0000483	FUN_009084_T1_FUN_009084	jgi|Phach1|3128|rna3127
OG0000483	FUN_009084_T1_FUN_009084	jgi|Claba1|131046|Z519_09358T0
OG0000483	FUN_009084_T1_FUN_009084	jgi|Fonmu1|7147|Z520_02357T0
OG0000483	FUN_009084_T1_FUN_009084	jgi|Capcor1|99922|A1O1_07099T0
OG0000483	FUN_009084_T1_FUN_009084	jgi|Exoaq1|11542|A1O9_07878T0
OG0000483	FUN_009084_T1_FUN_009084	coassemb76_002739-T1
OG0000483	FUN_009084_T1_FUN_009084	GTX0466b15_006654-T1
OG0000483	FUN_009084_T1_FUN_009084	XP_008714908.1
OG0000483	FUN_009084_T1_FUN_009084	KAJ9652066.1
OG0000483	FUN_009084_T1_FUN_009084	jgi|EndpusZ1|5272|EPUS_05598T0
OG0000483	FUN_009084_T1_FUN_009084	KAI9815815.1
OG0000483	FUN_009084_T1_FUN_009084	KAI9754374.1
OG0000483	FUN_009084_T1_FUN_009084	KAI9714568.1
OG0000483	FUN_009084_T1_FUN_009084	KAI9705826.1
OG0000483	FUN_009084_T1_FUN_009084	GTX0486b100_003043-T1
OG0000483	FUN_009084_T1_FUN_009084	coassemb378_004244-T1
OG0000483	FUN_009084_T1_FUN_009084	coassemb64_006514-T1
OG0000483	FUN_009084_T1_FUN_009084	KAI9685806.1
OG0000483	FUN_009084_T1_FUN_009084	KAI9685806.1
OG0000483	FUN_009084_T1_FUN_009084	KAI9837043.1
OG0000485	FUN_004634_T1_FUN_004634	jgi|Penexp1|3620|PEXP_086100T0
OG0000521	FUN_001005_T1_FUN_001005	jgi|EndpusZ1|4157|EPUS_04802T0
OG0000523	FUN_004410_T1_FUN_004410, FUN_000566_T1_FUN_000566, FUN_000564_T1_FUN_000564, FUN_000565_T1_FUN_000565	jgi|Claba1|132707|Z519_01185T0
OG0000528	FUN_002474_T1_FUN_002474	coassemb76_003245-T1
OG0000548	FUN_009394_T1_FUN_009394	jgi|Dibbae1|3070|DIBA_006297-RA
OG0000570	FUN_007460_T1_FUN_007460	KAJ9664369.1
OG0000580	FUN_009740_T1_FUN_009740, FUN_010584_T1_FUN_010584	jgi|Capcor1|99769|A1O1_06944T0
OG0000599	FUN_006658_T1_FUN_006658	jgi|Claba1|133694|Z519_11094T0
OG0000599	FUN_006658_T1_FUN_006658	jgi|Exoaq1|7285|A1O9_03815T0
OG0000615	FUN_007919_T1_FUN_007919	CAF9926602.1
OG0000620	FUN_004052_T1_FUN_004052	coassemb376_002221-T1
OG0000620	FUN_004052_T1_FUN_004052	CAF9924105.1
OG0000621	FUN_006316_T1_FUN_006316	CAF9904326.1
OG0000636	FUN_008608_T1_FUN_008608	jgi|Clagr3|6601|CLAGR_006314-RA
OG0000654	FUN_008892_T1_FUN_008892	coassemb64_005016-T1
OG0000654	FUN_008892_T1_FUN_008892	coassemb76_006623-T1
OG0000673	FUN_007895_T1_FUN_007895	jgi|Exoaq1|4173|A1O9_11696T0
OG0000673	FUN_007895_T1_FUN_007895	GTX0466b15_001598-T1
OG0000703	FUN_009755_T1_FUN_009755	jgi|Altal1|1099843|estExt_Genemark1.C_310035
OG0000714	FUN_010557_T1_FUN_010557	jgi|Penexp1|2074|PEXP_024860T0
OG0000714	FUN_010557_T1_FUN_010557	jgi|Grascr1|12156|GST1_000800-RA
OG0000714	FUN_010557_T1_FUN_010557	KAI4286472.1
OG0000714	FUN_010557_T1_FUN_010557	jgi|PseVKM4520_1|8540|transcript_KFZ04228
OG0000721	FUN_006703_T1_FUN_006703	coassemb76_005366-T1
OG0000742	FUN_009022_T1_FUN_009022	KAJ9663078.1
OG0000773	FUN_004992_T1_FUN_004992	jgi|Ascim1|66125|CE66124_1416
OG0000774	FUN_007148_T1_FUN_007148	jgi|Dibbae1|1063|DIBA_004908-RA
OG0000775	FUN_009125_T1_FUN_009125	jgi|Aspni_DSM_1|166516|An14g07350m.01
OG0000780	FUN_000544_T1_FUN_000544	coassemb64_008147-T1
OG0000791	FUN_008851_T1_FUN_008851	jgi|EndpusZ1|9090|EPUS_06921T0
OG0000792	FUN_000665_T1_FUN_000665	jgi|Fusgr1|5336|FGSG_02884T0
OG0000793	FUN_009120_T1_FUN_009120, FUN_005059_T1_FUN_005059	coassemb378_010898-T1
OG0000796	FUN_009369_T1_FUN_009369	coassemb376_002365-T1
OG0000796	FUN_009369_T1_FUN_009369	coassemb378_011515-T1
OG0000823	FUN_004483_T1_FUN_004483	coassemb76_009583-T1
OG0000880	FUN_003923_T1_FUN_003923	jgi|Ascim1|32772|CE32771_10899
OG0000880	FUN_003923_T1_FUN_003923	jgi|Aurpu_var_mel1|85652|gm1.6048_g
OG0000880	FUN_003923_T1_FUN_003923	KAI9720090.1
OG0000880	FUN_003923_T1_FUN_003923	KAI9652973.1
OG0000880	FUN_003923_T1_FUN_003923	jgi|Amamu1|195030|estExt_fgenesh1_pg.C_20171
OG0000880	FUN_003923_T1_FUN_003923	jgi|Monha1|1681|H072_1682m.01
OG0000880	FUN_003923_T1_FUN_003923	jgi|Artol1|308|AOL_s00004g307m.01
OG0000880	FUN_003923_T1_FUN_003923	jgi|Penexp1|8840|PEXP_013810T0
OG0000880	FUN_003923_T1_FUN_003923	jgi|Aspni_DSM_1|168256|An17g00420m.01, jgi|Aspni_DSM_1|168847|An18g04040m.01
OG0000880	FUN_003923_T1_FUN_003923	coassemb64_007190-T1
OG0000880	FUN_003923_T1_FUN_003923	GTX0466b15_008920-T1
OG0000880	FUN_003923_T1_FUN_003923	coassemb76_009134-T1
OG0000880	FUN_003923_T1_FUN_003923	jgi|Podan3|207262|mRNA_6090
OG0000880	FUN_003923_T1_FUN_003923	jgi|Altal1|242281|CE242280_23973
OG0000880	FUN_003923_T1_FUN_003923	jgi|Erypu1|639|transcript_POS84057
OG0000880	FUN_003923_T1_FUN_003923	coassemb376_000859-T1
OG0000894	FUN_000308_T1_FUN_000308	KAI9705150.1
OG0000902	FUN_000975_T1_FUN_000975	KAI9822229.1
OG0000902	FUN_000975_T1_FUN_000975	jgi|Umbpus1|99279|LPUS_05835T0, jgi|Umbpus1|99960|LPUS_06571T0
OG0000902	FUN_000975_T1_FUN_000975	coassemb376_006818-T1
OG0000902	FUN_000975_T1_FUN_000975	coassemb378_002193-T1
OG0000902	FUN_000975_T1_FUN_000975	KAI4264987.1
OG0000902	FUN_000975_T1_FUN_000975	jgi|EndpusZ1|4573|EPUS_06106T0, jgi|EndpusZ1|6802|EPUS_00301T0
OG0000902	FUN_000975_T1_FUN_000975	jgi|Grascr1|3853|GST1_000242-RA, jgi|Grascr1|4384|GST1_010133-RA
OG0000902	FUN_000975_T1_FUN_000975	jgi|Acastr1|125011|AST1_007157-RA
OG0000902	FUN_000975_T1_FUN_000975	jgi|Fonmu1|1445|Z520_06076T0
OG0000906	FUN_001914_T1_FUN_001914	CAF9930826.1
OG0000909	FUN_007158_T1_FUN_007158	jgi|Penexp1|7694|PEXP_006740T0
OG0000928	FUN_009274_T1_FUN_009274	KAJ9654449.1
OG0000938	FUN_006526_T1_FUN_006526	GTX0486b100_008467-T1
OG0000945	FUN_002386_T1_FUN_002386	jgi|Fusgr1|8994|FGSG_07770T0
OG0000976	FUN_000406_T1_FUN_000406	CAF9943318.1
OG0000976	FUN_000406_T1_FUN_000406	coassemb64_006254-T1
OG0000976	FUN_000406_T1_FUN_000406	jgi|Capcor1|101224|A1O1_08412T0
OG0000976	FUN_000406_T1_FUN_000406	jgi|Fonmu1|6108|Z520_09921T0
OG0000976	FUN_000406_T1_FUN_000406	jgi|Claba1|127754|Z519_00135T0
OG0000976	FUN_000406_T1_FUN_000406	jgi|Exoaq1|5696|A1O9_03222T0
OG0000976	FUN_000406_T1_FUN_000406	coassemb76_003570-T1
OG0000976	FUN_000406_T1_FUN_000406	GTX0466b15_004100-T1
OG0000976	FUN_000406_T1_FUN_000406	KAJ9654202.1
OG0000976	FUN_000406_T1_FUN_000406	XP_008717331.1
OG0000976	FUN_000406_T1_FUN_000406	jgi|EndpusZ1|7861|EPUS_04030T0
OG0000976	FUN_000406_T1_FUN_000406	jgi|Phach1|28|rna27
OG0000976	FUN_000406_T1_FUN_000406	jgi|Penexp1|4141|PEXP_032820T0
OG0000976	FUN_000406_T1_FUN_000406	jgi|Aspni_DSM_1|168441|An17g02280m.01
OG0000976	FUN_000406_T1_FUN_000406	jgi|Cocpo1_1|4682|XM_003069635.1
OG0000976	FUN_000406_T1_FUN_000406	jgi|Acastr1|127804|AST1_007648-RA, jgi|Acastr1|121227|AST1_003165-RA
OG0000976	FUN_000406_T1_FUN_000406	jgi|Aurpu_var_mel1|66763|fgenesh1_pg.13_#_16
OG0000976	FUN_000406_T1_FUN_000406	jgi|Altal1|964837|estExt_Genewise1.C_12_t20204
OG0000976	FUN_000406_T1_FUN_000406	KAI9721326.1
OG0000976	FUN_000406_T1_FUN_000406	KAI9662024.1
OG0000976	FUN_000406_T1_FUN_000406	jgi|Dibbae1|10595|DIBA_000546-RA
OG0000976	FUN_000406_T1_FUN_000406	jgi|Umbpus1|102857|LPUS_09452T0
OG0000976	FUN_000406_T1_FUN_000406	coassemb376_005912-T1
OG0000976	FUN_000406_T1_FUN_000406	KAI9834583.1
OG0000976	FUN_000406_T1_FUN_000406	KAI9756956.1
OG0000976	FUN_000406_T1_FUN_000406	KAI9826878.1
OG0000976	FUN_000406_T1_FUN_000406	KAI9718975.1
OG0000976	FUN_000406_T1_FUN_000406	GTX0486b100_003985-T1
OG0000976	FUN_000406_T1_FUN_000406	KAI9698062.1
OG0000976	FUN_000406_T1_FUN_000406	jgi|Grascr1|978|GST1_007103-RA, jgi|Grascr1|532|GST1_006258-RA
OG0000976	FUN_000406_T1_FUN_000406	CAF9943318.1
OG0000979	FUN_002497_T1_FUN_002497, FUN_002497_T2_FUN_002497	coassemb76_008435-T1
OG0001008	FUN_007722_T1_FUN_007722	jgi|EndpusZ1|9085|EPUS_06916T0
OG0001008	FUN_007722_T1_FUN_007722	jgi|Podan3|204627|mRNA_3455
OG0001014	FUN_005427_T1_FUN_005427, FUN_005426_T1_FUN_005426	jgi|Fonmu1|4494|Z520_01480T0
OG0001035	FUN_005234_T1_FUN_005234	CAF9933149.1
OG0001038	FUN_000095_T1_FUN_000095, FUN_000095_T2_FUN_000095	GTX0466b15_000493-T1
OG0001038	FUN_000095_T1_FUN_000095, FUN_000095_T2_FUN_000095	jgi|Penexp1|2724|PEXP_108880T0
OG0001045	FUN_002698_T1_FUN_002698	jgi|Aspni_DSM_1|160439|An07g02080m.01
OG0001046	FUN_005506_T1_FUN_005506	KAI9697615.1
OG0001046	FUN_005506_T1_FUN_005506	KAI9832412.1
OG0001077	FUN_010065_T1_FUN_010065	KAI4105648.1
OG0001077	FUN_010065_T1_FUN_010065	KAI4286386.1
OG0001077	FUN_010065_T1_FUN_010065	coassemb76_010062-T1
OG0001080	FUN_000876_T1_FUN_000876	jgi|Grascr1|8725|GST1_011777-RA
OG0001084	FUN_002941_T1_FUN_002941	jgi|Fusgr1|6893|FGSG_05944T0
OG0001093	FUN_009750_T1_FUN_009750, FUN_006873_T1_FUN_006873	jgi|Monha1|10095|H072_10639m.01
OG0001116	FUN_007601_T1_FUN_007601	jgi|PseVKM4520_1|8715|transcript_KFZ04061
OG0001129	FUN_008641_T1_FUN_008641	jgi|Grascr1|3461|GST1_008067-RA
OG0001129	FUN_008641_T1_FUN_008641	coassemb64_000930-T1
OG0001133	FUN_006440_T1_FUN_006440	jgi|Exoaq1|7366|A1O9_03896T0
OG0001144	FUN_003334_T1_FUN_003334	coassemb378_005320-T1, coassemb378_011564-T1
OG0001146	FUN_000477_T1_FUN_000477	jgi|Sclsc1|10347|SS1G_03376T0
OG0001151	FUN_009641_T1_FUN_009641	coassemb64_003162-T1
OG0001155	FUN_006218_T1_FUN_006218	CAF9922875.1
OG0001159	FUN_005528_T1_FUN_005528	jgi|Sclsc1|11022|SS1G_04051T0
OG0001173	FUN_003555_T1_FUN_003555	jgi|Claba1|131949|Z519_10267T0
OG0001173	FUN_003555_T1_FUN_003555	jgi|Fonmu1|4649|Z520_01636T0
OG0001173	FUN_003555_T1_FUN_003555	jgi|Capcor1|95976|A1O1_03119T0
OG0001173	FUN_003555_T1_FUN_003555	jgi|Exoaq1|603|A1O9_00604T0
OG0001173	FUN_003555_T1_FUN_003555	jgi|Phach1|2342|rna2341
OG0001173	FUN_003555_T1_FUN_003555	jgi|Penexp1|6571|PEXP_078110T0
OG0001173	FUN_003555_T1_FUN_003555	jgi|EndpusZ1|148|EPUS_07314T0
OG0001173	FUN_003555_T1_FUN_003555	XP_008711347.1
OG0001173	FUN_003555_T1_FUN_003555	jgi|Aspni_DSM_1|160111|An06g01440m.01
OG0001173	FUN_003555_T1_FUN_003555	coassemb64_005631-T1
OG0001173	FUN_003555_T1_FUN_003555	jgi|Fusgr1|11391|FGSG_13657T0
OG0001173	FUN_003555_T1_FUN_003555	KAJ9650205.1
OG0001173	FUN_003555_T1_FUN_003555	coassemb376_006266-T1
OG0001173	FUN_003555_T1_FUN_003555	jgi|Clagr3|8281|CLAGR_007354-RA
OG0001177	FUN_001689_T1_FUN_001689	jgi|PseVKM4520_1|2876|transcript_KFZ16243
OG0001177	FUN_001690_T1_FUN_001690	coassemb76_009379-T1
OG0001182	FUN_005643_T1_FUN_005643	jgi|Fonmu1|10688|Z520_03889T0
OG0001184	FUN_008610_T1_FUN_008610	jgi|Exoaq1|6235|A1O9_12036T0
OG0001191	FUN_007505_T1_FUN_007505	jgi|Morco1|547704|fgenesh1_pg.43_#_83
OG0001203	FUN_004874_T1_FUN_004874	jgi|Clagr3|9146|CLAGR_009773-RA
OG0001227	FUN_007963_T1_FUN_007963, FUN_006457_T1_FUN_006457	jgi|Artol1|4183|AOL_s00076g279m.01
OG0001227	FUN_007963_T1_FUN_007963, FUN_006457_T1_FUN_006457	jgi|Aspni_DSM_1|158193|An03g01800m.01
OG0001235	FUN_006962_T1_FUN_006962	coassemb76_007875-T1
OG0001235	FUN_006963_T1_FUN_006963	jgi|Monha1|9471|H072_9938m.01
OG0001250	FUN_003641_T1_FUN_003641	GTX0466b15_001962-T1
OG0001281	FUN_004834_T1_FUN_004834	jgi|Artol1|5|AOL_s00004g4m.01
OG0001281	FUN_004834_T1_FUN_004834	jgi|Fusgr1|13314|FGSG_11241T0, jgi|Fusgr1|10669|FGSG_09212T0
OG0001300	FUN_007912_T1_FUN_007912	jgi|Artol1|5666|AOL_s00079g440m.01
OG0001300	FUN_007913_T1_FUN_007913	XP_008721332.1
OG0001300	FUN_007913_T1_FUN_007913	GTX0466b15_008435-T1
OG0001300	FUN_007913_T1_FUN_007913	KAJ9661666.1
OG0001300	FUN_007913_T1_FUN_007913	jgi|Phach1|5877|rna5876
OG0001300	FUN_007913_T1_FUN_007913	jgi|Fonmu1|1240|Z520_05870T0
OG0001300	FUN_007913_T1_FUN_007913	jgi|Claba1|128508|Z519_00891T0
OG0001300	FUN_007913_T1_FUN_007913	jgi|PseVKM4520_1|4364|transcript_KFZ13586
OG0001300	FUN_007913_T1_FUN_007913	jgi|Artol1|5666|AOL_s00079g440m.01
OG0001300	FUN_007913_T1_FUN_007913	CAF9938208.1
OG0001300	FUN_007913_T1_FUN_007913	jgi|Grascr1|4680|GST1_007951-RA
OG0001300	FUN_007913_T1_FUN_007913	jgi|Artol1|5666|AOL_s00079g440m.01
OG0001308	FUN_009448_T1_FUN_009448	jgi|Grascr1|11367|GST1_005247-RA
OG0001365	FUN_008768_T1_FUN_008768	jgi|Podan3|208764|mRNA_7592
OG0001369	FUN_007761_T1_FUN_007761	coassemb76_001977-T1
OG0001406	FUN_008332_T1_FUN_008332	coassemb76_009080-T1
OG0001435	FUN_001804_T1_FUN_001804	coassemb376_005892-T1
OG0001435	FUN_001804_T1_FUN_001804	KAI4287589.1
OG0001452	FUN_007283_T1_FUN_007283	KAI9714973.1
OG0001473	FUN_002667_T1_FUN_002667	jgi|Fusgr1|2642|FGSG_02304T0
OG0001487	FUN_008562_T1_FUN_008562	coassemb76_009690-T1
OG0001489	FUN_007031_T1_FUN_007031	coassemb378_010712-T1
OG0001489	FUN_007031_T1_FUN_007031	coassemb376_006328-T1
OG0001499	FUN_008679_T2_FUN_008679, FUN_008679_T1_FUN_008679	jgi|EndpusZ1|2781|EPUS_05882T0
OG0001512	FUN_004260_T1_FUN_004260, FUN_004260_T2_FUN_004260	coassemb76_005891-T1
OG0001518	FUN_009388_T1_FUN_009388	jgi|Penexp1|8657|PEXP_013540T0
OG0001522	FUN_000905_T1_FUN_000905	jgi|Aspni_DSM_1|158203|An03g01910m.01
OG0001525	FUN_009223_T1_FUN_009223	jgi|Dibbae1|12320|DIBA_003796-RA
OG0001525	FUN_009223_T1_FUN_009223	KAI9726918.1
OG0001525	FUN_009223_T1_FUN_009223	KAI9667114.1
OG0001525	FUN_009223_T1_FUN_009223	KAI9832151.1
OG0001525	FUN_009223_T1_FUN_009223	KAI9695850.1
OG0001525	FUN_009223_T1_FUN_009223	KAI9715056.1
OG0001525	FUN_009223_T1_FUN_009223	GTX0486b100_006945-T1
OG0001525	FUN_009223_T1_FUN_009223	coassemb378_008842-T1
OG0001525	FUN_009223_T1_FUN_009223	jgi|Acastr1|119855|AST1_001112-RA
OG0001529	FUN_009263_T1_FUN_009263	jgi|Aspni_DSM_1|168268|An17g00540m.01
OG0001529	FUN_009263_T1_FUN_009263	coassemb64_004123-T1
OG0001536	FUN_007834_T1_FUN_007834	jgi|Podan3|211277|mRNA_10105
OG0001538	FUN_000869_T1_FUN_000869	jgi|Fusgr1|4823|FGSG_03328T0
OG0001557	FUN_004623_T2_FUN_004623, FUN_004623_T1_FUN_004623	coassemb64_004441-T1
OG0001563	FUN_000001_T1_FUN_000001, FUN_009952_T1_FUN_009952	KAI9660210.1
OG0001567	FUN_004609_T1_FUN_004609	coassemb76_007635-T1
OG0001581	FUN_008506_T2_FUN_008506, FUN_008506_T1_FUN_008506	KAI9825660.1
OG0001597	FUN_006156_T2_FUN_006156	jgi|Grascr1|1115|GST1_006808-RA
OG0001597	FUN_006156_T2_FUN_006156	coassemb376_007508-T1
OG0001597	FUN_006156_T2_FUN_006156	jgi|Acastr1|118991|AST1_005308-RA
OG0001597	FUN_006156_T2_FUN_006156	coassemb378_006580-T1
OG0001598	FUN_007080_T1_FUN_007080	KAI9719692.1
OG0001598	FUN_007080_T1_FUN_007080	KAI9669707.1
OG0001598	FUN_007080_T1_FUN_007080	jgi|Altal1|997541|estExt_Genewise1Plus.C_22_t10236
OG0001598	FUN_007080_T1_FUN_007080	jgi|Aurpu_var_mel1|72900|fgenesh1_pm.3_#_456
OG0001598	FUN_007080_T1_FUN_007080	KAI9833135.1
OG0001598	FUN_007080_T1_FUN_007080	jgi|Amamu1|160673|fgenesh1_kg.14_#_179_#_Locus8335v1rpkm20.18
OG0001635	FUN_008228_T1_FUN_008228	coassemb76_009868-T1
OG0001640	FUN_010253_T1_FUN_010253	KAI4086500.1
OG0001668	FUN_001071_T1_FUN_001071	coassemb76_009897-T1
OG0001702	FUN_006186_T1_FUN_006186	GTX0486b100_005054-T1
OG0001702	FUN_006186_T1_FUN_006186	KAI9839547.1
OG0001704	FUN_003544_T1_FUN_003544	coassemb76_009440-T1
OG0001707	FUN_007101_T1_FUN_007101, FUN_007101_T2_FUN_007101	CAF9932627.1
OG0001708	FUN_001325_T1_FUN_001325	jgi|Clagr3|3759|CLAGR_003461-RA
OG0001708	FUN_001325_T1_FUN_001325	jgi|Grascr1|10596|GST1_012689-RA
OG0001711	FUN_000394_T1_FUN_000394	coassemb76_007893-T1
OG0001732	FUN_001468_T1_FUN_001468	GTX0486b100_008526-T1
OG0001744	FUN_007489_T1_FUN_007489	coassemb378_008974-T1
OG0001746	FUN_007398_T1_FUN_007398	coassemb378_003258-T1
OG0001754	FUN_003583_T1_FUN_003583	jgi|Erypu1|6183|transcript_POS81775
OG0001761	FUN_000153_T1_FUN_000153	jgi|Fonmu1|1328|Z520_05958T0
OG0001764	FUN_000020_T1_FUN_000020, FUN_000019_T1_FUN_000019	jgi|Podan3|209159|mRNA_7987, jgi|Podan3|210190|mRNA_9018
OG0001767	FUN_009225_T2_FUN_009225, FUN_009225_T1_FUN_009225	jgi|Dibbae1|12296|DIBA_003772-RA
OG0001767	FUN_009225_T2_FUN_009225, FUN_009225_T1_FUN_009225	jgi|Umbpus1|105721|LPUS_03748T0
OG0001767	FUN_009225_T2_FUN_009225, FUN_009225_T1_FUN_009225	jgi|Clagr3|3444|CLAGR_004154-RA
OG0001767	FUN_009225_T2_FUN_009225, FUN_009225_T1_FUN_009225	CAF9930187.1
OG0001767	FUN_009225_T2_FUN_009225, FUN_009225_T1_FUN_009225	KAI4231653.1
OG0001767	FUN_009225_T2_FUN_009225, FUN_009225_T1_FUN_009225	GTX0494b19_003346-T1
OG0001767	FUN_009225_T2_FUN_009225, FUN_009225_T1_FUN_009225	KAI4221827.1, KAI4222420.1
OG0001767	FUN_009225_T2_FUN_009225, FUN_009225_T1_FUN_009225	KAI4109079.1
OG0001767	FUN_009225_T2_FUN_009225, FUN_009225_T1_FUN_009225	KAI4265008.1
OG0001767	FUN_009225_T2_FUN_009225, FUN_009225_T1_FUN_009225	jgi|Sclsc1|4958|SS1G_11414T0
OG0001767	FUN_009225_T2_FUN_009225, FUN_009225_T1_FUN_009225	KAI4104620.1
OG0001767	FUN_009225_T2_FUN_009225, FUN_009225_T1_FUN_009225	KAI4104620.1
OG0001768	FUN_007702_T1_FUN_007702	KAI9700457.1
OG0001770	FUN_008718_T1_FUN_008718	jgi|Fusgr1|9933|FGSG_08344T0
OG0001782	FUN_008736_T1_FUN_008736	jgi|Capcor1|101321|A1O1_08511T0
OG0001782	FUN_008736_T1_FUN_008736	jgi|Exoaq1|5649|A1O9_03175T0
OG0001782	FUN_008736_T1_FUN_008736	GTX0466b15_000930-T1
OG0001782	FUN_008736_T1_FUN_008736	coassemb76_006402-T1
OG0001782	FUN_008736_T1_FUN_008736	XP_008717412.1
OG0001782	FUN_008736_T1_FUN_008736	KAJ9660683.1
OG0001782	FUN_008736_T1_FUN_008736	jgi|Claba1|135495|Z519_02357T0
OG0001782	FUN_008736_T1_FUN_008736	jgi|Fonmu1|1460|Z520_06091T0
OG0001782	FUN_008736_T1_FUN_008736	jgi|EndpusZ1|277|EPUS_04163T0
OG0001782	FUN_008736_T1_FUN_008736	KAI9826818.1
OG0001782	FUN_008736_T1_FUN_008736	jgi|Umbpus1|106910|LPUS_05122T0
OG0001782	FUN_008736_T1_FUN_008736	jgi|Clagr3|1360|CLAGR_001343-RA
OG0001782	FUN_008736_T1_FUN_008736	CAF9926876.1
OG0001782	FUN_008736_T1_FUN_008736	jgi|Dibbae1|5387|DIBA_006667-RA
OG0001782	FUN_008736_T1_FUN_008736	KAI4098115.1
OG0001782	FUN_008736_T1_FUN_008736	jgi|Acastr1|119260|AST1_001459-RA
OG0001782	FUN_008737_T1_FUN_008737	jgi|Acastr1|119261|AST1_001460-RA
OG0001791	FUN_000783_T1_FUN_000783	CAF9908416.1
OG0001796	FUN_004689_T1_FUN_004689	jgi|PseVKM4520_1|2442|transcript_KFZ16962
OG0001800	FUN_004748_T1_FUN_004748	jgi|Claba1|131384|Z519_09698T0
OG0001800	FUN_004748_T1_FUN_004748	coassemb76_009563-T1
OG0001814	FUN_004803_T1_FUN_004803	coassemb76_008228-T1
OG0001822	FUN_002886_T2_FUN_002886, FUN_002886_T4_FUN_002886, FUN_002886_T3_FUN_002886	KAI4228317.1
OG0001822	FUN_002886_T2_FUN_002886, FUN_002886_T4_FUN_002886, FUN_002886_T3_FUN_002886	KAI4103668.1
OG0001822	FUN_002886_T3_FUN_002886	KAI9753753.1
OG0001822	FUN_002886_T3_FUN_002886	jgi|Grascr1|4145|GST1_008022-RA
OG0001822	FUN_002886_T3_FUN_002886	jgi|Acastr1|126225|AST1_006550-RA
OG0001827	FUN_002750_T1_FUN_002750	jgi|Erypu1|6487|transcript_POS81721
OG0001830	FUN_002808_T1_FUN_002808	coassemb76_007596-T1
OG0001834	FUN_005465_T1_FUN_005465	KAI9717546.1
OG0001845	FUN_006175_T2_FUN_006175, FUN_006175_T1_FUN_006175	jgi|Claba1|131841|Z519_10158T0
OG0001845	FUN_006175_T2_FUN_006175, FUN_006175_T1_FUN_006175	coassemb76_008813-T1
OG0001846	FUN_002294_T3_FUN_002294, FUN_002294_T1_FUN_002294, FUN_002294_T2_FUN_002294	coassemb76_009430-T1
OG0001849	FUN_001199_T1_FUN_001199	KAI9726210.1
OG0001860	FUN_001376_T1_FUN_001376	jgi|Aurpu_var_mel1|70521|fgenesh1_pg.47_#_5
OG0001890	FUN_000325_T1_FUN_000325	jgi|Penexp1|1359|PEXP_026030T0
OG0001907	FUN_010373_T1_FUN_010373	jgi|Fusgr1|4937|FGSG_12482T0
OG0001932	FUN_009115_T1_FUN_009115	jgi|Neucr_trp3_1|5863|Neucr2.NCU06385T0
OG0001935	FUN_007187_T2_FUN_007187, FUN_007187_T1_FUN_007187	jgi|Morco1|203785|CE203784_1176
OG0001950	FUN_002047_T1_FUN_002047	jgi|Erypu1|5784|transcript_POS81829
OG0002000	FUN_008451_T1_FUN_008451	KAI4279879.1
OG0002004	FUN_004724_T1_FUN_004724	coassemb76_000425-T1
OG0002008	FUN_005157_T1_FUN_005157	coassemb376_004075-T1
OG0002029	FUN_008563_T1_FUN_008563	coassemb76_009689-T1
OG0002081	FUN_000249_T1_FUN_000249, FUN_000250_T1_FUN_000250	coassemb64_004135-T1
OG0002082	FUN_004087_T2_FUN_004087, FUN_004087_T1_FUN_004087	jgi|Neucr_trp3_1|8808|Neucr2.NCU04822T0
OG0002154	FUN_004576_T1_FUN_004576	jgi|Sclsc1|8089|SS1G_13512T0
OG0002154	FUN_004576_T1_FUN_004576	coassemb76_008216-T1
OG0002184	FUN_002704_T1_FUN_002704	coassemb76_009965-T1
OG0002196	FUN_002921_T1_FUN_002921	coassemb378_007075-T1
OG0002203	FUN_006202_T1_FUN_006202	jgi|Grascr1|5814|GST1_003548-RA
OG0002221	FUN_006619_T1_FUN_006619	jgi|EndpusZ1|176|EPUS_09319T0
OG0002235	FUN_001422_T1_FUN_001422	jgi|EndpusZ1|4631|EPUS_02121T0
OG0002326	FUN_007319_T1_FUN_007319	jgi|Grascr1|5606|GST1_009829-RA
OG0002342	FUN_003616_T1_FUN_003616	coassemb76_009114-T1
OG0002345	FUN_009485_T1_FUN_009485	coassemb378_002074-T1
OG0002349	FUN_003619_T1_FUN_003619	jgi|Grascr1|958|GST1_006961-RA
OG0002349	FUN_003619_T1_FUN_003619	jgi|Acastr1|122567|AST1_006589-RA
OG0002373	FUN_005923_T1_FUN_005923	jgi|Fusgr1|3603|FGSG_04416T0
OG0002373	FUN_005923_T1_FUN_005923	jgi|Podan3|206210|mRNA_5038
OG0002373	FUN_005923_T1_FUN_005923	jgi|Neucr_trp3_1|3129|Neucr2.NCU06760T0
OG0002373	FUN_005923_T1_FUN_005923	jgi|PseVKM4520_1|176|transcript_KFZ22734
OG0002373	FUN_005923_T1_FUN_005923	KAI9817055.1
OG0002373	FUN_005923_T1_FUN_005923	jgi|Acastr1|124179|AST1_007307-RA
OG0002373	FUN_005923_T1_FUN_005923	KAI9718195.1
OG0002373	FUN_005923_T1_FUN_005923	KAI9697275.1
OG0002373	FUN_005923_T1_FUN_005923	GTX0486b100_001494-T1
OG0002373	FUN_005923_T1_FUN_005923	KAI9834879.1
OG0002373	FUN_005923_T1_FUN_005923	jgi|Erypu1|4248|transcript_POS86109
OG0002373	FUN_005923_T1_FUN_005923	KAI9754525.1
OG0002373	FUN_005923_T1_FUN_005923	jgi|Clagr3|2016|CLAGR_002004-RA
OG0002373	FUN_005923_T1_FUN_005923	CAF9924486.1
OG0002373	FUN_005923_T1_FUN_005923	jgi|Dibbae1|4199|DIBA_008594-RA
OG0002373	FUN_005923_T1_FUN_005923	jgi|Phach1|3369|rna3368
OG0002373	FUN_005923_T1_FUN_005923	jgi|Fonmu1|5799|Z520_09612T0
OG0002373	FUN_005923_T1_FUN_005923	jgi|Claba1|135044|Z519_12451T0
OG0002373	FUN_005923_T1_FUN_005923	jgi|Capcor1|99633|A1O1_06806T0
OG0002373	FUN_005923_T1_FUN_005923	coassemb64_001532-T1
OG0002373	FUN_005923_T1_FUN_005923	jgi|Exoaq1|8955|A1O9_05379T0
OG0002373	FUN_005923_T1_FUN_005923	GTX0466b15_006130-T1
OG0002373	FUN_005923_T1_FUN_005923	coassemb76_008746-T1
OG0002373	FUN_005923_T1_FUN_005923	XP_008712838.1
OG0002373	FUN_005923_T1_FUN_005923	KAJ9651159.1
OG0002373	FUN_005923_T1_FUN_005923	jgi|EndpusZ1|3946|EPUS_02674T0
OG0002373	FUN_005923_T1_FUN_005923	jgi|Grascr1|7888|GST1_011278-RA
OG0002373	FUN_005923_T1_FUN_005923	coassemb378_002868-T1
OG0002373	FUN_005923_T1_FUN_005923	jgi|Umbpus1|102984|LPUS_01866T0
OG0002373	FUN_005923_T1_FUN_005923	jgi|Sclsc1|3915|SS1G_10371T0
OG0002468	FUN_001567_T1_FUN_001567, FUN_001567_T2_FUN_001567	coassemb64_002119-T1
OG0002473	FUN_001738_T1_FUN_001738	coassemb76_009557-T1
OG0002532	FUN_003074_T1_FUN_003074	coassemb378_011050-T1
OG0002553	FUN_007775_T1_FUN_007775	coassemb376_006157-T1
OG0002624	FUN_004850_T1_FUN_004850	coassemb76_009612-T1
OG0002624	FUN_004850_T1_FUN_004850	KAJ9649871.1
OG0002650	FUN_007074_T1_FUN_007074	coassemb76_006781-T1
OG0002656	FUN_005546_T1_FUN_005546	jgi|Erypu1|138|transcript_POS81639
OG0002676	FUN_002807_T1_FUN_002807	coassemb76_007595-T1
OG0002704	FUN_005959_T1_FUN_005959	coassemb76_008812-T1
OG0002707	FUN_007411_T1_FUN_007411	coassemb76_008891-T1
OG0002716	FUN_001157_T1_FUN_001157	coassemb378_006947-T1
OG0002718	FUN_001110_T1_FUN_001110	coassemb64_002777-T1
OG0002738	FUN_001131_T1_FUN_001131	jgi|Monha1|1364|H072_1364m.01
OG0002738	FUN_001131_T1_FUN_001131	jgi|Sclsc1|3554|SS1G_10010T0
OG0002760	FUN_009470_T1_FUN_009470	jgi|Monha1|5677|H072_5862m.01
OG0002761	FUN_008878_T1_FUN_008878	jgi|Aspni_DSM_1|155792|An01g07490m.01
OG0002764	FUN_008346_T1_FUN_008346	jgi|Ascim1|377009|estExt_fgenesh1_pg.C_420059
OG0002823	FUN_007174_T1_FUN_007174	jgi|Fusgr1|5449|FGSG_12578T0
OG0002823	FUN_007174_T1_FUN_007174	jgi|Podan3|203484|mRNA_2312
OG0002823	FUN_007174_T1_FUN_007174	jgi|Neucr_trp3_1|604|Neucr2.NCU01854T0
OG0002823	FUN_007174_T1_FUN_007174	jgi|PseVKM4520_1|7873|transcript_KFZ07612
OG0002915	FUN_006744_T1_FUN_006744	jgi|Podan3|210066|mRNA_8894
OG0002915	FUN_006744_T1_FUN_006744	KAJ9653342.1
OG0002940	FUN_006685_T1_FUN_006685	coassemb64_002535-T1
OG0002940	FUN_006685_T1_FUN_006685	jgi|Acastr1|122943|AST1_008079-RA
OG0002973	FUN_007012_T1_FUN_007012	coassemb378_010763-T1
OG0003022	FUN_001391_T1_FUN_001391	coassemb378_004555-T1
OG0003031	FUN_004300_T2_FUN_004300, FUN_004300_T1_FUN_004300	jgi|Exoaq1|5208|A1O9_02731T0
OG0003044	FUN_004340_T1_FUN_004340	jgi|PseVKM4520_1|5317|transcript_KFZ11750
OG0003055	FUN_009358_T1_FUN_009358	jgi|Grascr1|9922|GST1_003923-RA
OG0003075	FUN_008835_T1_FUN_008835	KAI4109463.1
OG0003075	FUN_008835_T1_FUN_008835	KAI4091387.1
OG0003075	FUN_008835_T1_FUN_008835	KAI4227233.1
OG0003075	FUN_008835_T1_FUN_008835	KAI4238499.1
OG0003075	FUN_008835_T1_FUN_008835	GTX0494b19_005739-T1
OG0003075	FUN_008835_T1_FUN_008835	KAI9719845.1
OG0003143	FUN_004762_T1_FUN_004762	jgi|Aspni_DSM_1|163709|An11g04690m.01
OG0003155	FUN_004556_T1_FUN_004556	jgi|Grascr1|80|GST1_000080-RA
OG0003232	FUN_000251_T1_FUN_000251	coassemb76_000910-T1
OG0003255	FUN_003819_T1_FUN_003819	coassemb76_009234-T1
OG0003275	FUN_001371_T1_FUN_001371	coassemb76_010196-T1
OG0003326	FUN_004577_T1_FUN_004577	jgi|Exoaq1|10143|A1O9_06576T0
OG0003398	FUN_006882_T1_FUN_006882	jgi|Cocpo1_1|5470|XM_003070423.1
OG0003472	FUN_009526_T1_FUN_009526	coassemb76_009613-T1
OG0003482	FUN_007408_T1_FUN_007408	jgi|Dibbae1|9620|DIBA_003758-RA
OG0003482	FUN_007408_T1_FUN_007408	jgi|Altal1|283663|CE283662_23
OG0003482	FUN_007408_T1_FUN_007408	coassemb76_009858-T1
OG0003488	FUN_007371_T1_FUN_007371	jgi|Neucr_trp3_1|1223006|e_gw1.223.19.1
OG0003534	FUN_003745_T1_FUN_003745	KAI9724968.1
OG0003546	FUN_001467_T2_FUN_001467, FUN_001467_T1_FUN_001467	GTX0486b100_008525-T1
OG0003680	FUN_006670_T1_FUN_006670, FUN_006670_T2_FUN_006670	jgi|Morco1|577490|gm1.8266_g
OG0003782	FUN_003230_T1_FUN_003230	coassemb76_001444-T1
OG0003794	FUN_001254_T1_FUN_001254	KAI9817910.1
OG0003802	FUN_008341_T1_FUN_008341	jgi|Claba1|130454|Z519_08761T0
OG0003828	FUN_005187_T1_FUN_005187	jgi|Grascr1|758|GST1_009012-RA
OG0003828	FUN_005187_T1_FUN_005187	KAI9725512.1
OG0003828	FUN_005187_T1_FUN_005187	KAI9661406.1
OG0003828	FUN_005187_T1_FUN_005187	jgi|Dibbae1|12351|DIBA_001151-RA
OG0003828	FUN_005187_T1_FUN_005187	coassemb376_003811-T1
OG0003829	FUN_008908_T1_FUN_008908	coassemb378_009065-T1
OG0003840	FUN_005818_T1_FUN_005818	jgi|Claba1|137073|Z519_12810T0
OG0003840	FUN_005818_T1_FUN_005818	XP_008710554.1, XP_008721554.1
OG0003858	FUN_008564_T1_FUN_008564	GTX0486b100_004435-T1
OG0003859	FUN_008561_T1_FUN_008561	coassemb76_009691-T1
OG0003907	FUN_007893_T1_FUN_007893	jgi|Fusgr1|4797|FGSG_12452T0, jgi|Fusgr1|5120|FGSG_03074T0
OG0003946	FUN_004076_T1_FUN_004076	coassemb76_009991-T1
OG0003980	FUN_006338_T1_FUN_006338	coassemb76_006176-T1
OG0003987	FUN_005000_T1_FUN_005000	jgi|Dibbae1|11444|DIBA_003947-RA
OG0004002	FUN_000161_T1_FUN_000161	GTX0486b100_008454-T1
OG0004024	FUN_008170_T1_FUN_008170	jgi|Fonmu1|6334|Z520_10147T0
OG0004024	FUN_008171_T1_FUN_008171	jgi|Dibbae1|12603|DIBA_004279-RA, jgi|Dibbae1|8161|DIBA_011818-RA, jgi|Dibbae1|11259|DIBA_012247-RA, jgi|Dibbae1|5808|DIBA_009664-RA
OG0004024	FUN_008171_T1_FUN_008171	jgi|Artol1|7601|AOL_s00097g417m.01, jgi|Artol1|7600|AOL_s00097g416m.01
OG0004024	FUN_008171_T1_FUN_008171	jgi|Monha1|4713|H072_4815m.01
OG0004024	FUN_008171_T1_FUN_008171	jgi|Morco1|519369|estExt_Genewise1Plus.C_110257
OG0004024	FUN_008171_T1_FUN_008171	jgi|Acastr1|126172|AST1_001631-RA, jgi|Acastr1|126173|AST1_001632-RA
OG0004024	FUN_008171_T1_FUN_008171	jgi|Sclsc1|5671|SS1G_01172T0
OG0004024	FUN_008171_T1_FUN_008171	coassemb378_002070-T1
OG0004024	FUN_008171_T1_FUN_008171	jgi|Umbpus1|101833|LPUS_02890T0, jgi|Umbpus1|106451|LPUS_04590T0
OG0004024	FUN_008171_T1_FUN_008171	CAF9941160.1
OG0004024	FUN_008171_T1_FUN_008171	jgi|Clagr3|5087|CLAGR_005380-RA
OG0004024	FUN_008171_T1_FUN_008171	jgi|Fonmu1|6334|Z520_10147T0
OG0004024	FUN_008171_T1_FUN_008171	jgi|Fonmu1|6334|Z520_10147T0
OG0004024	FUN_008171_T1_FUN_008171	jgi|Fusgr1|10244|FGSG_13446T0
OG0004173	FUN_002920_T1_FUN_002920	GTX0486b100_008522-T1
OG0004184	FUN_008494_T1_FUN_008494	jgi|Altal1|972364|estExt_Genewise1.C_23_t20109
OG0004184	FUN_008494_T1_FUN_008494	jgi|Aurpu_var_mel1|61666|fgenesh1_pg.1_#_268
OG0004184	FUN_008494_T1_FUN_008494	jgi|Phach1|6653|rna6652
OG0004184	FUN_008494_T1_FUN_008494	jgi|Penexp1|1265|PEXP_028200T0
OG0004184	FUN_008494_T1_FUN_008494	jgi|Aspni_DSM_1|164400|An12g00630m.01
OG0004184	FUN_008494_T1_FUN_008494	GTX0486b100_000594-T1
OG0004184	FUN_008494_T1_FUN_008494	KAI9706038.1
OG0004184	FUN_008494_T1_FUN_008494	jgi|Acastr1|126979|AST1_001330-RA
OG0004184	FUN_008494_T1_FUN_008494	jgi|Dibbae1|6028|DIBA_000070-RA
OG0004184	FUN_008494_T1_FUN_008494	jgi|Umbpus1|106805|LPUS_05015T0
OG0004184	FUN_008494_T1_FUN_008494	jgi|Clagr3|2440|CLAGR_002413-RA
OG0004184	FUN_008494_T1_FUN_008494	KAI4289099.1
OG0004184	FUN_008494_T1_FUN_008494	CAF9906278.1
OG0004184	FUN_008494_T1_FUN_008494	jgi|Sclsc1|888|SS1G_00888T0
OG0004184	FUN_008494_T1_FUN_008494	KAI9719245.1
OG0004184	FUN_008494_T1_FUN_008494	coassemb376_006406-T1
OG0004184	FUN_008494_T1_FUN_008494	KAI4106084.1
OG0004184	FUN_008493_T1_FUN_008493	KAI4106085.1
OG0004250	FUN_002683_T1_FUN_002683	jgi|Claba1|128932|Z519_07232T0
OG0004250	FUN_002683_T1_FUN_002683	jgi|Monha1|1644|H072_1644m.01
OG0004260	FUN_000348_T1_FUN_000348	coassemb76_009531-T1
OG0004284	FUN_002552_T1_FUN_002552	KAJ9650877.1
OG0004295	FUN_009057_T1_FUN_009057	jgi|Fusgr1|12290|FGSG_10627T0
OG0004308	FUN_002269_T1_FUN_002269	jgi|Aspni_DSM_1|159406|An04g07230m.01
OG0004308	FUN_002269_T1_FUN_002269	jgi|Penexp1|3549|PEXP_086730T0
OG0004308	FUN_002269_T1_FUN_002269	jgi|Fusgr1|12415|FGSG_13829T0
OG0004318	FUN_006072_T1_FUN_006072	jgi|PseVKM4520_1|3541|transcript_KFZ14981
OG0004511	FUN_004747_T1_FUN_004747	coassemb76_009565-T1
OG0004589	FUN_004438_T1_FUN_004438	KAJ9650549.1
OG0004609	FUN_009530_T1_FUN_009530	jgi|Clagr3|2100|CLAGR_002088-RA
OG0004622	FUN_002201_T1_FUN_002201	jgi|Clagr3|2324|CLAGR_001722-RA
OG0004631	FUN_009805_T1_FUN_009805	KAI9700672.1
OG0004640	FUN_001768_T1_FUN_001768	KAI9710051.1
OG0004683	FUN_005146_T1_FUN_005146	jgi|Podan3|206003|mRNA_4831
OG0004749	FUN_006011_T1_FUN_006011	jgi|Aurpu_var_mel1|65965|fgenesh1_pg.10_#_51
OG0004760	FUN_010421_T1_FUN_010421	jgi|Capcor1|95013|A1O1_02152T0
OG0004760	FUN_010421_T1_FUN_010421	jgi|Artol1|5540|AOL_s00079g314m.01
OG0004766	FUN_000795_T1_FUN_000795	jgi|Erypu1|6691|transcript_POS81688
OG0004811	FUN_007207_T1_FUN_007207	jgi|Grascr1|8519|GST1_003040-RA
OG0004956	FUN_007983_T1_FUN_007983	XP_008721309.1
OG0004987	FUN_003022_T1_FUN_003022	GTX0486b100_008500-T1
OG0004993	FUN_007690_T1_FUN_007690	jgi|Aspni_DSM_1|160798|An07g05740m.01
OG0005177	FUN_007742_T1_FUN_007742	jgi|Grascr1|8130|GST1_003831-RA
OG0005243	FUN_002188_T1_FUN_002188	GTX0466b15_004710-T1
OG0005256	FUN_007106_T1_FUN_007106	coassemb76_010088-T1
OG0005288	FUN_007036_T1_FUN_007036	jgi|Penexp1|936|PEXP_095660T0
OG0005311	FUN_004945_T1_FUN_004945	coassemb376_007649-T1
OG0005351	FUN_001128_T1_FUN_001128	KAJ9653021.1
OG0005404	FUN_003800_T1_FUN_003800	GTX0486b100_003784-T1
OG0005404	FUN_003800_T1_FUN_003800	KAJ9654314.1
OG0005404	FUN_003800_T1_FUN_003800	jgi|Fonmu1|4715|Z520_01702T0
OG0005404	FUN_003800_T1_FUN_003800	jgi|Claba1|131318|Z519_09632T0
OG0005404	FUN_003800_T1_FUN_003800	jgi|Exoaq1|647|A1O9_00648T0
OG0005404	FUN_003800_T1_FUN_003800	jgi|Capcor1|96037|A1O1_03181T0
OG0005404	FUN_003800_T1_FUN_003800	coassemb76_006697-T1
OG0005404	FUN_003800_T1_FUN_003800	GTX0466b15_005144-T1
OG0005404	FUN_003800_T1_FUN_003800	XP_008712102.1
OG0005404	FUN_003800_T1_FUN_003800	GTX0486b100_003784-T1
OG0005404	FUN_003800_T1_FUN_003800	jgi|Fusgr1|7016|FGSG_06056T0
OG0005404	FUN_003800_T1_FUN_003800	jgi|Neucr_trp3_1|10467|Neucr2.NCU02253T0
OG0005404	FUN_003800_T1_FUN_003800	jgi|Erypu1|3574|transcript_POS86503
OG0005404	FUN_003800_T1_FUN_003800	jgi|Sclsc1|4560|SS1G_11016T0
OG0005404	FUN_003800_T1_FUN_003800	jgi|PseVKM4520_1|6621|transcript_KFZ09553
OG0005404	FUN_003800_T1_FUN_003800	KAI9728458.1
OG0005425	FUN_005280_T1_FUN_005280	jgi|Phach1|1154|rna1153
OG0005435	FUN_010612_T1_FUN_010612	jgi|Acastr1|121105|AST1_006607-RA
OG0005479	FUN_009536_T1_FUN_009536	jgi|Clagr3|8990|CLAGR_008713-RA
OG0005484	FUN_009298_T1_FUN_009298	jgi|Fonmu1|2034|Z520_06667T0
OG0005485	FUN_002540_T1_FUN_002540	coassemb64_007365-T1
OG0005485	FUN_002540_T1_FUN_002540	jgi|Exoaq1|4650|A1O9_02169T0
OG0005512	FUN_008347_T1_FUN_008347	KAI9702096.1
OG0005563	FUN_006465_T1_FUN_006465	jgi|Aurpu_var_mel1|77219|fgenesh1_pm.19_#_28
OG0005563	FUN_006465_T1_FUN_006465	jgi|Artol1|1143|AOL_s00006g483m.01
OG0005575	FUN_003424_T1_FUN_003424, FUN_003423_T1_FUN_003423	jgi|Aspni_DSM_1|161719|An08g04560m.01
OG0005605	FUN_002919_T1_FUN_002919	coassemb64_003773-T1
OG0005605	FUN_002919_T1_FUN_002919	GTX0486b100_008523-T1
OG0005666	FUN_002097_T1_FUN_002097	KAI9669135.1
OG0005666	FUN_002097_T1_FUN_002097	KAI9715227.1
OG0005666	FUN_002097_T1_FUN_002097	jgi|Cocpo1_1|1570|XM_003066522.1
OG0005666	FUN_002097_T1_FUN_002097	jgi|Neucr_trp3_1|464|Neucr2.NCU01977T1
OG0005666	FUN_002097_T1_FUN_002097	jgi|Erypu1|1372|transcript_POS83521
OG0005682	FUN_000856_T1_FUN_000856	coassemb76_009415-T1
OG0005689	FUN_000692_T1_FUN_000692	coassemb76_009641-T1
OG0005703	FUN_007644_T1_FUN_007644	jgi|Neucr_trp3_1|5771|Neucr2.NCU07660T0
OG0005703	FUN_007644_T1_FUN_007644	jgi|Penexp1|5410|PEXP_058710T0
OG0005718	FUN_009496_T1_FUN_009496	GTX0466b15_006999-T1, GTX0466b15_009230-T1
OG0005747	FUN_003190_T1_FUN_003190	jgi|EndpusZ1|3287|EPUS_08556T0, jgi|EndpusZ1|3288|EPUS_08557T0
OG0005794	FUN_001203_T1_FUN_001203	coassemb76_008471-T1
OG0005931	FUN_000798_T1_FUN_000798	jgi|PseVKM4520_1|5116|transcript_KFZ12166, jgi|PseVKM4520_1|11080|transcript_KFZ23327
OG0006007	FUN_010045_T1_FUN_010045	jgi|Aspni_DSM_1|164921|An12g06090m.01
OG0006022	FUN_009848_T1_FUN_009848	jgi|EndpusZ1|6271|EPUS_05121T0
OG0006025	FUN_002361_T1_FUN_002361	jgi|Penexp1|9708|PEXP_100150T0
OG0006037	FUN_002618_T1_FUN_002618	jgi|Neucr_trp3_1|9642|Neucr2.NCU17154T0, jgi|Neucr_trp3_1|9558|Neucr2.NCU05047T0
OG0006063	FUN_010158_T1_FUN_010158	jgi|Umbpus1|100783|LPUS_07473T0, jgi|Umbpus1|100322|LPUS_00725T0
OG0006091	FUN_007547_T1_FUN_007547	jgi|Podan3|210152|mRNA_8980
OG0006092	FUN_006046_T1_FUN_006046	KAJ9656104.1
OG0006092	FUN_006046_T1_FUN_006046	jgi|Phach1|5996|rna5995
OG0006092	FUN_006046_T1_FUN_006046	jgi|Exoaq1|6459|A1O9_12261T0
OG0006092	FUN_006046_T1_FUN_006046	CAF9919389.1
OG0006094	FUN_010070_T1_FUN_010070	jgi|Penexp1|1455|PEXP_026990T0
OG0006094	FUN_010070_T1_FUN_010070	coassemb76_006090-T1, coassemb76_005829-T1
OG0006190	FUN_001971_T1_FUN_001971	jgi|Aurpu_var_mel1|66583|fgenesh1_pg.12_#_80
OG0006190	FUN_005327_T1_FUN_005327	jgi|Altal1|6868|CE6867_2937
OG0006269	FUN_001980_T1_FUN_001980	jgi|Podan3|208703|mRNA_7531
OG0006334	FUN_005360_T1_FUN_005360, FUN_000977_T1_FUN_000977, FUN_009773_T1_FUN_009773	jgi|Aspni_DSM_1|164931|An12g06180m.01
OG0006351	FUN_010449_T1_FUN_010449	coassemb378_008669-T1, coassemb378_003689-T1
OG0006382	FUN_006146_T1_FUN_006146	KAJ9659592.1
OG0006446	FUN_004078_T1_FUN_004078	coassemb76_009989-T1
OG0006472	FUN_001159_T2_FUN_001159, FUN_001159_T1_FUN_001159	KAI9720785.1
OG0006476	FUN_004447_T1_FUN_004447	GTX0486b100_007663-T1
OG0006486	FUN_007906_T1_FUN_007906, FUN_007906_T2_FUN_007906, FUN_009925_T1_FUN_009925	GTX0486b100_000478-T1
OG0006512	FUN_005043_T1_FUN_005043	jgi|PseVKM4520_1|4471|transcript_KFZ13388
OG0006584	FUN_010736_T1_FUN_010736	jgi|Exoaq1|9369|A1O9_05797T0, jgi|Exoaq1|7606|A1O9_04137T0
OG0006586	FUN_008091_T1_FUN_008091, FUN_007276_T1_FUN_007276	jgi|Altal1|997246|estExt_Genewise1Plus.C_21_t20032
OG0006589	FUN_003146_T1_FUN_003146	jgi|Monha1|5186|H072_5294m.01, jgi|Monha1|6980|H072_7205m.01
OG0006638	FUN_001538_T1_FUN_001538	jgi|Dibbae1|8770|DIBA_002263-RA
OG0006638	FUN_001538_T1_FUN_001538	jgi|Clagr3|6591|CLAGR_006304-RA
OG0006638	FUN_001538_T1_FUN_001538	jgi|Artol1|6195|AOL_s00081g25m.01
OG0006654	FUN_004022_T1_FUN_004022	jgi|Dibbae1|6525|DIBA_002660-RA
OG0006716	FUN_000717_T1_FUN_000717	jgi|Morco1|558143|estExt_fgenesh1_pm.C_170001
OG0006740	FUN_001162_T1_FUN_001162	jgi|Grascr1|719|GST1_007019-RA
OG0006828	FUN_001478_T1_FUN_001478	coassemb76_004075-T1
OG0006828	FUN_001478_T1_FUN_001478	KAJ9651555.1
OG0006842	FUN_003864_T1_FUN_003864	jgi|EndpusZ1|2241|EPUS_06577T0
OG0006971	FUN_001832_T1_FUN_001832	KAI9672148.1, KAI9665517.1
OG0006979	FUN_005397_T1_FUN_005397	jgi|Ascim1|414356|fgenesh1_RNNotator_kg.30_#_62_#_Locus8176v1rpkm8.46
OG0006979	FUN_005397_T1_FUN_005397	jgi|Podan3|209207|mRNA_8035
OG0006979	FUN_005397_T1_FUN_005397	jgi|Fusgr1|10515|FGSG_09076T0
OG0006979	FUN_005397_T1_FUN_005397	jgi|EndpusZ1|811|EPUS_01527T0
OG0006979	FUN_005397_T1_FUN_005397	jgi|Claba1|136652|Z519_03184T0
OG0006979	FUN_005397_T1_FUN_005397	jgi|Altal1|849735|CE849734_1522
OG0006979	FUN_005397_T1_FUN_005397	GTX0466b15_001534-T1
OG0006979	FUN_005397_T1_FUN_005397	coassemb376_006918-T1
OG0006979	FUN_005397_T1_FUN_005397	GTX0494b19_006997-T1
OG0006979	FUN_005397_T1_FUN_005397	KAI4088308.1
OG0006979	FUN_005397_T1_FUN_005397	GTX0494b19_006997-T1
OG0007083	FUN_000687_T1_FUN_000687	coassemb378_010436-T1
OG0007102	FUN_000751_T1_FUN_000751	coassemb76_010212-T1
OG0007165	FUN_003794_T1_FUN_003794, FUN_003795_T1_FUN_003795	coassemb76_009436-T1
OG0007857	FUN_005778_T1_FUN_005778	KAI4218735.1
OG0008693	FUN_009762_T1_FUN_009762	jgi|Morco1|478317|gw1.38.285.1
