querry,reference,alignment_length,similarity_errors,ref_coverage,querry_coverage,ani,reference_length,querry_length,alignment_coverage,primary_cluster
GTX0465.bin.21.fa,GTX0465.bin.21.fa,21447811,0,0.99995345,0.99995345,1.0,21448810,21448810,0.9999534239894894,1
GTX0465.bin.21.fa,GTX0466.bin.35.fa,19184916,119251,0.87265706,0.8944513,0.9937841,21984485,21448810,0.8944513005616629,1
GTX0465.bin.21.fa,GTX0484.bin.40.fa,18305604,90397,0.90708464,0.8534555,0.9950618,20180701,21448810,0.9070846448792834,1
GTX0465.bin.21.fa,GTX0468.bin.24.fa,20350748,358736,0.78721094,0.94880545,0.98237234,25851708,21448810,0.9488054582049074,1
GTX0465.bin.21.fa,GTX0486_487.bin.46.fa,18327172,207221,0.8820867,0.854461,0.98869324,20777064,21448810,0.8820867086899284,1
GTX0465.bin.21.fa,GTX0491.bin.13.fa,15947315,1131887,0.7440527,0.74350584,0.9290233,21433045,21448810,0.7440526999313444,1
GTX0465.bin.21.fa,GTX0481.bin.18.fa,19021409,106617,0.8849848,0.8868282,0.9943949,21493487,21448810,0.8868281736842277,1
GTX0465.bin.21.fa,GTX0493.bin.28.fa,19867472,192695,0.80371845,0.9262739,0.99030095,24719443,21448810,0.9262738585497284,1
GTX0465.bin.21.fa,GTX0494.bin.19.fa,20812181,176191,0.81260526,0.9703187,0.99153423,25611674,21448810,0.9703186796843275,1
GTX0466.bin.35.fa,GTX0465.bin.21.fa,19159888,118716,0.89328444,0.8715186,0.9938039,21448810,21984485,0.893284429299341,1
GTX0466.bin.35.fa,GTX0466.bin.35.fa,21983462,0,0.99995345,0.99995345,1.0,21984485,21984485,0.999953467183789,1
GTX0466.bin.35.fa,GTX0484.bin.40.fa,18540211,104578,0.91870993,0.8433316,0.9943594,20180701,21984485,0.9187099595796995,1
GTX0466.bin.35.fa,GTX0468.bin.24.fa,20684407,391907,0.8001176,0.94086385,0.981053,25851708,21984485,0.9408638410224301,1
GTX0466.bin.35.fa,GTX0486_487.bin.46.fa,18469743,229018,0.8889487,0.8401263,0.9876004,20777064,21984485,0.8889486503001579,1
GTX0466.bin.35.fa,GTX0491.bin.13.fa,16186857,1157997,0.755229,0.73628545,0.92846066,21433045,21984485,0.7552289933604861,1
GTX0466.bin.35.fa,GTX0481.bin.18.fa,19316210,115523,0.8987006,0.8786292,0.9940194,21493487,21984485,0.8987006156795312,1
GTX0466.bin.35.fa,GTX0493.bin.28.fa,20144545,208377,0.81492716,0.91630733,0.9896559,24719443,21984485,0.916307341290915,1
GTX0466.bin.35.fa,GTX0494.bin.19.fa,21072821,195377,0.82278186,0.9585315,0.9907285,25611674,21984485,0.9585314825432573,1
GTX0484.bin.40.fa,GTX0465.bin.21.fa,18316845,90433,0.8539795,0.90764165,0.9950628,21448810,20180701,0.9076416621999405,1
GTX0484.bin.40.fa,GTX0466.bin.35.fa,18539218,104322,0.84328645,0.91866076,0.9943729,21984485,20180701,0.9186607541531883,1
GTX0484.bin.40.fa,GTX0484.bin.40.fa,20179540,0,0.9999425,0.9999425,1.0,20180701,20180701,0.9999424697883389,1
GTX0484.bin.40.fa,GTX0468.bin.24.fa,19248846,320903,0.744587,0.95382446,0.9833287,25851708,20180701,0.953824448417327,1
GTX0484.bin.40.fa,GTX0486_487.bin.46.fa,17622024,192670,0.8481479,0.8732117,0.98906654,20777064,20180701,0.8732116887317244,1
GTX0484.bin.40.fa,GTX0491.bin.13.fa,15157471,1061375,0.707201,0.7510874,0.92997676,21433045,20180701,0.7510874374482829,1
GTX0484.bin.40.fa,GTX0481.bin.18.fa,18410912,87516,0.856581,0.9123029,0.9952465,21493487,20180701,0.9123028977040986,1
GTX0484.bin.40.fa,GTX0493.bin.28.fa,18645675,162749,0.7542919,0.92393595,0.9912715,24719443,20180701,0.9239359425621538,1
GTX0484.bin.40.fa,GTX0494.bin.19.fa,19578498,150757,0.7644365,0.9701595,0.99229985,25611674,20180701,0.970159460764024,1
GTX0468.bin.24.fa,GTX0465.bin.21.fa,20335097,358725,0.9480758,0.78660554,0.9823593,21448810,25851708,0.9480757673735746,1
GTX0468.bin.24.fa,GTX0466.bin.35.fa,20687104,392934,0.9409865,0.8002219,0.98100585,21984485,25851708,0.9409865184469866,1
GTX0468.bin.24.fa,GTX0484.bin.40.fa,19248839,320666,0.9538241,0.74458677,0.98334104,20180701,25851708,0.9538241015512792,1
GTX0468.bin.24.fa,GTX0468.bin.24.fa,25851527,0,0.999993,0.999993,1.0,25851708,25851708,0.9999929985283758,1
GTX0468.bin.24.fa,GTX0486_487.bin.46.fa,20161839,102040,0.97038925,0.77990353,0.99493897,20777064,25851708,0.9703892234244453,1
GTX0468.bin.24.fa,GTX0491.bin.13.fa,18302104,1382333,0.8539199,0.70796496,0.9244714,21433045,25851708,0.8539199166520669,1
GTX0468.bin.24.fa,GTX0481.bin.18.fa,20290262,363694,0.9440191,0.7848712,0.98207545,21493487,25851708,0.9440190882009978,1
GTX0468.bin.24.fa,GTX0493.bin.28.fa,22851566,543535,0.9244369,0.883948,0.9762145,24719443,25851708,0.924436930071604,1
GTX0468.bin.24.fa,GTX0494.bin.19.fa,23714756,551514,0.9259354,0.9173381,0.9767438,25611674,25851708,0.9259354152329129,1
GTX0486_487.bin.46.fa,GTX0465.bin.21.fa,18340252,208075,0.8550708,0.88271624,0.98865473,21448810,20777064,0.8827162490330683,1
GTX0486_487.bin.46.fa,GTX0466.bin.35.fa,18466578,228396,0.8399823,0.8887963,0.9876319,21984485,20777064,0.8887963188639165,1
GTX0486_487.bin.46.fa,GTX0484.bin.40.fa,17623264,192950,0.87327313,0.8482076,0.9890514,20180701,20777064,0.8732731335744978,1
GTX0486_487.bin.46.fa,GTX0468.bin.24.fa,20186139,101817,0.78084356,0.9715588,0.9949561,25851708,20777064,0.9715587823188108,1
GTX0486_487.bin.46.fa,GTX0486_487.bin.46.fa,20775948,0,0.9999463,0.9999463,1.0,20777064,20777064,0.9999462869248513,1
GTX0486_487.bin.46.fa,GTX0491.bin.13.fa,15741378,1109330,0.7344443,0.75763243,0.92952776,21433045,20777064,0.7576324547106367,1
GTX0486_487.bin.46.fa,GTX0481.bin.18.fa,18198246,203670,0.84668654,0.8758815,0.9888083,21493487,20777064,0.8758815008703829,1
GTX0486_487.bin.46.fa,GTX0493.bin.28.fa,19132250,283951,0.7739758,0.92083514,0.9851585,24719443,20777064,0.9208351093301729,1
GTX0486_487.bin.46.fa,GTX0494.bin.19.fa,19971113,287185,0.779766,0.9612096,0.98561996,25611674,20777064,0.9612095818735505,1
GTX0491.bin.13.fa,GTX0465.bin.21.fa,15934482,1130799,0.7429075,0.743454,0.9290345,21448810,21433045,0.743453951596705,1
GTX0491.bin.13.fa,GTX0466.bin.35.fa,16180174,1158038,0.73598146,0.7549172,0.9284286,21984485,21433045,0.7549171851223193,1
GTX0491.bin.13.fa,GTX0484.bin.40.fa,15147458,1061881,0.7505913,0.7067338,0.92989707,20180701,21433045,0.7505912703428885,1
GTX0491.bin.13.fa,GTX0468.bin.24.fa,18290627,1382655,0.707521,0.85338444,0.92440635,25851708,21433045,0.8533844351094303,1
GTX0491.bin.13.fa,GTX0486_487.bin.46.fa,15726121,1108930,0.75689816,0.73373246,0.92948484,20777064,21433045,0.7568981353669604,1
GTX0491.bin.13.fa,GTX0491.bin.13.fa,21432747,0,0.9999861,0.9999861,1.0,21433045,21433045,0.9999860962359758,1
GTX0491.bin.13.fa,GTX0481.bin.18.fa,15902783,1128251,0.7398885,0.74197495,0.92905325,21493487,21433045,0.7419749736913257,1
GTX0491.bin.13.fa,GTX0493.bin.28.fa,17344130,1298585,0.7016392,0.8092238,0.9251283,24719443,21433045,0.8092237943791935,1
GTX0491.bin.13.fa,GTX0494.bin.19.fa,18156501,1351277,0.70891505,0.84712654,0.92557615,25611674,21433045,0.8471265282184589,1
GTX0481.bin.18.fa,GTX0465.bin.21.fa,18989233,106376,0.88532805,0.88348776,0.9943981,21448810,21493487,0.8853280438401944,1
GTX0481.bin.18.fa,GTX0466.bin.35.fa,19332871,115251,0.879387,0.89947575,0.9940386,21984485,21493487,0.8994757807330193,1
GTX0481.bin.18.fa,GTX0484.bin.40.fa,18390572,87002,0.911295,0.8556346,0.9952692,20180701,21493487,0.9112950040734462,1
GTX0481.bin.18.fa,GTX0468.bin.24.fa,20292008,363520,0.78493875,0.9441003,0.9820856,25851708,21493487,0.9441003221115308,1
GTX0481.bin.18.fa,GTX0486_487.bin.46.fa,18197632,203371,0.8758519,0.846658,0.9888243,20777064,21493487,0.875851949053052,1
GTX0481.bin.18.fa,GTX0491.bin.13.fa,15912773,1128223,0.74244106,0.7403532,0.92909956,21433045,21493487,0.7424410763846201,1
GTX0481.bin.18.fa,GTX0481.bin.18.fa,21492247,0,0.9999423,0.9999423,1.0,21493487,21493487,0.9999423081047761,1
GTX0481.bin.18.fa,GTX0493.bin.28.fa,19700255,183720,0.79695386,0.9165686,0.99067426,24719443,21493487,0.9165685865676425,1
GTX0481.bin.18.fa,GTX0494.bin.19.fa,20655523,171782,0.8064886,0.96101314,0.9916835,25611674,21493487,0.9610131199279112,1
GTX0493.bin.28.fa,GTX0465.bin.21.fa,19809164,191882,0.9235554,0.80135965,0.9903135,21448810,24719443,0.9235553860563827,1
GTX0493.bin.28.fa,GTX0466.bin.35.fa,20165899,209165,0.91727865,0.815791,0.9896278,21984485,24719443,0.9172786626568692,1
GTX0493.bin.28.fa,GTX0484.bin.40.fa,18621586,162266,0.9227423,0.75331736,0.99128616,20180701,24719443,0.9227422773866973,1
GTX0493.bin.28.fa,GTX0468.bin.24.fa,22861846,544870,0.88434565,0.9248528,0.97616684,25851708,24719443,0.9248527970472474,1
GTX0493.bin.28.fa,GTX0486_487.bin.46.fa,19129176,283767,0.92068714,0.7738514,0.9851658,20777064,24719443,0.9206871577235359,1
GTX0493.bin.28.fa,GTX0491.bin.13.fa,17362181,1298883,0.810066,0.70236945,0.92518896,21433045,24719443,0.810065998555035,1
GTX0493.bin.28.fa,GTX0481.bin.18.fa,19700535,184067,0.91658163,0.7969652,0.99065673,21493487,24719443,0.9165816137697899,1
GTX0493.bin.28.fa,GTX0493.bin.28.fa,24719183,0,0.9999895,0.9999895,1.0,24719443,24719443,0.999989481963651,1
GTX0493.bin.28.fa,GTX0494.bin.19.fa,22976088,347774,0.89709437,0.92947435,0.98486364,25611674,24719443,0.9294743413110077,1
GTX0494.bin.19.fa,GTX0465.bin.21.fa,20824263,175660,0.970882,0.813077,0.99156463,21448810,25611674,0.9708819743379703,1
GTX0494.bin.19.fa,GTX0466.bin.35.fa,21071947,196647,0.95849174,0.82274777,0.9906678,21984485,25611674,0.9584917272340017,1
GTX0494.bin.19.fa,GTX0484.bin.40.fa,19575358,150285,0.97000384,0.7643139,0.99232274,20180701,25611674,0.9700038665653884,1
GTX0494.bin.19.fa,GTX0468.bin.24.fa,23707285,551646,0.91704905,0.92564374,0.97673094,25851708,25611674,0.9256437123165007,1
GTX0494.bin.19.fa,GTX0486_487.bin.46.fa,19970722,287260,0.96119076,0.77975076,0.98561597,20777064,25611674,0.9611907630452503,1
GTX0494.bin.19.fa,GTX0491.bin.13.fa,18172263,1351289,0.84786195,0.7095305,0.92564005,21433045,25611674,0.8478619346901012,1
GTX0494.bin.19.fa,GTX0481.bin.18.fa,20660991,172595,0.96126753,0.8067021,0.99164635,21493487,25611674,0.9612675225755597,1
GTX0494.bin.19.fa,GTX0493.bin.28.fa,23008664,348341,0.93079215,0.8983663,0.9848604,24719443,25611674,0.9307921703575602,1
GTX0494.bin.19.fa,GTX0494.bin.19.fa,25611168,0,0.9999803,0.9999803,1.0,25611674,25611674,0.9999802433843255,1
GTX0481.bin.1.fa,GTX0481.bin.1.fa,29849772,0,0.999908,0.999908,1.0,29852520,29852520,0.9999079474697613,2
GTX0486_487.bin.12.fa,GTX0486_487.bin.12.fa,24641291,0,0.9998735,0.9998735,1.0,24644408,24644408,0.9998735210032231,3
GTX0466.bin.15.fa,GTX0466.bin.15.fa,27330800,0,0.99999595,0.99999595,1.0,27330910,27330910,0.9999959752529279,4
GTX0466.bin.12.fa,GTX0466.bin.12.fa,4263208,0,0.9999651,0.9999651,1.0,4263357,4263357,0.9999650510149631,5
GTX0466.bin.12.fa,GTX0481.bin.6.fa,4135313,15064,0.8257152,0.9699664,0.9963572,5008159,4263357,0.9699663903351279,5
GTX0481.bin.6.fa,GTX0466.bin.12.fa,4135770,15179,0.9700736,0.82580644,0.99632984,4263357,5008159,0.9700735828597042,5
GTX0481.bin.6.fa,GTX0481.bin.6.fa,5008018,0,0.99997187,0.99997187,1.0,5008159,5008159,0.9999718459417922,5
GTX0466.bin.19.fa,GTX0466.bin.19.fa,3506438,0,0.9998597,0.9998597,1.0,3506930,3506930,0.9998597063528499,6
GTX0486_487.bin.83.fa,GTX0486_487.bin.83.fa,3734986,0,0.9999893,0.9999893,1.0,3735026,3735026,0.9999892905698649,7
GTX0466.bin.17.fa,GTX0466.bin.17.fa,3400671,0,0.99982303,0.99982303,1.0,3401273,3401273,0.9998230074445656,8
GTX0468.bin.23.fa,GTX0468.bin.23.fa,5992968,0,0.99996746,0.99996746,1.0,5993163,5993163,0.9999674629240018,9
GTX0468.bin.23.fa,GTX0468.bin.47.fa,1971897,288114,0.41857344,0.32902443,0.85388994,4710994,5993163,0.4185734475569275,9
GTX0468.bin.47.fa,GTX0468.bin.23.fa,1977468,288628,0.32995397,0.419756,0.85404164,5993163,4710994,0.41975600053831524,9
GTX0468.bin.47.fa,GTX0468.bin.47.fa,4710500,0,0.99989516,0.99989516,1.0,4710994,4710994,0.9998951389027454,9
GTX0484.bin.25.fa,GTX0484.bin.25.fa,6361502,0,0.99998397,0.99998397,1.0,6361604,6361604,0.9999839663078682,10
GTX0466.bin.83.fa,GTX0466.bin.83.fa,3734327,0,0.9998308,0.9998308,1.0,3734959,3734959,0.9998307879684891,11
GTX0468.bin.2.fa,GTX0468.bin.2.fa,6185718,0,0.9999845,0.9999845,1.0,6185814,6185814,0.9999844806196888,12
GTX0486_487.bin.41.fa,GTX0486_487.bin.41.fa,4883245,0,0.9998606,0.9998606,1.0,4883926,4883926,0.9998605629978833,13
GTX0468.bin.63.fa,GTX0468.bin.63.fa,4555500,0,0.9999941,0.9999941,1.0,4555527,4555527,0.9999940731335804,14
GTX0468.bin.63.fa,GTX0486_487.bin.31.fa,2886778,26666,0.98129016,0.63368696,0.9907627,2941819,4555527,0.981290147354409,14
GTX0468.bin.63.fa,GTX0491.bin.9.fa,2238859,69979,0.8908637,0.49145994,0.96874344,2513133,4555527,0.8908637147337606,14
GTX0486_487.bin.31.fa,GTX0468.bin.63.fa,2886326,26711,0.6335877,0.9811365,0.99074566,4555527,2941819,0.981136500920009,14
GTX0486_487.bin.31.fa,GTX0486_487.bin.31.fa,2941388,0,0.9998535,0.9998535,1.0,2941819,2941819,0.9998534920061364,14
GTX0486_487.bin.31.fa,GTX0491.bin.9.fa,1593570,39927,0.634097,0.5416955,0.97494495,2513133,2941819,0.6340969618400618,14
GTX0491.bin.9.fa,GTX0468.bin.63.fa,2239120,70072,0.49151722,0.89096755,0.96870553,4555527,2513133,0.890967569165659,14
GTX0491.bin.9.fa,GTX0486_487.bin.31.fa,1594918,40029,0.54215366,0.63463336,0.97490215,2941819,2513133,0.6346333441166863,14
GTX0491.bin.9.fa,GTX0491.bin.9.fa,2513118,0,0.99999404,0.99999404,1.0,2513133,2513133,0.9999940313544886,14
GTX0468.bin.15.fa,GTX0468.bin.15.fa,4943826,0,0.99988514,0.99988514,1.0,4944394,4944394,0.9998851224234961,15
GTX0468.bin.15.fa,GTX0486_487.bin.96.fa,4201116,168439,0.7293889,0.84967256,0.9599061,5759775,4944394,0.8496725786820387,15
GTX0486_487.bin.96.fa,GTX0468.bin.15.fa,4199085,168136,0.8492618,0.7290363,0.9599589,4944394,5759775,0.8492618104463358,15
GTX0486_487.bin.96.fa,GTX0486_487.bin.96.fa,5759727,0,0.99999166,0.99999166,1.0,5759775,5759775,0.9999916663411331,15
GTX0486_487.bin.21.fa,GTX0486_487.bin.21.fa,3148114,0,0.99998665,0.99998665,1.0,3148156,3148156,0.9999866588568038,16
GTX0466.bin.75.fa,GTX0466.bin.75.fa,3950217,0,0.99998605,0.99998605,1.0,3950272,3950272,0.9999860769081218,17
GTX0486_487.bin.66.fa,GTX0486_487.bin.66.fa,2594713,0,0.9998351,0.9998351,1.0,2595141,2595141,0.9998350763985464,18
GTX0466.bin.31.fa,GTX0466.bin.31.fa,2489069,0,0.9998353,0.9998353,1.0,2489479,2489479,0.9998353069055814,19
GTX0466.bin.31.fa,GTX0466.bin.56.fa,2119362,190001,0.524856,0.85132754,0.9103499,4037988,2489479,0.8513275267636321,19
GTX0466.bin.31.fa,GTX0481.bin.9.fa,619341,99629,0.1808062,0.24878338,0.8391371,3425441,2489479,0.24878337997629224,19
GTX0466.bin.56.fa,GTX0466.bin.31.fa,2119087,189917,0.8512171,0.52478784,0.9103779,2489479,4037988,0.8512170618832294,19
GTX0466.bin.56.fa,GTX0466.bin.56.fa,4037728,0,0.9999356,0.9999356,1.0,4037988,4037988,0.9999356114976072,19
GTX0466.bin.56.fa,GTX0481.bin.9.fa,872820,142102,0.25480515,0.2161522,0.8371921,3425441,4037988,0.25480514771674656,19
GTX0481.bin.9.fa,GTX0466.bin.31.fa,620360,99813,0.2491927,0.18110369,0.8391047,2489479,3425441,0.24919270256949347,19
GTX0481.bin.9.fa,GTX0466.bin.56.fa,890671,145662,0.22057296,0.26001644,0.83645815,4037988,3425441,0.2600164475172686,19
GTX0481.bin.9.fa,GTX0481.bin.9.fa,3425173,0,0.99992174,0.99992174,1.0,3425441,3425441,0.9999217618986869,19
GTX0466.bin.32.fa,GTX0466.bin.32.fa,3332160,0,0.9999112,0.9999112,1.0,3332456,3332456,0.9999111766216868,20
GTX0466.bin.32.fa,GTX0484.bin.13.fa,3191091,42326,0.8587625,0.9575793,0.9867362,3715918,3332456,0.9575793348809407,20
GTX0484.bin.13.fa,GTX0466.bin.32.fa,3191460,42437,0.95769006,0.8588618,0.986703,3332456,3715918,0.9576900640248514,20
GTX0484.bin.13.fa,GTX0484.bin.13.fa,3715865,0,0.99998575,0.99998575,1.0,3715918,3715918,0.9999857370372544,20
GTX0466.bin.39.fa,GTX0466.bin.39.fa,4159480,0,0.99997526,0.99997526,1.0,4159583,4159583,0.9999752379024532,21
GTX0484.bin.18.fa,GTX0484.bin.18.fa,4566487,0,0.9999842,0.9999842,1.0,4566559,4566559,0.9999842332049143,22
GTX0486_487.bin.100.fa,GTX0486_487.bin.100.fa,24298617,0,0.9999549,0.9999549,1.0,24299713,24299713,0.9999548965866387,23
GTX0465.bin.1.fa,GTX0465.bin.1.fa,59368039,0,0.9999697,0.9999697,1.0,59369835,59369835,0.9999697489474242,24
GTX0465.bin.1.fa,GTX0466.bin.29.fa,16679872,2377230,0.28939265,0.2809486,0.8574791,57637508,59369835,0.2893926642352407,24
GTX0465.bin.1.fa,GTX0466.bin.21.fa,41954589,101107,0.9719494,0.7066651,0.99759007,43165405,59369835,0.9719493886365713,24
GTX0465.bin.1.fa,GTX0466.merged.0.fa,58508747,123780,0.9776127,0.9854962,0.9978844,59848596,59369835,0.9854962035855414,24
GTX0465.bin.1.fa,GTX0468.bin.53.fa,17749459,2517794,0.29269743,0.29896426,0.8581481,60640980,59369835,0.298964263586045,24
GTX0465.bin.1.fa,GTX0491.bin.33.fa,5311266,640439,0.07868079,0.089460686,0.8794188,67503976,59369835,0.08946068319037774,24
GTX0465.bin.1.fa,GTX0493.bin.23.fa,17257717,2453593,0.31043398,0.29068157,0.85782635,55592226,59369835,0.3104339984515101,24
GTX0465.bin.1.fa,GTX0494.bin.15.fa,18096676,2569565,0.30746743,0.30481264,0.858009,58857211,59369835,0.3074674401408521,24
GTX0466.bin.29.fa,GTX0465.bin.1.fa,16737851,2380257,0.28192517,0.2903986,0.85779196,59369835,57637508,0.2903985890576671,24
GTX0466.bin.29.fa,GTX0466.bin.29.fa,57631047,0,0.9998879,0.9998879,1.0,57637508,57637508,0.9998879028565912,24
GTX0466.bin.29.fa,GTX0466.bin.21.fa,11353233,1601815,0.26301694,0.19697647,0.8589111,43165405,57637508,0.26301694609375265,24
GTX0466.bin.29.fa,GTX0466.merged.0.fa,16799987,2387821,0.28070813,0.29147664,0.85786766,59848596,57637508,0.2914766370537741,24
GTX0466.bin.29.fa,GTX0468.bin.53.fa,53898903,301710,0.8888198,0.9351359,0.9944023,60640980,57637508,0.9351359014341841,24
GTX0466.bin.29.fa,GTX0491.bin.33.fa,5763620,695522,0.08538193,0.09999773,0.8793255,67503976,57637508,0.0999977306444269,24
GTX0466.bin.29.fa,GTX0493.bin.23.fa,33641169,4693442,0.6051416,0.583668,0.8604852,55592226,57637508,0.6051416073894936,24
GTX0466.bin.29.fa,GTX0494.bin.15.fa,35096912,4912355,0.5963061,0.60892487,0.8600345,58857211,57637508,0.6089248688544966,24
GTX0466.bin.21.fa,GTX0465.bin.1.fa,41811243,102126,0.70425063,0.9686285,0.99755746,59369835,43165405,0.9686285348185659,24
GTX0466.bin.21.fa,GTX0466.bin.29.fa,11318075,1600550,0.19636649,0.26220244,0.8585846,57637508,43165405,0.26220245124538966,24
GTX0466.bin.21.fa,GTX0466.bin.21.fa,43163816,0,0.99996316,0.99996316,1.0,43165405,43165405,0.9999631881132588,24
GTX0466.bin.21.fa,GTX0466.merged.0.fa,43163816,0,0.72121686,0.99996316,1.0,59848596,43165405,0.9999631881132588,24
GTX0466.bin.21.fa,GTX0468.bin.53.fa,12287118,1692220,0.2026207,0.284652,0.8622769,60640980,43165405,0.28465197998258096,24
GTX0466.bin.21.fa,GTX0491.bin.33.fa,3677278,440662,0.054474983,0.0851904,0.88016623,67503976,43165405,0.0851903972637347,24
GTX0466.bin.21.fa,GTX0493.bin.23.fa,11869718,1670842,0.21351399,0.2749822,0.8592349,55592226,43165405,0.2749821992866741,24
GTX0466.bin.21.fa,GTX0494.bin.15.fa,12530819,1762009,0.21290202,0.29029772,0.85938597,58857211,43165405,0.2902977280069537,24
GTX0466.merged.0.fa,GTX0465.bin.1.fa,58320942,122543,0.9823329,0.97447467,0.9978988,59369835,59848596,0.9823328968322045,24
GTX0466.merged.0.fa,GTX0466.bin.29.fa,16736849,2384045,0.2903812,0.27965316,0.8575571,57637508,59848596,0.2903812045447905,24
GTX0466.merged.0.fa,GTX0466.bin.21.fa,43163816,0,0.99996316,0.72121686,1.0,43165405,59848596,0.9999631881132588,24
GTX0466.merged.0.fa,GTX0466.merged.0.fa,59846679,0,0.999968,0.999968,1.0,59848596,59848596,0.9999679691734122,24
GTX0466.merged.0.fa,GTX0468.bin.53.fa,17998396,2517974,0.29680252,0.30073214,0.8601001,60640980,59848596,0.30073213413394023,24
GTX0466.merged.0.fa,GTX0491.bin.33.fa,5323497,640881,0.078861974,0.088949405,0.8796128,67503976,59848596,0.08894940492839631,24
GTX0466.merged.0.fa,GTX0493.bin.23.fa,17437649,2479085,0.31367064,0.2913627,0.8578315,55592226,59848596,0.3136706380492841,24
GTX0466.merged.0.fa,GTX0494.bin.15.fa,18276714,2595607,0.31052634,0.3053825,0.8579828,58857211,59848596,0.3105263346576174,24
GTX0468.bin.53.fa,GTX0465.bin.1.fa,17797684,2518618,0.29977655,0.29349267,0.8584862,59369835,60640980,0.29977654477227367,24
GTX0468.bin.53.fa,GTX0466.bin.29.fa,53876188,299764,0.9347418,0.8884452,0.9944361,57637508,60640980,0.9347418004262086,24
GTX0468.bin.53.fa,GTX0466.bin.21.fa,12318140,1692743,0.28537065,0.20313227,0.86258125,43165405,60640980,0.2853706573585954,24
GTX0468.bin.53.fa,GTX0466.merged.0.fa,18063016,2521418,0.30181184,0.29786813,0.8604099,59848596,60640980,0.30181185871093785,24
GTX0468.bin.53.fa,GTX0468.bin.53.fa,60635779,0,0.9999142,0.9999142,1.0,60640980,60640980,0.9999142329164206,24
GTX0468.bin.53.fa,GTX0491.bin.33.fa,6189461,748991,0.09169032,0.1020673,0.8789893,67503976,60640980,0.1020672983846897,24
GTX0468.bin.53.fa,GTX0493.bin.23.fa,35307940,4922776,0.63512367,0.5822455,0.860576,55592226,60640980,0.6351236951727747,24
GTX0468.bin.53.fa,GTX0494.bin.15.fa,36795886,5146458,0.6251721,0.6067825,0.86013496,58857211,60640980,0.6251720965847328,24
GTX0491.bin.33.fa,GTX0465.bin.1.fa,5306277,640396,0.08937665,0.07860688,0.8793135,59369835,67503976,0.08937665061727054,24
GTX0491.bin.33.fa,GTX0466.bin.29.fa,5746543,693774,0.09970145,0.085128956,0.8792711,57637508,67503976,0.09970144788355527,24
GTX0491.bin.33.fa,GTX0466.bin.21.fa,3668430,439170,0.08498542,0.05434391,0.88028395,43165405,67503976,0.08498541829967772,24
GTX0491.bin.33.fa,GTX0466.merged.0.fa,5325120,641192,0.088976525,0.07888602,0.87959105,59848596,67503976,0.08897652335904421,24
GTX0491.bin.33.fa,GTX0468.bin.53.fa,6162377,745936,0.10162067,0.091289096,0.8789532,60640980,67503976,0.10162066971872816,24
GTX0491.bin.33.fa,GTX0491.bin.33.fa,67500455,0,0.99994785,0.99994785,1.0,67503976,67503976,0.9999478401094478,24
GTX0491.bin.33.fa,GTX0493.bin.23.fa,5782931,699271,0.1040241,0.085668005,0.8790802,55592226,67503976,0.10402409502364593,24
GTX0491.bin.33.fa,GTX0494.bin.15.fa,6026242,727115,0.10238749,0.0892724,0.8793419,58857211,67503976,0.10238748825526238,24
GTX0493.bin.23.fa,GTX0465.bin.1.fa,17301131,2455159,0.29141283,0.31121492,0.85809255,59369835,55592226,0.3112149349802974,24
GTX0493.bin.23.fa,GTX0466.bin.29.fa,33623034,4697594,0.58335334,0.60481536,0.8602864,57637508,55592226,0.6048153927133625,24
GTX0493.bin.23.fa,GTX0466.bin.21.fa,11887579,1669716,0.275396,0.21383527,0.8595411,43165405,55592226,0.2753959797203339,24
GTX0493.bin.23.fa,GTX0466.merged.0.fa,17479084,2481175,0.29205504,0.31441596,0.8580489,59848596,55592226,0.3144159760755038,24
GTX0493.bin.23.fa,GTX0468.bin.53.fa,35292169,4928757,0.5819855,0.63484,0.8603442,60640980,55592226,0.6348400044279573,24
GTX0493.bin.23.fa,GTX0491.bin.33.fa,5813978,703210,0.08612794,0.10458257,0.8790484,67503976,55592226,0.10458257239060728,24
GTX0493.bin.23.fa,GTX0493.bin.23.fa,55587152,0,0.99990875,0.99990875,1.0,55592226,55592226,0.9999087282455644,24
GTX0493.bin.23.fa,GTX0494.bin.15.fa,53811475,197223,0.9142716,0.9679676,0.9963349,58857211,55592226,0.9679676255453415,24
GTX0494.bin.15.fa,GTX0465.bin.1.fa,18135810,2571753,0.3054718,0.30813235,0.85819477,59369835,58857211,0.30813233742930835,24
GTX0494.bin.15.fa,GTX0466.bin.29.fa,35052131,4912774,0.6081479,0.59554523,0.8598438,57637508,58857211,0.6081479268673448,24
GTX0494.bin.15.fa,GTX0466.bin.21.fa,12552124,1762038,0.2907913,0.21326399,0.8596223,43165405,58857211,0.2907912945563699,24
GTX0494.bin.15.fa,GTX0466.merged.0.fa,18320376,2598720,0.30611205,0.31126815,0.8581514,59848596,58857211,0.3112681638958394,24
GTX0494.bin.15.fa,GTX0468.bin.53.fa,36766246,5151342,0.60629374,0.6246685,0.8598894,60640980,58857211,0.6246685049347649,24
GTX0494.bin.15.fa,GTX0491.bin.33.fa,6066398,732630,0.08986727,0.10306975,0.87923145,67503976,58857211,0.10306974960128505,24
GTX0494.bin.15.fa,GTX0493.bin.23.fa,53804709,197545,0.9678459,0.9141566,0.9963285,55592226,58857211,0.9678459178806763,24
GTX0494.bin.15.fa,GTX0494.bin.15.fa,58853659,0,0.9999397,0.9999397,1.0,58857211,58857211,0.9999396505553075,24
GTX0481.bin.29.fa,GTX0481.bin.29.fa,3113830,0,0.99988824,0.99988824,1.0,3114178,3114178,0.9998882530157236,25
GTX0481.bin.29.fa,GTX0493.bin.7.fa,2882424,84961,0.7819784,0.925581,0.9705245,3686066,3114178,0.9255810040402315,25
GTX0481.bin.29.fa,GTX0494.bin.3.fa,1526343,45319,0.75294167,0.4901271,0.9703088,2027173,3114178,0.7529416581613902,25
GTX0493.bin.7.fa,GTX0481.bin.29.fa,2882136,84998,0.92548853,0.7819003,0.9705087,3114178,3686066,0.925488523777382,25
GTX0493.bin.7.fa,GTX0493.bin.7.fa,3686040,0,0.99999297,0.99999297,1.0,3686066,3686066,0.9999929464095325,25
GTX0493.bin.7.fa,GTX0494.bin.3.fa,1975144,51475,0.9743342,0.53584063,0.9739386,2027173,3686066,0.9743342082792145,25
GTX0494.bin.3.fa,GTX0481.bin.29.fa,1526314,45321,0.4901178,0.75292736,0.9703069,3114178,2027173,0.7529273525249202,25
GTX0494.bin.3.fa,GTX0493.bin.7.fa,1975416,51569,0.5359144,0.9744684,0.9738946,3686066,2027173,0.9744683852833478,25
GTX0494.bin.3.fa,GTX0494.bin.3.fa,2027167,0,0.999997,0.999997,1.0,2027173,2027173,0.9999970402131442,25
GTX0466.bin.4.fa,GTX0466.bin.4.fa,3717790,0,0.9998806,0.9998806,1.0,3718234,3718234,0.9998805884729148,26
GTX0466.bin.52.fa,GTX0466.bin.52.fa,2309368,0,0.9998013,0.9998013,1.0,2309827,2309827,0.9998012838190912,27
GTX0466.bin.52.fa,GTX0466.bin.55.fa,1143155,157807,0.32336837,0.49490935,0.86195487,3535148,2309827,0.49490935901260136,27
GTX0466.bin.52.fa,GTX0468.bin.72.fa,1927271,84412,0.5184139,0.83437896,0.95620126,3717630,2309827,0.8343789383360746,27
GTX0466.bin.55.fa,GTX0466.bin.52.fa,1139292,157255,0.49323693,0.3222756,0.8619713,2309827,3535148,0.4932369393898331,27
GTX0466.bin.55.fa,GTX0466.bin.55.fa,3534858,0,0.999918,0.999918,1.0,3535148,3535148,0.9999179666593874,27
GTX0466.bin.55.fa,GTX0468.bin.72.fa,1972936,244273,0.5306972,0.55809146,0.8761881,3717630,3535148,0.5580914858444399,27
GTX0468.bin.72.fa,GTX0466.bin.52.fa,1927918,84460,0.83465904,0.51858795,0.95619106,2309827,3717630,0.8346590458939133,27
GTX0468.bin.72.fa,GTX0466.bin.55.fa,1975531,244560,0.55882555,0.53139526,0.87620544,3535148,3717630,0.5588255428061286,27
GTX0468.bin.72.fa,GTX0468.bin.72.fa,3717319,0,0.9999163,0.9999163,1.0,3717630,3717630,0.9999163445528468,27
GTX0466.bin.6.fa,GTX0466.bin.6.fa,2896147,0,0.99988437,0.99988437,1.0,2896482,2896482,0.9998843424540529,28
GTX0468.bin.17.fa,GTX0468.bin.17.fa,4505660,0,0.99999243,0.99999243,1.0,4505694,4505694,0.999992453992659,29
GTX0468.bin.17.fa,GTX0468.bin.4.fa,260874,45091,0.04873628,0.057898737,0.8271541,5352768,4505694,0.05789873879584366,29
GTX0468.bin.17.fa,GTX0491.bin.36.fa,385751,49948,0.06651142,0.085614115,0.8705175,5799771,4505694,0.08561411405213049,29
GTX0468.bin.4.fa,GTX0468.bin.17.fa,261916,45337,0.058130004,0.048930947,0.8269025,4505694,5352768,0.05813000172670403,29
GTX0468.bin.4.fa,GTX0468.bin.4.fa,5352718,0,0.99999064,0.99999064,1.0,5352768,5352768,0.9999906590384638,29
GTX0468.bin.4.fa,GTX0491.bin.36.fa,4814389,69529,0.8300998,0.89942044,0.9855581,5799771,5352768,0.8994204493824504,29
GTX0491.bin.36.fa,GTX0468.bin.17.fa,386926,50195,0.08587489,0.06671401,0.87027234,4505694,5799771,0.08587489518817745,29
GTX0491.bin.36.fa,GTX0468.bin.4.fa,4815448,69514,0.89961827,0.83028245,0.98556435,5352768,5799771,0.8996182909477862,29
GTX0491.bin.36.fa,GTX0491.bin.36.fa,5799641,0,0.9999776,0.9999776,1.0,5799771,5799771,0.9999775853219032,29
GTX0468.bin.1.fa,GTX0468.bin.1.fa,4520281,0,0.9999836,0.9999836,1.0,4520355,4520355,0.9999836296043121,30
GTX0466.bin.7.fa,GTX0466.bin.7.fa,2748243,0,0.99984246,0.99984246,1.0,2748676,2748676,0.9998424696108236,31
GTX0466.bin.7.fa,GTX0481.bin.10.fa,1209852,164535,0.45253167,0.4401581,0.864004,2673519,2748676,0.45253166332462946,31
GTX0466.bin.7.fa,GTX0493.bin.27.fa,937060,122117,0.41417566,0.34091324,0.8696807,2262470,2748676,0.41417565757778,31
GTX0481.bin.10.fa,GTX0466.bin.7.fa,1213170,164977,0.4413652,0.45377272,0.86401165,2748676,2673519,0.45377272426341464,31
GTX0481.bin.10.fa,GTX0481.bin.10.fa,2672961,0,0.99979126,0.99979126,1.0,2673519,2673519,0.9997912863159005,31
GTX0481.bin.10.fa,GTX0493.bin.27.fa,780849,104860,0.34513122,0.29206786,0.86571026,2262470,2673519,0.34513120615963966,31
GTX0493.bin.27.fa,GTX0466.bin.7.fa,938504,122361,0.34143856,0.4148139,0.8696212,2748676,2262470,0.4148138980848365,31
GTX0493.bin.27.fa,GTX0481.bin.10.fa,780485,104921,0.29193172,0.34497032,0.8655695,2673519,2262470,0.34497032004844264,31
GTX0493.bin.27.fa,GTX0493.bin.27.fa,2262265,0,0.9999094,0.9999094,1.0,2262470,2262470,0.9999093910637489,31
GTX0468.bin.6.fa,GTX0468.bin.6.fa,2275269,0,0.999761,0.999761,1.0,2275813,2275813,0.9997609645432204,32
GTX0481.bin.28.fa,GTX0481.bin.28.fa,3016295,0,0.9997783,0.9997783,1.0,3016964,3016964,0.9997782539002785,33
GTX0468.bin.14.fa,GTX0468.bin.14.fa,3862994,0,0.9999754,0.9999754,1.0,3863089,3863089,0.9999754082807826,34
GTX0468.bin.14.fa,GTX0486_487.bin.1.fa,274376,40140,0.07930215,0.07102503,0.8537044,3459881,3863089,0.07930214940918488,34
GTX0486_487.bin.1.fa,GTX0468.bin.14.fa,273900,40039,0.07090181,0.07916457,0.8538189,3863089,3459881,0.0791645724231556,34
GTX0486_487.bin.1.fa,GTX0486_487.bin.1.fa,3459514,0,0.9998939,0.9998939,1.0,3459881,3459881,0.9998939269876623,34
GTX0465.bin.32.fa,GTX0465.bin.32.fa,4960084,0,0.99992883,0.99992883,1.0,4960437,4960437,0.9999288369149735,35
GTX0465.bin.32.fa,GTX0484.bin.11.fa,1635688,221032,0.34085476,0.32974675,0.8648691,4798783,4960437,0.34085475421580846,35
GTX0465.bin.32.fa,GTX0468.bin.19.fa,1727768,258073,0.38805738,0.34830964,0.85063213,4452352,4960437,0.38805736833026677,35
GTX0465.bin.32.fa,GTX0486_487.bin.73.fa,1739575,259170,0.38953754,0.35068986,0.8510153,4465744,4960437,0.38953755522036193,35
GTX0465.bin.32.fa,GTX0491.bin.7.fa,1565190,233537,0.3951586,0.3155347,0.8507932,3960916,4960437,0.39515859462811126,35
GTX0465.bin.32.fa,GTX0493.bin.21.fa,1332388,200980,0.3243485,0.26860294,0.84915805,4107890,4960437,0.32434850981890945,35
GTX0465.bin.32.fa,GTX0494.bin.21.fa,1498336,223085,0.3358871,0.30205727,0.8511115,4460832,4960437,0.33588711702211604,35
GTX0484.bin.11.fa,GTX0465.bin.32.fa,1634089,220828,0.3294244,0.34052154,0.8648617,4960437,4798783,0.3405215447333209,35
GTX0484.bin.11.fa,GTX0484.bin.11.fa,4798355,0,0.99991083,0.99991083,1.0,4798783,4798783,0.9999108107201347,35
GTX0484.bin.11.fa,GTX0468.bin.19.fa,1346600,208115,0.30244687,0.28061283,0.84545153,4452352,4798783,0.30244688649954,35
GTX0484.bin.11.fa,GTX0486_487.bin.73.fa,1347476,208015,0.30173606,0.28079537,0.8456262,4465744,4798783,0.30173606010555015,35
GTX0484.bin.11.fa,GTX0491.bin.7.fa,1198164,185444,0.3024967,0.2496808,0.8452265,3960916,4798783,0.302496695208886,35
GTX0484.bin.11.fa,GTX0493.bin.21.fa,1047390,164147,0.2549703,0.21826158,0.84327996,4107890,4798783,0.25497031322649827,35
GTX0484.bin.11.fa,GTX0494.bin.21.fa,1191188,185268,0.26703268,0.2482271,0.8444679,4460832,4798783,0.267032697039476,35
GTX0468.bin.19.fa,GTX0465.bin.32.fa,1733748,259343,0.34951517,0.38940048,0.8504148,4960437,4452352,0.38940047866835326,35
GTX0468.bin.19.fa,GTX0484.bin.11.fa,1350471,208642,0.2814195,0.30331632,0.8455043,4798783,4452352,0.3033163146130405,35
GTX0468.bin.19.fa,GTX0468.bin.19.fa,4452274,0,0.9999825,0.9999825,1.0,4452352,4452352,0.9999824811695032,35
GTX0468.bin.19.fa,GTX0486_487.bin.73.fa,4151640,95737,0.92966366,0.93245995,0.97694,4465744,4452352,0.932459967226311,35
GTX0468.bin.19.fa,GTX0491.bin.7.fa,3838966,41823,0.96921164,0.8622333,0.98910564,3960916,4452352,0.9692116672002132,35
GTX0468.bin.19.fa,GTX0493.bin.21.fa,1986440,260493,0.483567,0.4461552,0.8688644,4107890,4452352,0.4835669893789756,35
GTX0468.bin.19.fa,GTX0494.bin.21.fa,2629482,306677,0.58946,0.59058267,0.8833698,4460832,4452352,0.5905826852863385,35
GTX0486_487.bin.73.fa,GTX0465.bin.32.fa,1740843,259444,0.3509455,0.3898215,0.85096645,4960437,4465744,0.38982149446990244,35
GTX0486_487.bin.73.fa,GTX0484.bin.11.fa,1350440,208476,0.28141302,0.30239978,0.8456237,4798783,4465744,0.30239977929769374,35
GTX0486_487.bin.73.fa,GTX0468.bin.19.fa,4156923,95456,0.93364656,0.9308467,0.97703683,4452352,4465744,0.9336465310918813,35
GTX0486_487.bin.73.fa,GTX0486_487.bin.73.fa,4465585,0,0.9999644,0.9999644,1.0,4465744,4465744,0.999964395630381,35
GTX0486_487.bin.73.fa,GTX0491.bin.7.fa,3730298,72727,0.9417766,0.8353139,0.9805037,3960916,4465744,0.9417765991502975,35
GTX0486_487.bin.73.fa,GTX0493.bin.21.fa,1979274,258297,0.48182255,0.4432126,0.86949915,4107890,4465744,0.48182254149940723,35
GTX0486_487.bin.73.fa,GTX0494.bin.21.fa,2648386,308641,0.5936978,0.59304476,0.8834607,4460832,4465744,0.5936977675913372,35
GTX0491.bin.7.fa,GTX0465.bin.32.fa,1567109,233996,0.31592157,0.3956431,0.85068303,4960437,3960916,0.39564307852022107,35
GTX0491.bin.7.fa,GTX0484.bin.11.fa,1198432,185590,0.24973665,0.30256435,0.8451393,4798783,3960916,0.302564356325658,35
GTX0491.bin.7.fa,GTX0468.bin.19.fa,3837857,41671,0.8619842,0.9689317,0.9891421,4452352,3960916,0.9689316814595412,35
GTX0491.bin.7.fa,GTX0486_487.bin.73.fa,3738014,72860,0.83704174,0.94372463,0.9805084,4465744,3960916,0.9437246333928818,35
GTX0491.bin.7.fa,GTX0491.bin.7.fa,3960542,0,0.9999056,0.9999056,1.0,3960916,3960916,0.9999055773967436,35
GTX0491.bin.7.fa,GTX0493.bin.21.fa,1815352,237045,0.44191834,0.4583162,0.869422,4107890,3960916,0.4583162076650957,35
GTX0491.bin.7.fa,GTX0494.bin.21.fa,2425387,281686,0.5437073,0.61232984,0.88385934,4460832,3960916,0.6123298247173129,35
GTX0493.bin.21.fa,GTX0465.bin.32.fa,1334199,201209,0.26896805,0.32478938,0.8491912,4960437,4107890,0.3247893687513541,35
GTX0493.bin.21.fa,GTX0484.bin.11.fa,1054001,165406,0.21963923,0.25657967,0.8430685,4798783,4107890,0.2565796552488017,35
GTX0493.bin.21.fa,GTX0468.bin.19.fa,1983468,260277,0.44548768,0.48284352,0.8687768,4452352,4107890,0.48284350359917133,35
GTX0493.bin.21.fa,GTX0486_487.bin.73.fa,1978860,258331,0.44311988,0.48172176,0.8694546,4465744,4107890,0.48172175983290694,35
GTX0493.bin.21.fa,GTX0491.bin.7.fa,1820511,237841,0.4596187,0.44317424,0.8693548,3960916,4107890,0.45961868416295626,35
GTX0493.bin.21.fa,GTX0493.bin.21.fa,4107311,0,0.99985904,0.99985904,1.0,4107890,4107890,0.9998590517272857,35
GTX0493.bin.21.fa,GTX0494.bin.21.fa,1960620,245450,0.4395189,0.4772815,0.87481,4460832,4107890,0.47728152409144353,35
GTX0494.bin.21.fa,GTX0465.bin.32.fa,1498830,223367,0.30215684,0.33599785,0.8509724,4960437,4460832,0.33599785869541826,35
GTX0494.bin.21.fa,GTX0484.bin.11.fa,1194955,186115,0.2490121,0.26787716,0.84424937,4798783,4460832,0.26787715834176223,35
GTX0494.bin.21.fa,GTX0468.bin.19.fa,2624852,306497,0.5895428,0.58842206,0.88323265,4452352,4460832,0.589542785476081,35
GTX0494.bin.21.fa,GTX0486_487.bin.73.fa,2645524,308864,0.5924039,0.5930562,0.88325036,4465744,4460832,0.5930561832411532,35
GTX0494.bin.21.fa,GTX0491.bin.7.fa,2426215,282364,0.6125389,0.5438929,0.88361955,3960916,4460832,0.6125388672721158,35
GTX0494.bin.21.fa,GTX0493.bin.21.fa,1954363,244641,0.47575834,0.43811625,0.87482315,4107890,4460832,0.4757583576970172,35
GTX0494.bin.21.fa,GTX0494.bin.21.fa,4460230,0,0.99986506,0.99986506,1.0,4460832,4460832,0.9998650475965022,35
GTX0468.bin.68.fa,GTX0468.bin.68.fa,3352213,0,0.9998613,0.9998613,1.0,3352678,3352678,0.9998613049031252,36
GTX0486_487.bin.90.fa,GTX0486_487.bin.90.fa,4999227,0,0.9999118,0.9999118,1.0,4999668,4999668,0.9999117941431311,37
GTX0468.bin.26.fa,GTX0468.bin.26.fa,3409068,0,0.9998797,0.9998797,1.0,3409478,3409478,0.999879746987662,38
GTX0486_487.bin.54.fa,GTX0486_487.bin.54.fa,2667399,0,0.9998122,0.9998122,1.0,2667900,2667900,0.9998122118520184,39
GTX0468.bin.9.fa,GTX0468.bin.9.fa,3637786,0,0.9998656,0.9998656,1.0,3638275,3638275,0.9998655956462884,40
GTX0486_487.bin.92.fa,GTX0486_487.bin.92.fa,3845772,0,0.9999498,0.9999498,1.0,3845965,3845965,0.9999498175360411,41
GTX0468.bin.35.fa,GTX0468.bin.35.fa,4381565,0,0.9999728,0.9999728,1.0,4381684,4381684,0.9999728414919926,42
GTX0468.bin.35.fa,GTX0486_487.bin.74.fa,4252068,48029,0.9421139,0.9704187,0.98870456,4513327,4381684,0.9704186792110066,42
GTX0468.bin.35.fa,GTX0491.bin.21.fa,2220288,244034,0.60933346,0.50672024,0.89008904,3643798,4381684,0.6093334482317626,42
GTX0486_487.bin.74.fa,GTX0468.bin.35.fa,4251700,48032,0.9703347,0.94203234,0.9887029,4381684,4513327,0.9703346932366642,42
GTX0486_487.bin.74.fa,GTX0486_487.bin.74.fa,4513134,0,0.99995726,0.99995726,1.0,4513327,4513327,0.9999572377538787,42
GTX0486_487.bin.74.fa,GTX0491.bin.21.fa,2221917,243387,0.6097805,0.49230134,0.8904608,3643798,4513327,0.6097805092378886,42
GTX0491.bin.21.fa,GTX0468.bin.35.fa,2220261,243947,0.5067141,0.60932606,0.8901269,4381684,3643798,0.6093260383808323,42
GTX0491.bin.21.fa,GTX0486_487.bin.74.fa,2223607,243564,0.4926758,0.61024433,0.8904645,4513327,3643798,0.6102443110183385,42
GTX0491.bin.21.fa,GTX0491.bin.21.fa,3643173,0,0.99982846,0.99982846,1.0,3643798,3643798,0.9998284756729106,42
GTX0468.bin.60.fa,GTX0468.bin.60.fa,4001128,0,0.99995875,0.99995875,1.0,4001293,4001293,0.9999587633297536,43
GTX0468.bin.60.fa,GTX0486_487.bin.57.fa,1031596,144202,0.32730523,0.25781566,0.86021465,3151786,4001293,0.32730521678819563,43
GTX0468.bin.60.fa,GTX0491.bin.29.fa,2065775,227142,0.56589675,0.51627684,0.89004517,3650445,4001293,0.5658967605319352,43
GTX0486_487.bin.57.fa,GTX0468.bin.60.fa,1026288,143263,0.2564891,0.3256211,0.86040664,4001293,3151786,0.3256210922949718,43
GTX0486_487.bin.57.fa,GTX0486_487.bin.57.fa,3151211,0,0.99981755,0.99981755,1.0,3151786,3151786,0.9998175637559149,43
GTX0486_487.bin.57.fa,GTX0491.bin.29.fa,809528,119819,0.22176145,0.25684738,0.85198903,3650445,3151786,0.2568473874812567,43
GTX0491.bin.29.fa,GTX0468.bin.60.fa,2064263,226968,0.515899,0.56548256,0.8900489,4001293,3650445,0.5654825644544706,43
GTX0491.bin.29.fa,GTX0486_487.bin.57.fa,809215,119891,0.25674808,0.22167571,0.8518428,3151786,3650445,0.25674807870838945,43
GTX0491.bin.29.fa,GTX0491.bin.29.fa,3650217,0,0.99993753,0.99993753,1.0,3650445,3650445,0.9999375418613348,43
GTX0486_487.bin.5.fa,GTX0486_487.bin.5.fa,2487282,0,0.9998223,0.9998223,1.0,2487724,2487724,0.9998223275572371,44
GTX0486_487.bin.50.fa,GTX0486_487.bin.50.fa,4398008,0,0.9998634,0.9998634,1.0,4398609,4398609,0.9998633658959003,45
GTX0466.bin.9.fa,GTX0466.bin.9.fa,4423065,0,0.9999817,0.9999817,1.0,4423146,4423146,0.9999816872425192,46
GTX0486_487.bin.99.fa,GTX0486_487.bin.99.fa,4110512,0,0.9999506,0.9999506,1.0,4110715,4110715,0.9999506168634897,47
GTX0466.bin.25.fa,GTX0466.bin.25.fa,8346252,0,0.99999374,0.99999374,1.0,8346304,8346304,0.9999937696973414,48
GTX0466.bin.47.fa,GTX0466.bin.47.fa,8656610,0,0.9998654,0.9998654,1.0,8657775,8657775,0.9998654388685315,49
GTX0468.bin.30.fa,GTX0468.bin.30.fa,5520572,0,0.9999123,0.9999123,1.0,5521056,5521056,0.9999123356111584,50
GTX0468.bin.50.fa,GTX0468.bin.50.fa,4060442,0,0.9999515,0.9999515,1.0,4060639,4060639,0.9999514854681738,51
GTX0468.bin.50.fa,GTX0486_487.bin.33.fa,1390136,204052,0.38121638,0.34234414,0.8532144,3646580,4060639,0.38121637260117697,51
GTX0486_487.bin.33.fa,GTX0468.bin.50.fa,1392294,203898,0.3428756,0.38180816,0.85355246,4060639,3646580,0.3818081599745515,51
GTX0486_487.bin.33.fa,GTX0486_487.bin.33.fa,3646062,0,0.99985796,0.99985796,1.0,3646580,3646580,0.999857949092026,51
GTX0466.bin.69.fa,GTX0466.bin.69.fa,3772502,0,0.99980545,0.99980545,1.0,3773236,3773236,0.9998054720139424,52
GTX0468.bin.65.fa,GTX0468.bin.65.fa,3487349,0,0.99998766,0.99998766,1.0,3487392,3487392,0.9999876698690597,53
GTX0466.bin.23.fa,GTX0466.bin.23.fa,2087250,0,0.99977106,0.99977106,1.0,2087728,2087728,0.999771042971115,54
GTX0466.bin.82.fa,GTX0466.bin.82.fa,2418933,0,0.999826,0.999826,1.0,2419354,2419354,0.999825986606342,55
GTX0465.bin.25.fa,GTX0465.bin.25.fa,2761616,0,0.99990946,0.99990946,1.0,2761866,2761866,0.9999094814882402,56
GTX0465.bin.25.fa,GTX0466.bin.89.fa,2569051,29355,0.88577217,0.9301867,0.9885736,2900352,2761866,0.9301866926201343,56
GTX0465.bin.25.fa,GTX0481.bin.8.fa,2639207,27252,0.9211239,0.95558834,0.98967415,2865203,2761866,0.9555883594642173,56
GTX0466.bin.89.fa,GTX0465.bin.25.fa,2568609,29282,0.93002665,0.88561976,0.9886001,2761866,2900352,0.930026655891343,56
GTX0466.bin.89.fa,GTX0466.bin.89.fa,2900215,0,0.9999528,0.9999528,1.0,2900352,2900352,0.9999527643541197,56
GTX0466.bin.89.fa,GTX0481.bin.8.fa,2617748,31836,0.9136344,0.9025622,0.9878384,2865203,2900352,0.9136343916992967,56
GTX0481.bin.8.fa,GTX0465.bin.25.fa,2641395,27197,0.9563806,0.9218876,0.98970354,2761866,2865203,0.9563805774791391,56
GTX0481.bin.8.fa,GTX0466.bin.89.fa,2619437,31754,0.90314454,0.91422385,0.98787755,2900352,2865203,0.9142238787269175,56
GTX0481.bin.8.fa,GTX0481.bin.8.fa,2865052,0,0.9999473,0.9999473,1.0,2865203,2865203,0.9999472986730783,56
GTX0468.bin.34.fa,GTX0468.bin.34.fa,3168698,0,0.9998514,0.9998514,1.0,3169169,3169169,0.9998513805985102,57
GTX0468.bin.34.fa,GTX0486_487.bin.103.fa,2122707,34194,0.73705333,0.66979927,0.9838913,2879991,3169169,0.7370533449583697,57
GTX0468.bin.34.fa,GTX0486_487.bin.70.fa,1304562,143800,0.5037331,0.41164166,0.88977146,2589788,3169169,0.5037331241012778,57
GTX0486_487.bin.103.fa,GTX0468.bin.34.fa,2122770,34062,0.6698191,0.7370752,0.983954,3169169,2879991,0.7370752200267292,57
GTX0486_487.bin.103.fa,GTX0486_487.bin.103.fa,2879736,0,0.9999115,0.9999115,1.0,2879991,2879991,0.9999114580566397,57
GTX0486_487.bin.103.fa,GTX0486_487.bin.70.fa,1425246,165146,0.5503331,0.49487862,0.8841281,2589788,2879991,0.5503330774565331,57
GTX0486_487.bin.70.fa,GTX0468.bin.34.fa,1302243,143255,0.41090992,0.50283766,0.88999367,3169169,2589788,0.5028376840112009,57
GTX0486_487.bin.70.fa,GTX0486_487.bin.103.fa,1426667,165513,0.49537203,0.55088174,0.88398623,2879991,2589788,0.5508817710175504,57
GTX0486_487.bin.70.fa,GTX0486_487.bin.70.fa,2589549,0,0.99990773,0.99990773,1.0,2589788,2589788,0.9999077144538472,57
GTX0468.bin.45.fa,GTX0468.bin.45.fa,2655052,0,0.99988854,0.99988854,1.0,2655348,2655348,0.9998885268522243,58
GTX0468.bin.45.fa,GTX0486_487.bin.40.fa,2314528,42768,0.7469899,0.8716477,0.98152196,3098473,2655348,0.8716477086995753,58
GTX0486_487.bin.40.fa,GTX0468.bin.45.fa,2315868,42762,0.8721523,0.74742234,0.9815352,2655348,3098473,0.8721523506523439,58
GTX0486_487.bin.40.fa,GTX0486_487.bin.40.fa,3098122,0,0.9998867,0.9998867,1.0,3098473,3098473,0.9998867183932214,58
GTX0484.bin.17.fa,GTX0484.bin.17.fa,4028175,0,0.9997878,0.9997878,1.0,4029030,4029030,0.999787790113253,59
GTX0484.bin.1.fa,GTX0484.bin.1.fa,7910958,0,0.9998783,0.9998783,1.0,7911921,7911921,0.9998782849323192,60
GTX0484.bin.1.fa,GTX0484.bin.28.fa,819256,128272,0.14274718,0.10354704,0.8434287,5739210,7911921,0.14274717252025976,60
GTX0484.bin.28.fa,GTX0484.bin.1.fa,821439,128570,0.103822954,0.14312755,0.84348196,7911921,5739210,0.1431275384591259,60
GTX0484.bin.28.fa,GTX0484.bin.28.fa,5739065,0,0.9999747,0.9999747,1.0,5739210,5739210,0.9999747351987469,60
GTX0468.bin.49.fa,GTX0468.bin.49.fa,3568622,0,0.99997,0.99997,1.0,3568729,3568729,0.9999700173367044,61
GTX0468.bin.49.fa,GTX0486_487.bin.36.fa,2840289,28818,0.77033997,0.7958825,0.98985386,3687059,3568729,0.7958825116729233,61
GTX0486_487.bin.36.fa,GTX0468.bin.49.fa,2840401,28895,0.7959139,0.77037036,0.98982716,3568729,3687059,0.7959138953952514,61
GTX0486_487.bin.36.fa,GTX0486_487.bin.36.fa,3686653,0,0.9998899,0.9998899,1.0,3687059,3687059,0.9998898851360936,61
GTX0465.bin.17.fa,GTX0465.bin.17.fa,3752581,0,0.99989635,0.99989635,1.0,3752970,3752970,0.99989634875845,62
GTX0468.bin.43.fa,GTX0468.bin.43.fa,4054894,0,0.999928,0.999928,1.0,4055186,4055186,0.9999279934385253,63
GTX0468.bin.43.fa,GTX0491.bin.40.fa,162545,20047,0.04388005,0.04008324,0.876668,3704303,4055186,0.043880049769146855,63
GTX0491.bin.40.fa,GTX0468.bin.43.fa,165727,20648,0.040867917,0.04473905,0.87540954,4055186,3704303,0.044739050774194225,63
GTX0491.bin.40.fa,GTX0491.bin.40.fa,3704032,0,0.99992687,0.99992687,1.0,3704303,3704303,0.9999268418377223,63
GTX0466.bin.53.fa,GTX0466.bin.53.fa,3816601,0,0.99992585,0.99992585,1.0,3816884,3816884,0.9999258557503975,64
GTX0486_487.bin.8.fa,GTX0486_487.bin.8.fa,5857422,0,0.99994284,0.99994284,1.0,5857757,5857757,0.9999428108745378,65
GTX0466.bin.81.fa,GTX0466.bin.81.fa,4246125,0,0.99992913,0.99992913,1.0,4246426,4246426,0.9999291168620388,66
GTX0466.bin.81.fa,GTX0468.bin.79.fa,2562164,246145,0.6471533,0.60336953,0.90393084,3959130,4246426,0.6471532887275739,66
GTX0466.bin.81.fa,GTX0491.bin.37.fa,2533913,238304,0.53653544,0.59671664,0.9059541,4722732,4246426,0.5967166271118347,66
GTX0468.bin.79.fa,GTX0466.bin.81.fa,2558784,245147,0.6025736,0.64629954,0.90419394,4246426,3959130,0.6462995658137015,66
GTX0468.bin.79.fa,GTX0468.bin.79.fa,3958951,0,0.99995476,0.99995476,1.0,3959130,3959130,0.9999547880468689,66
GTX0468.bin.79.fa,GTX0491.bin.37.fa,2477621,242821,0.52461606,0.62579936,0.9019943,4722732,3959130,0.6257993549087805,66
GTX0491.bin.37.fa,GTX0466.bin.81.fa,2528438,238059,0.59542733,0.53537613,0.90584743,4246426,4722732,0.5954273075758296,66
GTX0491.bin.37.fa,GTX0468.bin.79.fa,2469548,242657,0.6237603,0.52290666,0.9017403,3959130,4722732,0.6237602705644927,66
GTX0491.bin.37.fa,GTX0491.bin.37.fa,4722309,0,0.9999104,0.9999104,1.0,4722732,4722732,0.9999104331984114,66
GTX0468.bin.7.fa,GTX0468.bin.7.fa,4728628,0,0.9999499,0.9999499,1.0,4728865,4728865,0.9999498822656177,67
GTX0468.bin.7.fa,GTX0486_487.bin.47.fa,2499321,52622,0.8705169,0.5285245,0.9789455,2871077,4728865,0.87051688268897,67
GTX0486_487.bin.47.fa,GTX0468.bin.7.fa,2498573,52454,0.5283663,0.87025636,0.9790064,4728865,2871077,0.8702563532778814,67
GTX0486_487.bin.47.fa,GTX0486_487.bin.47.fa,2870956,0,0.99995786,0.99995786,1.0,2871077,2871077,0.9999578555364416,67
GTX0491.bin.24.fa,GTX0491.bin.24.fa,4535066,0,0.9999403,0.9999403,1.0,4535337,4535337,0.9999402469981834,68
GTX0466.bin.2.fa,GTX0466.bin.2.fa,1902130,0,0.9998996,0.9998996,1.0,1902321,1902321,0.9998995963352136,69
GTX0484.bin.26.fa,GTX0484.bin.26.fa,3317061,0,0.9999225,0.9999225,1.0,3317318,3317318,0.9999225277769571,70
GTX0466.bin.86.fa,GTX0466.bin.86.fa,1810245,0,0.99980116,0.99980116,1.0,1810605,1810605,0.9998011714316485,71
GTX0468.bin.44.fa,GTX0468.bin.44.fa,3070231,0,0.99999315,0.99999315,1.0,3070252,3070252,0.9999931601705658,72
GTX0486_487.bin.61.fa,GTX0486_487.bin.61.fa,2628875,0,0.9998775,0.9998775,1.0,2629197,2629197,0.9998775291467319,73
GTX0486_487.bin.77.fa,GTX0486_487.bin.77.fa,3305011,0,0.99983966,0.99983966,1.0,3305541,3305541,0.9998396631595252,74
GTX0484.bin.21.fa,GTX0484.bin.21.fa,3163587,0,0.99982995,0.99982995,1.0,3164125,3164125,0.9998299687907399,75
GTX0486_487.bin.48.fa,GTX0486_487.bin.48.fa,2893134,0,0.9999475,0.9999475,1.0,2893286,2893286,0.9999474645783376,76
GTX0465.bin.23.fa,GTX0465.bin.23.fa,4337883,0,0.99996495,0.99996495,1.0,4338035,4338035,0.9999649610941359,77
GTX0465.bin.23.fa,GTX0466.bin.45.fa,3794568,26543,0.7756236,0.87472045,0.993005,4892280,4338035,0.8747204667551092,77
GTX0465.bin.23.fa,GTX0484.bin.22.fa,4199859,18540,0.7256125,0.9681478,0.99558556,5788019,4338035,0.9681477904166287,77
GTX0465.bin.23.fa,GTX0486_487.bin.26.fa,3570045,24724,0.7304398,0.8229636,0.9930746,4887528,4338035,0.8229636229306587,77
GTX0465.bin.23.fa,GTX0491.bin.39.fa,3868675,22172,0.7850361,0.89180356,0.99426883,4928022,4338035,0.8918035469976614,77
GTX0466.bin.45.fa,GTX0465.bin.23.fa,3794480,26415,0.8747002,0.7756056,0.9930386,4338035,4892280,0.8747001810727668,77
GTX0466.bin.45.fa,GTX0466.bin.45.fa,4891716,0,0.9998847,0.9998847,1.0,4892280,4892280,0.999884716328583,77
GTX0466.bin.45.fa,GTX0484.bin.22.fa,4541181,30718,0.784583,0.9282341,0.9932357,5788019,4892280,0.928234074909858,77
GTX0466.bin.45.fa,GTX0486_487.bin.26.fa,3876833,34198,0.7932094,0.7924389,0.9911789,4887528,4892280,0.7932093688261224,77
GTX0466.bin.45.fa,GTX0491.bin.39.fa,4128070,32122,0.8376728,0.8437927,0.9922186,4928022,4892280,0.8437926692666814,77
GTX0484.bin.22.fa,GTX0465.bin.23.fa,4199997,18521,0.9681796,0.72563636,0.9955902,4338035,5788019,0.9681796020548474,77
GTX0484.bin.22.fa,GTX0466.bin.45.fa,4542403,30936,0.92848384,0.7847941,0.9931895,4892280,5788019,0.9284838561979282,77
GTX0484.bin.22.fa,GTX0484.bin.22.fa,5787749,0,0.9999533,0.9999533,1.0,5788019,5788019,0.9999533519153962,77
GTX0484.bin.22.fa,GTX0486_487.bin.26.fa,4265710,30671,0.87277454,0.7369896,0.9928099,4887528,5788019,0.8727745396036606,77
GTX0484.bin.22.fa,GTX0491.bin.39.fa,4585924,27562,0.9305811,0.7923132,0.9939899,4928022,5788019,0.9305810728929376,77
GTX0486_487.bin.26.fa,GTX0465.bin.23.fa,3570314,24711,0.82302564,0.73049486,0.99307877,4338035,4887528,0.8230256325732734,77
GTX0486_487.bin.26.fa,GTX0466.bin.45.fa,3879084,34817,0.792899,0.79366994,0.99102443,4892280,4887528,0.7936699288474665,77
GTX0486_487.bin.26.fa,GTX0484.bin.22.fa,4265448,30598,0.7369444,0.87272096,0.9928265,5788019,4887528,0.8727209337726556,77
GTX0486_487.bin.26.fa,GTX0486_487.bin.26.fa,4886740,0,0.99983877,0.99983877,1.0,4887528,4887528,0.9998387733021683,77
GTX0486_487.bin.26.fa,GTX0491.bin.39.fa,3952037,27586,0.801952,0.8085963,0.9930198,4928022,4887528,0.8085962883486294,77
GTX0491.bin.39.fa,GTX0465.bin.23.fa,3868762,22208,0.8918236,0.78505373,0.99425966,4338035,4928022,0.8918236021608862,77
GTX0491.bin.39.fa,GTX0466.bin.45.fa,4129742,32416,0.84413445,0.8380121,0.9921506,4892280,4928022,0.8441344322074779,77
GTX0491.bin.39.fa,GTX0484.bin.22.fa,4585814,27658,0.7922942,0.93055874,0.9939688,5788019,4928022,0.9305587515640149,77
GTX0491.bin.39.fa,GTX0486_487.bin.26.fa,3951273,27503,0.80843997,0.801797,0.9930394,4887528,4928022,0.8084399721085996,77
GTX0491.bin.39.fa,GTX0491.bin.39.fa,4927433,0,0.9998805,0.9998805,1.0,4928022,4928022,0.9998804794296778,77
GTX0466.bin.74.fa,GTX0466.bin.74.fa,3969198,0,0.99996245,0.99996245,1.0,3969347,3969347,0.9999624623395234,78
GTX0466.bin.74.fa,GTX0468.bin.25.fa,656518,104962,0.14020889,0.16539697,0.8401232,4682428,3969347,0.16539697839468306,78
GTX0468.bin.25.fa,GTX0466.bin.74.fa,655483,104638,0.16513623,0.13998784,0.84036505,3969347,4682428,0.16513623021620433,78
GTX0468.bin.25.fa,GTX0468.bin.25.fa,4682218,0,0.9999552,0.9999552,1.0,4682428,4682428,0.9999551514726975,78
GTX0466.bin.67.fa,GTX0466.bin.67.fa,2443819,0,0.9998257,0.9998257,1.0,2444245,2444245,0.9998257130524968,79
GTX0486_487.bin.30.fa,GTX0486_487.bin.30.fa,4456056,0,0.9998521,0.9998521,1.0,4456715,4456715,0.9998521332416365,80
GTX0486_487.bin.30.fa,GTX0491.bin.12.fa,350726,47086,0.08062483,0.07869608,0.86574703,4350099,4456715,0.08062483175670254,80
GTX0491.bin.12.fa,GTX0486_487.bin.30.fa,352000,47248,0.07898194,0.0809177,0.8657727,4456715,4350099,0.0809176986546743,80
GTX0491.bin.12.fa,GTX0491.bin.12.fa,4349647,0,0.9998961,0.9998961,1.0,4350099,4350099,0.999896094318773,80
GTX0468.bin.76.fa,GTX0468.bin.76.fa,4488186,0,0.99993473,0.99993473,1.0,4488479,4488479,0.9999347217620935,81
GTX0491.bin.35.fa,GTX0491.bin.35.fa,2239626,0,0.9997696,0.9997696,1.0,2240142,2240142,0.9997696574592146,82
GTX0466.bin.71.fa,GTX0466.bin.71.fa,4975189,0,0.9998591,0.9998591,1.0,4975890,4975890,0.9998591206799186,83
GTX0466.bin.71.fa,GTX0468.bin.46.fa,2636972,153851,0.4456167,0.52994984,0.9416562,5917579,4975890,0.5299498180225045,83
GTX0466.bin.71.fa,GTX0486_487.bin.49.fa,3458024,191686,0.6312955,0.6949559,0.94456774,5477663,4975890,0.6949558772400515,83
GTX0466.bin.71.fa,GTX0491.bin.31.fa,3698980,205188,0.6368461,0.7433806,0.9445285,5808279,4975890,0.7433805811623649,83
GTX0468.bin.46.fa,GTX0466.bin.71.fa,2633696,153269,0.52929145,0.44506308,0.9418046,4975890,5917579,0.5292914433397844,83
GTX0468.bin.46.fa,GTX0468.bin.46.fa,5916214,0,0.99976933,0.99976933,1.0,5917579,5917579,0.999769331343105,83
GTX0468.bin.46.fa,GTX0486_487.bin.49.fa,3316250,95296,0.6054133,0.56040657,0.97126395,5477663,5917579,0.6054132939540092,83
GTX0468.bin.46.fa,GTX0491.bin.31.fa,3487765,122035,0.6004816,0.5893905,0.9650105,5808279,5917579,0.6004816573033079,83
GTX0486_487.bin.49.fa,GTX0466.bin.71.fa,3456351,191519,0.69461966,0.6309901,0.94458926,4975890,5477663,0.6946196559811411,83
GTX0486_487.bin.49.fa,GTX0468.bin.46.fa,3323241,96350,0.5615879,0.6066896,0.9710072,5917579,5477663,0.6066895681607284,83
GTX0486_487.bin.49.fa,GTX0486_487.bin.49.fa,5476948,0,0.99986947,0.99986947,1.0,5477663,5477663,0.99986946988159,83
GTX0486_487.bin.49.fa,GTX0491.bin.31.fa,4199147,214019,0.7229589,0.76659465,0.9490327,5808279,5477663,0.7665946225607526,83
GTX0491.bin.31.fa,GTX0466.bin.71.fa,3697223,204933,0.7430275,0.63654363,0.9445711,4975890,5808279,0.7430274785013334,83
GTX0491.bin.31.fa,GTX0468.bin.46.fa,3496080,122933,0.59079564,0.6019132,0.9648369,5917579,5808279,0.6019132345398698,83
GTX0491.bin.31.fa,GTX0486_487.bin.49.fa,4202426,214487,0.76719326,0.72352344,0.94896114,5477663,5808279,0.7671932355093769,83
GTX0491.bin.31.fa,GTX0491.bin.31.fa,5808083,0,0.99996626,0.99996626,1.0,5808279,5808279,0.9999662550645381,83
GTX0465.bin.6.fa,GTX0465.bin.6.fa,3825886,0,0.99986774,0.99986774,1.0,3826392,3826392,0.9998677605430912,84
GTX0465.bin.6.fa,GTX0466.bin.84.fa,3432512,35234,0.783583,0.8970623,0.9897352,4380534,3826392,0.8970622978513441,84
GTX0465.bin.6.fa,GTX0468.bin.3.fa,665701,110008,0.179288,0.17397617,0.8347486,3713026,3826392,0.17928799852196026,84
GTX0466.bin.84.fa,GTX0465.bin.6.fa,3432445,35193,0.8970448,0.7835677,0.989747,3826392,4380534,0.8970447878837297,84
GTX0466.bin.84.fa,GTX0466.bin.84.fa,4380287,0,0.9999436,0.9999436,1.0,4380534,4380534,0.9999436141803716,84
GTX0466.bin.84.fa,GTX0468.bin.3.fa,759124,125729,0.20444888,0.17329486,0.8343762,3713026,4380534,0.2044488780848828,84
GTX0468.bin.3.fa,GTX0465.bin.6.fa,674973,111619,0.17639934,0.18178515,0.8346319,3826392,3713026,0.181785153133859,84
GTX0468.bin.3.fa,GTX0466.bin.84.fa,766761,127082,0.17503825,0.20650569,0.83426124,4380534,3713026,0.2065056910455246,84
GTX0468.bin.3.fa,GTX0468.bin.3.fa,3712967,0,0.9999841,0.9999841,1.0,3713026,3713026,0.9999841099954593,84
GTX0481.bin.25.fa,GTX0481.bin.25.fa,6535065,0,0.9999013,0.9999013,1.0,6535710,6535710,0.999901311410696,85
GTX0481.bin.25.fa,GTX0493.bin.10.fa,2737851,346151,0.4839006,0.41890645,0.87356836,5657879,6535710,0.483900592430485,85
GTX0481.bin.25.fa,GTX0494.bin.20.fa,2444350,137712,0.88830346,0.37399915,0.9436611,2751706,6535710,0.8883034742810461,85
GTX0493.bin.10.fa,GTX0481.bin.25.fa,2750181,348556,0.420793,0.48607984,0.8732607,6535710,5657879,0.48607985430582734,85
GTX0493.bin.10.fa,GTX0493.bin.10.fa,5657691,0,0.9999668,0.9999668,1.0,5657879,5657879,0.999966772000603,85
GTX0493.bin.10.fa,GTX0494.bin.20.fa,1916109,244180,0.6963349,0.33866206,0.8725647,2751706,5657879,0.6963349282227098,85
GTX0494.bin.20.fa,GTX0481.bin.25.fa,2444133,137709,0.37396595,0.8882246,0.94365734,6535710,2751706,0.8882246141121181,85
GTX0494.bin.20.fa,GTX0493.bin.10.fa,1918224,244385,0.33903587,0.69710356,0.8725983,5657879,2751706,0.6971035423115696,85
GTX0494.bin.20.fa,GTX0494.bin.20.fa,2751688,0,0.99999344,0.99999344,1.0,2751706,2751706,0.9999934586034991,85
GTX0493.bin.22.fa,GTX0493.bin.22.fa,4840996,0,0.99997705,0.99997705,1.0,4841107,4841107,0.9999770713599183,86
GTX0466.bin.22.fa,GTX0466.bin.22.fa,2596399,0,0.999841,0.999841,1.0,2596812,2596812,0.9998409588372205,87
GTX0466.bin.22.fa,GTX0484.bin.14.fa,465457,70341,0.087052286,0.1792417,0.84887755,5346867,2596812,0.17924170097796838,87
GTX0484.bin.14.fa,GTX0466.bin.22.fa,461868,69780,0.17785962,0.086381055,0.8489179,2596812,5346867,0.17785962172078687,87
GTX0484.bin.14.fa,GTX0484.bin.14.fa,5346076,0,0.99985206,0.99985206,1.0,5346867,5346867,0.9998520628996382,87
GTX0468.bin.70.fa,GTX0468.bin.70.fa,2516689,0,0.99989593,0.99989593,1.0,2516951,2516951,0.9998959058003115,88
GTX0468.bin.70.fa,GTX0486_487.bin.86.fa,1707739,11859,0.80277413,0.6784951,0.9930557,2127297,2516951,0.8027741307396193,88
GTX0468.bin.70.fa,GTX0491.bin.23.fa,1934265,12560,0.7953641,0.7684953,0.99350655,2431924,2516951,0.7953640821012499,88
GTX0468.bin.70.fa,GTX0494.bin.10.fa,443485,73225,0.124638334,0.1761993,0.8348873,3558175,2516951,0.17619929827795613,88
GTX0486_487.bin.86.fa,GTX0468.bin.70.fa,1707996,11903,0.6785972,0.80289495,0.993031,2516951,2127297,0.8028949413269515,88
GTX0486_487.bin.86.fa,GTX0486_487.bin.86.fa,2127238,0,0.9999723,0.9999723,1.0,2127297,2127297,0.9999722652737253,88
GTX0486_487.bin.86.fa,GTX0491.bin.23.fa,1917795,9851,0.7885917,0.9015173,0.9948634,2431924,2127297,0.9015172775592689,88
GTX0486_487.bin.86.fa,GTX0494.bin.10.fa,433901,70721,0.121944815,0.20396823,0.8370112,3558175,2127297,0.20396822822577196,88
GTX0491.bin.23.fa,GTX0468.bin.70.fa,1934579,12691,0.7686201,0.7954932,0.9934399,2516951,2431924,0.7954931979782263,88
GTX0491.bin.23.fa,GTX0486_487.bin.86.fa,1907784,9819,0.8968113,0.78447515,0.9948532,2127297,2431924,0.8968113056145898,88
GTX0491.bin.23.fa,GTX0491.bin.23.fa,2431869,0,0.9999774,0.9999774,1.0,2431924,2431924,0.9999773841616761,88
GTX0491.bin.23.fa,GTX0494.bin.10.fa,482891,79342,0.13571312,0.19856337,0.8356938,3558175,2431924,0.1985633597102541,88
GTX0494.bin.10.fa,GTX0468.bin.70.fa,442988,73116,0.17600183,0.12449866,0.8349481,2516951,3558175,0.17600183714343268,88
GTX0494.bin.10.fa,GTX0486_487.bin.86.fa,431569,70233,0.20287201,0.121289425,0.83726126,2127297,3558175,0.2028720014177616,88
GTX0494.bin.10.fa,GTX0491.bin.23.fa,480687,78885,0.19765708,0.13509369,0.8358911,2431924,3558175,0.19765708138905658,88
GTX0494.bin.10.fa,GTX0494.bin.10.fa,3557652,0,0.999853,0.999853,1.0,3558175,3558175,0.9998530145369466,88
GTX0481.bin.2.fa,GTX0481.bin.2.fa,2397906,0,0.9998903,0.9998903,1.0,2398169,2398169,0.9998903329998845,89
GTX0481.bin.2.fa,GTX0493.bin.18.fa,464491,77344,0.17402983,0.19368568,0.83348656,2669031,2398169,0.1936856827020948,89
GTX0493.bin.18.fa,GTX0481.bin.2.fa,467215,77707,0.19482155,0.17505042,0.83368045,2398169,2669031,0.19482154927363335,89
GTX0493.bin.18.fa,GTX0493.bin.18.fa,2668895,0,0.99994904,0.99994904,1.0,2669031,2669031,0.9999490451778192,89
GTX0468.bin.12.fa,GTX0468.bin.12.fa,3003807,0,0.9998552,0.9998552,1.0,3004242,3004242,0.9998552047404969,90
GTX0468.bin.12.fa,GTX0486_487.bin.69.fa,2114089,18700,0.7618528,0.7037013,0.9911546,2774931,3004242,0.7618528172412214,90
GTX0486_487.bin.69.fa,GTX0468.bin.12.fa,2112601,18647,0.703206,0.7613166,0.99117345,3004242,2774931,0.7613165876917299,90
GTX0486_487.bin.69.fa,GTX0486_487.bin.69.fa,2774529,0,0.99985516,0.99985516,1.0,2774931,2774931,0.9998551315330003,90
GTX0465.bin.10.fa,GTX0465.bin.10.fa,2576485,0,0.99990374,0.99990374,1.0,2576733,2576733,0.9999037540948169,91
GTX0465.bin.10.fa,GTX0465.bin.15.fa,420737,60219,0.14854245,0.16328312,0.85687256,2832436,2576733,0.16328311858465738,91
GTX0465.bin.10.fa,GTX0484.bin.4.fa,415979,51731,0.20491375,0.16143659,0.87564033,2030020,2576733,0.20491374469217052,91
GTX0465.bin.10.fa,GTX0468.bin.22.fa,476353,63792,0.12538229,0.18486704,0.8660825,3799205,2576733,0.18486703899860793,91
GTX0465.bin.10.fa,GTX0468.bin.59.fa,1619081,45699,0.57097894,0.62834644,0.97177476,2835623,2576733,0.6283464371357064,91
GTX0465.bin.10.fa,GTX0468.bin.80.fa,444480,67994,0.123046495,0.1724975,0.84702575,3612293,2576733,0.17249749974095105,91
GTX0465.bin.10.fa,GTX0481.bin.20.fa,444497,70460,0.14797103,0.1725041,0.8414838,3003946,2576733,0.172504097242516,91
GTX0465.bin.10.fa,GTX0494.bin.17.fa,410334,51856,0.17469087,0.15924583,0.8736249,2348915,2576733,0.17469086791135482,91
GTX0465.bin.15.fa,GTX0465.bin.10.fa,410901,58510,0.15946588,0.14506982,0.8576056,2576733,2832436,0.15946588179683344,91
GTX0465.bin.15.fa,GTX0465.bin.15.fa,2831877,0,0.99980265,0.99980265,1.0,2832436,2832436,0.9998026433783499,91
GTX0465.bin.15.fa,GTX0484.bin.4.fa,1332967,73205,0.65662754,0.470608,0.9450812,2030020,2832436,0.656627520911124,91
GTX0465.bin.15.fa,GTX0468.bin.22.fa,463813,68622,0.12208159,0.16375057,0.85204816,3799205,2832436,0.16375056665004964,91
GTX0465.bin.15.fa,GTX0468.bin.59.fa,439865,64355,0.15512112,0.15529566,0.8536937,2835623,2832436,0.15529565363524542,91
GTX0465.bin.15.fa,GTX0468.bin.80.fa,453287,69705,0.12548456,0.16003433,0.84622324,3612293,2832436,0.16003433087278937,91
GTX0465.bin.15.fa,GTX0481.bin.20.fa,814357,115105,0.27109575,0.28751117,0.85865533,3003946,2832436,0.2875111741271471,91
GTX0465.bin.15.fa,GTX0494.bin.17.fa,1324727,82356,0.563974,0.46769884,0.9378317,2348915,2832436,0.5639740050193387,91
GTX0484.bin.4.fa,GTX0465.bin.10.fa,412474,51112,0.16007635,0.20318717,0.8760843,2576733,2030020,0.2031871607176284,91
GTX0484.bin.4.fa,GTX0465.bin.15.fa,1334278,73628,0.47107083,0.65727335,0.9448181,2832436,2030020,0.6572733273563808,91
GTX0484.bin.4.fa,GTX0484.bin.4.fa,2029593,0,0.99978966,0.99978966,1.0,2030020,2030020,0.9997896572447562,91
GTX0484.bin.4.fa,GTX0468.bin.22.fa,382007,60802,0.10054919,0.18817894,0.8408354,3799205,2030020,0.18817893419769263,91
GTX0484.bin.4.fa,GTX0468.bin.59.fa,418090,64615,0.14744203,0.20595364,0.84545195,2835623,2030020,0.2059536359247692,91
GTX0484.bin.4.fa,GTX0468.bin.80.fa,412267,65662,0.114128895,0.20308518,0.8407294,3612293,2030020,0.20308519127890365,91
GTX0484.bin.4.fa,GTX0481.bin.20.fa,798305,115245,0.2657521,0.3932498,0.8556379,3003946,2030020,0.39324982019881577,91
GTX0484.bin.4.fa,GTX0494.bin.17.fa,1207904,27367,0.51423913,0.5950207,0.9773434,2348915,2030020,0.5950207387119338,91
GTX0468.bin.22.fa,GTX0465.bin.10.fa,474157,63612,0.1840148,0.124804266,0.8658419,2576733,3799205,0.18401479703174523,91
GTX0468.bin.22.fa,GTX0465.bin.15.fa,474557,70593,0.16754377,0.12490955,0.85124445,2832436,3799205,0.16754376797922355,91
GTX0468.bin.22.fa,GTX0484.bin.4.fa,382817,61071,0.18857795,0.1007624,0.8404695,2030020,3799205,0.1885779450448764,91
GTX0468.bin.22.fa,GTX0468.bin.22.fa,3798905,0,0.999921,0.999921,1.0,3799205,3799205,0.9999210361115023,91
GTX0468.bin.22.fa,GTX0468.bin.59.fa,507207,79028,0.1788697,0.13350345,0.8441898,2835623,3799205,0.17886968754309018,91
GTX0468.bin.22.fa,GTX0468.bin.80.fa,2151139,187191,0.5955051,0.56620765,0.9129805,3612293,3799205,0.5955051265221287,91
GTX0468.bin.22.fa,GTX0481.bin.20.fa,552071,88504,0.18378194,0.14531225,0.8396873,3003946,3799205,0.18378193216522534,91
GTX0468.bin.22.fa,GTX0494.bin.17.fa,384693,61720,0.16377476,0.101256184,0.8395604,2348915,3799205,0.16377476409320899,91
GTX0468.bin.59.fa,GTX0465.bin.10.fa,1618376,45566,0.62807286,0.5707303,0.9718446,2576733,2835623,0.6280728348649239,91
GTX0468.bin.59.fa,GTX0465.bin.15.fa,466024,68824,0.16453117,0.16434625,0.8523166,2832436,2835623,0.16453116681188912,91
GTX0468.bin.59.fa,GTX0484.bin.4.fa,418009,64557,0.20591374,0.14741346,0.8455607,2030020,2835623,0.20591373484005085,91
GTX0468.bin.59.fa,GTX0468.bin.22.fa,507056,78998,0.13346371,0.17881644,0.84420264,3799205,2835623,0.17881643645858422,91
GTX0468.bin.59.fa,GTX0468.bin.59.fa,2835471,0,0.9999464,0.9999464,1.0,2835623,2835623,0.9999463962593053,91
GTX0468.bin.59.fa,GTX0468.bin.80.fa,607640,89974,0.16821449,0.21428801,0.8519288,3612293,2835623,0.21428800655094135,91
GTX0468.bin.59.fa,GTX0481.bin.20.fa,553535,88928,0.1842693,0.19520754,0.8393453,3003946,2835623,0.1952075434569405,91
GTX0468.bin.59.fa,GTX0494.bin.17.fa,405288,64583,0.17254265,0.14292732,0.8406491,2348915,2835623,0.17254264202834074,91
GTX0468.bin.80.fa,GTX0465.bin.10.fa,442200,67660,0.17161267,0.12241532,0.8469923,2576733,3612293,0.17161265835459086,91
GTX0468.bin.80.fa,GTX0465.bin.15.fa,467507,72126,0.16505474,0.12942111,0.8457221,2832436,3612293,0.16505474439669598,91
GTX0468.bin.80.fa,GTX0484.bin.4.fa,409805,65216,0.2018724,0.11344733,0.8408609,2030020,3612293,0.20187239534585866,91
GTX0468.bin.80.fa,GTX0468.bin.22.fa,2149468,187206,0.5657678,0.5950425,0.9129059,3799205,3612293,0.5950425394617768,91
GTX0468.bin.80.fa,GTX0468.bin.59.fa,602294,89176,0.2124027,0.16673453,0.85193944,2835623,3612293,0.21240270656571766,91
GTX0468.bin.80.fa,GTX0468.bin.80.fa,3612058,0,0.999935,0.999935,1.0,3612293,3612293,0.9999349443691307,91
GTX0468.bin.80.fa,GTX0481.bin.20.fa,580547,93534,0.19326146,0.16071425,0.83888644,3003946,3612293,0.19326146342177922,91
GTX0468.bin.80.fa,GTX0494.bin.17.fa,417497,63311,0.17774037,0.11557673,0.84835577,2348915,3612293,0.17774036097517365,91
GTX0481.bin.20.fa,GTX0465.bin.10.fa,444408,70461,0.17246956,0.14794141,0.84144974,2576733,3003946,0.17246955738138178,91
GTX0481.bin.20.fa,GTX0465.bin.15.fa,847236,120303,0.2991192,0.282041,0.85800534,2832436,3003946,0.2991192033994766,91
GTX0481.bin.20.fa,GTX0484.bin.4.fa,807367,116574,0.3977138,0.26876882,0.85561216,2030020,3003946,0.39771381562743224,91
GTX0481.bin.20.fa,GTX0468.bin.22.fa,555661,88976,0.14625718,0.18497702,0.8398736,3799205,3003946,0.18497702688397194,91
GTX0481.bin.20.fa,GTX0468.bin.59.fa,551385,88638,0.19444934,0.18355356,0.8392448,2835623,3003946,0.19444933265106115,91
GTX0481.bin.20.fa,GTX0468.bin.80.fa,578929,93104,0.16026634,0.19272284,0.8391789,3612293,3003946,0.19272283855968117,91
GTX0481.bin.20.fa,GTX0481.bin.20.fa,3003810,0,0.9999547,0.9999547,1.0,3003946,3003946,0.9999547262167828,91
GTX0481.bin.20.fa,GTX0494.bin.17.fa,779129,112719,0.3316974,0.2593685,0.8553269,2348915,3003946,0.3316974007147981,91
GTX0494.bin.17.fa,GTX0465.bin.10.fa,408001,51408,0.15834042,0.17369765,0.8740003,2576733,2348915,0.17369764338002866,91
GTX0494.bin.17.fa,GTX0465.bin.15.fa,1324036,82305,0.46745488,0.5636798,0.9378378,2832436,2348915,0.5636798266433651,91
GTX0494.bin.17.fa,GTX0484.bin.4.fa,1207475,27305,0.5948094,0.5140565,0.9773867,2030020,2348915,0.5948094107447217,91
GTX0494.bin.17.fa,GTX0468.bin.22.fa,384247,61592,0.10113879,0.16358489,0.83970726,3799205,2348915,0.16358488919352127,91
GTX0494.bin.17.fa,GTX0468.bin.59.fa,402970,64141,0.14210987,0.1715558,0.8408293,2835623,2348915,0.17155580342413412,91
GTX0494.bin.17.fa,GTX0468.bin.80.fa,419934,63901,0.116251364,0.17877786,0.84783083,3612293,2348915,0.17877786126786196,91
GTX0494.bin.17.fa,GTX0481.bin.20.fa,768480,111050,0.2558235,0.32716382,0.85549396,3003946,2348915,0.3271638181883976,91
GTX0494.bin.17.fa,GTX0494.bin.17.fa,2348541,0,0.9998408,0.9998408,1.0,2348915,2348915,0.9998407775504861,91
GTX0481.bin.3.fa,GTX0481.bin.3.fa,2463333,0,0.99980074,0.99980074,1.0,2463824,2463824,0.9998007162849294,92
GTX0481.bin.3.fa,GTX0493.bin.13.fa,1918399,26926,0.76385444,0.7786266,0.98596436,2511472,2463824,0.7786266389157667,92
GTX0481.bin.3.fa,GTX0493.bin.14.fa,893425,118058,0.31106248,0.36261722,0.86785907,2872172,2463824,0.362617216164791,92
GTX0481.bin.3.fa,GTX0494.bin.29.fa,2050789,27822,0.7394611,0.8323602,0.9864335,2773356,2463824,0.8323601848183961,92
GTX0493.bin.13.fa,GTX0481.bin.3.fa,1918432,26936,0.77864003,0.76386756,0.98595935,2463824,2511472,0.7786400327296106,92
GTX0493.bin.13.fa,GTX0493.bin.13.fa,2511130,0,0.9998638,0.9998638,1.0,2511472,2511472,0.9998638248803888,92
GTX0493.bin.13.fa,GTX0493.bin.14.fa,844088,129874,0.2938849,0.33609295,0.84613687,2872172,2511472,0.33609293673192453,92
GTX0493.bin.13.fa,GTX0494.bin.29.fa,2154965,29559,0.77702427,0.85804856,0.9862833,2773356,2511472,0.8580485866456007,92
GTX0493.bin.14.fa,GTX0481.bin.3.fa,897649,118776,0.36433163,0.31253317,0.867681,2463824,2872172,0.3643316243368033,92
GTX0493.bin.14.fa,GTX0493.bin.13.fa,846716,130390,0.33713934,0.2947999,0.846005,2511472,2872172,0.3371393350194627,92
GTX0493.bin.14.fa,GTX0493.bin.14.fa,2872040,0,0.99995404,0.99995404,1.0,2872172,2872172,0.9999540417495888,92
GTX0493.bin.14.fa,GTX0494.bin.29.fa,962955,140084,0.34721652,0.33527067,0.85452694,2773356,2872172,0.34721651313426766,92
GTX0494.bin.29.fa,GTX0481.bin.3.fa,2052034,28033,0.8328655,0.73991007,0.9863389,2463824,2773356,0.8328654968861412,92
GTX0494.bin.29.fa,GTX0493.bin.13.fa,2149381,28460,0.8558252,0.7750108,0.986759,2511472,2773356,0.8558251893710143,92
GTX0494.bin.29.fa,GTX0493.bin.14.fa,961107,139470,0.33462724,0.34655017,0.85488605,2872172,2773356,0.34655017242647534,92
GTX0494.bin.29.fa,GTX0494.bin.29.fa,2773166,0,0.9999315,0.9999315,1.0,2773356,2773356,0.9999314909445451,92
GTX0493.bin.34.fa,GTX0493.bin.34.fa,2626013,0,0.99981534,0.99981534,1.0,2626498,2626498,0.9998153434725631,93
GTX0493.bin.34.fa,GTX0494.bin.9.fa,185565,23507,0.033235345,0.070651114,0.873322,5583363,2626498,0.07065111033779581,93
GTX0494.bin.9.fa,GTX0493.bin.34.fa,184243,23384,0.070147775,0.03299857,0.8730807,2626498,5583363,0.07014777852486467,93
GTX0494.bin.9.fa,GTX0494.bin.9.fa,5582984,0,0.9999321,0.9999321,1.0,5583363,5583363,0.9999321197636621,93
GTX0466.bin.44.fa,GTX0466.bin.44.fa,3941654,0,0.99994594,0.99994594,1.0,3941867,3941867,0.9999459646913506,94
GTX0468.bin.37.fa,GTX0468.bin.37.fa,5791458,0,0.999947,0.999947,1.0,5791765,5791765,0.9999469937057184,95
GTX0486_487.bin.22.fa,GTX0486_487.bin.22.fa,3750253,0,0.999956,0.999956,1.0,3750418,3750418,0.9999560049039867,96
GTX0465.bin.18.fa,GTX0465.bin.18.fa,981936,0,0.9998605,0.9998605,1.0,982073,982073,0.9998604991685954,97
GTX0466.bin.27.fa,GTX0466.bin.27.fa,601715,0,0.999779,0.999779,1.0,601848,601848,0.9997790139703048,98
GTX0466.bin.79.fa,GTX0466.bin.79.fa,546350,0,0.999881,0.999881,1.0,546415,546415,0.9998810427971414,99
GTX0468.bin.62.fa,GTX0468.bin.62.fa,7310137,0,0.99997,0.99997,1.0,7310356,7310356,0.9999700424986143,100
GTX0484.bin.12.fa,GTX0484.bin.12.fa,757997,0,0.9999947,0.9999947,1.0,758001,758001,0.9999947229621069,101
